neighbourhood,price
Islington,70
Kensington and Chelsea,149
Westminster,411
Tower Hamlets,210
Richmond upon Thames,280
Haringey,90
Hammersmith and Fulham,61
Hammersmith and Fulham,340
Southwark,49
Barnet,213
Southwark,96
Barnet,71
Hammersmith and Fulham,48
Camden,76
Camden,50
Hammersmith and Fulham,78
Hammersmith and Fulham,79
Merton,86
Hammersmith and Fulham,78
Hammersmith and Fulham,89
Hammersmith and Fulham,79
Hackney,159
Barnet,40
Haringey,53
Lambeth,117
Waltham Forest,106
Merton,35
Wandsworth,110
Richmond upon Thames,169
Camden,417
Tower Hamlets,163
Islington,125
Havering,217
Greenwich,43
Southwark,57
Lambeth,75
Hammersmith and Fulham,145
Islington,135
Hammersmith and Fulham,80
Islington,160
Islington,90
Hammersmith and Fulham,175
Westminster,350
Lambeth,60
Haringey,100
Lambeth,120
Hammersmith and Fulham,192
Tower Hamlets,55
Westminster,176
Enfield,36
Hammersmith and Fulham,135
Camden,156
Lambeth,105
City of London,170
Tower Hamlets,76
Islington,83
Hackney,239
Merton,218
Southwark,90
Hammersmith and Fulham,58
Lambeth,42
Wandsworth,39
Hackney,131
Kensington and Chelsea,224
Brent,151
Hammersmith and Fulham,198
Richmond upon Thames,70
Southwark,93
Islington,108
Barking and Dagenham,45
Tower Hamlets,44
Croydon,23
Southwark,93
Haringey,54
Lewisham,36
Hammersmith and Fulham,78
Hackney,151
Kensington and Chelsea,95
Croydon,53
Hammersmith and Fulham,189
Southwark,66
Lambeth,71
Hammersmith and Fulham,191
Kensington and Chelsea,150
Islington,50
Hackney,250
Enfield,380
Tower Hamlets,100
Hackney,160
Ealing,40
Newham,130
Lewisham,303
Lewisham,116
Lewisham,174
Lewisham,170
Lewisham,187
Lewisham,148
Lewisham,142
Lewisham,235
Lewisham,236
Lambeth,66
Richmond upon Thames,74
Lewisham,50
Hammersmith and Fulham,248
Lewisham,112
Hounslow,122
Camden,140
Ealing,95
Hackney,117
Newham,32
Newham,37
Greenwich,40
Hammersmith and Fulham,118
Waltham Forest,48
Hillingdon,57
Haringey,189
Hackney,253
Barking and Dagenham,41
Camden,529
Hillingdon,45
Greenwich,38
Lambeth,44
Merton,429
Hackney,248
Hackney,219
Wandsworth,180
Camden,97
Waltham Forest,26
Camden,104
Kensington and Chelsea,95
Wandsworth,70
Islington,171
Wandsworth,70
Lambeth,166
Lambeth,178
Islington,114
Ealing,58
Lewisham,37
Hackney,95
Barnet,96
Hammersmith and Fulham,60
Camden,201
Croydon,26
City of London,176
Hounslow,198
Lambeth,39
Lambeth,39
Hackney,103
Kensington and Chelsea,200
Newham,135
Camden,83
Camden,300
Islington,99
Lambeth,32
Newham,36
Tower Hamlets,204
Hackney,180
Haringey,37
Lambeth,138
Westminster,115
Hackney,204
Camden,192
Wandsworth,420
Tower Hamlets,86
Waltham Forest,51
Hackney,54
Hackney,275
Richmond upon Thames,223
Westminster,361
Lambeth,90
Lambeth,107
Lambeth,81
Camden,97
Richmond upon Thames,45
Hackney,57
Hammersmith and Fulham,50
Hammersmith and Fulham,50
Wandsworth,781
Kensington and Chelsea,80
Lambeth,51
Barnet,23
Merton,20
Hackney,180
Redbridge,150
Tower Hamlets,38
Brent,83
Merton,50
Ealing,72
Merton,85
Hammersmith and Fulham,53
Hammersmith and Fulham,53
Wandsworth,64
Hounslow,41
Westminster,63
Camden,81
Greenwich,33
Lewisham,42
Westminster,120
Wandsworth,59
Croydon,63
Ealing,87
Islington,49
Southwark,39
Kensington and Chelsea,410
Wandsworth,40
Kensington and Chelsea,345
Hackney,135
Islington,74
Southwark,114
Kensington and Chelsea,195
Redbridge,38
Tower Hamlets,110
Hackney,73
Lambeth,127
Newham,171
Islington,105
Westminster,126
Lewisham,31
Camden,302
Brent,83
Lewisham,66
Croydon,23
Camden,85
Brent,166
Kensington and Chelsea,235
Hackney,155
Lambeth,135
Hackney,123
Lambeth,149
Hackney,127
Newham,52
Richmond upon Thames,220
Islington,54
Lewisham,55
Ealing,80
Greenwich,41
Westminster,587
Westminster,90
Westminster,357
Camden,62
Tower Hamlets,78
Islington,120
Wandsworth,154
Redbridge,41
Merton,85
Hackney,76
Wandsworth,136
Wandsworth,153
Hackney,290
Tower Hamlets,70
Hackney,77
Hackney,167
Wandsworth,43
Hammersmith and Fulham,67
Hackney,238
Waltham Forest,100
Southwark,499
Camden,195
Camden,175
Merton,67
Merton,55
Merton,55
Merton,52
Haringey,105
Greenwich,127
Hackney,175
Wandsworth,182
Lambeth,28
Lambeth,68
Wandsworth,69
Wandsworth,281
Tower Hamlets,238
Hackney,55
Lambeth,135
Islington,600
Waltham Forest,56
Waltham Forest,91
Brent,171
Westminster,189
Lambeth,2000
Croydon,37
Tower Hamlets,61
Islington,137
Merton,63
Kingston upon Thames,53
Southwark,129
Westminster,172
Lambeth,162
Hounslow,82
Southwark,140
Camden,129
Hammersmith and Fulham,66
Wandsworth,130
Tower Hamlets,49
Kensington and Chelsea,135
Merton,69
Newham,60
Tower Hamlets,200
Islington,150
Newham,189
Merton,55
Enfield,38
Lambeth,145
Westminster,220
Lambeth,38
Redbridge,176
Hackney,55
Camden,119
Brent,78
Camden,100
Brent,42
Lewisham,37
Haringey,41
Tower Hamlets,216
Islington,357
Ealing,39
Newham,67
Barnet,56
Kensington and Chelsea,253
Camden,55
Camden,65
Islington,544
Ealing,59
Ealing,69
Hammersmith and Fulham,46
Westminster,901
Lambeth,276
Westminster,998
Lambeth,65
Brent,31
Southwark,152
Camden,157
Barnet,27
Wandsworth,55
Lambeth,225
Kensington and Chelsea,92
Hammersmith and Fulham,173
Hammersmith and Fulham,1636
Camden,152
Waltham Forest,52
Islington,86
Tower Hamlets,32
Islington,152
Southwark,76
Lambeth,90
Hackney,181
Haringey,197
Tower Hamlets,63
Redbridge,90
Wandsworth,380
Lewisham,401
Islington,100
Camden,49
Lambeth,170
Islington,87
Islington,298
Newham,152
Wandsworth,250
Tower Hamlets,189
Lambeth,105
Southwark,131
Hammersmith and Fulham,221
Newham,121
Hounslow,37
Islington,580
Wandsworth,119
Lambeth,57
Haringey,50
Waltham Forest,70
Lewisham,34
Lambeth,180
Bromley,229
Tower Hamlets,33
Redbridge,72
Wandsworth,100
Hackney,173
Camden,70
Newham,250
Islington,95
Hackney,43
Haringey,47
Newham,37
Greenwich,78
Newham,105
Westminster,179
Westminster,54
Westminster,308
Kensington and Chelsea,100
Tower Hamlets,150
Hackney,74
Islington,42
Westminster,396
Hackney,102
Camden,116
Islington,230
Lambeth,72
Hackney,122
Lambeth,133
Brent,130
Tower Hamlets,230
Merton,133
Lewisham,46
Kensington and Chelsea,113
Tower Hamlets,75
Hackney,133
Ealing,35
Hackney,89
Greenwich,74
Hackney,167
Haringey,42
Brent,100
Newham,60
Lewisham,36
Kensington and Chelsea,42
Greenwich,44
Camden,89
Lambeth,151
Westminster,142
Waltham Forest,40
Waltham Forest,43
Tower Hamlets,115
Hackney,59
Brent,204
Hackney,145
Tower Hamlets,49
Waltham Forest,25
Camden,146
Kensington and Chelsea,147
Camden,358
Lambeth,38
Harrow,49
Kensington and Chelsea,255
Islington,60
Merton,104
Kingston upon Thames,84
Waltham Forest,44
Waltham Forest,35
Hackney,65
Lambeth,178
Lambeth,186
City of London,257
Hounslow,55
Hounslow,43
Kensington and Chelsea,44
Tower Hamlets,54
Hammersmith and Fulham,105
Wandsworth,76
Bexley,28
Southwark,98
Greenwich,57
Westminster,100
Haringey,36
Kensington and Chelsea,250
Hounslow,4332
Kensington and Chelsea,86
Islington,184
Hammersmith and Fulham,78
Hammersmith and Fulham,78
Lambeth,55
Camden,94
Islington,45
Brent,149
Tower Hamlets,220
Kensington and Chelsea,75
Southwark,48
Islington,356
Hammersmith and Fulham,49
Hackney,152
Hackney,122
Hammersmith and Fulham,65
Westminster,280
Hackney,228
Ealing,33
Camden,173
Hackney,123
Lambeth,411
Islington,113
Haringey,41
Islington,77
Ealing,60
Camden,61
Islington,169
Kensington and Chelsea,143
Southwark,58
Southwark,131
Bromley,27
Camden,348
Lambeth,132
Southwark,96
Hackney,86
Lewisham,82
Wandsworth,490
Camden,55
Brent,219
Southwark,139
Hackney,67
Tower Hamlets,121
Kensington and Chelsea,149
Camden,198
Islington,127
Southwark,134
Ealing,100
Ealing,99
Islington,162
Richmond upon Thames,60
Kensington and Chelsea,189
Sutton,53
Ealing,168
Lewisham,75
Hackney,63
Greenwich,191
Hillingdon,45
Ealing,55
Ealing,80
Hammersmith and Fulham,172
Kensington and Chelsea,86
Hammersmith and Fulham,53
Hammersmith and Fulham,75
Hammersmith and Fulham,90
Kensington and Chelsea,104
Kensington and Chelsea,912
Camden,275
Southwark,154
Lewisham,45
Hackney,48
Enfield,173
Hammersmith and Fulham,136
Haringey,32
Richmond upon Thames,95
Kensington and Chelsea,241
Camden,53
Enfield,68
Richmond upon Thames,217
Wandsworth,162
Camden,249
Hackney,111
Lewisham,92
Croydon,27
Harrow,135
Hackney,50
Kensington and Chelsea,175
Greenwich,246
Southwark,50
Hammersmith and Fulham,63
Lambeth,54
Tower Hamlets,90
Hammersmith and Fulham,51
Lambeth,44
Haringey,27
Tower Hamlets,87
Westminster,618
Richmond upon Thames,61
Richmond upon Thames,61
Merton,270
Merton,116
Islington,205
Westminster,225
Haringey,77
Richmond upon Thames,135
Brent,405
Camden,345
Haringey,33
Waltham Forest,264
Lambeth,230
Southwark,63
Hammersmith and Fulham,163
Brent,223
Camden,129
Camden,412
Hackney,85
Haringey,68
Haringey,44
Tower Hamlets,235
Camden,400
Ealing,55
Ealing,55
Ealing,55
Croydon,43
Croydon,38
Camden,60
Southwark,80
Camden,90
Islington,600
Southwark,110
Camden,147
Hackney,111
Islington,72
Tower Hamlets,70
Camden,180
Islington,124
Lewisham,99
Waltham Forest,95
Westminster,125
Camden,113
Hackney,54
Southwark,66
Southwark,59
Hackney,51
Lambeth,200
Lambeth,49
Hackney,50
Westminster,500
Camden,119
Camden,450
Ealing,75
Lambeth,44
Hackney,75
Waltham Forest,113
Ealing,40
Southwark,40
Lewisham,59
Brent,40
Camden,500
Camden,142
Brent,38
Richmond upon Thames,132
Merton,91
Southwark,210
Hackney,81
Hounslow,58
Lambeth,72
Islington,68
Hackney,73
Camden,67
Lewisham,43
Wandsworth,143
Hackney,82
Westminster,92
Brent,204
Westminster,200
Tower Hamlets,65
Kensington and Chelsea,51
Camden,312
Haringey,225
Hackney,98
Tower Hamlets,195
Haringey,176
Kensington and Chelsea,180
Tower Hamlets,67
Camden,110
Camden,132
Greenwich,110
Islington,61
Hackney,58
Hammersmith and Fulham,80
Redbridge,42
Islington,295
Lambeth,55
Hammersmith and Fulham,53
Westminster,171
Tower Hamlets,57
Lewisham,111
Wandsworth,82
Tower Hamlets,105
Hackney,140
Kensington and Chelsea,233
Westminster,258
Ealing,48
Kensington and Chelsea,314
Brent,175
Ealing,55
Hammersmith and Fulham,95
Barnet,35
Kensington and Chelsea,73
Ealing,101
Westminster,58
Islington,265
Greenwich,43
Westminster,296
Camden,127
Camden,55
Hounslow,55
Hackney,145
Hammersmith and Fulham,1093
Kensington and Chelsea,195
Camden,127
Kensington and Chelsea,468
Westminster,114
Camden,164
Wandsworth,96
Hackney,350
Wandsworth,65
Ealing,50
Hackney,72
Westminster,236
Westminster,132
Ealing,45
Southwark,40
Westminster,249
Wandsworth,149
Lambeth,90
Hounslow,55
Camden,167
Hammersmith and Fulham,500
Westminster,226
Hackney,50
Camden,68
Barnet,121
Barnet,100
Haringey,46
Ealing,54
Islington,180
Hackney,137
Hammersmith and Fulham,62
Hackney,40
Westminster,116
Hounslow,198
Hounslow,251
Ealing,56
Ealing,42
Camden,285
Wandsworth,261
Camden,171
Southwark,140
Kensington and Chelsea,188
Tower Hamlets,214
Southwark,57
Westminster,156
Camden,147
Islington,96
Southwark,303
Islington,159
Islington,99
Camden,182
Islington,332
Camden,102
Haringey,43
Islington,99
Southwark,234
Islington,146
Brent,203
Westminster,108
Ealing,220
Hackney,56
Wandsworth,128
Westminster,145
Kensington and Chelsea,195
Hackney,199
Islington,332
Haringey,40
Waltham Forest,48
Richmond upon Thames,110
Brent,67
Haringey,35
Camden,350
Hackney,81
Lambeth,75
Islington,194
Islington,102
Hackney,113
Westminster,81
Richmond upon Thames,26
Wandsworth,167
Hammersmith and Fulham,55
Islington,91
Camden,95
Hackney,136
Westminster,87
Hammersmith and Fulham,159
Hounslow,33
Waltham Forest,63
Westminster,134
Southwark,83
Westminster,200
Westminster,150
Kensington and Chelsea,73
Lewisham,69
Kensington and Chelsea,162
Bromley,36
Greenwich,105
Tower Hamlets,33
Westminster,189
Southwark,71
Southwark,147
Hackney,25
Kensington and Chelsea,400
Hammersmith and Fulham,173
Westminster,316
Hammersmith and Fulham,129
Brent,83
Bexley,120
Hackney,56
Harrow,52
Ealing,68
Westminster,378
Lambeth,45
Sutton,59
Hackney,55
Lewisham,130
Westminster,240
Southwark,260
Hackney,154
Tower Hamlets,131
Merton,54
Westminster,60
Tower Hamlets,103
Tower Hamlets,125
Lewisham,56
Tower Hamlets,48
Hackney,41
Westminster,59
Hammersmith and Fulham,104
Brent,35
Kensington and Chelsea,127
Westminster,666
Hackney,150
Kensington and Chelsea,112
Hackney,101
Lambeth,157
Lewisham,91
Westminster,379
Westminster,135
Westminster,83
Ealing,30
Croydon,71
Brent,185
Haringey,250
Haringey,90
Greenwich,120
Westminster,132
Greenwich,148
Wandsworth,82
Tower Hamlets,186
Islington,200
Hackney,75
Tower Hamlets,61
Croydon,46
Richmond upon Thames,86
Wandsworth,72
Islington,114
Hackney,65
Ealing,196
Southwark,62
Hackney,139
Kensington and Chelsea,350
Westminster,1350
Greenwich,145
Haringey,58
Camden,83
Westminster,364
Hammersmith and Fulham,173
Hackney,105
Hammersmith and Fulham,90
Camden,171
Brent,40
Brent,90
Camden,123
Westminster,359
Islington,217
Kensington and Chelsea,75
Westminster,329
Hammersmith and Fulham,80
Camden,213
Waltham Forest,55
Lambeth,82
Camden,67
Kensington and Chelsea,250
Waltham Forest,58
Ealing,124
Lambeth,42
Southwark,250
Camden,124
Southwark,108
Redbridge,25
Hackney,150
Kensington and Chelsea,130
Hackney,276
Tower Hamlets,341
Brent,140
Ealing,110
Camden,115
Brent,70
Westminster,170
Camden,79
Hackney,159
Hackney,320
Lambeth,120
Haringey,200
Hackney,120
Lambeth,70
Wandsworth,108
Hackney,241
Brent,125
Hammersmith and Fulham,210
Camden,227
Southwark,108
Hillingdon,90
Brent,108
Greenwich,158
Haringey,162
Kensington and Chelsea,250
Kensington and Chelsea,104
Kensington and Chelsea,484
Westminster,333
Merton,49
Camden,268
Camden,322
Westminster,159
Brent,55
Camden,104
Brent,73
Waltham Forest,54
Islington,66
Islington,62
Haringey,100
Westminster,140
Kensington and Chelsea,91
Lambeth,420
Waltham Forest,45
Westminster,120
Wandsworth,63
Westminster,300
Waltham Forest,160
Islington,66
Newham,38
Camden,90
Islington,65
Tower Hamlets,200
Southwark,391
Haringey,74
Kensington and Chelsea,190
Islington,60
Tower Hamlets,194
Waltham Forest,110
Hackney,88
Tower Hamlets,65
Hounslow,25
Camden,45
Lewisham,75
Tower Hamlets,102
Hackney,90
Hackney,310
Islington,120
Croydon,30
Kensington and Chelsea,90
Southwark,150
Islington,127
Lambeth,52
Islington,234
Richmond upon Thames,30
Kensington and Chelsea,403
Lambeth,43
Kensington and Chelsea,243
Hackney,270
Tower Hamlets,207
Barking and Dagenham,30
Barnet,50
Islington,57
City of London,180
Hammersmith and Fulham,126
Southwark,162
Kensington and Chelsea,86
Hackney,247
Camden,295
Hackney,77
Newham,37
Newham,37
Lambeth,90
Brent,209
Ealing,348
Waltham Forest,64
Barnet,50
Camden,225
Hackney,197
Brent,239
Kensington and Chelsea,150
Lambeth,65
Kensington and Chelsea,234
Kensington and Chelsea,1008
Merton,72
Waltham Forest,88
Waltham Forest,62
Hackney,205
Merton,60
Camden,210
Tower Hamlets,173
Barnet,46
Wandsworth,485
Barking and Dagenham,176
Westminster,800
Richmond upon Thames,260
Hounslow,75
City of London,248
Hackney,159
Southwark,250
Islington,238
Kensington and Chelsea,175
Haringey,81
Haringey,87
Camden,87
Wandsworth,70
Hammersmith and Fulham,50
Kensington and Chelsea,302
Islington,418
Kensington and Chelsea,170
Croydon,41
Brent,123
Hackney,142
Wandsworth,43
Enfield,39
Hackney,62
Islington,175
Wandsworth,36
Hammersmith and Fulham,79
Lambeth,78
Hackney,54
Islington,70
Kingston upon Thames,67
Haringey,95
Wandsworth,72
Islington,57
Islington,61
Tower Hamlets,4600
Wandsworth,170
Lambeth,150
Islington,94
Newham,190
Hammersmith and Fulham,48
Hammersmith and Fulham,55
Tower Hamlets,135
Wandsworth,31
Kensington and Chelsea,180
Hammersmith and Fulham,435
Wandsworth,106
Westminster,175
Camden,105
Wandsworth,600
Camden,123
Camden,182
Westminster,245
Lewisham,30
Brent,276
Wandsworth,100
Wandsworth,114
Wandsworth,114
Barnet,48
Waltham Forest,50
Islington,68
Camden,108
Camden,211
Lambeth,35
Westminster,135
Haringey,52
Islington,152
Haringey,140
Hackney,44
Westminster,550
Sutton,86
Islington,450
Lambeth,79
Wandsworth,150
Ealing,50
Camden,41
Hackney,55
Tower Hamlets,60
Wandsworth,40
Ealing,45
Newham,59
Hammersmith and Fulham,65
Hammersmith and Fulham,65
Hounslow,306
Hackney,209
Hammersmith and Fulham,50
Hammersmith and Fulham,68
Enfield,285
Wandsworth,65
Camden,300
Kensington and Chelsea,216
Wandsworth,315
Hammersmith and Fulham,218
Barnet,133
Ealing,50
Islington,53
Waltham Forest,80
Hackney,101
Westminster,225
Islington,152
Brent,95
Tower Hamlets,63
Islington,173
Greenwich,74
Hackney,102
Wandsworth,95
Camden,180
Bromley,184
Bromley,150
Hammersmith and Fulham,85
Wandsworth,39
Islington,156
Camden,152
Hackney,2850
Islington,87
Southwark,143
Greenwich,55
Greenwich,176
Camden,205
Islington,770
Kensington and Chelsea,100
Westminster,115
Tower Hamlets,46
Hammersmith and Fulham,55
Tower Hamlets,30
Richmond upon Thames,47
Camden,314
Hackney,150
Sutton,59
Richmond upon Thames,50
Camden,220
Bromley,65
Hammersmith and Fulham,76
Hackney,250
Greenwich,727
Wandsworth,120
Southwark,87
Bromley,36
Hounslow,333
Kensington and Chelsea,195
Southwark,83
Greenwich,133
Waltham Forest,124
Hammersmith and Fulham,168
Kensington and Chelsea,152
Hackney,375
Southwark,119
Camden,157
Hammersmith and Fulham,94
Hackney,198
Lambeth,85
Camden,150
Tower Hamlets,32
Greenwich,97
Westminster,132
Southwark,510
Brent,94
Kensington and Chelsea,135
Wandsworth,50
Lambeth,185
Westminster,624
Wandsworth,34
Westminster,176
Barnet,145
Brent,172
Westminster,586
Camden,149
Hammersmith and Fulham,90
Barnet,175
Richmond upon Thames,39
Richmond upon Thames,42
Tower Hamlets,100
Wandsworth,50
Hackney,53
Lambeth,42
Southwark,198
Hounslow,270
Hammersmith and Fulham,162
Lewisham,60
Kingston upon Thames,142
Tower Hamlets,102
Hackney,59
Kensington and Chelsea,147
Westminster,271
Kensington and Chelsea,671
Kensington and Chelsea,172
Lambeth,110
Lambeth,59
Lambeth,40
Lambeth,207
Ealing,54
Hammersmith and Fulham,53
Haringey,105
Hammersmith and Fulham,224
Lewisham,34
Brent,36
Tower Hamlets,111
Kensington and Chelsea,180
Southwark,216
Hackney,675
Barnet,42
Lambeth,34
Barnet,50
Richmond upon Thames,72
Kensington and Chelsea,364
Wandsworth,72
Barnet,53
Ealing,194
Islington,118
Kensington and Chelsea,227
Camden,51
Wandsworth,36
Westminster,618
Wandsworth,181
Islington,169
Islington,186
Wandsworth,50
Hackney,157
Hammersmith and Fulham,203
Haringey,130
Hackney,136
Haringey,150
Islington,186
Kensington and Chelsea,144
Hackney,68
Merton,34
Richmond upon Thames,49
Islington,235
Islington,59
Camden,117
Waltham Forest,59
Richmond upon Thames,86
Barnet,58
Haringey,171
Wandsworth,181
Barnet,180
Tower Hamlets,73
Hackney,117
Brent,525
Camden,168
Haringey,195
Merton,50
Hammersmith and Fulham,54
Merton,133
Tower Hamlets,144
Westminster,105
Hammersmith and Fulham,107
Hackney,68
Kensington and Chelsea,165
Camden,200
Southwark,375
Camden,420
Tower Hamlets,120
Hackney,66
Hackney,450
Wandsworth,268
Lambeth,99
Southwark,115
Tower Hamlets,84
Tower Hamlets,55
Tower Hamlets,216
Hammersmith and Fulham,135
Hammersmith and Fulham,75
Hackney,132
Hackney,84
Newham,56
Hackney,129
Camden,42
Islington,243
Waltham Forest,79
Islington,130
Islington,57
Brent,50
Westminster,441
Camden,277
Camden,280
Tower Hamlets,77
Camden,186
Waltham Forest,44
Lambeth,302
Wandsworth,119
Hammersmith and Fulham,150
Westminster,695
Richmond upon Thames,136
Hammersmith and Fulham,599
Greenwich,44
Greenwich,60
Camden,261
Waltham Forest,70
Camden,160
Barking and Dagenham,66
Wandsworth,201
Islington,808
Hammersmith and Fulham,106
Hackney,93
Wandsworth,452
Hackney,220
Merton,47
Westminster,120
Hackney,270
Camden,205
Islington,116
Kensington and Chelsea,121
Westminster,209
Brent,200
Hackney,37
Kensington and Chelsea,199
Richmond upon Thames,293
Tower Hamlets,77
Westminster,151
Southwark,150
Hackney,58
Westminster,248
Lewisham,38
Brent,40
Haringey,159
Hackney,65
Haringey,105
Kensington and Chelsea,348
Kensington and Chelsea,169
Hammersmith and Fulham,94
Islington,72
Kingston upon Thames,117
Hounslow,50
Hackney,80
Westminster,134
Lewisham,72
Hammersmith and Fulham,87
Kensington and Chelsea,68
Westminster,69
Islington,180
Westminster,700
Wandsworth,71
Haringey,144
Kensington and Chelsea,195
Islington,70
Southwark,130
Hackney,129
Tower Hamlets,66
Kensington and Chelsea,175
Westminster,109
Brent,299
Southwark,178
Waltham Forest,40
Bromley,27
Haringey,35
Camden,140
Lambeth,94
Wandsworth,165
Tower Hamlets,150
Tower Hamlets,235
Greenwich,100
Tower Hamlets,58
Islington,368
Lambeth,68
Hackney,54
Westminster,164
Hackney,67
Hammersmith and Fulham,125
Wandsworth,144
Islington,73
Brent,190
Croydon,32
Camden,68
Southwark,270
Ealing,131
Tower Hamlets,50
Camden,57
Islington,150
Barnet,31
Haringey,23
Westminster,186
Islington,55
Lewisham,71
Merton,150
Brent,33
Lewisham,52
Hounslow,44
Lambeth,763
Kensington and Chelsea,400
Greenwich,30
Wandsworth,46
Merton,63
Richmond upon Thames,181
Lambeth,136
Hammersmith and Fulham,400
Camden,225
Hounslow,196
Islington,142
Southwark,594
Kensington and Chelsea,108
Richmond upon Thames,559
Lambeth,102
Hammersmith and Fulham,115
Southwark,58
Islington,283
Tower Hamlets,62
Haringey,45
Kensington and Chelsea,216
Hammersmith and Fulham,53
Barking and Dagenham,32
Enfield,42
Hounslow,77
Hammersmith and Fulham,50
Camden,242
Croydon,69
Waltham Forest,221
Hounslow,70
Lewisham,135
Southwark,123
Southwark,72
Bexley,28
Kensington and Chelsea,128
Tower Hamlets,196
Hackney,58
Hammersmith and Fulham,47
Kensington and Chelsea,163
Hammersmith and Fulham,410
Hammersmith and Fulham,85
Islington,139
Richmond upon Thames,39
Hackney,155
Westminster,111
Kensington and Chelsea,114
Sutton,44
Wandsworth,146
Hackney,109
Haringey,42
Camden,51
Westminster,295
Kensington and Chelsea,253
Barnet,57
Bexley,47
Southwark,1032
Islington,68
Redbridge,27
Kensington and Chelsea,270
Westminster,108
Southwark,162
Hammersmith and Fulham,121
Barnet,46
Hackney,81
Tower Hamlets,60
Camden,433
Kensington and Chelsea,263
Islington,95
Kensington and Chelsea,249
Southwark,161
Southwark,58
Wandsworth,44
Westminster,50
Lambeth,50
Wandsworth,124
Hackney,198
Westminster,161
Hammersmith and Fulham,96
Tower Hamlets,54
Richmond upon Thames,28
Camden,182
Enfield,32
Camden,81
Hammersmith and Fulham,208
Croydon,72
Southwark,50
Westminster,468
Lewisham,61
Tower Hamlets,189
Westminster,475
Lewisham,91
Tower Hamlets,180
Islington,100
Newham,38
Newham,36
Westminster,1479
Wandsworth,450
Hackney,103
Tower Hamlets,40
Brent,404
Ealing,65
Haringey,61
Hackney,81
Southwark,77
Ealing,127
Camden,54
Camden,149
Wandsworth,90
Wandsworth,35
Westminster,200
Camden,69
City of London,164
Kensington and Chelsea,140
Hackney,86
Wandsworth,111
Tower Hamlets,150
Tower Hamlets,62
Tower Hamlets,51
Kensington and Chelsea,94
Tower Hamlets,38
Greenwich,45
Tower Hamlets,44
Wandsworth,119
Lewisham,53
Lewisham,77
Haringey,74
Westminster,112
Hounslow,225
Westminster,470
Haringey,266
Westminster,159
Kensington and Chelsea,180
Tower Hamlets,95
Lambeth,73
Tower Hamlets,35
Lewisham,60
Lewisham,104
Haringey,42
Hackney,45
Hillingdon,45
Southwark,94
Hammersmith and Fulham,139
Hackney,68
Lewisham,80
Lambeth,128
Haringey,315
Tower Hamlets,68
Harrow,36
Ealing,42
Westminster,272
Tower Hamlets,39
Islington,50
Southwark,90
Camden,279
Westminster,95
Hackney,173
Newham,150
Hackney,220
Southwark,499
Wandsworth,35
Lewisham,176
Enfield,90
Hackney,229
Camden,85
Camden,161
Tower Hamlets,164
Camden,73
Westminster,122
Haringey,33
Camden,109
Southwark,167
Islington,66
Kensington and Chelsea,325
Islington,80
Lewisham,122
Camden,135
Hammersmith and Fulham,230
Hounslow,46
Hackney,166
Wandsworth,269
Kensington and Chelsea,195
Haringey,42
Hammersmith and Fulham,163
Kensington and Chelsea,90
Camden,41
Redbridge,51
Hounslow,43
Brent,75
Westminster,112
Kensington and Chelsea,448
Croydon,117
Hammersmith and Fulham,92
Hackney,47
Newham,35
Westminster,220
Westminster,85
Westminster,800
Westminster,142
Hounslow,55
Bromley,40
Westminster,144
Westminster,67
Southwark,120
Haringey,41
Tower Hamlets,230
Haringey,180
Hammersmith and Fulham,64
Lewisham,58
Camden,146
Islington,44
Wandsworth,138
Lewisham,71
Westminster,203
Haringey,97
Camden,150
Haringey,62
Lambeth,514
Camden,43
Westminster,299
Brent,75
Richmond upon Thames,375
Wandsworth,77
Tower Hamlets,140
Kensington and Chelsea,138
Haringey,30
Islington,86
Westminster,85
Greenwich,42
Lewisham,196
Camden,200
Tower Hamlets,59
Tower Hamlets,61
Lambeth,56
Tower Hamlets,131
Kensington and Chelsea,65
Ealing,184
Kensington and Chelsea,74
Tower Hamlets,100
Tower Hamlets,73
Lambeth,71
Newham,212
Islington,50
Merton,400
Wandsworth,119
Haringey,100
Ealing,80
Newham,31
Kensington and Chelsea,481
Westminster,419
Westminster,137
Camden,119
Camden,200
Lambeth,84
Tower Hamlets,42
Hammersmith and Fulham,60
Camden,73
Brent,38
Tower Hamlets,58
Kingston upon Thames,57
Westminster,298
Camden,91
Tower Hamlets,140
Kensington and Chelsea,220
Lambeth,70
Hounslow,90
Newham,71
Westminster,450
Enfield,175
Kensington and Chelsea,236
Lambeth,329
Islington,181
Lambeth,48
Lewisham,77
Barnet,143
Wandsworth,37
Kensington and Chelsea,103
Tower Hamlets,259
Islington,96
Camden,180
Tower Hamlets,65
Wandsworth,200
Islington,89
Islington,71
Hammersmith and Fulham,173
Islington,110
Bromley,50
Brent,128
Richmond upon Thames,56
Wandsworth,49
Harrow,66
Lewisham,59
Southwark,77
Richmond upon Thames,45
Lambeth,44
Merton,63
Westminster,157
Lewisham,29
Hackney,229
Camden,225
Hammersmith and Fulham,68
Camden,82
Kensington and Chelsea,173
Hounslow,54
Hammersmith and Fulham,149
Camden,367
Islington,801
Hackney,91
Hackney,138
Lambeth,212
Haringey,47
Camden,285
Haringey,34
Newham,69
Islington,261
Waltham Forest,44
Tower Hamlets,214
Wandsworth,50
Lambeth,83
Southwark,132
Westminster,163
Wandsworth,86
Greenwich,34
Hammersmith and Fulham,167
Islington,414
Hammersmith and Fulham,144
Islington,58
Barnet,53
Kensington and Chelsea,514
Bromley,139
Wandsworth,32
Hackney,181
Lambeth,325
Southwark,156
Ealing,128
Southwark,50
Islington,315
Kensington and Chelsea,255
Merton,229
Hackney,189
Islington,188
Barnet,103
Richmond upon Thames,48
Islington,61
Merton,53
Wandsworth,285
Hounslow,46
Hammersmith and Fulham,160
Camden,135
Lambeth,104
Camden,69
Islington,190
Hackney,119
Wandsworth,170
Westminster,144
Hammersmith and Fulham,220
Islington,202
Hammersmith and Fulham,189
Tower Hamlets,61
Southwark,42
Newham,117
Southwark,135
Lambeth,84
Croydon,63
Lambeth,33
Tower Hamlets,266
Westminster,255
Ealing,62
Hammersmith and Fulham,55
Hammersmith and Fulham,56
Southwark,33
Lambeth,468
Camden,160
Hackney,409
Enfield,95
Tower Hamlets,150
Westminster,133
Croydon,39
Hammersmith and Fulham,66
Greenwich,166
Islington,72
Kingston upon Thames,85
Kensington and Chelsea,205
Lambeth,38
Barking and Dagenham,57
Hackney,80
Wandsworth,65
Bromley,165
Hackney,69
Haringey,34
Islington,58
Ealing,178
Wandsworth,58
Hackney,200
Ealing,64
Haringey,60
Lambeth,68
Brent,571
Hackney,234
Lewisham,45
Wandsworth,121
Hammersmith and Fulham,270
Lambeth,216
Tower Hamlets,56
Richmond upon Thames,606
Tower Hamlets,147
Tower Hamlets,239
Haringey,75
Hackney,104
Camden,228
Barnet,50
Hammersmith and Fulham,117
Brent,98
Richmond upon Thames,48
Westminster,182
Haringey,295
Camden,318
Croydon,57
Harrow,100
Lambeth,150
Tower Hamlets,74
Westminster,220
Hounslow,200
Waltham Forest,200
Hackney,124
Lambeth,61
Westminster,82
Haringey,226
Westminster,241
Tower Hamlets,55
Croydon,76
Brent,243
Islington,59
Haringey,50
Brent,192
Southwark,300
Hammersmith and Fulham,54
Hammersmith and Fulham,45
Lewisham,180
Lambeth,40
Westminster,94
Islington,60
Westminster,85
Southwark,130
Southwark,91
Hammersmith and Fulham,116
Islington,119
Lewisham,100
Merton,830
Kensington and Chelsea,272
Wandsworth,48
Wandsworth,41
Wandsworth,47
Wandsworth,46
Kensington and Chelsea,183
Lambeth,67
Tower Hamlets,121
Southwark,75
Richmond upon Thames,150
Southwark,51
Lewisham,171
Westminster,55
Richmond upon Thames,163
Hammersmith and Fulham,33
Hammersmith and Fulham,32
Hammersmith and Fulham,212
Camden,95
Barnet,140
Hackney,63
Hillingdon,238
Lewisham,31
Camden,220
Camden,155
Camden,136
Hackney,55
Richmond upon Thames,388
Enfield,40
Lambeth,154
Kensington and Chelsea,150
Hackney,125
Ealing,180
Westminster,115
Westminster,180
Brent,115
Barking and Dagenham,45
Westminster,85
Kingston upon Thames,58
Kensington and Chelsea,371
Camden,51
Hackney,133
Newham,2000
Southwark,57
Richmond upon Thames,89
Hackney,117
Westminster,271
Newham,242
Hackney,143
Kingston upon Thames,60
Tower Hamlets,186
Waltham Forest,36
Kensington and Chelsea,105
Islington,200
Merton,105
Camden,500
Kensington and Chelsea,252
Wandsworth,720
Richmond upon Thames,155
Croydon,75
Richmond upon Thames,70
Westminster,102
Newham,232
Waltham Forest,100
Merton,86
Brent,55
Southwark,53
Greenwich,173
Lambeth,58
Hackney,99
Hackney,300
Southwark,600
Brent,55
Wandsworth,46
Lewisham,176
Tower Hamlets,170
Lambeth,100
Lambeth,134
Ealing,125
Islington,68
Camden,83
Camden,260
Richmond upon Thames,135
Brent,90
Tower Hamlets,54
Wandsworth,47
Lambeth,90
Brent,118
Southwark,95
Brent,94
Enfield,45
Wandsworth,63
Merton,95
Enfield,38
Hackney,568
Hammersmith and Fulham,128
Hammersmith and Fulham,128
Hammersmith and Fulham,123
Hammersmith and Fulham,104
Hammersmith and Fulham,114
Hammersmith and Fulham,98
Hammersmith and Fulham,99
Hammersmith and Fulham,93
Kensington and Chelsea,148
Waltham Forest,222
Brent,65
Kensington and Chelsea,145
Brent,101
Wandsworth,63
Hillingdon,44
Hackney,154
Westminster,165
Wandsworth,100
Hackney,60
Hackney,35
Haringey,98
Islington,99
Hackney,120
Hackney,81
Hammersmith and Fulham,176
Hackney,271
Southwark,115
Greenwich,115
Waltham Forest,34
Redbridge,38
Brent,315
Hackney,115
Hammersmith and Fulham,500
Westminster,465
Waltham Forest,69
Tower Hamlets,59
Lewisham,43
Haringey,68
Islington,136
Ealing,44
Haringey,43
Haringey,120
City of London,340
Bromley,34
Westminster,91
Westminster,380
Kensington and Chelsea,146
Islington,50
Newham,34
Hackney,216
Haringey,175
Southwark,208
Tower Hamlets,72
Hammersmith and Fulham,247
Islington,149
Tower Hamlets,53
Westminster,318
Richmond upon Thames,185
Haringey,23
Camden,350
Westminster,155
Bromley,206
Richmond upon Thames,1940
Lambeth,78
Hammersmith and Fulham,89
Lewisham,33
Southwark,198
Westminster,203
Wandsworth,165
Lewisham,144
Islington,44
Tower Hamlets,272
Hammersmith and Fulham,404
Lambeth,227
Hammersmith and Fulham,891
Harrow,38
Kingston upon Thames,65
Lambeth,114
Tower Hamlets,72
Westminster,700
Hammersmith and Fulham,202
Haringey,159
Westminster,521
Camden,378
Richmond upon Thames,190
Tower Hamlets,74
Wandsworth,135
Westminster,243
Merton,77
Islington,150
Southwark,256
Hillingdon,39
Kensington and Chelsea,125
Lambeth,55
Westminster,391
Camden,143
Lambeth,45
Camden,295
Islington,90
Wandsworth,51
Camden,72
Harrow,35
Brent,38
Richmond upon Thames,152
Wandsworth,156
Barnet,29
Hammersmith and Fulham,1000
Tower Hamlets,100
Lewisham,59
Newham,34
Lambeth,158
Lewisham,120
Westminster,77
Wandsworth,151
Tower Hamlets,54
Hackney,164
Haringey,245
Lambeth,200
Ealing,60
Tower Hamlets,144
Hackney,181
Westminster,336
Islington,78
Newham,33
Islington,153
Kensington and Chelsea,300
Hammersmith and Fulham,126
Westminster,209
Hackney,101
Westminster,68
Waltham Forest,36
Wandsworth,129
Islington,540
Wandsworth,315
Lambeth,45
Lambeth,73
Kensington and Chelsea,388
Westminster,61
Hackney,415
Greenwich,30
Greenwich,27
Merton,185
Brent,90
Hammersmith and Fulham,111
Hackney,222
Hackney,41
Ealing,250
Haringey,51
Kensington and Chelsea,325
Islington,90
Richmond upon Thames,50
Camden,429
Westminster,62
Hounslow,98
Southwark,1132
Wandsworth,60
Islington,75
Hackney,50
Tower Hamlets,113
Brent,57
Kensington and Chelsea,70
Tower Hamlets,80
Croydon,87
Kensington and Chelsea,372
Brent,205
Westminster,143
Hounslow,60
Hackney,262
Hounslow,170
Tower Hamlets,120
Hammersmith and Fulham,271
Barnet,53
Westminster,248
Southwark,70
Richmond upon Thames,71
Camden,46
Greenwich,220
Haringey,56
Kensington and Chelsea,368
Tower Hamlets,110
Kensington and Chelsea,324
Ealing,64
Merton,36
Tower Hamlets,517
Westminster,147
Brent,140
Richmond upon Thames,121
Islington,625
Kensington and Chelsea,317
Camden,205
Westminster,159
Greenwich,151
Hammersmith and Fulham,214
Hammersmith and Fulham,186
Ealing,115
Hackney,100
Brent,124
Lambeth,136
Haringey,135
Brent,105
Wandsworth,210
Barnet,120
Tower Hamlets,61
Lewisham,95
Westminster,115
Westminster,301
Camden,62
Tower Hamlets,26
Islington,108
Camden,76
Kensington and Chelsea,326
Tower Hamlets,135
Hackney,190
Bromley,29
Kensington and Chelsea,314
Hackney,300
Westminster,140
Wandsworth,669
Tower Hamlets,68
Hounslow,80
Merton,191
Tower Hamlets,54
Lewisham,62
Lewisham,174
Camden,68
Hackney,115
Wandsworth,53
Ealing,125
Lambeth,189
Kensington and Chelsea,630
Hammersmith and Fulham,191
Lambeth,90
Wandsworth,75
Lewisham,50
Kensington and Chelsea,128
Lewisham,50
Hackney,120
Lambeth,55
Lewisham,166
Kensington and Chelsea,450
Newham,52
Hackney,282
Camden,146
Haringey,135
Camden,250
Westminster,120
Kingston upon Thames,238
Islington,103
Haringey,413
Hillingdon,99
Westminster,181
Brent,143
Hackney,192
Southwark,55
Newham,44
Lambeth,65
Lambeth,65
Bromley,52
Bromley,44
Waltham Forest,97
Hackney,241
Havering,93
Brent,48
Merton,155
Redbridge,33
Southwark,105
Hammersmith and Fulham,1200
Hackney,65
Southwark,145
Lewisham,39
Hackney,48
Westminster,150
Kensington and Chelsea,60
Southwark,217
Camden,261
Hounslow,70
Lambeth,300
Merton,650
Harrow,36
Haringey,63
Redbridge,23
Redbridge,23
Tower Hamlets,72
Southwark,79
Lambeth,70
Hounslow,60
Tower Hamlets,101
Westminster,65
Westminster,160
Camden,160
Camden,129
Westminster,226
Westminster,111
Southwark,65
Hackney,76
Richmond upon Thames,50
Richmond upon Thames,54
Hammersmith and Fulham,62
Haringey,58
Waltham Forest,44
Hackney,92
Hammersmith and Fulham,188
Sutton,255
Westminster,99
Southwark,119
Richmond upon Thames,45
Newham,55
Hammersmith and Fulham,79
Lewisham,48
Westminster,182
Hackney,200
Harrow,38
Westminster,274
Lambeth,241
Westminster,76
Wandsworth,135
Southwark,248
Hounslow,49
Bromley,799
Richmond upon Thames,44
Westminster,63
Westminster,153
Southwark,300
Lewisham,53
Lambeth,75
Tower Hamlets,132
Kensington and Chelsea,245
Barnet,52
Tower Hamlets,74
Lewisham,42
Bromley,40
Lambeth,30
Lambeth,50
Hammersmith and Fulham,72
Richmond upon Thames,54
Westminster,487
Camden,108
Islington,142
Southwark,119
Southwark,114
Camden,52
City of London,129
Kensington and Chelsea,211
Merton,35
Westminster,181
Westminster,265
Waltham Forest,86
Westminster,306
Greenwich,68
Waltham Forest,58
Hammersmith and Fulham,125
Greenwich,30
Kensington and Chelsea,73
Westminster,204
Brent,62
Richmond upon Thames,334
Richmond upon Thames,278
Richmond upon Thames,317
Richmond upon Thames,379
Bromley,40
Redbridge,29
Barnet,39
Wandsworth,136
Wandsworth,74
Hackney,129
Lambeth,231
Sutton,33
Westminster,300
Wandsworth,111
Camden,251
Westminster,74
Southwark,166
Southwark,97
Tower Hamlets,191
Haringey,314
Southwark,111
Westminster,175
Tower Hamlets,140
Hackney,191
Hounslow,31
Westminster,203
Westminster,102
Islington,375
Westminster,333
Kensington and Chelsea,360
Waltham Forest,64
Hounslow,114
Kensington and Chelsea,319
Lambeth,60
Lambeth,135
Lambeth,38
Brent,163
Hillingdon,103
Hackney,125
Tower Hamlets,44
Lewisham,86
Islington,73
Newham,150
Camden,50
Redbridge,24
Kensington and Chelsea,155
Kingston upon Thames,72
Westminster,194
Newham,143
Waltham Forest,53
Wandsworth,96
Brent,132
Hounslow,60
Hammersmith and Fulham,36
Lambeth,166
Kensington and Chelsea,169
Merton,575
Newham,40
Kensington and Chelsea,500
Hounslow,43
Hackney,145
Wandsworth,55
Hackney,36
Southwark,30
Islington,77
Hillingdon,525
Enfield,90
Lewisham,40
Kensington and Chelsea,305
Merton,568
Richmond upon Thames,40
Richmond upon Thames,92
Hackney,100
Kensington and Chelsea,270
Westminster,99
Camden,110
Tower Hamlets,106
Tower Hamlets,243
Southwark,21
Islington,113
Brent,40
Brent,31
Southwark,100
Westminster,59
Islington,185
Camden,94
Islington,172
Islington,124
Kingston upon Thames,125
Lewisham,190
Brent,283
Richmond upon Thames,60
Wandsworth,75
Richmond upon Thames,62
Southwark,44
Hackney,243
Kensington and Chelsea,772
Lewisham,40
Newham,84
Southwark,90
Islington,179
Westminster,180
Camden,68
Brent,53
Richmond upon Thames,262
Merton,35
Brent,48
Kensington and Chelsea,258
Richmond upon Thames,500
Harrow,41
Richmond upon Thames,200
Camden,80
Brent,38
Richmond upon Thames,118
Hackney,353
Enfield,60
Enfield,60
Kensington and Chelsea,163
Tower Hamlets,260
Bromley,131
Richmond upon Thames,428
Enfield,59
Harrow,50
Camden,180
Richmond upon Thames,95
Greenwich,35
Islington,109
Westminster,99
Hackney,76
Southwark,66
Wandsworth,500
Kensington and Chelsea,351
Sutton,88
Westminster,1444
Brent,238
Brent,81
Kingston upon Thames,95
Merton,65
Westminster,412
Brent,60
Brent,142
Barnet,70
Lambeth,36
Lewisham,42
Lambeth,70
Wandsworth,81
Lambeth,139
Barnet,46
Lambeth,215
Camden,207
Wandsworth,72
Camden,4250
Ealing,57
Kensington and Chelsea,293
Kensington and Chelsea,200
Westminster,115
Hillingdon,42
Bromley,36
Sutton,222
Hackney,350
Islington,86
Bromley,42
Greenwich,132
Brent,43
Southwark,108
Kensington and Chelsea,58
Wandsworth,47
Camden,63
Haringey,89
Brent,521
Lewisham,135
Lambeth,63
Harrow,1800
Hammersmith and Fulham,140
Newham,252
Wandsworth,50
Westminster,131
Lewisham,54
Waltham Forest,48
Havering,270
Bromley,75
Ealing,282
Camden,240
Tower Hamlets,320
Lambeth,108
Wandsworth,200
Newham,40
Lewisham,51
Hackney,179
Hammersmith and Fulham,125
Hackney,53
Kensington and Chelsea,332
Kensington and Chelsea,548
Waltham Forest,36
Merton,40
Tower Hamlets,59
Southwark,210
Tower Hamlets,372
Camden,95
Camden,90
Richmond upon Thames,1188
Kensington and Chelsea,190
Hackney,95
Lambeth,26
Ealing,149
Redbridge,85
Newham,38
Wandsworth,150
Tower Hamlets,240
Southwark,185
Camden,167
Westminster,316
Southwark,168
Enfield,60
Enfield,72
Enfield,68
Hackney,40
Camden,231
Westminster,250
Kensington and Chelsea,53
Westminster,558
Islington,163
Newham,60
Kensington and Chelsea,56
Tower Hamlets,457
Wandsworth,80
Lambeth,61
Islington,140
Camden,130
Kensington and Chelsea,285
Kensington and Chelsea,201
Newham,29
Ealing,60
Hackney,140
Lewisham,95
Wandsworth,250
Kensington and Chelsea,137
Tower Hamlets,41
Ealing,36
Camden,40
Wandsworth,1350
Greenwich,38
Kensington and Chelsea,159
Richmond upon Thames,121
Hackney,100
Lewisham,85
Haringey,180
Redbridge,176
Westminster,298
Islington,135
Islington,124
Westminster,267
Kensington and Chelsea,230
Camden,164
Kingston upon Thames,101
Westminster,680
Westminster,400
Camden,80
Hackney,220
Camden,40
Islington,175
Camden,205
Islington,50
Westminster,368
Barnet,122
Kensington and Chelsea,1026
Westminster,47
Southwark,57
Brent,221
Merton,37
Hackney,93
Kensington and Chelsea,209
Westminster,169
Hammersmith and Fulham,99
Kensington and Chelsea,450
Tower Hamlets,4000
Camden,8000
Greenwich,92
Lambeth,46
Lewisham,43
Kensington and Chelsea,105
Westminster,314
Westminster,348
Hammersmith and Fulham,450
Hackney,197
Newham,326
Westminster,161
Enfield,65
Camden,149
Lambeth,500
Lambeth,54
Lambeth,53
Sutton,50
Tower Hamlets,67
Camden,90
Hammersmith and Fulham,73
Westminster,96
Camden,257
Redbridge,34
Tower Hamlets,333
Lambeth,49
Kensington and Chelsea,431
Haringey,81
Hammersmith and Fulham,165
Richmond upon Thames,55
Lewisham,29
Westminster,481
Tower Hamlets,230
Westminster,302
Westminster,285
Westminster,548
Westminster,325
Westminster,234
Bromley,47
Westminster,311
Hounslow,121
Tower Hamlets,57
Westminster,247
Camden,311
Southwark,139
Hackney,95
Kensington and Chelsea,171
Hackney,113
Kingston upon Thames,150
Newham,88
Hackney,235
Richmond upon Thames,131
Tower Hamlets,123
Hackney,100
Camden,181
Kensington and Chelsea,170
Westminster,126
Kensington and Chelsea,238
Westminster,617
Camden,275
Lambeth,53
Westminster,274
Islington,124
Islington,124
Islington,172
Islington,172
Wandsworth,36
Hackney,100
Ealing,90
Islington,175
Tower Hamlets,95
Richmond upon Thames,85
Ealing,110
Lambeth,57
Hammersmith and Fulham,94
Kensington and Chelsea,373
Wandsworth,72
Westminster,360
Tower Hamlets,180
Tower Hamlets,247
Tower Hamlets,274
Greenwich,185
Brent,54
Lambeth,115
Tower Hamlets,110
Hammersmith and Fulham,267
Wandsworth,295
Newham,81
Brent,161
Barnet,170
Lewisham,270
Brent,192
Tower Hamlets,122
Hackney,237
Islington,55
Hackney,170
City of London,53
Brent,37
Kensington and Chelsea,161
Greenwich,37
Tower Hamlets,120
Haringey,52
Haringey,52
Westminster,341
Barnet,104
Merton,47
Camden,81
Tower Hamlets,97
Hackney,120
Southwark,200
Haringey,57
Wandsworth,100
Hackney,80
Southwark,133
Camden,203
Barnet,39
Hackney,167
Croydon,62
Hackney,54
Hackney,167
Islington,90
Hammersmith and Fulham,90
Barnet,32
Southwark,207
Lambeth,317
Newham,107
Bromley,34
Brent,43
Westminster,125
Kingston upon Thames,112
Camden,239
Ealing,78
Southwark,176
Islington,185
Hammersmith and Fulham,49
Hammersmith and Fulham,150
Lambeth,90
Newham,342
Haringey,141
Hackney,35
Barking and Dagenham,55
Enfield,52
Barnet,50
Barnet,50
Tower Hamlets,34
Hammersmith and Fulham,138
Hackney,138
Wandsworth,54
Ealing,43
Richmond upon Thames,495
Westminster,1125
Westminster,230
Westminster,300
Camden,132
Westminster,519
Tower Hamlets,248
Kensington and Chelsea,488
Southwark,344
Westminster,335
Greenwich,76
Merton,71
Westminster,60
Southwark,280
Hammersmith and Fulham,72
Hackney,130
Haringey,93
Wandsworth,250
Tower Hamlets,205
Wandsworth,27
Brent,6309
Southwark,163
Lewisham,51
Westminster,350
Wandsworth,152
Barnet,60
Camden,174
Westminster,85
Newham,75
Haringey,57
Tower Hamlets,190
Hackney,161
Islington,353
Islington,107
Waltham Forest,49
Merton,45
Ealing,300
Kensington and Chelsea,600
Hackney,150
Southwark,50
Greenwich,30
Camden,72
Richmond upon Thames,95
Westminster,155
Enfield,29
Lewisham,202
Wandsworth,241
Wandsworth,253
Hammersmith and Fulham,90
Camden,75
Westminster,300
Kensington and Chelsea,267
Hackney,60
Kensington and Chelsea,291
Hounslow,119
Wandsworth,109
Southwark,286
Islington,67
Southwark,45
Croydon,215
Westminster,255
Ealing,270
Islington,139
Brent,34
Kensington and Chelsea,491
Redbridge,65
Islington,157
Wandsworth,52
Islington,158
Waltham Forest,73
Camden,246
Merton,420
Redbridge,227
Southwark,131
Richmond upon Thames,200
Merton,112
Sutton,104
Wandsworth,174
Tower Hamlets,153
Southwark,99
Westminster,314
Westminster,62
Merton,212
Camden,118
Richmond upon Thames,116
Lambeth,37
Wandsworth,174
Sutton,81
Southwark,68
Hackney,63
Ealing,59
Hammersmith and Fulham,207
Hounslow,245
Kensington and Chelsea,410
Kingston upon Thames,84
Lambeth,350
Tower Hamlets,143
Kensington and Chelsea,2150
Hackney,156
Wandsworth,166
Wandsworth,143
Kingston upon Thames,64
Islington,228
Westminster,371
Kingston upon Thames,84
Kingston upon Thames,100
Kingston upon Thames,79
Southwark,118
Haringey,320
Greenwich,60
Kensington and Chelsea,96
Barnet,91
Westminster,371
Camden,77
Camden,62
Lambeth,57
Croydon,49
Kensington and Chelsea,89
Tower Hamlets,183
Ealing,67
Hackney,67
Lambeth,130
Merton,53
Southwark,58
Wandsworth,237
Westminster,248
Westminster,261
Hackney,296
Kensington and Chelsea,265
Westminster,51
Southwark,161
Hillingdon,69
Westminster,44
Croydon,57
Kensington and Chelsea,186
Tower Hamlets,135
Hackney,189
Lewisham,28
Brent,81
Hackney,473
Hackney,120
Tower Hamlets,186
Hammersmith and Fulham,795
Wandsworth,500
Kingston upon Thames,500
Kingston upon Thames,124
Westminster,277
Islington,143
Islington,153
Westminster,600
Brent,126
Tower Hamlets,186
Hackney,287
Richmond upon Thames,90
Camden,241
Camden,229
Kensington and Chelsea,410
Greenwich,180
Westminster,276
Lambeth,300
Newham,176
Kensington and Chelsea,222
Waltham Forest,41
Newham,226
Kensington and Chelsea,375
Kensington and Chelsea,350
Wandsworth,140
Islington,115
Westminster,280
Kensington and Chelsea,1468
Hackney,101
Hackney,108
Hackney,90
Tower Hamlets,180
Greenwich,40
Southwark,45
Southwark,59
Westminster,154
Kensington and Chelsea,140
Hackney,85
Hackney,66
Westminster,300
Tower Hamlets,73
Richmond upon Thames,90
Lambeth,77
Kensington and Chelsea,271
Kensington and Chelsea,164
Merton,255
Westminster,164
Brent,63
Kensington and Chelsea,205
Westminster,180
Camden,109
Camden,60
Haringey,101
Brent,41
Haringey,25
Camden,122
Barnet,73
Lambeth,95
Lambeth,92
Kensington and Chelsea,99
Bromley,126
Camden,380
Barnet,103
Camden,103
Tower Hamlets,73
Westminster,110
Hackney,66
Waltham Forest,88
Westminster,125
Lambeth,115
Wandsworth,195
Sutton,250
Kensington and Chelsea,285
Islington,347
Camden,549
Kensington and Chelsea,457
Lewisham,58
Waltham Forest,213
Kensington and Chelsea,408
Wandsworth,201
Hounslow,85
Lambeth,105
Tower Hamlets,152
Southwark,51
Islington,38
Hackney,152
Kensington and Chelsea,201
Merton,66
Newham,36
Kensington and Chelsea,318
Lewisham,110
Newham,150
Camden,144
Waltham Forest,31
Westminster,821
Westminster,220
Haringey,74
Hammersmith and Fulham,200
Waltham Forest,32
Waltham Forest,34
Brent,239
Westminster,814
Westminster,146
Wandsworth,56
Westminster,290
Westminster,258
Kensington and Chelsea,178
Westminster,842
Southwark,242
Tower Hamlets,57
Westminster,115
Barnet,32
Camden,135
Richmond upon Thames,1250
Redbridge,250
Brent,319
Hackney,77
Southwark,162
Islington,355
Newham,45
Tower Hamlets,315
Hackney,295
Greenwich,135
Lambeth,261
Richmond upon Thames,119
Richmond upon Thames,55
Haringey,495
Tower Hamlets,111
Kensington and Chelsea,205
Haringey,144
Southwark,109
Tower Hamlets,67
Westminster,299
Merton,79
Hounslow,46
Greenwich,28
Camden,119
Kensington and Chelsea,169
Tower Hamlets,133
Westminster,285
City of London,209
Hammersmith and Fulham,184
City of London,252
Richmond upon Thames,74
Barnet,71
Brent,146
Merton,415
Southwark,60
Wandsworth,165
Brent,60
Merton,200
Haringey,209
Hackney,66
Hammersmith and Fulham,76
Haringey,70
Hammersmith and Fulham,173
Islington,59
Tower Hamlets,150
Harrow,44
Harrow,35
Lambeth,121
Lewisham,33
Haringey,43
Lambeth,95
Westminster,699
Westminster,182
Hounslow,251
Brent,24
Southwark,361
Enfield,29
Hillingdon,23
Kensington and Chelsea,53
Brent,76
Enfield,290
Ealing,44
Merton,63
Hammersmith and Fulham,65
Kensington and Chelsea,89
Kensington and Chelsea,79
Kensington and Chelsea,129
Kensington and Chelsea,110
Westminster,499
Camden,97
Kingston upon Thames,59
Southwark,70
Camden,175
Lambeth,61
Hounslow,280
Barking and Dagenham,27
Greenwich,85
Westminster,170
Hammersmith and Fulham,49
Wandsworth,157
Wandsworth,56
Brent,36
Camden,37
Ealing,101
Enfield,223
Westminster,180
Brent,35
Ealing,149
Southwark,309
Ealing,77
Kensington and Chelsea,75
Ealing,77
Ealing,74
Southwark,74
Tower Hamlets,65
Tower Hamlets,65
Tower Hamlets,75
Lambeth,362
Hillingdon,32
Merton,68
Kensington and Chelsea,230
Bromley,85
Westminster,129
Westminster,258
Hounslow,133
Westminster,116
Islington,250
Hammersmith and Fulham,170
Tower Hamlets,76
Wandsworth,155
Westminster,242
Kensington and Chelsea,60
Hammersmith and Fulham,80
Southwark,56
Islington,266
Richmond upon Thames,134
Richmond upon Thames,134
Lambeth,276
Islington,203
Tower Hamlets,298
Brent,122
Kensington and Chelsea,187
Waltham Forest,123
Kensington and Chelsea,553
Southwark,68
Hackney,250
Hammersmith and Fulham,47
Westminster,63
Lambeth,53
Richmond upon Thames,79
Tower Hamlets,65
Tower Hamlets,65
Lambeth,40
Richmond upon Thames,678
Redbridge,75
Kensington and Chelsea,142
Wandsworth,42
Hackney,41
Tower Hamlets,171
Islington,226
Lambeth,42
Merton,206
Barking and Dagenham,54
Lewisham,46
Wandsworth,99
Redbridge,65
Redbridge,280
Southwark,103
Croydon,35
Hackney,164
Tower Hamlets,174
Hammersmith and Fulham,238
Kensington and Chelsea,249
Kensington and Chelsea,745
Tower Hamlets,225
Ealing,79
Wandsworth,58
Richmond upon Thames,130
Southwark,40
Greenwich,50
Newham,110
Wandsworth,49
Southwark,299
Camden,96
Camden,229
Harrow,115
Ealing,60
Hackney,42
Tower Hamlets,31
Kensington and Chelsea,401
Hackney,103
Hackney,81
Hackney,110
Ealing,135
Islington,85
Hackney,190
Wandsworth,70
Hackney,265
Hammersmith and Fulham,84
Wandsworth,345
Kensington and Chelsea,250
Hillingdon,57
Hounslow,130
Hammersmith and Fulham,225
Southwark,57
Ealing,50
Wandsworth,320
Wandsworth,164
Lewisham,42
Westminster,38
Kensington and Chelsea,163
Tower Hamlets,117
Lambeth,186
Islington,347
Barnet,32
Westminster,219
Greenwich,33
Waltham Forest,162
Hounslow,400
Haringey,70
City of London,95
Croydon,43
Tower Hamlets,138
Westminster,68
Southwark,45
Camden,86
Camden,84
Kensington and Chelsea,137
Camden,105
Westminster,62
Wandsworth,155
Westminster,459
Hackney,214
Ealing,200
Islington,375
Kensington and Chelsea,97
Croydon,54
Camden,222
Kensington and Chelsea,179
Greenwich,33
Lambeth,38
Enfield,59
Barnet,194
Camden,65
Havering,64
Camden,72
Westminster,211
Westminster,1100
Hackney,83
Hammersmith and Fulham,96
Westminster,115
Camden,69
Hounslow,44
Ealing,31
Wandsworth,51
Camden,428
Harrow,29
Camden,319
Hackney,162
Ealing,31
Tower Hamlets,83
Wandsworth,32
Tower Hamlets,138
Newham,269
Kensington and Chelsea,161
Camden,326
Westminster,149
Richmond upon Thames,285
Islington,116
Islington,489
Southwark,152
Newham,47
Kensington and Chelsea,100
Wandsworth,32
Lewisham,197
Islington,88
Southwark,52
Islington,142
Camden,3990
Wandsworth,34
Redbridge,55
Islington,187
Hackney,95
Haringey,44
Lewisham,32
Islington,176
Lambeth,301
Islington,202
Islington,195
Islington,176
Lewisham,83
Islington,49
Lambeth,241
Hammersmith and Fulham,27
Kingston upon Thames,73
Hackney,190
Wandsworth,102
Kensington and Chelsea,37
Lambeth,150
Southwark,90
Kensington and Chelsea,142
Westminster,139
Westminster,269
Waltham Forest,150
Lewisham,200
Kensington and Chelsea,950
Greenwich,75
Wandsworth,276
Kensington and Chelsea,87
Kensington and Chelsea,96
Camden,145
Westminster,180
Islington,230
Westminster,499
Westminster,288
Harrow,40
Ealing,48
Brent,59
City of London,257
Islington,185
Richmond upon Thames,128
Kensington and Chelsea,162
Haringey,68
Waltham Forest,91
Bromley,45
Wandsworth,181
Hackney,140
Westminster,162
Kensington and Chelsea,53588
Haringey,170
Southwark,327
Barnet,64
Enfield,117
Hounslow,70
Hackney,201
Lambeth,66
Merton,70
Tower Hamlets,243
Kensington and Chelsea,133
Westminster,155
Kensington and Chelsea,124
Merton,63
Wandsworth,114
Wandsworth,90
Westminster,60
Kensington and Chelsea,150
Southwark,60
Kingston upon Thames,130
Hounslow,34
Wandsworth,56
Hounslow,39
Croydon,25
Waltham Forest,136
Islington,193
Ealing,168
Barnet,45
Barnet,113
Lewisham,69
Haringey,100
Tower Hamlets,40
Merton,213
Lewisham,68
Lambeth,168
Wandsworth,96
Wandsworth,115
Kensington and Chelsea,372
Bromley,60
Hounslow,65
Westminster,55
Hackney,63
Merton,59
Hackney,118
Merton,45
Islington,118
Brent,1000
Wandsworth,88
Kingston upon Thames,60
Brent,45
Lewisham,95
Greenwich,42
Richmond upon Thames,134
Hammersmith and Fulham,72
Tower Hamlets,30
Tower Hamlets,38
Brent,200
Redbridge,60
Tower Hamlets,180
Ealing,66
Haringey,240
Greenwich,98
Kensington and Chelsea,58
Tower Hamlets,56
Kensington and Chelsea,198
Lambeth,280
Westminster,250
Richmond upon Thames,144
Kensington and Chelsea,235
Redbridge,120
Wandsworth,96
Newham,68
Camden,253
Camden,345
Hammersmith and Fulham,51
Haringey,52
Hammersmith and Fulham,175
Brent,221
Wandsworth,53
Croydon,54
Southwark,138
Westminster,300
Wandsworth,325
Hounslow,77
Kensington and Chelsea,209
Lambeth,85
Haringey,60
Bromley,45
Islington,40
Camden,40
Hillingdon,87
Barnet,109
Barnet,95
Brent,114
Hammersmith and Fulham,195
Westminster,114
Tower Hamlets,186
Wandsworth,185
Islington,155
Hounslow,48
Merton,76
Wandsworth,45
Westminster,192
Wandsworth,120
Southwark,80
Wandsworth,62
Wandsworth,168
Camden,100
Tower Hamlets,101
Hammersmith and Fulham,305
Bromley,51
Brent,60
Westminster,219
Ealing,114
Kensington and Chelsea,76
Hammersmith and Fulham,85
Hounslow,35
Lambeth,104
Hammersmith and Fulham,130
Greenwich,32
Merton,43
Tower Hamlets,77
Camden,262
Camden,153
Camden,77
Kensington and Chelsea,300
Waltham Forest,41
Kensington and Chelsea,84
Waltham Forest,50
Wandsworth,66
Harrow,80
Islington,101
Tower Hamlets,121
Westminster,90
Lewisham,132
Lambeth,65
Camden,225
Sutton,245
Hounslow,51
Westminster,80
Westminster,256
Harrow,120
Islington,74100
Wandsworth,240
Lambeth,49
Kensington and Chelsea,117
Westminster,167
Westminster,149
Hackney,48
Ealing,48
Camden,80
Kensington and Chelsea,138
Hounslow,44
Tower Hamlets,115
Wandsworth,141
Richmond upon Thames,284
Southwark,55
Kensington and Chelsea,162
Brent,47
Wandsworth,170
Kingston upon Thames,250
Kensington and Chelsea,85
Southwark,60
Lambeth,62
Newham,176
Greenwich,33
Lewisham,118
Hackney,36
Camden,200
Camden,72
Tower Hamlets,145
Barking and Dagenham,41
Hackney,101
Camden,180
Kensington and Chelsea,70
Lambeth,103
Tower Hamlets,75
Southwark,68
Haringey,35
Wandsworth,115
Westminster,360
Westminster,170
Lewisham,59
Southwark,380
Islington,79
Kensington and Chelsea,1900
Southwark,54
Haringey,198
Southwark,196
Hackney,221
Southwark,101
Wandsworth,285
Hackney,100
Lambeth,195
Kensington and Chelsea,315
Croydon,85
Westminster,85
Islington,160
Hackney,160
Kensington and Chelsea,470
Camden,290
Lambeth,75
Brent,79
Hammersmith and Fulham,185
Camden,208
Bromley,110
Haringey,41
Merton,466
Westminster,133
Westminster,199
Kensington and Chelsea,158
Ealing,30
Tower Hamlets,169
Tower Hamlets,63
Barnet,31
Southwark,40
Westminster,278
Tower Hamlets,155
Wandsworth,170
Westminster,114
Hammersmith and Fulham,225
Greenwich,116
Waltham Forest,60
Hammersmith and Fulham,163
Hackney,90
Hammersmith and Fulham,275
Redbridge,55
Haringey,131
Tower Hamlets,196
Hackney,76
Camden,213
Lambeth,47
Lambeth,218
Croydon,35
Hillingdon,46
Tower Hamlets,67
Waltham Forest,120
Tower Hamlets,44
Brent,133
Newham,43
Westminster,380
Kensington and Chelsea,328
Westminster,437
Wandsworth,119
Westminster,739
Westminster,343
Newham,36
Southwark,3000
Kensington and Chelsea,76
Hounslow,205
Newham,299
Ealing,35
Camden,146
Wandsworth,102
Brent,70
Westminster,90
Hackney,125
Westminster,90
Richmond upon Thames,86
Barnet,33
Hackney,65
Redbridge,50
Lewisham,29
Southwark,73
Westminster,130
Redbridge,51
Islington,62
Richmond upon Thames,1277
Enfield,64
Lambeth,62
Westminster,71
Southwark,111
City of London,58
Camden,274
Islington,225
Kensington and Chelsea,713
Westminster,254
Brent,125
Kensington and Chelsea,137
Hackney,69
Kensington and Chelsea,120
Kensington and Chelsea,106
Kensington and Chelsea,129
Hackney,56
Hackney,108
Ealing,110
Hackney,294
Southwark,46
Croydon,38
Westminster,254
Hammersmith and Fulham,352
Haringey,184
Hackney,214
Westminster,103
Harrow,61
Hackney,176
Wandsworth,31
Brent,25
Camden,83
Ealing,55
Lewisham,145
Southwark,62
Ealing,45
Ealing,44
Ealing,47
Ealing,50
Tower Hamlets,400
Brent,191
Redbridge,49
Camden,77
Brent,74
Bromley,52
Barnet,80
Barnet,63
Barnet,33
Bromley,135
Westminster,289
Lambeth,252
Newham,99
Hammersmith and Fulham,250
Brent,210
Kensington and Chelsea,1689
Islington,83
Tower Hamlets,38
Kingston upon Thames,113
Camden,225
Ealing,130
Westminster,340
Ealing,144
Hillingdon,95
Brent,81
Camden,285
Brent,45
Enfield,29
Wandsworth,213
Lambeth,58
Wandsworth,159
Haringey,450
Lewisham,101
Hounslow,40
Lewisham,80
Wandsworth,48
Croydon,46
Brent,45
Southwark,70
Kensington and Chelsea,159
Hackney,181
Newham,29
Tower Hamlets,33
Islington,259
Hammersmith and Fulham,78
Camden,165
Hammersmith and Fulham,68
Hackney,450
Hackney,115
Ealing,66
Kensington and Chelsea,135
Hackney,150
Hackney,100
Lambeth,108
Hammersmith and Fulham,19
Harrow,49
Southwark,61
Camden,270
Kensington and Chelsea,97
Kensington and Chelsea,129
Croydon,45
Lambeth,225
Wandsworth,158
Sutton,43
Brent,107
Barnet,334
Kensington and Chelsea,114
Waltham Forest,217
Tower Hamlets,88
Newham,100
Kensington and Chelsea,143
Kensington and Chelsea,102
Islington,96
Kensington and Chelsea,119
Kensington and Chelsea,96
Lambeth,36
Enfield,55
Lambeth,151
Tower Hamlets,122
Southwark,50
Kensington and Chelsea,107
Barking and Dagenham,114
Lewisham,36
Lewisham,51
Lambeth,86
Tower Hamlets,54
Tower Hamlets,40
Islington,46
Kensington and Chelsea,121
Kensington and Chelsea,105
Islington,90
Richmond upon Thames,97
Ealing,160
Kensington and Chelsea,296
Greenwich,347
Waltham Forest,62
Islington,72
Sutton,52
Wandsworth,230
Camden,200
Barnet,63
Lambeth,60
Newham,196
Southwark,292
Tower Hamlets,28
Barnet,110
Lambeth,203
Westminster,190
Westminster,72
Westminster,105
Croydon,52
Westminster,180
Tower Hamlets,70
Richmond upon Thames,106
Tower Hamlets,36
Tower Hamlets,854
Westminster,1136
Ealing,78
Southwark,63
Southwark,45
Kensington and Chelsea,85
Wandsworth,450
Merton,73
Kensington and Chelsea,102
Lambeth,107
Hammersmith and Fulham,137
Hammersmith and Fulham,168
Islington,294
Kensington and Chelsea,109
Lambeth,79
Tower Hamlets,61
Bromley,38
Tower Hamlets,64
Kensington and Chelsea,116
Westminster,119
Westminster,99
Westminster,92
Tower Hamlets,92
Southwark,181
Westminster,800
Westminster,4250
Hammersmith and Fulham,210
Islington,175
Merton,125
Kensington and Chelsea,73
Southwark,143
Barnet,176
Tower Hamlets,41
Camden,366
Southwark,195
Newham,98
Islington,90
Westminster,558
Westminster,171
Westminster,86
Westminster,199
Islington,168
Haringey,50
Islington,85
Kensington and Chelsea,110
Enfield,32
Barnet,54
Westminster,538
Wandsworth,45
Ealing,200
Tower Hamlets,311
Brent,246
Croydon,21
Lambeth,320
Islington,43
Ealing,35
Camden,240
Kensington and Chelsea,73
Tower Hamlets,117
Kingston upon Thames,138
Westminster,110
Croydon,27
Haringey,49
Bromley,93
Hackney,196
Kensington and Chelsea,352
Westminster,399
Tower Hamlets,54
Lambeth,108
Camden,69
Bexley,18
Camden,232
Westminster,225
Waltham Forest,154
Westminster,76
Kensington and Chelsea,98
Wandsworth,450
Camden,360
Lambeth,43
Ealing,200
Westminster,469
Southwark,47
Westminster,114
Westminster,72
Westminster,72
Westminster,72
Ealing,50
Haringey,67
Tower Hamlets,74
Westminster,86
Westminster,114
Kensington and Chelsea,715
Kensington and Chelsea,143
Westminster,90
Westminster,90
Westminster,86
Westminster,86
Ealing,50
Kingston upon Thames,100
Westminster,161
Kensington and Chelsea,60
Westminster,29
Barking and Dagenham,50
Bromley,45
Ealing,50
Merton,81
Merton,133
Richmond upon Thames,53
Kensington and Chelsea,163
Haringey,90
Brent,117
Newham,33
Hammersmith and Fulham,100
Bexley,285
Wandsworth,90
Tower Hamlets,63
Hammersmith and Fulham,113
Brent,41
Kensington and Chelsea,87
Hackney,83
Hammersmith and Fulham,56
Haringey,32
Islington,151
Hillingdon,55
Brent,70
City of London,171
Southwark,59
Westminster,95
Hillingdon,28
Wandsworth,150
City of London,286
Hounslow,205
Lewisham,103
Lewisham,31
Hammersmith and Fulham,200
Camden,89
Southwark,67
Hammersmith and Fulham,180
Camden,85
Croydon,50
Wandsworth,79
Kensington and Chelsea,433
Barking and Dagenham,181
Kensington and Chelsea,305
Southwark,36
Hackney,106
Wandsworth,105
Southwark,62
Haringey,69
Hackney,104
Hackney,153
Hillingdon,299
Waltham Forest,93
Bromley,55
Bromley,50
Bromley,51
Camden,300
Camden,120
Camden,60
Camden,117
Southwark,181
Tower Hamlets,262
Kensington and Chelsea,77
Wandsworth,175
Camden,215
Croydon,105
Brent,43
Ealing,231
Camden,228
Tower Hamlets,300
Westminster,219
Barnet,36
Westminster,299
Camden,96
Westminster,84
Camden,51
Redbridge,225
Bromley,47
Westminster,323
Westminster,190
Southwark,103
Hammersmith and Fulham,210
Barnet,110
Lewisham,41
Richmond upon Thames,81
Islington,48
Ealing,44
Southwark,394
Wandsworth,145
Lambeth,75
Hounslow,96
Kensington and Chelsea,224
Westminster,78
Islington,75
Lambeth,85
Westminster,135
Tower Hamlets,115
Westminster,133
Westminster,218
Ealing,60
Camden,98
Lewisham,46
Greenwich,53
Haringey,300
Ealing,65
Kensington and Chelsea,486
Southwark,48
Wandsworth,81
Wandsworth,100
Westminster,395
Barnet,38
Islington,129
Camden,74
Kingston upon Thames,90
Hackney,81
Tower Hamlets,114
Lewisham,55
Camden,367
Lambeth,300
Barnet,94
Wandsworth,90
Haringey,135
Hammersmith and Fulham,78
Hammersmith and Fulham,85
Merton,131
Southwark,124
Croydon,111
Croydon,131
Islington,105
Southwark,81
Hammersmith and Fulham,104
Brent,140
Islington,92
Hammersmith and Fulham,167
Camden,153
Wandsworth,119
Newham,41
Islington,151
Lambeth,173
Brent,127
Lambeth,256
Tower Hamlets,188
Haringey,181
Brent,34
Hammersmith and Fulham,62
Wandsworth,64
Wandsworth,65
Tower Hamlets,152
Greenwich,110
Hammersmith and Fulham,424
Greenwich,70
Tower Hamlets,114
Haringey,114
Tower Hamlets,42
Tower Hamlets,115
Kensington and Chelsea,400
Kensington and Chelsea,300
Lewisham,35
Merton,93
Camden,76
Newham,46
Camden,337
Newham,94
Barnet,65
Brent,105
Hackney,91
Richmond upon Thames,90
Kingston upon Thames,84
Hillingdon,62
City of London,168
Tower Hamlets,1424
Tower Hamlets,229
Hackney,120
Sutton,132
Southwark,442
Havering,48
Barnet,450
Islington,120
Islington,34
Kensington and Chelsea,281
Kensington and Chelsea,384
Hillingdon,59
Brent,96
Richmond upon Thames,88
Ealing,45
Enfield,194
Westminster,119
Tower Hamlets,66
Westminster,149
Westminster,91
Westminster,190
Lambeth,143
Lambeth,238
Tower Hamlets,25
Westminster,171
Islington,86
Lambeth,92
Hackney,34
Islington,149
Hackney,160
Croydon,100
Merton,68
Haringey,63
Westminster,225
Croydon,31
Westminster,190
Hackney,270
Islington,118
Hackney,104
Westminster,190
Westminster,179
Camden,200
Croydon,147
Kensington and Chelsea,300
Brent,35
Kensington and Chelsea,475
Westminster,280
Hammersmith and Fulham,62
Hackney,150
Lewisham,43
Westminster,64
Camden,261
Westminster,380
Kensington and Chelsea,300
Camden,176
Westminster,275
Hammersmith and Fulham,114
Haringey,119
Hackney,99
Kensington and Chelsea,327
Croydon,170
Haringey,115
Tower Hamlets,105
Camden,73
Wandsworth,156
Wandsworth,350
Lewisham,66
Camden,228
Tower Hamlets,81
Hammersmith and Fulham,68
Southwark,88
Southwark,285
Camden,95
Newham,35
Lewisham,140
Newham,60
Lewisham,38
Hammersmith and Fulham,263
Richmond upon Thames,200
Hackney,116
Tower Hamlets,116
Hackney,94
Barnet,66
Westminster,367
Hounslow,47
Islington,191
Islington,156
Islington,143
Hounslow,41
Sutton,141
Kingston upon Thames,63
Hackney,409
Tower Hamlets,166
Kensington and Chelsea,585
Tower Hamlets,163
Hammersmith and Fulham,105
Hammersmith and Fulham,110
Hammersmith and Fulham,126
Westminster,81
Westminster,79
Kingston upon Thames,50
Kingston upon Thames,65
Kingston upon Thames,45
Westminster,231
Hackney,50
Tower Hamlets,270
Hackney,104
Camden,266
Southwark,61
City of London,137
Kensington and Chelsea,79
Hackney,119
Hammersmith and Fulham,133
Hackney,89
Bexley,101
Kensington and Chelsea,178
Ealing,41
Hammersmith and Fulham,658
Newham,75
Ealing,31
Hammersmith and Fulham,143
Tower Hamlets,138
Hackney,228
Ealing,33
Newham,99
Camden,493
Hammersmith and Fulham,260
Greenwich,25
Harrow,140
Islington,81
Hackney,155
Lambeth,79
Tower Hamlets,38
Westminster,124
Camden,175
Newham,47
Camden,55
Hammersmith and Fulham,130
Hammersmith and Fulham,60
Islington,159
Southwark,133
Brent,81
Hounslow,86
Camden,534
Ealing,55
Croydon,60
Tower Hamlets,976
Newham,86
Tower Hamlets,144
Tower Hamlets,91
Kensington and Chelsea,368
Tower Hamlets,51
Waltham Forest,161
Hammersmith and Fulham,66
Lewisham,32
Westminster,79
Lewisham,148
Lewisham,104
Islington,106
Waltham Forest,46
Camden,157
Westminster,246
Camden,127
Hackney,98
Hammersmith and Fulham,197
Lewisham,52
Southwark,115
Westminster,273
City of London,150
City of London,150
Islington,71
Kensington and Chelsea,124
Richmond upon Thames,138
Westminster,135
Hackney,94
Southwark,44
Tower Hamlets,260
Lambeth,38
Westminster,205
Camden,266
Southwark,205
Hillingdon,50
Westminster,299
Southwark,57
Greenwich,140
Southwark,45
Southwark,48
Newham,32
Westminster,123
Islington,149
Merton,56
Bromley,155
Lambeth,39
Ealing,36
Hackney,72
Bexley,34
Hackney,109
Hackney,125
Southwark,145
Enfield,86
Camden,200
Wandsworth,198
Southwark,37
Hammersmith and Fulham,129
Ealing,44
Camden,95
Hackney,105
Wandsworth,36
Merton,271
Lambeth,54
Hammersmith and Fulham,109
Lewisham,89
Tower Hamlets,137
Kensington and Chelsea,158
Lewisham,48
Westminster,274
Enfield,205
Islington,162
Ealing,200
Wandsworth,86
Wandsworth,48
Kensington and Chelsea,80
Richmond upon Thames,171
Richmond upon Thames,153
City of London,200
Camden,110
Brent,299
Wandsworth,356
Richmond upon Thames,72
Westminster,93
Hammersmith and Fulham,158
Camden,94
Westminster,91
Kensington and Chelsea,428
Tower Hamlets,466
Wandsworth,71
Westminster,479
Kensington and Chelsea,286
Wandsworth,100
Kensington and Chelsea,305
Hammersmith and Fulham,99
Westminster,242
Tower Hamlets,60
Westminster,91
Islington,124
Kensington and Chelsea,114
Westminster,125
Hounslow,50
Hammersmith and Fulham,285
Hackney,275
Hammersmith and Fulham,103
Kensington and Chelsea,1006
Wandsworth,68
Ealing,115
Hackney,68
Southwark,82
Westminster,162
Southwark,273
Waltham Forest,50
Camden,105
Bromley,50
Barnet,96
Westminster,170
Camden,257
Hackney,229
Kensington and Chelsea,206
Haringey,112
Southwark,60
Hammersmith and Fulham,225
Tower Hamlets,60
Barnet,35
Tower Hamlets,130
Camden,117
Camden,117
Wandsworth,500
Westminster,207
Kensington and Chelsea,266
Hammersmith and Fulham,180
Enfield,34
Hackney,44
Westminster,67
City of London,182
Southwark,185
Brent,48
Hammersmith and Fulham,400
Hackney,167
Hounslow,265
Bromley,45
Hammersmith and Fulham,139
Wandsworth,90
Westminster,999
Westminster,512
Westminster,900
Tower Hamlets,122
Hackney,250
Richmond upon Thames,91
Hackney,150
Barnet,30
Southwark,85
Hammersmith and Fulham,48
Hackney,310
Westminster,63
Merton,72
Westminster,179
Westminster,378
Southwark,308
Wandsworth,143
Westminster,890
Southwark,45
Hammersmith and Fulham,270
Hillingdon,32
Westminster,50
Waltham Forest,153
Islington,231
Islington,281
Westminster,376
Hammersmith and Fulham,209
Camden,95
Lambeth,60
Ealing,37
Hammersmith and Fulham,117
Tower Hamlets,271
Southwark,106
Wandsworth,45
Croydon,43
Bexley,60
Wandsworth,294
Wandsworth,153
City of London,150
Wandsworth,56
Westminster,211
Lambeth,99
Kensington and Chelsea,646
Ealing,40
Tower Hamlets,160
Westminster,74
Waltham Forest,36
Waltham Forest,95
Islington,135
Kensington and Chelsea,209
Newham,185
Westminster,57
Hammersmith and Fulham,125
Ealing,108
Brent,270
Hammersmith and Fulham,157
Westminster,104
Richmond upon Thames,135
Southwark,78
Haringey,260
Richmond upon Thames,180
Greenwich,88
Bromley,39
Richmond upon Thames,190
Lewisham,57
Hammersmith and Fulham,143
Hammersmith and Fulham,193
Southwark,631
Southwark,279
Lambeth,252
Lewisham,77
Tower Hamlets,239
Kensington and Chelsea,675
Hackney,196
Ealing,67
Tower Hamlets,164
Lewisham,115
Ealing,88
Lewisham,60
Southwark,61
Kensington and Chelsea,150
Westminster,277
Westminster,285
Lambeth,121
Camden,176
Camden,49
Lewisham,37
Kensington and Chelsea,210
Merton,55
Islington,142
Hammersmith and Fulham,181
Tower Hamlets,150
Westminster,52
Greenwich,300
Newham,175
Merton,51
Brent,77
Hackney,54
Croydon,48
Southwark,107
Westminster,154
Tower Hamlets,373
Camden,76
Richmond upon Thames,54
Camden,203
Ealing,45
Ealing,79
Ealing,45
Ealing,45
Camden,100
Westminster,273
Tower Hamlets,226
Islington,375
Islington,68
Hillingdon,100
Hounslow,60
Tower Hamlets,50
Lambeth,141
Kensington and Chelsea,366
Lambeth,282
Lewisham,68
Camden,50
Lambeth,34
Southwark,48
Hackney,51
Tower Hamlets,90
Kensington and Chelsea,1689
Waltham Forest,95
Southwark,56
Lambeth,54
Tower Hamlets,219
Tower Hamlets,260
Waltham Forest,91
Tower Hamlets,142
Southwark,121
Westminster,273
Southwark,144
Camden,231
Ealing,80
Ealing,99
Kensington and Chelsea,206
Westminster,221
Kensington and Chelsea,647
Lambeth,30
Lambeth,150
Merton,115
Waltham Forest,124
Ealing,50
Islington,281
Kensington and Chelsea,100
Camden,196
Wandsworth,790
Islington,83
Brent,72
Newham,266
Lambeth,85
Camden,138
Tower Hamlets,76
Wandsworth,200
Westminster,126
Harrow,139
Westminster,113
Tower Hamlets,80
Richmond upon Thames,130
Kensington and Chelsea,237
Lewisham,32
Wandsworth,50
Richmond upon Thames,95
Westminster,196
Westminster,279
Southwark,114
Harrow,184
Kensington and Chelsea,54
Wandsworth,225
Lambeth,120
Tower Hamlets,189
Lambeth,256
Kensington and Chelsea,150
Westminster,188
Brent,65
Westminster,198
Camden,225
Lambeth,86
Southwark,323
Brent,81
Newham,65
Wandsworth,120
Westminster,198
Lewisham,65
Brent,65
Wandsworth,46
Camden,58
Camden,115
Kensington and Chelsea,305
Islington,110
Islington,430
Enfield,108
Islington,101
Haringey,76
Tower Hamlets,61
Haringey,27
Newham,275
Lewisham,294
Newham,287
Brent,145
Westminster,165
Tower Hamlets,56
Harrow,190
Lambeth,90
Islington,123
Lambeth,87
Brent,53
Haringey,51
Enfield,57
Newham,350
Westminster,171
Southwark,62
Bexley,50
Richmond upon Thames,411
Westminster,99
Waltham Forest,137
Southwark,40
Islington,313
Camden,85
Camden,83
Camden,120
Harrow,73
Tower Hamlets,170
Bromley,69
Redbridge,94
Camden,69
Camden,145
Southwark,151
Hillingdon,59
Lambeth,72
Camden,53
Camden,54
Southwark,149
Westminster,93
Westminster,542
Hounslow,30
Southwark,94
Wandsworth,170
Kensington and Chelsea,229
Wandsworth,61
Islington,110
Camden,180
Kensington and Chelsea,129
Barnet,57
Hackney,226
Redbridge,218
Tower Hamlets,40
Lambeth,516
Redbridge,130
Brent,44
Lewisham,112
Harrow,68
Waltham Forest,30
Newham,56
Wandsworth,80
Hammersmith and Fulham,172
Lambeth,110
Hammersmith and Fulham,1000
Lewisham,150
Southwark,226
Westminster,74
Kensington and Chelsea,181
Newham,475
Tower Hamlets,206
Hammersmith and Fulham,75
City of London,172
Lewisham,77
Harrow,36
Lewisham,53
Newham,32
Barnet,30
Greenwich,55
Kensington and Chelsea,162
Westminster,124
Wandsworth,63
Westminster,119
Westminster,91
Westminster,105
Westminster,105
Westminster,61
Redbridge,36
Hackney,190
Southwark,73
Hounslow,145
Hounslow,124
Hounslow,124
Islington,450
Westminster,224
Tower Hamlets,198
Wandsworth,228
Bexley,265
Hounslow,161
Westminster,67
Richmond upon Thames,172
Lambeth,30
Hounslow,290
Bromley,122
Haringey,266
Newham,36
Tower Hamlets,113
Newham,47
Camden,100
Camden,72
Hackney,157
Wandsworth,59
Camden,57
Harrow,139
Kensington and Chelsea,141
Westminster,402
Westminster,547
Wandsworth,160
Camden,193
Newham,36
Greenwich,84
Newham,81
Croydon,64
Westminster,148
Ealing,42
Tower Hamlets,171
Richmond upon Thames,45
Camden,133
Lewisham,59
Haringey,40
Camden,142
Camden,208
Tower Hamlets,106
Hackney,127
Westminster,123
Kensington and Chelsea,248
Westminster,210
Kensington and Chelsea,133
Camden,350
Lambeth,212
Camden,173
Redbridge,77
Bromley,28
Greenwich,54
Kingston upon Thames,76
Wandsworth,159
Kensington and Chelsea,70
Camden,350
Bexley,252
Lewisham,144
Lambeth,36
Islington,131
Wandsworth,60
Newham,450
Westminster,120
Westminster,58
Westminster,40
Barnet,78
Kensington and Chelsea,428
Wandsworth,120
Kensington and Chelsea,236
Westminster,145
Hammersmith and Fulham,95
Wandsworth,73
Lambeth,58
Lambeth,42
Brent,23
Camden,95
Kensington and Chelsea,134
Greenwich,180
Redbridge,24
Islington,164
Islington,145
Lambeth,47
Camden,50
Westminster,149
Newham,102
Greenwich,54
Westminster,222
Hammersmith and Fulham,172
Tower Hamlets,146
Lewisham,70
Camden,73
Enfield,40
Tower Hamlets,51
Tower Hamlets,326
Camden,123
Hammersmith and Fulham,110
Redbridge,36
Tower Hamlets,167
Westminster,61
Richmond upon Thames,199
Camden,356
Tower Hamlets,124
Kensington and Chelsea,70
Hackney,600
Newham,124
Wandsworth,383
Newham,139
Enfield,66
Enfield,87
Enfield,101
Enfield,72
Westminster,325
Enfield,53
Sutton,36
Brent,208
Westminster,60
Westminster,60
Hackney,104
Westminster,4845
Haringey,190
Tower Hamlets,77
Tower Hamlets,134
Westminster,113
Southwark,60
Kensington and Chelsea,260
Southwark,53
Tower Hamlets,50
Waltham Forest,42
Westminster,170
Kensington and Chelsea,91
Harrow,39
Westminster,241
Lambeth,59
Merton,272
Newham,48
Wandsworth,62
Redbridge,44
Waltham Forest,158
Kensington and Chelsea,450
Camden,101
Camden,111
Islington,69
Westminster,278
Greenwich,149
Greenwich,196
Merton,105
Southwark,91
Tower Hamlets,193
Barking and Dagenham,26
Kensington and Chelsea,42
Westminster,171
Harrow,139
Lewisham,63
Westminster,720
Ealing,42
Haringey,85
Kensington and Chelsea,453
Havering,138
Westminster,203
Hackney,179
Bexley,69
Wandsworth,188
Westminster,157
Hackney,140
Greenwich,70
Islington,210
Wandsworth,76
Hackney,71
Brent,186
Lambeth,31
Tower Hamlets,379
Merton,55
Barnet,21
Hammersmith and Fulham,204
Hammersmith and Fulham,186
Hammersmith and Fulham,222
Richmond upon Thames,246
Barnet,80
Havering,31
Islington,92
Lambeth,114
Camden,393
Kensington and Chelsea,422
Lambeth,58
Barnet,400
Lambeth,50
Islington,97
Lambeth,100
Haringey,95
Ealing,49
Westminster,83
Wandsworth,108
Westminster,200
Barnet,40
Newham,36
Westminster,186
Westminster,234
Wandsworth,67
Islington,100
Islington,79
Hackney,44
Islington,153
Kingston upon Thames,51
Kensington and Chelsea,90
Hammersmith and Fulham,133
Westminster,190
Wandsworth,219
Kensington and Chelsea,104
Brent,50
Newham,50
Tower Hamlets,85
Richmond upon Thames,108
Hammersmith and Fulham,200
Haringey,75
Lambeth,59
Westminster,119
Westminster,138
Richmond upon Thames,90
Westminster,95
Kensington and Chelsea,261
Wandsworth,150
Wandsworth,222
Wandsworth,191
Merton,86
Croydon,79
Wandsworth,222
Kensington and Chelsea,201
Lambeth,69
Wandsworth,219
Westminster,359
Wandsworth,391
Wandsworth,180
Hackney,188
Hammersmith and Fulham,105
Ealing,80
Brent,39
Ealing,34
Westminster,299
Westminster,96
Lambeth,40
Wandsworth,124
Ealing,95
Merton,318
Kensington and Chelsea,300
Westminster,425
Brent,62
Barking and Dagenham,29
Westminster,95
Westminster,84
Merton,155
Lambeth,85
Croydon,25
Brent,160
Hammersmith and Fulham,77
Newham,34
Westminster,83
Westminster,238
Camden,216
Wandsworth,140
Lambeth,125
Tower Hamlets,53
Hackney,551
Barnet,48
Richmond upon Thames,55
Newham,352
Camden,149
Waltham Forest,180
Southwark,80
Haringey,72
Camden,168
Islington,76
Brent,35
Waltham Forest,33
Lambeth,222
Wandsworth,60
Southwark,205
Southwark,88
Hammersmith and Fulham,61
Westminster,483
Camden,99
Tower Hamlets,38
Tower Hamlets,33
Islington,176
Westminster,180
Southwark,159
Westminster,111
Hounslow,30
Westminster,102
Westminster,296
Westminster,330
Westminster,326
Westminster,422
Westminster,310
Westminster,283
Hammersmith and Fulham,92
Wandsworth,509
Greenwich,144
Lambeth,78
Barnet,212
Brent,504
Islington,62
Westminster,115
Tower Hamlets,104
Kensington and Chelsea,144
Brent,140
City of London,173
Brent,133
Haringey,366
Greenwich,138
Southwark,23
Hillingdon,51
Hounslow,58
Lewisham,77
Haringey,43
Tower Hamlets,148
Hackney,83
Southwark,40
Islington,190
Camden,203
Lewisham,210
Lambeth,500
Hackney,60
Wandsworth,39
Hammersmith and Fulham,100
Westminster,357
Hounslow,34
Hackney,295
Lambeth,74
Hackney,170
Islington,131
Hackney,39
Westminster,380
Waltham Forest,42
Barnet,58
Tower Hamlets,168
Camden,96
Bromley,75
Hackney,95
Tower Hamlets,92
Merton,143
Camden,250
Merton,148
Haringey,160
Hackney,37
Lambeth,49
Merton,73
Ealing,95
Tower Hamlets,62
Wandsworth,157
Westminster,134
Newham,144
Greenwich,138
Greenwich,425
Greenwich,55
Richmond upon Thames,497
Westminster,322
Camden,86
Hammersmith and Fulham,218
Harrow,42
Wandsworth,50
Hackney,208
Wandsworth,170
Hackney,101
Southwark,225
Kensington and Chelsea,715
Islington,321
Kensington and Chelsea,120
Westminster,114
Barnet,30
Kensington and Chelsea,493
Hackney,169
Waltham Forest,144
Hackney,45
Islington,186
City of London,166
Redbridge,156
Westminster,276
Wandsworth,265
Richmond upon Thames,350
Hammersmith and Fulham,224
Hammersmith and Fulham,106
Hammersmith and Fulham,143
Southwark,43
Hackney,428
Kensington and Chelsea,163
Westminster,102
Camden,332
Harrow,57
Barking and Dagenham,294
Camden,158
Westminster,98
Brent,181
Southwark,210
Redbridge,74
Wandsworth,51
Hillingdon,65
Lambeth,200
City of London,152
Ealing,127
Islington,81
Hackney,68
Westminster,118
Lambeth,201
Hammersmith and Fulham,298
Wandsworth,266
Kensington and Chelsea,176
Camden,112
Merton,92
Enfield,45
Islington,162
Hammersmith and Fulham,143
Brent,66
Kensington and Chelsea,178
Westminster,222
Lewisham,131
Kensington and Chelsea,145
Westminster,77
Westminster,122
Hackney,44
Hackney,113
Hackney,109
Hackney,109
Wandsworth,149
Southwark,44
Wandsworth,156
Westminster,360
Tower Hamlets,130
Hammersmith and Fulham,76
Camden,190
Camden,151
Southwark,87
Kensington and Chelsea,254
Barnet,229
Westminster,303
Westminster,121
Barnet,356
Hackney,244
Lambeth,250
Hackney,225
Tower Hamlets,109
Kensington and Chelsea,283
Newham,138
Westminster,55
Croydon,68
Haringey,128
Lambeth,243
Richmond upon Thames,41
Southwark,95
Wandsworth,23
Camden,71
Kensington and Chelsea,145
Camden,149
Richmond upon Thames,50
Kingston upon Thames,37
Ealing,63
Greenwich,49
Hammersmith and Fulham,49
Brent,126
Westminster,48
Hammersmith and Fulham,190
Camden,40
Merton,126
Westminster,319
Westminster,315
Barnet,265
Barnet,151
Wandsworth,90
Islington,290
Wandsworth,106
Greenwich,55
Greenwich,164
Enfield,152
Camden,115
Redbridge,70
Lambeth,106
Islington,210
Greenwich,90
Kensington and Chelsea,117
Lambeth,73
Camden,790
Westminster,208
Ealing,363
Kensington and Chelsea,442
Hackney,65
Westminster,276
Southwark,220
Richmond upon Thames,25
Merton,153
Hackney,194
Hackney,60
Greenwich,30
Haringey,215
Southwark,48
Hammersmith and Fulham,64
Ealing,306
Wandsworth,1800
Newham,39
Tower Hamlets,240
Ealing,41
Tower Hamlets,63
Lambeth,82
Greenwich,137
Islington,97
Tower Hamlets,294
Tower Hamlets,331
Ealing,90
Merton,122
Camden,159
Westminster,96
Lewisham,86
Westminster,95
Hammersmith and Fulham,61
Islington,147
Westminster,142
Tower Hamlets,95
Hammersmith and Fulham,64
Westminster,119
Barnet,91
Greenwich,39
Kensington and Chelsea,449
Wandsworth,55
Ealing,106
Greenwich,59
Merton,54
Merton,65
Hounslow,144
Westminster,145
Kingston upon Thames,75
Southwark,235
Croydon,72
Greenwich,134
Greenwich,32
Waltham Forest,171
Harrow,75
Kensington and Chelsea,400
Westminster,108
Lambeth,42
Westminster,238
Westminster,155
Tower Hamlets,67
City of London,180
Enfield,298
Tower Hamlets,51
Islington,90
Kensington and Chelsea,235
Tower Hamlets,59
Tower Hamlets,56
Tower Hamlets,38
Westminster,186
Camden,185
Hounslow,40
Haringey,27
Hillingdon,55
Brent,89
Kingston upon Thames,41
Tower Hamlets,110
Kensington and Chelsea,103
Hackney,70
Hackney,86
Barnet,31
Westminster,501
Islington,255
Haringey,179
Hillingdon,38
Hillingdon,35
Wandsworth,3536
Richmond upon Thames,77
Lambeth,126
Haringey,56
Tower Hamlets,171
Richmond upon Thames,226
Kensington and Chelsea,106
Tower Hamlets,80
Lambeth,45
Brent,53
Kensington and Chelsea,48
Lambeth,42
Westminster,692
Southwark,52
Islington,145
Hackney,37
Tower Hamlets,62
Croydon,40
Southwark,211
Lewisham,51
Hackney,306
Croydon,363
Kensington and Chelsea,402
Hammersmith and Fulham,115
Kensington and Chelsea,75
Brent,60
Kensington and Chelsea,181
Tower Hamlets,212
Islington,146
Southwark,95
Merton,105
Brent,230
Lewisham,30
Haringey,23
Westminster,196
Westminster,238
Kensington and Chelsea,340
Westminster,100
Hackney,260
Hammersmith and Fulham,115
Sutton,70
Richmond upon Thames,143
Wandsworth,100
Westminster,212
Hackney,50
Hammersmith and Fulham,466
Lewisham,105
Tower Hamlets,122
Tower Hamlets,131
Tower Hamlets,120
Tower Hamlets,112
Tower Hamlets,122
Tower Hamlets,121
Tower Hamlets,117
Tower Hamlets,105
Tower Hamlets,132
Tower Hamlets,133
Tower Hamlets,117
Tower Hamlets,120
Tower Hamlets,104
Tower Hamlets,114
Newham,45
Tower Hamlets,119
Tower Hamlets,122
Tower Hamlets,116
Southwark,61
Hackney,135
Islington,309
Kensington and Chelsea,171
Greenwich,82
Camden,300
Wandsworth,49
Harrow,88
Lambeth,225
Redbridge,27
Merton,101
Southwark,180
Redbridge,114
Southwark,242
Lambeth,60
Redbridge,51
Hillingdon,42
Hackney,41
Hammersmith and Fulham,95
Barnet,72
Kensington and Chelsea,392
Kingston upon Thames,108
Hackney,117
Lambeth,46
Islington,107
Lambeth,132
Islington,165
Kensington and Chelsea,300
Camden,95
Waltham Forest,72
Lambeth,80
Lewisham,50
Hillingdon,212
Southwark,104
Islington,276
Barnet,58
Lewisham,50
Lewisham,56
Westminster,85
Newham,80
Hackney,33
Croydon,50
Westminster,258
Barnet,36
Camden,234
Westminster,60
Bromley,87
Westminster,60
Redbridge,28
Hackney,85
Barnet,27
Greenwich,160
Tower Hamlets,222
Hammersmith and Fulham,221
Southwark,37
Kensington and Chelsea,200
Kensington and Chelsea,142
Lambeth,53
Brent,60
Tower Hamlets,71
Hammersmith and Fulham,179
Westminster,330
Bromley,38
City of London,155
Kingston upon Thames,75
Camden,224
Hackney,96
Kensington and Chelsea,199
Lambeth,30
Islington,170
Tower Hamlets,256
Barnet,35
Lambeth,126
Kingston upon Thames,40
Hammersmith and Fulham,76
Kingston upon Thames,38
Greenwich,54
Lewisham,60
Southwark,279
Lewisham,299
Richmond upon Thames,249
Lambeth,50
Westminster,248
Islington,87
Southwark,67
Camden,95
Westminster,47
Newham,102
Brent,50
Tower Hamlets,188
Brent,160
Hammersmith and Fulham,90
Islington,144
Ealing,42
Kingston upon Thames,91
Tower Hamlets,48
Kensington and Chelsea,438
Westminster,379
Tower Hamlets,47
Greenwich,222
Tower Hamlets,153
Lambeth,315
Kensington and Chelsea,520
Kensington and Chelsea,700
Kensington and Chelsea,550
Kensington and Chelsea,950
Kensington and Chelsea,500
Wandsworth,171
Hammersmith and Fulham,86
Westminster,1029
Camden,90
Haringey,181
Ealing,108
Tower Hamlets,44
Westminster,81
Hammersmith and Fulham,413
Kensington and Chelsea,285
Westminster,210
Lewisham,172
Kensington and Chelsea,400
Kensington and Chelsea,700
Kensington and Chelsea,500
Islington,204
Southwark,61
Wandsworth,180
Camden,72
Hackney,150
Westminster,184
Hammersmith and Fulham,49
Westminster,360
Newham,40
Kensington and Chelsea,229
Hackney,200
Kensington and Chelsea,200
Bexley,119
Kensington and Chelsea,190
Barking and Dagenham,41
Enfield,70
Hammersmith and Fulham,500
Havering,67
Hackney,136
Southwark,37
Southwark,95
Barnet,70
Islington,138
Westminster,1485
Hounslow,100
Camden,229
Tower Hamlets,223
Hackney,103
Westminster,1500
Wandsworth,475
Camden,230
Barnet,48
Camden,250
Ealing,90
Southwark,265
Westminster,56
Lambeth,136
Redbridge,58
Islington,56
Kensington and Chelsea,80
Westminster,143
Westminster,133
Tower Hamlets,150
Southwark,98
Havering,50
Southwark,240
Hounslow,229
Barnet,87
Westminster,250
Kensington and Chelsea,342
Tower Hamlets,144
Croydon,72
Westminster,98
Lewisham,115
Lewisham,32
Kensington and Chelsea,600
Wandsworth,212
Lambeth,365
Sutton,55
Greenwich,40
Camden,80
Greenwich,189
Camden,150
Westminster,212
Hammersmith and Fulham,57
Westminster,160
Kensington and Chelsea,855
Southwark,300
Lambeth,80
Lambeth,65
Wandsworth,71
Southwark,85
Greenwich,35
Bromley,202
Tower Hamlets,69
Lambeth,70
Hammersmith and Fulham,55
Tower Hamlets,120
Enfield,50
Hammersmith and Fulham,95
Tower Hamlets,117
Hillingdon,33
Wandsworth,251
Barnet,49
Ealing,106
Hackney,110
Kensington and Chelsea,400
Westminster,123
Westminster,142
Enfield,93
Enfield,93
Tower Hamlets,288
Havering,66
Islington,245
Westminster,231
Barnet,94
Lewisham,55
Hackney,238
Brent,104
Greenwich,33
Camden,90
Lambeth,106
Newham,200
Tower Hamlets,104
Lambeth,41
Barnet,53
Barnet,213
Hammersmith and Fulham,270
Merton,126
Hammersmith and Fulham,245
Hackney,57
Lambeth,320
Southwark,350
Hackney,217
Kensington and Chelsea,114
Enfield,36
Southwark,161
Haringey,71
Hounslow,208
Hackney,221
Islington,85
Newham,45
Greenwich,118
Westminster,91
Camden,165
Brent,241
Southwark,105
Havering,275
Lewisham,66
Islington,55
Wandsworth,234
Redbridge,30
Westminster,122
Southwark,408
Camden,190
Lambeth,73
Barnet,79
Westminster,258
Croydon,22
Westminster,186
Merton,29
Hackney,315
Newham,72
Westminster,59
Tower Hamlets,37
Tower Hamlets,37
Westminster,144
Wandsworth,70
Wandsworth,69
Kensington and Chelsea,825
Westminster,690
Islington,240
Greenwich,630
Kensington and Chelsea,900
Ealing,96
Tower Hamlets,37
Tower Hamlets,37
Hammersmith and Fulham,59
Camden,57
Hammersmith and Fulham,179
Waltham Forest,239
Haringey,50
Hackney,90
Wandsworth,167
Wandsworth,200
Hammersmith and Fulham,124
Barnet,51
Southwark,180
Southwark,480
Lambeth,208
Islington,68
Haringey,36
Kensington and Chelsea,305
Barnet,41
Hillingdon,34
Lambeth,116
Westminster,861
Islington,370
Kensington and Chelsea,437
Camden,2000
Lambeth,160
Lewisham,20
Barnet,81
Hackney,326
Barnet,408
Newham,259
Brent,32
Kingston upon Thames,910
Lambeth,50
Westminster,114
Hackney,200
Islington,295
Barnet,70
Waltham Forest,300
Islington,90
Ealing,93
Tower Hamlets,68
Tower Hamlets,85
Southwark,200
Westminster,97
Kensington and Chelsea,262
Brent,85
Richmond upon Thames,86
Enfield,70
Greenwich,41
Southwark,44
Wandsworth,178
Lambeth,140
Hammersmith and Fulham,395
Southwark,52
Hounslow,27
Kensington and Chelsea,238
Wandsworth,211
Wandsworth,211
Westminster,285
Waltham Forest,87
Wandsworth,233
Islington,163
Westminster,203
Wandsworth,182
Camden,300
Southwark,57
Tower Hamlets,40
Westminster,538
Wandsworth,86
Wandsworth,123
Westminster,104
Lewisham,90
Haringey,225
Hounslow,40
Westminster,457
Richmond upon Thames,170
City of London,150
Islington,236
Westminster,189
Richmond upon Thames,260
Croydon,82
Haringey,60
Westminster,345
Ealing,59
Islington,85
Ealing,77
Tower Hamlets,90
Islington,293
Southwark,151
Harrow,190
Harrow,184
Kensington and Chelsea,146
Southwark,45
Westminster,322
Ealing,64
Wandsworth,75
Islington,77
Merton,250
Camden,115
Southwark,164
Kensington and Chelsea,248
Haringey,44
Tower Hamlets,523
Westminster,186
Southwark,54
Islington,185
Hillingdon,54
Newham,162
Westminster,122
Hackney,227
Kensington and Chelsea,600
Kensington and Chelsea,109
Islington,65
Richmond upon Thames,51
Brent,87
Croydon,62
Lambeth,241
Kensington and Chelsea,500
Westminster,510
Westminster,510
Westminster,485
Westminster,510
Camden,99
Islington,214
Kensington and Chelsea,487
Richmond upon Thames,68
Tower Hamlets,60
Tower Hamlets,47
Tower Hamlets,67
Southwark,58
Croydon,87
Tower Hamlets,39
Lewisham,60
Kensington and Chelsea,135
Lewisham,34
Newham,298
Lambeth,356
Newham,253
Richmond upon Thames,59
Lewisham,38
Hounslow,43
Haringey,133
Lambeth,48
Hammersmith and Fulham,115
Camden,1956
Hackney,90
Kensington and Chelsea,695
Westminster,711
Kensington and Chelsea,390
Westminster,750
Kensington and Chelsea,1221
Kensington and Chelsea,625
Kensington and Chelsea,748
Kensington and Chelsea,804
Hammersmith and Fulham,528
Camden,799
Lambeth,691
Wandsworth,550
Westminster,1955
Kensington and Chelsea,798
Camden,613
Richmond upon Thames,439
Westminster,553
Westminster,291
Ealing,45
Hackney,106
Hillingdon,142
Tower Hamlets,60
Greenwich,171
Camden,145
Westminster,121
Richmond upon Thames,173
Ealing,159
Brent,500
Hackney,156
Lambeth,315
Bromley,60
Kingston upon Thames,81
Camden,167
Waltham Forest,36
Waltham Forest,40
Newham,56
Westminster,95
Hammersmith and Fulham,102
Westminster,584
Hillingdon,59
Westminster,210
Hounslow,155
Hammersmith and Fulham,108
Westminster,150
Harrow,111
Kensington and Chelsea,324
Hammersmith and Fulham,96
Bexley,65
Westminster,426
Kensington and Chelsea,360
Kensington and Chelsea,600
Hackney,60
Hackney,160
Hammersmith and Fulham,191
Tower Hamlets,58
Camden,51
Richmond upon Thames,120
Westminster,119
Hammersmith and Fulham,54
Westminster,1318
Westminster,572
Westminster,550
Richmond upon Thames,82
Harrow,50
Richmond upon Thames,50
Greenwich,120
Kensington and Chelsea,420
Kensington and Chelsea,135
Kensington and Chelsea,509
Bexley,52
Kensington and Chelsea,324
Newham,407
Lambeth,10
Hammersmith and Fulham,125
Hammersmith and Fulham,157
Wandsworth,200
Lambeth,60
Westminster,115
Camden,49
Wandsworth,77
Ealing,80
Southwark,90
Camden,117
Southwark,48
Hackney,60
City of London,58
Bromley,38
Southwark,540
Richmond upon Thames,80
Islington,86
Hammersmith and Fulham,55
Wandsworth,80
Kensington and Chelsea,221
Newham,144
Islington,52
Westminster,904
Hackney,57
Brent,39
Haringey,66
Hounslow,48
Islington,59
Southwark,115
Kensington and Chelsea,390
Kensington and Chelsea,315
City of London,116
Southwark,58
Newham,140
Hammersmith and Fulham,380
Greenwich,35
Barnet,105
Islington,80
Wandsworth,68
Tower Hamlets,74
Enfield,69
Waltham Forest,201
Brent,108
Lambeth,306
Lambeth,259
Tower Hamlets,60
Westminster,51
Westminster,56
Southwark,181
Hammersmith and Fulham,139
Lewisham,225
Lambeth,54
Hammersmith and Fulham,155
Southwark,158
Brent,114
Wandsworth,180
Brent,120
Barnet,300
Westminster,510
Harrow,30
Newham,37
Southwark,185
Kensington and Chelsea,191
Westminster,93
Tower Hamlets,109
Greenwich,60
Westminster,1338
Greenwich,80
Lambeth,247
Kensington and Chelsea,109
Lambeth,817
Kensington and Chelsea,335
Tower Hamlets,99
Tower Hamlets,99
Camden,75
Southwark,205
Hackney,63
Tower Hamlets,84
Tower Hamlets,177
Tower Hamlets,177
Tower Hamlets,177
Tower Hamlets,183
Lambeth,108
Kensington and Chelsea,150
Harrow,349
Enfield,206
Westminster,144
Hackney,224
Kensington and Chelsea,154
Lewisham,92
Wandsworth,158
Kensington and Chelsea,275
Camden,90
Bromley,115
Tower Hamlets,999
Hammersmith and Fulham,133
Lambeth,63
Kensington and Chelsea,247
Lambeth,166
Hackney,158
Newham,126
Kensington and Chelsea,200
Haringey,399
Ealing,128
Brent,65
Newham,182
Islington,167
Tower Hamlets,57
Southwark,56
Southwark,54
Tower Hamlets,177
Tower Hamlets,58
Kensington and Chelsea,173
Westminster,161
Enfield,47
Lambeth,38
Kensington and Chelsea,136
Merton,68
Islington,105
Hammersmith and Fulham,359
Tower Hamlets,69
Lewisham,79
Kensington and Chelsea,720
Newham,180
Lambeth,57
Southwark,39
Tower Hamlets,99
Kensington and Chelsea,285
Westminster,609
Islington,212
Hounslow,117
Lewisham,114
Lewisham,79
Hackney,186
Lambeth,39
Newham,69
Newham,49
Lewisham,80
Lewisham,80
Merton,47
Hackney,72
Hackney,126
Southwark,34
Tower Hamlets,65
Redbridge,35
Westminster,534
Kensington and Chelsea,67
Tower Hamlets,99
Westminster,70
Lambeth,48
Westminster,50
Kensington and Chelsea,193
Tower Hamlets,118
Bromley,113
Richmond upon Thames,450
Haringey,65
Lambeth,73
Tower Hamlets,40
Lambeth,44
Tower Hamlets,299
Hammersmith and Fulham,436
Kensington and Chelsea,401
Newham,40
Hackney,90
Westminster,69
Islington,111
Westminster,420
Lambeth,110
Kensington and Chelsea,125
Tower Hamlets,120
Camden,310
Lewisham,39
Westminster,174
Tower Hamlets,82
Lewisham,37
Islington,167
City of London,121
Kensington and Chelsea,96
City of London,142
Tower Hamlets,62
Wandsworth,103
Kensington and Chelsea,300
Tower Hamlets,139
Westminster,625
Kensington and Chelsea,437
Westminster,194
Camden,194
Wandsworth,85
Kensington and Chelsea,950
Richmond upon Thames,111
Hillingdon,40
Harrow,36
Tower Hamlets,82
Southwark,349
Haringey,320
Lambeth,106
Greenwich,40
Greenwich,42
Camden,142
Southwark,57
Wandsworth,38
Westminster,756
Hackney,210
Lambeth,238
Southwark,70
Kensington and Chelsea,223
Wandsworth,62
Southwark,174
Southwark,227
Barnet,46
Westminster,472
Islington,148
Brent,55
Southwark,126
Kensington and Chelsea,116
Lambeth,71
Harrow,28
Hounslow,46
Ealing,508
Southwark,92
Waltham Forest,110
Wandsworth,221
Westminster,500
Lambeth,217
Wandsworth,30
Hackney,75
Hammersmith and Fulham,75
Kensington and Chelsea,216
Camden,160
Brent,102
Haringey,72
Lambeth,34
Lambeth,61
Lambeth,87
Wandsworth,102
Haringey,64
Lambeth,54
Kingston upon Thames,150
Hammersmith and Fulham,121
Lambeth,3585
Wandsworth,44
Westminster,186
Hammersmith and Fulham,149
Newham,240
Hackney,40
Westminster,184
Newham,228
Wandsworth,69
Hackney,120
Wandsworth,99
Westminster,167
Wandsworth,99
Islington,350
Westminster,612
Bromley,179
Hackney,109
Hammersmith and Fulham,120
Camden,243
Hounslow,27
Kensington and Chelsea,640
Lewisham,290
Camden,205
Wandsworth,808
Wandsworth,78
Redbridge,37
Westminster,252
Waltham Forest,31
Southwark,115
Newham,861
Lambeth,422
Hounslow,55
Kensington and Chelsea,755
Kensington and Chelsea,957
Islington,693
Wandsworth,35
Hackney,119
Haringey,60
Southwark,170
Hounslow,85
Hounslow,90
Wandsworth,146
Redbridge,39
Hounslow,124
Islington,229
Kingston upon Thames,80
Kensington and Chelsea,462
Wandsworth,96
Hackney,324
Richmond upon Thames,60
Westminster,120
Westminster,285
Newham,52
Camden,110
Richmond upon Thames,60
Lambeth,168
Haringey,62
Hackney,311
Bexley,67
Camden,96
Camden,595
Southwark,125
Tower Hamlets,128
Wandsworth,146
Merton,28
Merton,450
Hammersmith and Fulham,177
Tower Hamlets,99
Southwark,120
Kensington and Chelsea,199
Kensington and Chelsea,220
Merton,610
Tower Hamlets,60
Lambeth,282
Bromley,42
Croydon,360
Haringey,163
Waltham Forest,90
Newham,244
Hounslow,38
Harrow,38
Hackney,62
Islington,169
Kensington and Chelsea,47
Lewisham,173
Wandsworth,100
Wandsworth,100
Southwark,59
Hammersmith and Fulham,241
Brent,97
Waltham Forest,115
Greenwich,146
Westminster,428
Ealing,111
Westminster,261
Wandsworth,72
Southwark,55
Islington,185
Wandsworth,201
Wandsworth,118
Camden,84
Wandsworth,450
Haringey,70
Hackney,251
Barnet,27
Hackney,203
Lambeth,165
Enfield,150
Ealing,100
Croydon,34
Islington,400
Newham,46
Lambeth,136
Tower Hamlets,191
Merton,200
Wandsworth,72
Southwark,32
Westminster,398
Westminster,1012
Wandsworth,765
Ealing,46
Hammersmith and Fulham,999
Islington,31
Hackney,96
Hackney,50
Barking and Dagenham,42
Tower Hamlets,97
Kensington and Chelsea,305
Westminster,245
Barking and Dagenham,109
Southwark,79
Hammersmith and Fulham,44
Southwark,130
Ealing,188
Camden,238
Kensington and Chelsea,281
Kensington and Chelsea,1156
Hammersmith and Fulham,270
Brent,100
Lambeth,60
Hackney,110
Lambeth,53
Wandsworth,193
Wandsworth,59
Hammersmith and Fulham,190
Camden,87
Barnet,96
Islington,178
Barnet,34
Haringey,112
Ealing,32
Ealing,49
Lewisham,60
Tower Hamlets,55
Southwark,80
Camden,145
Haringey,60
Westminster,278
Richmond upon Thames,153
Brent,120
Hammersmith and Fulham,180
Southwark,60
Hammersmith and Fulham,96
Barnet,108
Camden,887
Newham,157
Lewisham,150
Southwark,55
Camden,55
Wandsworth,56
Southwark,80
Southwark,55
Southwark,72
Southwark,46
Hackney,89
Tower Hamlets,219
Southwark,351
Westminster,172
Haringey,24
Camden,51
Hackney,44
Lambeth,233
Wandsworth,135
Kensington and Chelsea,2373
Camden,98
Ealing,65
Westminster,725
Westminster,716
Tower Hamlets,150
Westminster,842
Richmond upon Thames,277
Camden,159
Tower Hamlets,49
Westminster,428
Richmond upon Thames,65
Ealing,82
Waltham Forest,210
Southwark,280
Camden,115
Kensington and Chelsea,185
Camden,184
Kensington and Chelsea,151
Hammersmith and Fulham,230
Kensington and Chelsea,315
Camden,64
Camden,61
Camden,60
Camden,57
Hackney,43
Kensington and Chelsea,94
Kensington and Chelsea,500
Tower Hamlets,413
Hounslow,47
Ealing,59
Westminster,57
Lewisham,82
Ealing,42
Westminster,183
Kensington and Chelsea,328
Redbridge,56
Lambeth,289
Harrow,94
Brent,17
Hammersmith and Fulham,261
Lambeth,642
Merton,55
Southwark,192
Croydon,29
Southwark,34
Southwark,34
Camden,77
Westminster,285
Harrow,32
Hammersmith and Fulham,138
Islington,85
Barnet,179
Hammersmith and Fulham,181
Hackney,77
Ealing,150
Islington,138
Islington,167
Camden,737
Westminster,285
Westminster,115
Wandsworth,222
Wandsworth,228
Wandsworth,216
Camden,145
Southwark,185
Westminster,104
Greenwich,530
Wandsworth,43
Hammersmith and Fulham,60
Camden,495
Barnet,29
Richmond upon Thames,135
Wandsworth,85
Sutton,29
Enfield,82
Hackney,80
Hackney,200
Hounslow,68
Camden,129
Brent,365
Hammersmith and Fulham,102
Wandsworth,53
Tower Hamlets,76
Ealing,35
Newham,117
Tower Hamlets,150
Lewisham,241
Greenwich,54
Kensington and Chelsea,1539
Bexley,28
Southwark,301
Islington,175
Westminster,428
Westminster,119
Lambeth,50
Wandsworth,151
Kensington and Chelsea,261
Tower Hamlets,290
Haringey,59
Redbridge,41
Barking and Dagenham,36
Waltham Forest,64
Kingston upon Thames,41
Westminster,94
Ealing,119
Southwark,300
Southwark,133
Kensington and Chelsea,820
Richmond upon Thames,140
Lewisham,80
Southwark,50
Kingston upon Thames,80
Tower Hamlets,307
Greenwich,1093
Kensington and Chelsea,270
Camden,160
Sutton,83
Newham,39
Southwark,150
Merton,63
Hackney,120
Richmond upon Thames,74
Tower Hamlets,119
Islington,99
Barnet,99
Wandsworth,130
Westminster,135
Hounslow,117
Westminster,96
Wandsworth,73
Kensington and Chelsea,380
Waltham Forest,33
Ealing,66
Westminster,171
Westminster,190
Wandsworth,59
Westminster,284
Havering,142
Waltham Forest,27
Southwark,35
Tower Hamlets,64
Haringey,495
Hounslow,59
Southwark,196
Tower Hamlets,122
Merton,200
Lewisham,100
Enfield,30
Lewisham,99
Kensington and Chelsea,165
Hackney,67
Haringey,284
Southwark,78
Ealing,35
Southwark,212
Merton,81
Tower Hamlets,139
Barnet,316
Barnet,153
Barnet,289
Barnet,246
Barnet,33
Croydon,62
Camden,200
Tower Hamlets,130
Southwark,66
Islington,400
Hackney,176
Westminster,650
Westminster,500
Camden,500
Lewisham,30
Westminster,171
Tower Hamlets,133
Westminster,128
Greenwich,81
Greenwich,71
Harrow,89
Kensington and Chelsea,220
Havering,229
Havering,63
Camden,190
Southwark,95
Hounslow,45
Croydon,60
Kingston upon Thames,74
Lambeth,43
Lewisham,38
Westminster,114
Haringey,44
Hackney,32
Westminster,135
Camden,69
Southwark,57
Westminster,295
Wandsworth,197
Hammersmith and Fulham,200
Westminster,164
Richmond upon Thames,47
Waltham Forest,178
Islington,300
Westminster,196
Enfield,238
Richmond upon Thames,132
Hackney,183
Southwark,42
Hammersmith and Fulham,121
Barking and Dagenham,41
Barnet,98
Newham,477
Kensington and Chelsea,212
Greenwich,66
Westminster,371
Westminster,134
Bromley,281
Westminster,238
Sutton,26
Southwark,165
Waltham Forest,86
Camden,165
Hackney,41
Lambeth,44
Waltham Forest,113
Richmond upon Thames,43
Brent,50
Croydon,90
Hackney,420
Wandsworth,60
Greenwich,70
Richmond upon Thames,114
Hackney,59
Hammersmith and Fulham,132
Hammersmith and Fulham,56
Wandsworth,375
Richmond upon Thames,95
Tower Hamlets,95
Richmond upon Thames,140
Westminster,1750
Westminster,388
Hounslow,53
Haringey,40
Tower Hamlets,22
Lambeth,75
Haringey,34
Greenwich,350
Kensington and Chelsea,416
Lambeth,118
Lambeth,117
Wandsworth,299
Enfield,48
Westminster,504
Camden,70
Havering,40
Merton,79
Wandsworth,172
Westminster,114
Lambeth,55
Lambeth,53
Kensington and Chelsea,324
Kensington and Chelsea,205
Hillingdon,38
Islington,496
Kensington and Chelsea,74
Tower Hamlets,164
Westminster,300
Westminster,1000
Croydon,68
Enfield,55
Ealing,35
Islington,212
Westminster,307
Ealing,65
Ealing,44
Westminster,565
Lewisham,105
Camden,137
Merton,471
Tower Hamlets,86
Enfield,33
Greenwich,107
Southwark,276
Westminster,100
Wandsworth,96
Richmond upon Thames,272
Southwark,41
Tower Hamlets,39
Camden,90
Greenwich,71
Lambeth,130
Lewisham,110
Kensington and Chelsea,450
Richmond upon Thames,99
Newham,77
Camden,101
Tower Hamlets,51
Hounslow,132
Islington,146
Greenwich,77
Lambeth,133
Haringey,62
Greenwich,35
Barnet,367
Barnet,56
Hackney,50
Hackney,102
Westminster,414
Westminster,142
Hammersmith and Fulham,110
Kensington and Chelsea,1018
Camden,900
Westminster,650
Westminster,340
Kensington and Chelsea,850
Barnet,285
Lambeth,130
Tower Hamlets,46
Tower Hamlets,52
Harrow,67
Tower Hamlets,37
Tower Hamlets,49
Islington,142
Greenwich,53
Southwark,44
Havering,40
Lambeth,340
Hammersmith and Fulham,329
Barnet,23
Lewisham,34
Haringey,87
Hillingdon,43
Merton,329
Hammersmith and Fulham,300
Greenwich,56
Islington,901
Kensington and Chelsea,333
Hackney,75
Haringey,281
Southwark,560
Tower Hamlets,163
Southwark,143
Southwark,35
Hammersmith and Fulham,219
Camden,143
Wandsworth,124
Tower Hamlets,83
Tower Hamlets,99
Tower Hamlets,99
Wandsworth,457
Lambeth,55
Camden,62
Tower Hamlets,34
Wandsworth,281
Tower Hamlets,177
Tower Hamlets,189
Camden,100
Tower Hamlets,119
Kensington and Chelsea,169
Lambeth,108
Islington,82
Greenwich,37
Southwark,68
Camden,300
Bromley,172
Richmond upon Thames,120
Hackney,109
Hackney,109
Merton,225
Hackney,230
Kensington and Chelsea,47
Hackney,197
Kensington and Chelsea,41
Lambeth,56
Merton,37
Merton,615
Westminster,500
Brent,59
Croydon,41
Wandsworth,588
Bromley,109
Tower Hamlets,42
Wandsworth,260
Hammersmith and Fulham,199
Southwark,31
Hackney,135
Lambeth,57
Westminster,265
Hackney,53
City of London,72
Kensington and Chelsea,287
Camden,352
Islington,76
Lewisham,51
Wandsworth,165
Lewisham,78
Lambeth,55
Camden,37
Southwark,54
Bromley,41
Westminster,550
Kensington and Chelsea,168
Lambeth,68
Hackney,42
Hackney,45
Westminster,452
Westminster,291
Kensington and Chelsea,185
Bromley,88
Islington,51
Merton,93
Greenwich,61
Kensington and Chelsea,123
Greenwich,245
Westminster,200
Lambeth,104
Lambeth,126
Barnet,80
Barking and Dagenham,62
City of London,127
Southwark,221
Southwark,88
Lambeth,176
Kensington and Chelsea,357
Hammersmith and Fulham,188
Camden,163
Camden,26
Camden,20
Hounslow,143
Greenwich,38
Tower Hamlets,100
Sutton,100
Barnet,91
Westminster,276
Kensington and Chelsea,361
Westminster,212
Kensington and Chelsea,936
Croydon,32
Bexley,176
Tower Hamlets,175
Islington,952
Westminster,49
Southwark,149
Hammersmith and Fulham,85
Hounslow,32
Richmond upon Thames,40
Tower Hamlets,87
Ealing,71
Tower Hamlets,65
Richmond upon Thames,50
Richmond upon Thames,45
Croydon,22
Kensington and Chelsea,80
Islington,138
Waltham Forest,283
Newham,33
Kensington and Chelsea,155
Kensington and Chelsea,600
Wandsworth,87
Kensington and Chelsea,201
Brent,201
Havering,66
Lambeth,185
Kensington and Chelsea,133
Kensington and Chelsea,170
Kensington and Chelsea,190
Newham,35
Westminster,750
Camden,150
Camden,87
Lambeth,91
Hammersmith and Fulham,171
Kensington and Chelsea,190
Lambeth,100
Hackney,852
Barnet,213
Hackney,118
Westminster,920
Brent,103
Hounslow,50
Kensington and Chelsea,500
Hackney,57
Lambeth,74
Camden,204
Islington,82
Westminster,996
Newham,49
Newham,60
Newham,56
Tower Hamlets,71
Kensington and Chelsea,469
Westminster,436
Hammersmith and Fulham,131
Southwark,55
Brent,425
Camden,870
Waltham Forest,75
Lambeth,361
Southwark,94
Kensington and Chelsea,380
Tower Hamlets,83
Kensington and Chelsea,497
Richmond upon Thames,180
Brent,27
Tower Hamlets,240
Camden,245
Hammersmith and Fulham,72
Kensington and Chelsea,850
Westminster,850
Tower Hamlets,83
Islington,167
Enfield,197
Richmond upon Thames,195
Hackney,80
Islington,323
Waltham Forest,204
Westminster,140
Westminster,105
Hounslow,334
Kensington and Chelsea,219
Wandsworth,70
Islington,131
Camden,232
Tower Hamlets,165
Camden,146
Westminster,235
Westminster,428
Tower Hamlets,156
Hammersmith and Fulham,434
Westminster,130
Westminster,143
Westminster,55
Croydon,75
Tower Hamlets,200
Haringey,145
Waltham Forest,58
Westminster,207
Wandsworth,85
Westminster,431
Waltham Forest,213
Richmond upon Thames,95
Kensington and Chelsea,449
Tower Hamlets,150
Redbridge,39
Kensington and Chelsea,83
Camden,322
Hammersmith and Fulham,636
Richmond upon Thames,243
Tower Hamlets,172
Westminster,270
Hackney,250
Southwark,123
Barnet,42
Tower Hamlets,76
Kensington and Chelsea,550
Hammersmith and Fulham,254
Hounslow,52
Brent,38
Camden,500
Westminster,835
Lambeth,41
Croydon,25
Tower Hamlets,64
Enfield,53
Waltham Forest,52
Bromley,49
Greenwich,180
Lewisham,45
Hackney,50
Waltham Forest,217
Merton,83
Hackney,155
Islington,90
Camden,1155
Lambeth,113
Redbridge,79
Wandsworth,68
Westminster,116
Wandsworth,67
Wandsworth,131
Brent,723
Ealing,260
Ealing,881
Islington,62
Westminster,181
Hillingdon,1000
Westminster,475
Westminster,270
Croydon,53
Tower Hamlets,250
Tower Hamlets,280
Tower Hamlets,290
Camden,405
Hounslow,100
Waltham Forest,92
Greenwich,55
Merton,45
Islington,94
Brent,60
Camden,275
Wandsworth,45
Camden,495
Lambeth,187
Westminster,68
Kensington and Chelsea,262
Kensington and Chelsea,250
Westminster,190
Newham,42
Lewisham,284
Wandsworth,65
Waltham Forest,120
Havering,40
Wandsworth,94
Croydon,24
Hillingdon,61
Hillingdon,63
Kensington and Chelsea,93
Greenwich,72
Kingston upon Thames,44
Lewisham,110
Southwark,49
Southwark,48
Camden,700
Camden,529
Lewisham,107
Camden,700
Waltham Forest,62
Hackney,95
Kingston upon Thames,70
Merton,179
Islington,107
Camden,490
Harrow,68
Kensington and Chelsea,316
Newham,79
Southwark,180
Wandsworth,500
Croydon,120
Westminster,209
Westminster,248
Haringey,110
Newham,45
Westminster,146
Westminster,249
Ealing,41
Hammersmith and Fulham,151
Tower Hamlets,124
Merton,198
Westminster,70
Westminster,430
Hammersmith and Fulham,125
Hackney,70
Hammersmith and Fulham,230
Westminster,190
Islington,190
Kensington and Chelsea,267
Hackney,114
Lewisham,38
Southwark,220
Lewisham,32
Tower Hamlets,180
Lambeth,224
Islington,367
Westminster,197
Lambeth,77
Camden,144
Barking and Dagenham,48
Hackney,41
Tower Hamlets,172
Richmond upon Thames,274
Ealing,43
Barnet,155
Lewisham,37
Westminster,478
Barking and Dagenham,34
Lambeth,177
Redbridge,38
Redbridge,41
Hillingdon,91
Wandsworth,275
Harrow,23
Tower Hamlets,197
Hackney,140
Wandsworth,500
Hammersmith and Fulham,58
Lambeth,542
Wandsworth,59
Hammersmith and Fulham,88
Wandsworth,405
Redbridge,31
Hackney,203
Kensington and Chelsea,92
Kensington and Chelsea,263
Merton,111
Kensington and Chelsea,262
Southwark,120
Brent,125
Islington,189
Westminster,78
Hammersmith and Fulham,91
Tower Hamlets,58
Kensington and Chelsea,187
Hackney,45
Hackney,95
Haringey,85
Islington,62
Sutton,107
Camden,60
Westminster,310
Southwark,104
Lambeth,183
Newham,115
Camden,1194
Kensington and Chelsea,180
Waltham Forest,50
Harrow,77
Lambeth,51
Hackney,109
Southwark,435
Brent,250
Barnet,116
Merton,501
Islington,117
Islington,48
Kensington and Chelsea,381
Tower Hamlets,54
Wandsworth,281
Hammersmith and Fulham,230
Richmond upon Thames,91
Lambeth,213
Westminster,862
Ealing,114
Greenwich,148
Tower Hamlets,53
Barnet,62
Wandsworth,320
Hackney,683
Hackney,142
Newham,59
Bromley,35
Barnet,135
Waltham Forest,180
Bromley,95
Westminster,405
Westminster,206
Kensington and Chelsea,191
Barnet,67
Wandsworth,127
Barking and Dagenham,49
Barnet,90
Greenwich,245
Hackney,52
Redbridge,55
Southwark,36
Southwark,104
Croydon,64
Camden,364
Southwark,58
Hammersmith and Fulham,221
Ealing,47
Kensington and Chelsea,293
Haringey,80
Hackney,89
Camden,70
Hammersmith and Fulham,104
Southwark,350
Barking and Dagenham,307
Westminster,255
Haringey,106
Hammersmith and Fulham,55
Ealing,806
Croydon,245
Lambeth,43
Bromley,50
Camden,150
Camden,55
Merton,85
Lambeth,50
Kensington and Chelsea,298
Hammersmith and Fulham,631
Brent,400
Tower Hamlets,39
Tower Hamlets,39
Barnet,205
Hounslow,55
Barnet,204
Tower Hamlets,204
Kingston upon Thames,40
Hammersmith and Fulham,91
Southwark,106
Brent,152
Westminster,57
Westminster,65
Hillingdon,165
Kensington and Chelsea,300
Islington,80
Southwark,97
Barnet,197
Havering,161
Camden,387
Kensington and Chelsea,237
Wandsworth,154
Waltham Forest,53
Hammersmith and Fulham,56
Lewisham,32
Wandsworth,194
Ealing,81
Westminster,140
Newham,42
Camden,105
Camden,137
Camden,125
Kensington and Chelsea,285
Camden,108
Southwark,41
Lambeth,150
Kensington and Chelsea,269
Islington,66
Bexley,29
Camden,208
Haringey,242
Kensington and Chelsea,339
Kensington and Chelsea,881
Kensington and Chelsea,271
Kensington and Chelsea,305
Kensington and Chelsea,249
Kensington and Chelsea,407
Kensington and Chelsea,588
Kensington and Chelsea,361
Kensington and Chelsea,430
Hammersmith and Fulham,261
Redbridge,199
Westminster,190
Camden,176
Greenwich,40
Sutton,69
Camden,261
Kensington and Chelsea,171
Hammersmith and Fulham,76
Ealing,58
Westminster,230
Southwark,153
Bromley,73
Greenwich,146
Westminster,288
Hammersmith and Fulham,143
Greenwich,99
Hackney,53
Newham,30
Waltham Forest,120
Redbridge,198
Southwark,294
Bromley,90
Westminster,272
Camden,514
Havering,297
Greenwich,83
Kensington and Chelsea,468
Merton,44
Lambeth,140
Haringey,67
Camden,68
Wandsworth,238
Islington,414
Richmond upon Thames,236
Camden,60
Camden,64
Camden,65
Camden,64
Tower Hamlets,158
Islington,95
Hackney,176
Southwark,80
Kensington and Chelsea,174
Lewisham,30
Greenwich,35
Kingston upon Thames,59
Haringey,68
Haringey,71
Westminster,470
Hammersmith and Fulham,250
Tower Hamlets,52
Hammersmith and Fulham,167
Hammersmith and Fulham,186
Hammersmith and Fulham,207
Hammersmith and Fulham,221
Hammersmith and Fulham,288
Hammersmith and Fulham,324
Hammersmith and Fulham,315
Tower Hamlets,37
Islington,84
Westminster,278
Camden,173
Hackney,103
Greenwich,150
Kensington and Chelsea,240
Haringey,37
Croydon,64
Barnet,275
Tower Hamlets,153
Hillingdon,51
Hammersmith and Fulham,104
Greenwich,149
Greenwich,143
Barnet,157
Newham,50
Barnet,3500
Hounslow,54
Hillingdon,196
Wandsworth,280
Bexley,28
Richmond upon Thames,41
Brent,61
Kensington and Chelsea,239
Hillingdon,64
Kensington and Chelsea,549
Westminster,387
Waltham Forest,44
Kensington and Chelsea,358
Hammersmith and Fulham,104
Kensington and Chelsea,174
Islington,304
Southwark,38
Westminster,95
Islington,368
Ealing,49
Islington,320
Barnet,45
Brent,400
Islington,342
Islington,482
Westminster,59
Croydon,80
Barking and Dagenham,38
Hammersmith and Fulham,485
Lambeth,225
Islington,152
Tower Hamlets,133
Southwark,523
Richmond upon Thames,71
Hammersmith and Fulham,104
Westminster,565
Redbridge,39
Haringey,174
Harrow,24
Greenwich,130
Tower Hamlets,549
Newham,196
Kensington and Chelsea,363
Kensington and Chelsea,219
Kensington and Chelsea,399
Kensington and Chelsea,499
Tower Hamlets,449
Tower Hamlets,445
Islington,110
Brent,225
Westminster,499
Westminster,915
Westminster,978
Kensington and Chelsea,359
Kensington and Chelsea,580
Hammersmith and Fulham,156
Brent,123
Tower Hamlets,94
Ealing,91
Hammersmith and Fulham,115
Westminster,444
Lewisham,32
Kensington and Chelsea,542
Kensington and Chelsea,214
Kensington and Chelsea,283
Kensington and Chelsea,237
Kensington and Chelsea,406
Kensington and Chelsea,508
Kensington and Chelsea,436
Brent,63
Redbridge,50
Hackney,174
Tower Hamlets,40
Hackney,434
Wandsworth,116
Westminster,588
Kensington and Chelsea,812
Kensington and Chelsea,129
Lambeth,258
Kensington and Chelsea,3036
Hounslow,37
Waltham Forest,347
Hackney,92
Southwark,133
Hackney,275
Kensington and Chelsea,297
Hammersmith and Fulham,162
Kensington and Chelsea,110
Kensington and Chelsea,83
Kensington and Chelsea,237
Hounslow,243
Southwark,37
Kensington and Chelsea,116
Lewisham,36
Enfield,130
Westminster,106
Westminster,76
Tower Hamlets,134
Southwark,66
Camden,380
Newham,30
Wandsworth,37
Haringey,118
Kensington and Chelsea,255
Camden,61
Tower Hamlets,270
Lambeth,402
Southwark,252
Lambeth,107
Greenwich,66
Southwark,159
Southwark,126
Hammersmith and Fulham,163
Kensington and Chelsea,250
Camden,255
Camden,185
Kensington and Chelsea,341
Kensington and Chelsea,249
Kensington and Chelsea,317
Kensington and Chelsea,542
Kensington and Chelsea,283
Kensington and Chelsea,226
Kensington and Chelsea,588
Camden,85
Waltham Forest,29
Westminster,397
Hammersmith and Fulham,134
Lambeth,173
Islington,152
Hounslow,171
Waltham Forest,330
Greenwich,192
Hillingdon,80
Croydon,35
Croydon,36
Croydon,35
Havering,185
Islington,164
Havering,91
Islington,95
Islington,196
Camden,66
Tower Hamlets,106
Wandsworth,81
Tower Hamlets,73
Lewisham,49
Kingston upon Thames,345
Tower Hamlets,43
Tower Hamlets,42
Ealing,112
Southwark,243
Barnet,196
Barnet,130
Barnet,130
Croydon,60
Tower Hamlets,188
Hackney,94
Camden,188
Westminster,337
Tower Hamlets,263
Lambeth,55
Wandsworth,140
Camden,162
Wandsworth,40
Hackney,276
Westminster,417
Ealing,31
Islington,100
Lambeth,55
Westminster,483
Kensington and Chelsea,368
Westminster,531
Kensington and Chelsea,338
Westminster,486
Barnet,27
Newham,49
Kensington and Chelsea,203
Barnet,47
Kensington and Chelsea,283
Kensington and Chelsea,317
Kensington and Chelsea,432
Westminster,271
Kensington and Chelsea,735
Westminster,214
Westminster,248
Kensington and Chelsea,508
Kensington and Chelsea,404
Kensington and Chelsea,441
Kensington and Chelsea,591
Kensington and Chelsea,248
Kensington and Chelsea,373
Newham,47
Sutton,56
Redbridge,89
Hounslow,150
Wandsworth,81
Kensington and Chelsea,218
Brent,219
Southwark,119
Lewisham,45
Hillingdon,1000
Lambeth,137
Camden,259
Wandsworth,1000
Croydon,79
Hounslow,37
Barnet,80
Lewisham,41
Camden,400
Camden,50
Islington,51
Lambeth,40
Camden,48
Camden,46
Hounslow,306
Sutton,45
Richmond upon Thames,74
Westminster,250
Waltham Forest,97
Tower Hamlets,39
Tower Hamlets,38
Tower Hamlets,38
Islington,60
Hackney,36
Islington,114
Greenwich,180
Redbridge,51
Hackney,59
Islington,226
Southwark,107
Westminster,317
Lambeth,56
Islington,61
Wandsworth,119
Hackney,414
Hillingdon,147
Tower Hamlets,164
Camden,157
Camden,351
Hillingdon,155
Westminster,440
Hackney,86
Camden,250
Barnet,94
Hounslow,139
Wandsworth,76
Greenwich,59
Newham,209
Islington,212
Richmond upon Thames,88
Brent,40
Kensington and Chelsea,382
Brent,37
Southwark,95
Croydon,55
Camden,70
Southwark,54
Wandsworth,40
Greenwich,75
Wandsworth,120
Tower Hamlets,91
Hammersmith and Fulham,122
Southwark,50
Kingston upon Thames,58
Westminster,120
Westminster,723
Barnet,171
Southwark,128
Lambeth,103
Tower Hamlets,114
Hammersmith and Fulham,215
Newham,141
Westminster,114
Westminster,89
Greenwich,33
Hackney,328
Brent,192
Bexley,43
Bexley,50
Wandsworth,180
Bexley,43
Kensington and Chelsea,289
Lambeth,48
Brent,650
Redbridge,40
Hackney,128
Westminster,500
Wandsworth,93
Merton,116
Harrow,51
Greenwich,76
Hounslow,72
Southwark,122
Southwark,170
Waltham Forest,48
Tower Hamlets,57
Tower Hamlets,187
Brent,35
Barnet,73
Islington,115
Barnet,150
Kensington and Chelsea,137
Lambeth,45
Merton,42
Westminster,399
Greenwich,118
Hammersmith and Fulham,250
Redbridge,150
Tower Hamlets,64
Wandsworth,56
Westminster,1750
Lewisham,129
Westminster,318
Camden,367
Waltham Forest,50
Barking and Dagenham,125
Islington,290
Westminster,119
Kensington and Chelsea,137
Tower Hamlets,82
Tower Hamlets,134
Bexley,127
Richmond upon Thames,203
Newham,82
Southwark,114
Wandsworth,69
Lambeth,273
Croydon,28
Hackney,449
Lewisham,158
Ealing,90
Greenwich,32
Ealing,145
Lewisham,63
Hillingdon,169
Westminster,226
Enfield,34
Westminster,86
Barking and Dagenham,39
Hammersmith and Fulham,218
Barnet,171
Wandsworth,30
Camden,90
Camden,58
Camden,62
Camden,64
Camden,58
Camden,65
Camden,74
Enfield,33
Hammersmith and Fulham,76
Merton,41
Lambeth,50
Lewisham,34
Westminster,98
Southwark,61
Brent,34
Wandsworth,52
Merton,41
Hammersmith and Fulham,350
Richmond upon Thames,145
Barking and Dagenham,28
Brent,60
Brent,39
Southwark,170
Newham,203
Westminster,93
Kensington and Chelsea,514
Camden,56
Camden,58
Lambeth,63
Brent,199
Southwark,140
Kingston upon Thames,56
Barnet,61
Tower Hamlets,180
Croydon,150
Lambeth,50
Redbridge,67
Kensington and Chelsea,224
Brent,950
Greenwich,52
Westminster,428
Croydon,110
Westminster,110
Sutton,502
Hackney,54
Bromley,54
Harrow,95
Lewisham,32
Hammersmith and Fulham,245
Wandsworth,302
Camden,271
Bexley,119
Barnet,53
Croydon,27
Waltham Forest,55
Hammersmith and Fulham,1425
Westminster,445
Southwark,36
Camden,208
Hounslow,82
Wandsworth,223
Westminster,336
Islington,225
Hammersmith and Fulham,684
Westminster,386
Westminster,169
Kensington and Chelsea,603
Kensington and Chelsea,225
Barnet,48
Hammersmith and Fulham,1174
Camden,197
Newham,58
Southwark,36
Waltham Forest,80
Hammersmith and Fulham,197
Westminster,962
Wandsworth,73
Wandsworth,98
Wandsworth,76
Waltham Forest,166
Southwark,130
Lambeth,85
Lambeth,77
Tower Hamlets,750
Kingston upon Thames,69
Hackney,143
Westminster,57
Islington,316
Westminster,100
Southwark,181
Wandsworth,165
Southwark,142
Barnet,134
Kensington and Chelsea,401
City of London,225
City of London,235
Brent,225
Croydon,32
Merton,250
Camden,391
Tower Hamlets,365
Hounslow,474
Hammersmith and Fulham,156
Southwark,63
Waltham Forest,108
Hammersmith and Fulham,81
Brent,63
Lambeth,299
Kensington and Chelsea,39
Hackney,32
Westminster,100
Hackney,149
Kensington and Chelsea,953
Waltham Forest,149
Southwark,44
Westminster,236
Hackney,57
Kensington and Chelsea,180
Camden,63
Newham,87
Westminster,511
Westminster,586
Barnet,263
Hackney,228
Lewisham,63
Hackney,177
Merton,875
Southwark,275
Lewisham,171
Southwark,121
Hillingdon,42
Islington,91
Islington,555
Lambeth,61
Tower Hamlets,99
Camden,109
Brent,72
Tower Hamlets,99
Islington,170
Kensington and Chelsea,144
Hammersmith and Fulham,127
Camden,382
Waltham Forest,102
Lambeth,85
Newham,35
Southwark,58
Redbridge,48
Wandsworth,100
Westminster,244
Tower Hamlets,102
Islington,61
Westminster,133
Camden,124
Newham,121
Wandsworth,200
Camden,283
Havering,76
Haringey,152
Kensington and Chelsea,83
Southwark,75
Lambeth,118
Westminster,142
Tower Hamlets,33
Tower Hamlets,38
Tower Hamlets,38
Enfield,60
Lambeth,133
Hackney,49
Merton,34
Haringey,55
Newham,139
Westminster,133
Richmond upon Thames,73
Newham,70
Westminster,222
Southwark,174
Merton,95
Brent,40
Hammersmith and Fulham,100
Sutton,50
Islington,65
Hackney,340
Lewisham,142
Westminster,511
Tower Hamlets,855
Islington,84
Camden,1712
Lambeth,46
Lambeth,44
Newham,143
Greenwich,200
Tower Hamlets,90
Lambeth,300
Bromley,46
Kingston upon Thames,80
Islington,194
Tower Hamlets,65
Lambeth,73
Hackney,70
Greenwich,152
Tower Hamlets,59
Lambeth,43
Southwark,39
Hammersmith and Fulham,131
Camden,56
Camden,170
Haringey,347
Ealing,75
Bexley,48
Hillingdon,61
Lewisham,31
Brent,151
Wandsworth,96
Hackney,392
Kensington and Chelsea,143
Hammersmith and Fulham,182
Hammersmith and Fulham,86
Southwark,46
Hammersmith and Fulham,136
Hackney,109
Hackney,118
Hackney,198
Barnet,46
Hackney,109
Barking and Dagenham,44
Barnet,90
Croydon,84
Kensington and Chelsea,164
Croydon,32
Wandsworth,91
Islington,145
Hackney,237
Westminster,623
Merton,101
Redbridge,41
Hammersmith and Fulham,84
Hammersmith and Fulham,75
Hammersmith and Fulham,84
Enfield,120
Westminster,601
Greenwich,127
Islington,183
Lambeth,157
Southwark,105
Tower Hamlets,60
Kensington and Chelsea,287
Wandsworth,35
Barking and Dagenham,60
Newham,344
Ealing,26
Croydon,108
Croydon,43
Westminster,511
Westminster,175
Newham,203
Haringey,54
Hounslow,30
Barnet,220
Westminster,485
Waltham Forest,107
Tower Hamlets,297
Camden,159
Tower Hamlets,505
Hackney,135
Waltham Forest,55
Tower Hamlets,158
Hillingdon,62
Hillingdon,49
Westminster,125
Lambeth,140
Hackney,196
Westminster,226
Southwark,333
Southwark,135
Camden,201
Camden,77
Lambeth,41
Hillingdon,68
Hackney,150
Hammersmith and Fulham,97
Westminster,264
Hillingdon,41
Islington,283
Southwark,44
Waltham Forest,91
Redbridge,29
Brent,161
Camden,157
Lambeth,508
Camden,143
Croydon,70
Westminster,238
Westminster,350
Southwark,123
Westminster,104
Westminster,60
Westminster,123
Islington,55
Camden,67
Westminster,152
Kensington and Chelsea,212
Enfield,61
Hackney,70
Bexley,98
Camden,247
Westminster,374
Westminster,334
Hammersmith and Fulham,118
Hillingdon,50
Hackney,205
Hounslow,101
Camden,114
Waltham Forest,75
Islington,213
Southwark,110
Kensington and Chelsea,175
Hackney,38
Harrow,25
Lewisham,54
Ealing,50
Wandsworth,215
Croydon,27
Hounslow,83
Wandsworth,225
Tower Hamlets,276
Hillingdon,41
Brent,150
Hackney,350
Brent,46
Kensington and Chelsea,251
Havering,58
Enfield,60
Ealing,128
Southwark,190
Newham,55
Lambeth,34
Greenwich,190
Lambeth,226
Westminster,234
Lambeth,175
Greenwich,180
Lambeth,51
Hammersmith and Fulham,122
Kensington and Chelsea,142
Richmond upon Thames,98
Hackney,70
Camden,200
Waltham Forest,57
Redbridge,40
Newham,95
Hackney,29
Tower Hamlets,180
Waltham Forest,32
Brent,57
Barnet,165
Wandsworth,539
Hackney,100
Camden,628
Tower Hamlets,248
Newham,270
Tower Hamlets,117
Waltham Forest,25
Southwark,92
Camden,402
Harrow,46
City of London,229
Ealing,104
Tower Hamlets,129
Lambeth,247
Westminster,464
Camden,156
Lewisham,212
Newham,105
Lambeth,124
Brent,41
Greenwich,70
Westminster,1750
Hackney,283
Enfield,117
Islington,250
Southwark,98
Brent,27
Southwark,203
Lambeth,222
Southwark,200
Wandsworth,43
Westminster,63
Camden,430
Islington,165
Kensington and Chelsea,205
Southwark,49
Islington,100
Kensington and Chelsea,891
City of London,343
Kensington and Chelsea,117
Haringey,32
Wandsworth,70
Westminster,397
Wandsworth,78
Westminster,551
Westminster,400
Southwark,179
Kensington and Chelsea,132
Waltham Forest,200
Enfield,233
Wandsworth,123
Hammersmith and Fulham,145
Kensington and Chelsea,111
Kensington and Chelsea,375
Wandsworth,80
Westminster,225
Westminster,145
Islington,183
Haringey,238
Sutton,45
Croydon,180
Camden,181
Camden,495
Barnet,42
Lambeth,807
Westminster,318
Camden,62
Tower Hamlets,125
Southwark,108
Hackney,95
Westminster,338
Westminster,369
Westminster,319
Westminster,156
Harrow,48
Richmond upon Thames,180
Westminster,152
Lambeth,33
Greenwich,180
Richmond upon Thames,119
Haringey,330
Camden,416
Hackney,126
Wandsworth,97
Camden,945
Wandsworth,41
Merton,138
Waltham Forest,35
Tower Hamlets,39
Kensington and Chelsea,82
Camden,242
Hackney,401
Kensington and Chelsea,256
Lewisham,44
Lewisham,18
Kensington and Chelsea,169
Croydon,43
Lewisham,30
Bexley,72
Islington,195
Kingston upon Thames,49
Brent,41
Hackney,57
Haringey,132
Hackney,133
Waltham Forest,49
Waltham Forest,54
Tower Hamlets,122
Kensington and Chelsea,170
Sutton,67
Southwark,108
Islington,396
Lewisham,203
Tower Hamlets,90
Southwark,97
Westminster,475
Westminster,73
Westminster,774
Kensington and Chelsea,1216
Kensington and Chelsea,667
Westminster,957
Hammersmith and Fulham,552
Camden,214
Hounslow,50
Westminster,198
Lewisham,75
Wandsworth,64
Wandsworth,133
Tower Hamlets,74
Kensington and Chelsea,320
Hackney,47
Westminster,68
Hillingdon,41
Tower Hamlets,145
Tower Hamlets,45
Camden,80
Wandsworth,51
Haringey,225
Westminster,461
Wandsworth,270
Tower Hamlets,76
Lambeth,53
Redbridge,47
Ealing,68
Greenwich,214
Barnet,140
Wandsworth,42
Tower Hamlets,90
Westminster,126
Tower Hamlets,68
Hammersmith and Fulham,182
Hackney,200
Croydon,47
Westminster,271
Brent,154
Westminster,179
Kensington and Chelsea,155
Merton,68
Kensington and Chelsea,155
Tower Hamlets,149
Westminster,134
Richmond upon Thames,64
Croydon,180
Barnet,26
Islington,369
Kensington and Chelsea,84
Wandsworth,76
Lambeth,51
Hammersmith and Fulham,66
Westminster,176
Brent,155
Westminster,95
Newham,225
Wandsworth,98
Lambeth,125
Lambeth,95
Hammersmith and Fulham,157
Kensington and Chelsea,246
Westminster,86
Lambeth,121
Kingston upon Thames,24
Waltham Forest,54
Tower Hamlets,105
Southwark,802
Lambeth,157
Southwark,70
Westminster,136
Greenwich,131
Hillingdon,73
Westminster,173
Camden,45
Southwark,89
Hillingdon,76
Westminster,579
Lambeth,45
Hackney,40
Westminster,275
Bromley,72
Southwark,171
Camden,133
Westminster,90
Lewisham,25
Tower Hamlets,51
Tower Hamlets,53
Westminster,620
Tower Hamlets,223
Westminster,108
Tower Hamlets,58
Westminster,639
Ealing,56
Newham,126
Tower Hamlets,45
Enfield,34
Westminster,493
Croydon,38
Wandsworth,552
Kensington and Chelsea,190
Southwark,168
Brent,65
Westminster,110
Camden,500
Tower Hamlets,135
Kensington and Chelsea,135
Kensington and Chelsea,188
Barnet,238
Tower Hamlets,59
Bexley,40
Tower Hamlets,451
Lambeth,89
Haringey,4002
Harrow,80
Tower Hamlets,64
Haringey,225
Richmond upon Thames,48
Wandsworth,80
Redbridge,86
Westminster,760
Waltham Forest,116
Brent,38
Brent,44
Bexley,34
Waltham Forest,171
Hackney,266
Redbridge,50
Bexley,96
Lewisham,81
Westminster,643
Barking and Dagenham,33
Tower Hamlets,237
Havering,60
Tower Hamlets,160
Lambeth,175
Haringey,91
Barnet,194
Kingston upon Thames,71
Islington,377
Hackney,230
Hammersmith and Fulham,87
Islington,83
Lewisham,125
Tower Hamlets,53
Wandsworth,222
Hackney,95
Brent,500
Enfield,81
Richmond upon Thames,47
Hammersmith and Fulham,379
Kensington and Chelsea,145
Haringey,56
Camden,131
Tower Hamlets,50
Haringey,64
Westminster,1490
Kensington and Chelsea,244
Harrow,113
Ealing,81
Southwark,60
Bromley,272
Westminster,325
Barking and Dagenham,86
Haringey,53
Southwark,49
Lewisham,101
Kensington and Chelsea,351
Westminster,1490
Westminster,1490
Islington,141
Southwark,39
Westminster,1490
Westminster,1490
Kensington and Chelsea,145
Camden,148
Camden,37
Camden,30
Tower Hamlets,57
Kensington and Chelsea,240
Kensington and Chelsea,1853
Lewisham,108
Greenwich,43
Lewisham,55
Tower Hamlets,140
Camden,130
Camden,131
Lambeth,52
Redbridge,64
Kensington and Chelsea,171
Hillingdon,62
Waltham Forest,26
Hammersmith and Fulham,117
Barnet,218
Kensington and Chelsea,115
Islington,91
Camden,57
Croydon,47
Southwark,55
Hammersmith and Fulham,215
Lambeth,108
Camden,111
Camden,80
Camden,42
Camden,108
Lambeth,55
Hackney,68
Hackney,141
Lambeth,55
Ealing,63
Richmond upon Thames,79
Newham,32
Havering,162
Kensington and Chelsea,242
Kensington and Chelsea,293
Kensington and Chelsea,196
Westminster,302
Wandsworth,115
Camden,145
Hackney,136
Richmond upon Thames,82
Lambeth,106
Tower Hamlets,58
Lambeth,95
Croydon,78
Lambeth,109
Wandsworth,60
Barnet,557
Hammersmith and Fulham,238
Southwark,249
Hammersmith and Fulham,204
Islington,86
Merton,35
Greenwich,30
Islington,99
Wandsworth,160
Hackney,167
Southwark,290
Bexley,41
Westminster,324
Barnet,51
Kensington and Chelsea,305
Hackney,71
Kensington and Chelsea,185
Barking and Dagenham,114
Wandsworth,380
Croydon,62
Waltham Forest,107
Hammersmith and Fulham,263
Kensington and Chelsea,102
Tower Hamlets,446
Kensington and Chelsea,141
Kensington and Chelsea,116
Barnet,95
Camden,60
Camden,61
Greenwich,68
Southwark,73
Barnet,37
Islington,53
Haringey,233
Westminster,94
Waltham Forest,298
Westminster,104
Kensington and Chelsea,90
Tower Hamlets,58
Waltham Forest,40
Waltham Forest,66
Kensington and Chelsea,189
Westminster,98
Camden,25
Westminster,104
Hammersmith and Fulham,19
Westminster,98
Hackney,175
Ealing,70
Hackney,46
Merton,79
Ealing,45
Westminster,104
Tower Hamlets,116
Kensington and Chelsea,328
Tower Hamlets,116
Lambeth,170
Lambeth,183
Croydon,85
Westminster,104
Westminster,104
Kensington and Chelsea,210
Westminster,156
Kensington and Chelsea,250
Westminster,156
Southwark,98
Lambeth,86
Tower Hamlets,392
Kensington and Chelsea,94
Wandsworth,829
Southwark,73
Barnet,205
Richmond upon Thames,201
Newham,282
Westminster,66
Greenwich,44
Islington,190
Kensington and Chelsea,135
Newham,325
Lambeth,101
Westminster,319
Tower Hamlets,59
Tower Hamlets,80
Kensington and Chelsea,102
Hammersmith and Fulham,623
Hackney,120
Barnet,40
Wandsworth,151
Kensington and Chelsea,285
Tower Hamlets,58
Tower Hamlets,92
Greenwich,135
Barking and Dagenham,34
Westminster,271
Westminster,296
Tower Hamlets,40
Westminster,768
Tower Hamlets,61
Merton,118
Lambeth,59
Southwark,42
Redbridge,77
Merton,95
Hackney,108
Tower Hamlets,51
Westminster,2850
Kensington and Chelsea,400
Richmond upon Thames,25
Camden,168
Ealing,129
Kensington and Chelsea,257
Camden,165
Camden,98
Westminster,798
Greenwich,33
Wandsworth,60
Ealing,62
Westminster,380
Kingston upon Thames,167
Wandsworth,101
Richmond upon Thames,181
Islington,365
Westminster,2125
Lambeth,155
Islington,185
City of London,314
City of London,286
Westminster,155
Tower Hamlets,85
Islington,115
Bexley,49
Havering,76
Southwark,80
Kensington and Chelsea,72
Kensington and Chelsea,120
Kensington and Chelsea,118
Kensington and Chelsea,87
Richmond upon Thames,116
Croydon,35
Tower Hamlets,149
Waltham Forest,34
Lambeth,168
Merton,173
Lewisham,70
Westminster,310
Islington,100
Westminster,214
Kensington and Chelsea,367
Westminster,412
Tower Hamlets,46
Westminster,340
Kensington and Chelsea,228
Hammersmith and Fulham,250
Ealing,178
Lewisham,65
Lambeth,50
Richmond upon Thames,68
Hounslow,121
Westminster,590
Westminster,222
Kensington and Chelsea,275
Waltham Forest,104
Kensington and Chelsea,237
Brent,40
Westminster,350
Newham,210
Kensington and Chelsea,300
Greenwich,180
Southwark,39
Harrow,51
Islington,56
Newham,105
Camden,54
Islington,209
Ealing,110
Brent,293
Southwark,163
Kensington and Chelsea,180
Newham,44
Southwark,159
Tower Hamlets,300
Tower Hamlets,149
Islington,70
Lambeth,130
Enfield,27
Lewisham,134
Greenwich,84
Redbridge,118
Wandsworth,34
Tower Hamlets,53
Southwark,41
Tower Hamlets,295
Kensington and Chelsea,190
Merton,209
Hammersmith and Fulham,50
Merton,30
Ealing,143
Tower Hamlets,378
Tower Hamlets,77
Tower Hamlets,60
Newham,55
Lambeth,43
Barnet,153
Hackney,511
Haringey,66
Tower Hamlets,200
Newham,42
Bromley,91
Hackney,93
Brent,140
Harrow,261
Kensington and Chelsea,148
Wandsworth,65
Kensington and Chelsea,142
Westminster,146
Islington,334
Greenwich,629
Westminster,277
Ealing,111
Bromley,116
Tower Hamlets,125
Islington,243
Brent,180
Newham,33
Waltham Forest,54
Tower Hamlets,135
Brent,51
Croydon,59
Lambeth,160
Tower Hamlets,145
Camden,608
Kensington and Chelsea,190
Waltham Forest,150
Kingston upon Thames,51
Lewisham,63
Westminster,164
Lambeth,65
Richmond upon Thames,64
Southwark,320
Wandsworth,73
Kensington and Chelsea,94
Richmond upon Thames,84
Hackney,41
Newham,75
Camden,109
Merton,62
Hounslow,37
Tower Hamlets,364
Camden,162
Waltham Forest,137
Greenwich,32
Wandsworth,248
Kensington and Chelsea,208
Redbridge,260
Camden,67
Enfield,250
Hackney,60
Hounslow,230
Barnet,69
Bromley,181
Islington,616
Croydon,121
Westminster,240
Westminster,370
Westminster,370
Newham,176
Kensington and Chelsea,109
Kensington and Chelsea,178
Kensington and Chelsea,88
Southwark,255
Westminster,1490
Camden,110
Westminster,337
Kensington and Chelsea,118
Waltham Forest,47
Tower Hamlets,104
Merton,42
Islington,48
Westminster,1490
Westminster,1490
Wandsworth,86
Islington,43
Camden,75
Islington,78
Islington,120
Camden,112
Kensington and Chelsea,112
Westminster,128
Enfield,36
Lewisham,64
Islington,130
Wandsworth,48
Islington,100
Hammersmith and Fulham,500
Camden,300
Kingston upon Thames,75
Wandsworth,179
Redbridge,32
Greenwich,34
Barnet,90
Kensington and Chelsea,120
Haringey,228
Hackney,226
Westminster,408
Westminster,344
Westminster,543
Sutton,57
Barnet,74
Kensington and Chelsea,251
Kensington and Chelsea,91
Tower Hamlets,160
Richmond upon Thames,60
Brent,50
Southwark,78
Kensington and Chelsea,238
Hammersmith and Fulham,330
Merton,352
Tower Hamlets,45
Tower Hamlets,194
Newham,33
Tower Hamlets,73
Southwark,72
Camden,121
Westminster,182
Lewisham,100
Kensington and Chelsea,91
Westminster,144
Camden,500
Kensington and Chelsea,147
Lewisham,141
Wandsworth,240
Ealing,32
Kingston upon Thames,71
Tower Hamlets,115
Wandsworth,50
Lambeth,47
Westminster,279
Hammersmith and Fulham,102
Hillingdon,63
Kensington and Chelsea,208
Wandsworth,70
Croydon,45
Wandsworth,57
Lewisham,60
Lewisham,195
Kensington and Chelsea,148
Islington,135
Hammersmith and Fulham,40
Westminster,85
Waltham Forest,114
Wandsworth,64
Kingston upon Thames,38
Kensington and Chelsea,200
Islington,135
Westminster,118
Westminster,868
Wandsworth,61
Islington,111
Southwark,200
Westminster,100
Hackney,40
Brent,36
Westminster,350
Lewisham,154
Westminster,338
Lewisham,74
Westminster,175
Kensington and Chelsea,330
Hammersmith and Fulham,179
Wandsworth,600
Richmond upon Thames,50
Wandsworth,143
Westminster,186
Bromley,808
Camden,70
Lewisham,46
Barnet,89
Barnet,60
Southwark,62
Havering,62
Tower Hamlets,72
Camden,119
Tower Hamlets,156
Wandsworth,50
Newham,500
Wandsworth,86
Haringey,48
Newham,70
Islington,50
Islington,300
Enfield,43
Camden,65
Kensington and Chelsea,448
Hammersmith and Fulham,134
Hammersmith and Fulham,158
Kensington and Chelsea,227
Kensington and Chelsea,263
Hackney,48
Bexley,72
Barnet,61
Greenwich,190
Kensington and Chelsea,142
Kensington and Chelsea,285
Kensington and Chelsea,138
Kensington and Chelsea,143
Westminster,1490
Westminster,1490
Camden,122
Tower Hamlets,140
Greenwich,142
Kensington and Chelsea,171
Islington,280
Wandsworth,395
Kingston upon Thames,72
Hammersmith and Fulham,165
Kensington and Chelsea,205
Wandsworth,58
Waltham Forest,159
Southwark,162
Lewisham,82
City of London,225
Barking and Dagenham,130
Tower Hamlets,50
Ealing,77
Croydon,62
Hammersmith and Fulham,162
Hackney,53
Ealing,40
Kensington and Chelsea,218
Islington,47
Camden,108
Islington,55
Richmond upon Thames,285
Kensington and Chelsea,99
Southwark,76
Tower Hamlets,108
Camden,238
Westminster,78
Kensington and Chelsea,143
Tower Hamlets,245
Kensington and Chelsea,58
Croydon,67
Hackney,112
Lambeth,178
Southwark,102
Lambeth,372
Islington,67
Westminster,399
Westminster,205
Lambeth,52
Wandsworth,36
Kingston upon Thames,279
Brent,97
Ealing,33
Westminster,265
Kensington and Chelsea,428
Barnet,100
Kensington and Chelsea,905
Westminster,800
Lewisham,143
Hillingdon,35
Westminster,98
Newham,124
Redbridge,59
Westminster,89
Hackney,302
Westminster,281
Tower Hamlets,74
Southwark,130
Lewisham,24
Hackney,250
Tower Hamlets,100
Tower Hamlets,95
Westminster,238
Hackney,54
Westminster,142
Southwark,122
Waltham Forest,86
Westminster,223
Kingston upon Thames,41
Brent,70
Westminster,213
Hammersmith and Fulham,143
Westminster,121
Southwark,40
Hammersmith and Fulham,164
Kingston upon Thames,65
Westminster,578
Merton,913
Westminster,382
Newham,465
Westminster,322
Newham,405
Kensington and Chelsea,100
Tower Hamlets,109
Haringey,158
Lewisham,100
Newham,86
Westminster,116
Bromley,185
Brent,98
Harrow,55
Newham,200
Camden,353
Westminster,35
Tower Hamlets,261
Barnet,94
Westminster,276
Tower Hamlets,651
Lambeth,118
Camden,194
Haringey,133
Islington,119
Lewisham,144
Hammersmith and Fulham,311
Kensington and Chelsea,55
Camden,39
Kensington and Chelsea,150
Tower Hamlets,67
Brent,96
Brent,90
Lambeth,134
Islington,110
Greenwich,45
Westminster,340
Tower Hamlets,118
Sutton,76
Westminster,482
Islington,181
Camden,160
Brent,146
Hackney,248
Hackney,268
Southwark,95
Kensington and Chelsea,121
Kensington and Chelsea,136
Kensington and Chelsea,195
Kensington and Chelsea,166
Barnet,500
Camden,65
Kensington and Chelsea,112
Westminster,225
Richmond upon Thames,365
Enfield,199
Hammersmith and Fulham,19
Kensington and Chelsea,637
Southwark,72
Camden,145
Hammersmith and Fulham,60
Kensington and Chelsea,199
Lambeth,45
Ealing,50
Newham,197
Westminster,85
Bexley,56
Tower Hamlets,53
Ealing,117
Hammersmith and Fulham,137
Islington,188
Hammersmith and Fulham,269
Westminster,157
Lewisham,91
Hackney,166
Newham,89
Westminster,137
Haringey,47
Haringey,45
Haringey,51
Haringey,46
Westminster,98
Westminster,112
Bromley,133
Hammersmith and Fulham,170
Hammersmith and Fulham,166
Hackney,131
Kensington and Chelsea,286
Hackney,289
Westminster,332
Haringey,325
Westminster,95
Islington,218
Greenwich,50
Hammersmith and Fulham,116
Southwark,167
Bexley,208
Westminster,114
Kensington and Chelsea,275
Tower Hamlets,186
Ealing,74
Greenwich,41
Hammersmith and Fulham,166
Wandsworth,73
Hackney,121
Westminster,66
Haringey,230
Westminster,94
Bromley,777
Brent,83
Westminster,459
Westminster,66
Richmond upon Thames,153
Ealing,290
Islington,256
Islington,439
Kensington and Chelsea,305
Kensington and Chelsea,148
Hounslow,160
Harrow,72
Lambeth,260
Newham,103
Camden,102
Barnet,399
Brent,198
Merton,35
Wandsworth,191
Lewisham,52
Kingston upon Thames,58
Bromley,52
Hackney,181
Kensington and Chelsea,390
Lewisham,122
Tower Hamlets,41
Wandsworth,96
Lambeth,800
Westminster,422
Tower Hamlets,245
Tower Hamlets,336
Southwark,89
Lambeth,63
Hammersmith and Fulham,209
Westminster,274
Hackney,418
Tower Hamlets,530
Brent,147
Merton,51
Westminster,189
Hounslow,29
Camden,74
Westminster,117
Ealing,80
Southwark,186
Islington,460
Camden,351
Camden,153
Tower Hamlets,191
Tower Hamlets,171
Hillingdon,75
Hillingdon,86
Tower Hamlets,191
Westminster,76
Merton,38
Greenwich,149
Southwark,125
Camden,340
Hounslow,51
Hounslow,51
Hounslow,53
Waltham Forest,45
Camden,304
Newham,72
Lewisham,180
Hounslow,46
Wandsworth,117
Hackney,49
Tower Hamlets,115
Westminster,333
Westminster,250
Merton,37
Richmond upon Thames,95
Kensington and Chelsea,151
Croydon,43
Richmond upon Thames,56
Ealing,64
Kensington and Chelsea,305
Hackney,109
Tower Hamlets,185
Southwark,110
Tower Hamlets,341
Southwark,35
Richmond upon Thames,281
Westminster,49
Hounslow,44
Southwark,248
Westminster,273
Wandsworth,82
Islington,80
Westminster,285
Hounslow,44
Richmond upon Thames,71
Merton,58
Kensington and Chelsea,95
Lewisham,57
Camden,81
Westminster,240
Kensington and Chelsea,145
Lewisham,34
Barnet,376
Lewisham,32
Hackney,129
Brent,320
Hackney,35
Westminster,400
Brent,133
Islington,220
Hackney,90
Lewisham,163
Tower Hamlets,310
Westminster,618
Richmond upon Thames,111
Westminster,245
Hackney,80
Hammersmith and Fulham,79
Enfield,34
Hammersmith and Fulham,184
Croydon,70
Hammersmith and Fulham,93
Westminster,103
Croydon,69
Hammersmith and Fulham,21
Hammersmith and Fulham,22
Camden,20
Camden,24
Lambeth,41
Wandsworth,243
Newham,67
Brent,162
Richmond upon Thames,100
Kensington and Chelsea,129
Richmond upon Thames,96
Kensington and Chelsea,450
Merton,36
Westminster,159
Richmond upon Thames,46
Kensington and Chelsea,246
Westminster,1490
Southwark,35
Barking and Dagenham,176
Lewisham,113
Merton,175
Wandsworth,200
Greenwich,149
Kensington and Chelsea,224
Islington,75
Tower Hamlets,269
Hackney,32
Hackney,35
Kensington and Chelsea,253
Waltham Forest,119
Waltham Forest,110
Wandsworth,210
Camden,180
Kensington and Chelsea,99
Westminster,700
Greenwich,297
Lambeth,41
Camden,301
Brent,654
Croydon,36
Brent,98
Newham,76
Newham,102
Southwark,40
Southwark,48
Southwark,150
Wandsworth,48
Merton,105
Brent,147
Tower Hamlets,225
Camden,27
Camden,41
Westminster,485
Hackney,175
Croydon,72
Brent,65
Tower Hamlets,125
Hackney,69
Tower Hamlets,111
Tower Hamlets,122
Tower Hamlets,135
Hackney,54
Camden,127
Westminster,361
Haringey,190
Bexley,150
Westminster,549
Westminster,188
Westminster,123
Tower Hamlets,112
Tower Hamlets,119
Westminster,192
Tower Hamlets,129
Ealing,100
Lewisham,120
Westminster,150
Brent,150
Westminster,855
Waltham Forest,43
Lambeth,114
Kensington and Chelsea,185
Wandsworth,155
Haringey,76
Kensington and Chelsea,935
Westminster,156
Waltham Forest,31
Brent,35
Tower Hamlets,117
Westminster,368
Westminster,523
Kensington and Chelsea,159
Kensington and Chelsea,1100
City of London,240
Kensington and Chelsea,1950
Hounslow,67
Kensington and Chelsea,137
Wandsworth,400
Redbridge,1006
Lambeth,213
Southwark,190
Kensington and Chelsea,208
Lewisham,275
Camden,328
Greenwich,120
Redbridge,1006
Westminster,230
Ealing,47
Islington,45
Brent,250
Hounslow,167
Richmond upon Thames,92
Wandsworth,72
Barking and Dagenham,18
Brent,188
Newham,222
Brent,73
Hillingdon,64
Brent,66
Hackney,731
Lambeth,58
Hackney,314
Lewisham,40
Waltham Forest,74
Newham,98
Redbridge,155
Tower Hamlets,193
Lambeth,59
Westminster,143
Ealing,46
Lambeth,129
Tower Hamlets,188
Wandsworth,284
Wandsworth,340
Westminster,150
Westminster,190
Wandsworth,184
Westminster,156
Westminster,146
Westminster,146
Camden,95
Islington,65
Greenwich,160
Southwark,39
Hackney,168
Lewisham,27
Islington,221
Hounslow,80
Southwark,87
Westminster,200
Kensington and Chelsea,385
Enfield,60
Kensington and Chelsea,159
Camden,161
Southwark,48
Camden,126
Kensington and Chelsea,85
Lambeth,155
Kensington and Chelsea,85
Croydon,29
Camden,72
Westminster,900
Hammersmith and Fulham,225
Westminster,51
Westminster,750
Kensington and Chelsea,138
City of London,190
Kensington and Chelsea,243
Kensington and Chelsea,45
Richmond upon Thames,176
Kensington and Chelsea,55
Wandsworth,85
Brent,45
Kensington and Chelsea,279
Waltham Forest,158
Southwark,97
Camden,228
Greenwich,36
Haringey,73
Enfield,45
Merton,86
Hillingdon,99
Southwark,169
Brent,37
Havering,42
Hackney,142
Hackney,136
Waltham Forest,30
Richmond upon Thames,92
Tower Hamlets,67
Islington,200
Hounslow,59
Brent,81
Southwark,81
Kensington and Chelsea,499
Camden,173
Hammersmith and Fulham,43
Lambeth,175
Southwark,92
Merton,75
Harrow,74
Camden,268
Southwark,123
Southwark,217
Barking and Dagenham,27
Camden,50
Haringey,116
Islington,136
Enfield,60
Southwark,153
Islington,113
Islington,113
Tower Hamlets,125
Westminster,73
Brent,171
Kingston upon Thames,119
Waltham Forest,103
Barking and Dagenham,27
Barking and Dagenham,25
Wandsworth,37
Richmond upon Thames,131
Kensington and Chelsea,99
Kensington and Chelsea,99
Ealing,269
Wandsworth,60
Ealing,476
Redbridge,23
Westminster,251
Wandsworth,60
Richmond upon Thames,84
Greenwich,37
Greenwich,220
Kingston upon Thames,216
Waltham Forest,31
Brent,91
Hammersmith and Fulham,40
Brent,130
Brent,90
Camden,375
Harrow,87
Hackney,42
Enfield,134
Hackney,146
Hounslow,37
Redbridge,33
Croydon,28
Lewisham,46
Islington,50
Tower Hamlets,86
Brent,172
Enfield,204
Richmond upon Thames,105
Tower Hamlets,150
City of London,225
Kensington and Chelsea,309
Kensington and Chelsea,309
Camden,1094
Camden,400
Barnet,46
Hackney,83
Havering,26
Ealing,87
Hackney,169
Brent,92
Enfield,170
Islington,161
Hackney,88
Hammersmith and Fulham,173
Newham,88
Barnet,67
Tower Hamlets,68
Brent,172
Hammersmith and Fulham,52
Brent,172
Brent,172
Hammersmith and Fulham,123
Richmond upon Thames,112
Camden,352
Westminster,392
Kensington and Chelsea,362
Lambeth,151
Hackney,45
Kensington and Chelsea,350
Wandsworth,56
Bromley,69
Lambeth,32
Kensington and Chelsea,104
Hackney,126
Wandsworth,154
Hackney,82
Waltham Forest,100
Newham,33
Brent,122
Tower Hamlets,35
Merton,55
Camden,371
Westminster,552
Merton,68
Westminster,182
Waltham Forest,66
Hillingdon,140
Hounslow,37
Wandsworth,103
Kensington and Chelsea,131
Camden,235
Westminster,79
Bromley,40
Waltham Forest,73
Southwark,109
Islington,38
Hounslow,112
Bromley,33
Lambeth,105
Ealing,180
Hackney,69
Brent,371
Islington,72
Camden,500
Camden,500
Southwark,340
Ealing,353
Hammersmith and Fulham,94
Barnet,294
Westminster,421
Tower Hamlets,179
Hackney,112
Camden,41
Southwark,111
Camden,98
Islington,39
Hounslow,150
Lambeth,82
Tower Hamlets,59
Brent,47
Haringey,122
Kensington and Chelsea,200
Richmond upon Thames,125
Kensington and Chelsea,244
Camden,315
Kensington and Chelsea,214
Barking and Dagenham,34
Westminster,355
Richmond upon Thames,41
Croydon,121
Haringey,130
Hammersmith and Fulham,230
Westminster,778
Barking and Dagenham,23
Westminster,52
Newham,86
Brent,61
Southwark,150
Tower Hamlets,178
Greenwich,227
Kensington and Chelsea,108
Merton,54
Kensington and Chelsea,140
Newham,111
Ealing,30
Hammersmith and Fulham,66
Croydon,149
Merton,128
Ealing,50
Richmond upon Thames,201
Croydon,10
City of London,336
City of London,354
City of London,372
City of London,480
Southwark,54
Lewisham,48
Westminster,61
Ealing,46
Waltham Forest,114
Hounslow,52
Greenwich,76
City of London,498
Westminster,289
Croydon,136
Tower Hamlets,150
Wandsworth,68
Westminster,188
Westminster,218
Lewisham,51
Wandsworth,129
City of London,309
Ealing,320
Newham,93
Kensington and Chelsea,793
Croydon,49
Lambeth,159
Wandsworth,89
Hackney,152
Islington,125
Hounslow,55
Kensington and Chelsea,380
Hammersmith and Fulham,238
Camden,475
Lambeth,32
Barnet,96
Waltham Forest,281
Tower Hamlets,37
Enfield,38
Hackney,70
Westminster,250
Camden,355
Southwark,81
Waltham Forest,114
Ealing,62
Kingston upon Thames,51
Ealing,38
Westminster,1200
Tower Hamlets,242
Hammersmith and Fulham,181
Wandsworth,150
Islington,126
Brent,60
Greenwich,33
Greenwich,64
Kensington and Chelsea,198
Westminster,1000
Lambeth,159
Southwark,168
Brent,133
Kensington and Chelsea,217
Brent,276
Wandsworth,124
Waltham Forest,98
Kensington and Chelsea,7377
Kensington and Chelsea,7377
Brent,81
Westminster,334
Camden,199
Barking and Dagenham,22
Waltham Forest,73
Ealing,36
Westminster,66
Kensington and Chelsea,199
Islington,216
Hammersmith and Fulham,175
Islington,64
Lewisham,51
Tower Hamlets,267
City of London,282
Haringey,60
Merton,124
Kensington and Chelsea,235
Ealing,56
Wandsworth,65
Hammersmith and Fulham,155
Hackney,49
Hammersmith and Fulham,42
Lambeth,350
Lewisham,70
Hammersmith and Fulham,259
Wandsworth,61
Tower Hamlets,33
Westminster,239
Hackney,70
Islington,54
Tower Hamlets,44
Tower Hamlets,40
Redbridge,87
Lewisham,111
Hackney,57
Kingston upon Thames,182
Islington,140
Kensington and Chelsea,309
Kensington and Chelsea,249
Kensington and Chelsea,309
Barking and Dagenham,34
Hackney,113
Brent,400
Tower Hamlets,80
Greenwich,41
Redbridge,35
Croydon,38
Greenwich,149
Wandsworth,181
Lambeth,90
Lewisham,57
Havering,662
Southwark,140
Richmond upon Thames,211
Haringey,53
Tower Hamlets,413
Southwark,128
Redbridge,73
Camden,53
Barnet,110
Barnet,64
Barking and Dagenham,31
Kensington and Chelsea,118
Westminster,120
Camden,340
Camden,500
Kensington and Chelsea,142
Westminster,200
Hackney,135
Kensington and Chelsea,395
Newham,48
Tower Hamlets,197
Ealing,56
Hammersmith and Fulham,385
Kensington and Chelsea,58
Southwark,46
Hammersmith and Fulham,219
Southwark,45
Southwark,95
Hammersmith and Fulham,115
Tower Hamlets,77
Wandsworth,119
Kensington and Chelsea,225
Hammersmith and Fulham,279
Ealing,55
Croydon,33
Ealing,220
Lambeth,257
Camden,85
Islington,212
Camden,56
Hackney,37
Westminster,500
Hammersmith and Fulham,105
Kensington and Chelsea,382
Lewisham,136
Kensington and Chelsea,158
Kensington and Chelsea,145
Lambeth,147
Hounslow,1999
Haringey,58
Westminster,474
Hackney,194
Greenwich,149
Richmond upon Thames,2900
Southwark,86
Hackney,72
Kensington and Chelsea,250
Tower Hamlets,162
Kensington and Chelsea,305
Lambeth,98
Hammersmith and Fulham,181
Waltham Forest,1085
Islington,170
Brent,44
Hammersmith and Fulham,99
Hillingdon,69
Tower Hamlets,168
Westminster,635
Southwark,140
Camden,143
Hounslow,100
Southwark,130
Islington,72
Tower Hamlets,43
Kensington and Chelsea,495
Islington,183
Southwark,270
Kensington and Chelsea,158
Wandsworth,208
Hackney,184
Ealing,175
Richmond upon Thames,201
Westminster,200
Wandsworth,57
Brent,202
Richmond upon Thames,47
Sutton,303
Westminster,175
Redbridge,45
Hammersmith and Fulham,145
Newham,99
Lambeth,390
Ealing,32
Hammersmith and Fulham,176
Haringey,53
Kensington and Chelsea,170
Lambeth,112
Hackney,247
Bromley,52
Tower Hamlets,118
Tower Hamlets,183
Tower Hamlets,126
Richmond upon Thames,202
Richmond upon Thames,257
Richmond upon Thames,301
Haringey,67
Richmond upon Thames,108
Kensington and Chelsea,284
Bromley,22
Richmond upon Thames,109
Greenwich,63
Hackney,121
Hackney,136
Tower Hamlets,234
Camden,152
Westminster,94
Enfield,99
Greenwich,98
Richmond upon Thames,35
Camden,126
Redbridge,41
Kensington and Chelsea,265
Lewisham,27
Camden,57
Camden,57
Kensington and Chelsea,280
Hackney,48
Westminster,243
Westminster,392
Westminster,4750
Westminster,75
Bexley,95
Lewisham,43
Southwark,43
Haringey,90
Kensington and Chelsea,129
Kensington and Chelsea,161
Kensington and Chelsea,165
Redbridge,71
Kensington and Chelsea,238
Kensington and Chelsea,188
Kensington and Chelsea,174
Kensington and Chelsea,400
Haringey,67
Kensington and Chelsea,347
Kensington and Chelsea,276
Kensington and Chelsea,196
Richmond upon Thames,95
Kensington and Chelsea,272
Westminster,90
Tower Hamlets,85
Westminster,31
Lambeth,163
Haringey,59
Westminster,140
Havering,170
Westminster,150
Brent,103
Kensington and Chelsea,143
Kensington and Chelsea,85
Ealing,63
Kensington and Chelsea,97
Lambeth,76
Wandsworth,43
Ealing,65
Redbridge,70
Newham,35
Kensington and Chelsea,127
Kensington and Chelsea,131
Kensington and Chelsea,582
Greenwich,495
Newham,85
Kensington and Chelsea,282
Haringey,50
Westminster,171
Camden,162
Lambeth,41
Camden,125
Camden,63
Brent,79
Brent,41
Westminster,149
Hackney,157
Wandsworth,285
Camden,89
Camden,252
Bromley,84
Southwark,200
Lambeth,64
Westminster,270
Islington,180
Lambeth,178
Wandsworth,235
Kensington and Chelsea,181
Waltham Forest,386
Westminster,149
Islington,162
Southwark,112
Kensington and Chelsea,4938
Kensington and Chelsea,118
Islington,124
Tower Hamlets,219
Kingston upon Thames,201
Waltham Forest,137
Wandsworth,75
Hounslow,36
Kensington and Chelsea,2000
Hounslow,84
Waltham Forest,71
Greenwich,410
Tower Hamlets,95
Southwark,48
Brent,433
Greenwich,98
Barnet,91
Tower Hamlets,57
Kensington and Chelsea,295
Bromley,110
City of London,352
City of London,354
City of London,354
City of London,329
Wandsworth,170
Lambeth,54
Islington,68
Richmond upon Thames,117
Kensington and Chelsea,561
Hillingdon,81
Westminster,257
Lambeth,77
Brent,81
Islington,923
Redbridge,32
Havering,70
Waltham Forest,108
Camden,1000
Hackney,49
Camden,200
Hounslow,60
Southwark,97
Havering,45
Islington,45
Westminster,200
Southwark,90
Tower Hamlets,123
Hackney,46
Camden,346
Islington,126
Greenwich,57
Kensington and Chelsea,499
Southwark,122
Brent,346
Haringey,179
Hounslow,30
Redbridge,193
Tower Hamlets,215
Kensington and Chelsea,88
Hillingdon,57
Hackney,120
Southwark,125
Hammersmith and Fulham,145
Westminster,90
Southwark,35
Tower Hamlets,67
Barnet,205
Lewisham,81
Enfield,41
Westminster,95
Lambeth,410
Tower Hamlets,98
Wandsworth,136
Newham,55
Haringey,90
Hounslow,174
Havering,136
Hammersmith and Fulham,167
Greenwich,991
Brent,65
Kensington and Chelsea,161
Kensington and Chelsea,320
Kensington and Chelsea,173
Kensington and Chelsea,188
Kensington and Chelsea,500
Hounslow,45
Brent,171
Islington,174
Tower Hamlets,147
Hackney,80
Greenwich,56
Westminster,195
Hammersmith and Fulham,95
Lambeth,186
Kensington and Chelsea,72
Havering,62
Havering,66
Hounslow,171
Redbridge,145
Sutton,126
Kensington and Chelsea,104
Merton,100
Islington,69
City of London,226
Hounslow,225
Brent,171
Brent,171
Kensington and Chelsea,142
Lewisham,184
Islington,62
Croydon,38
Greenwich,40
Southwark,33
Lambeth,135
Richmond upon Thames,116
Barnet,233
Enfield,34
Hackney,123
Croydon,133
Ealing,107
Hammersmith and Fulham,213
Westminster,297
Westminster,216
Westminster,480
Kensington and Chelsea,604
Lewisham,45
Tower Hamlets,58
Merton,82
Kensington and Chelsea,190
Brent,162
Brent,82
Ealing,88
Ealing,67
Kensington and Chelsea,114
Waltham Forest,68
Westminster,151
Redbridge,95
Sutton,53
Camden,233
Wandsworth,123
Ealing,230
Hammersmith and Fulham,500
Enfield,31
Hackney,145
Richmond upon Thames,120
Westminster,561
Westminster,235
Kensington and Chelsea,133
Tower Hamlets,207
City of London,450
Tower Hamlets,66
Westminster,85
Enfield,80
Tower Hamlets,47
Tower Hamlets,72
Haringey,41
Newham,25
Islington,64
Westminster,355
Greenwich,53
Lambeth,72
Camden,135
Westminster,483
Westminster,327
Westminster,231
Camden,266
Richmond upon Thames,400
Redbridge,376
Tower Hamlets,163
Hackney,115
Tower Hamlets,253
Southwark,180
Wandsworth,41
Camden,350
Tower Hamlets,68
Tower Hamlets,52
Westminster,1000
Westminster,1000
Westminster,1000
Westminster,1000
Barnet,43
Merton,39
Hillingdon,99
Westminster,102
Barnet,121
Westminster,171
Westminster,287
Westminster,239
Islington,622
Hackney,28
Camden,495
Southwark,66
Westminster,195
Tower Hamlets,41
Tower Hamlets,160
Islington,104
Westminster,310
Greenwich,485
Westminster,113
Hackney,96
Westminster,765
Greenwich,223
Barnet,280
Southwark,185
Newham,219
Waltham Forest,63
Islington,62
Hounslow,65
Camden,71
Waltham Forest,63
Westminster,178
Ealing,159
Waltham Forest,347
Hillingdon,72
Lambeth,48
Southwark,169
Islington,38
Wandsworth,103
Camden,57
Tower Hamlets,126
Tower Hamlets,49
Tower Hamlets,45
Tower Hamlets,53
Merton,46
Bromley,77
Barnet,100
Lewisham,450
Kensington and Chelsea,486
Waltham Forest,130
Westminster,498
Waltham Forest,80
Southwark,461
Kensington and Chelsea,371
Hackney,181
Westminster,649
Tower Hamlets,191
Tower Hamlets,43
Tower Hamlets,39
Kingston upon Thames,46
Barnet,63
Hillingdon,43
Hillingdon,69
Hillingdon,85
Westminster,803
Westminster,441
Brent,708
Brent,37
Westminster,493
Newham,105
Wandsworth,231
Lambeth,245
Westminster,207
Tower Hamlets,67
Wandsworth,75
Lambeth,308
Southwark,57
Croydon,75
Wandsworth,167
Lambeth,90
Camden,306
Newham,60
Harrow,163
Lambeth,61
Richmond upon Thames,48
Kensington and Chelsea,447
Lambeth,69
Westminster,198
Bromley,37
Westminster,68
Lewisham,49
Tower Hamlets,98
Redbridge,89
Lambeth,65
Southwark,144
Westminster,229
Kensington and Chelsea,217
Hammersmith and Fulham,41
Barnet,42
Westminster,128
Ealing,40
Wandsworth,75
Kensington and Chelsea,322
Camden,118
Barnet,125
Hillingdon,151
Richmond upon Thames,73
Westminster,518
Kensington and Chelsea,151
Greenwich,261
Westminster,1004
Westminster,59
Camden,82
Camden,65
Camden,79
Camden,95
Westminster,202
Camden,66
Islington,652
Islington,630
Harrow,84
Tower Hamlets,39
Camden,314
Camden,240
Camden,300
Camden,224
Camden,216
Camden,322
Tower Hamlets,96
Tower Hamlets,44
Westminster,518
Westminster,1100
Westminster,119
Greenwich,34
Camden,78
Camden,140
Kensington and Chelsea,179
Hammersmith and Fulham,350
Islington,180
Camden,55
Hillingdon,129
Westminster,111
Westminster,179
Westminster,114
Westminster,184
Brent,55
Westminster,215
Haringey,100
Brent,37
Southwark,236
Hackney,86
Merton,184
Westminster,224
Lewisham,48
Ealing,363
Merton,125
Westminster,210
Brent,56
Westminster,240
Merton,143
Kensington and Chelsea,263
Hackney,48
Brent,141
Ealing,669
Kensington and Chelsea,72
Tower Hamlets,227
Westminster,253
Richmond upon Thames,88
Kensington and Chelsea,64
Kensington and Chelsea,60
Tower Hamlets,132
Tower Hamlets,197
Kensington and Chelsea,190
Kensington and Chelsea,55
Westminster,243
Westminster,304
Westminster,202
Southwark,132
Haringey,147
Westminster,68
Haringey,171
Westminster,65
Islington,133
Greenwich,28
Westminster,3153
Redbridge,66
Wandsworth,604
Greenwich,28
Greenwich,80
Kensington and Chelsea,325
Kensington and Chelsea,390
Westminster,329
Westminster,559
Tower Hamlets,112
Southwark,120
Westminster,200
Waltham Forest,45
Tower Hamlets,106
Westminster,118
Lambeth,95
Westminster,69
Ealing,36
Ealing,243
Islington,117
Bromley,86
Southwark,89
Croydon,35
Southwark,130
Westminster,209
Westminster,529
Brent,126
Waltham Forest,60
Hillingdon,42
Brent,72
Hammersmith and Fulham,219
Islington,67
Islington,414
Richmond upon Thames,69
Lambeth,108
Camden,271
Tower Hamlets,64
Southwark,39
Islington,358
Hackney,58
Kensington and Chelsea,585
Kensington and Chelsea,536
Kensington and Chelsea,424
Kensington and Chelsea,480
Greenwich,149
Enfield,66
Westminster,80
Southwark,80
Lambeth,140
Barnet,60
Greenwich,28
Westminster,133
Newham,300
Hammersmith and Fulham,254
Tower Hamlets,160
Tower Hamlets,39
Kingston upon Thames,32
Merton,72
Kensington and Chelsea,172
Greenwich,144
Lewisham,42
Wandsworth,113
Kensington and Chelsea,499
Islington,450
Brent,207
Tower Hamlets,160
Hillingdon,48
Islington,114
Tower Hamlets,99
Westminster,237
Wandsworth,60
Southwark,110
Ealing,63
Hammersmith and Fulham,118
Wandsworth,137
Southwark,50
Tower Hamlets,124
Hounslow,45
Hounslow,51
Camden,185
Richmond upon Thames,62
Camden,151
Kensington and Chelsea,159
Kensington and Chelsea,646
Wandsworth,144
Lambeth,137
Redbridge,1003
Westminster,905
Newham,903
Haringey,160
Wandsworth,240
Hackney,166
Greenwich,80
Newham,332
Hillingdon,164
Ealing,57
Barking and Dagenham,109
Tower Hamlets,34
Hammersmith and Fulham,257
Kensington and Chelsea,114
Tower Hamlets,50
Hackney,42
Lambeth,44
Hounslow,156
Hackney,288
Lambeth,52
Camden,89
Islington,65
Redbridge,34
Croydon,93
Southwark,180
Southwark,441
Lambeth,126
Hackney,136
Hackney,144
Bexley,40
Kensington and Chelsea,209
Camden,220
Kensington and Chelsea,76
Westminster,108
Harrow,128
Wandsworth,126
Merton,30
Lambeth,454
Westminster,661
Bromley,171
Kingston upon Thames,64
Kensington and Chelsea,271
Croydon,51
Hammersmith and Fulham,103
Westminster,715
Islington,180
Barnet,252
City of London,220
Westminster,149
Brent,92
Southwark,540
Greenwich,238
Lambeth,61
Tower Hamlets,67
Southwark,270
Lambeth,33
Westminster,323
Richmond upon Thames,77
Brent,171
Croydon,69
Kensington and Chelsea,271
Islington,245
Waltham Forest,95
Hounslow,45
Hillingdon,60
Kensington and Chelsea,126
Kensington and Chelsea,257
Barking and Dagenham,92
Hillingdon,63
Hillingdon,62
Kensington and Chelsea,349
Hillingdon,60
Greenwich,253
Newham,52
Hillingdon,59
Hillingdon,62
Hillingdon,64
Hillingdon,66
Hillingdon,66
Hillingdon,68
Hillingdon,66
Hillingdon,68
Camden,65
Camden,67
Wandsworth,359
Islington,215
Redbridge,23
Greenwich,76
Hackney,103
Hillingdon,80
Islington,102
Westminster,98
Brent,260
Ealing,32
Westminster,868
Tower Hamlets,126
Lambeth,33
Haringey,82
Redbridge,59
Bexley,56
Redbridge,95
Lewisham,187
Bromley,90
Barnet,68
Lambeth,315
Westminster,212
Lambeth,102
Hammersmith and Fulham,264
Westminster,215
Newham,57
Camden,208
Lambeth,33
Westminster,126
Enfield,158
Hillingdon,500
Islington,69
Southwark,77
Brent,61
Newham,255
Westminster,225
Camden,287
Hounslow,423
Westminster,268
Hammersmith and Fulham,24
Barnet,95
Greenwich,55
Lambeth,57
Lewisham,33
Merton,50
Greenwich,78
Southwark,252
Greenwich,29
Southwark,140
Tower Hamlets,74
Haringey,147
Camden,180
Hammersmith and Fulham,140
Kingston upon Thames,90
Wandsworth,43
Lambeth,103
Westminster,100
Newham,118
Ealing,38
Westminster,171
Greenwich,33
Greenwich,30
Camden,107
Newham,328
Hounslow,44
Newham,221
Bexley,81
Kensington and Chelsea,98
Havering,53
Barking and Dagenham,112
Southwark,201
Tower Hamlets,120
Waltham Forest,222
Enfield,158
Ealing,300
Westminster,197
Hackney,151
Greenwich,177
Brent,51
Lambeth,36
Barnet,82
Tower Hamlets,196
Wandsworth,143
Haringey,190
Bexley,61
Tower Hamlets,46
Kensington and Chelsea,285
Islington,514
Harrow,44
Waltham Forest,56
Greenwich,36
Camden,93
Camden,176
Greenwich,165
Kingston upon Thames,207
Greenwich,149
Wandsworth,102
Westminster,387
Wandsworth,86
Waltham Forest,40
Bromley,50
Tower Hamlets,164
Camden,127
Westminster,475
Bromley,77
Westminster,110
Lambeth,49
Lambeth,48
Lambeth,44
Tower Hamlets,50
Kensington and Chelsea,215
Bromley,37
Islington,108
Brent,36
Lewisham,76
Barnet,48
Haringey,33
Bromley,95
Wandsworth,335
Camden,165
Hounslow,72
Tower Hamlets,93
Camden,102
Camden,97
Camden,93
Camden,59
Islington,109
Hackney,87
Kensington and Chelsea,328
Westminster,114
Lambeth,190
Westminster,334
Southwark,334
Southwark,358
Camden,115
Barnet,146
Hammersmith and Fulham,249
Southwark,70
Hillingdon,40
Hillingdon,36
Tower Hamlets,44
Camden,135
Wandsworth,95
Barnet,114
Wandsworth,95
Westminster,173
Waltham Forest,113
Westminster,190
Enfield,88
Kensington and Chelsea,188
Westminster,164
Westminster,82
City of London,190
Brent,71
Kensington and Chelsea,107
Southwark,47
Wandsworth,140
Lambeth,240
Wandsworth,130
Enfield,40
Havering,58
Islington,99
Newham,90
Merton,45
Islington,76
Westminster,135
Sutton,54
Hounslow,86
Merton,40
Ealing,36
Hackney,162
Hackney,32
Sutton,113
Ealing,23
Tower Hamlets,204
Westminster,225
Wandsworth,652
Greenwich,39
Westminster,85
Tower Hamlets,170
Westminster,104
Ealing,160
Ealing,80
Westminster,196
Newham,130
Wandsworth,118
Kensington and Chelsea,620
Islington,99
Islington,149
Hammersmith and Fulham,48
Havering,192
Camden,46
Lambeth,46
Westminster,139
Wandsworth,26
Kensington and Chelsea,342
Kensington and Chelsea,125
Westminster,110
Newham,55
Hackney,54
Barking and Dagenham,36
Lambeth,333
Redbridge,92
Westminster,314
Wandsworth,88
Westminster,95
Kensington and Chelsea,75
Westminster,140
Islington,160
Hackney,168
Lambeth,300
Islington,382
Kensington and Chelsea,267
Tower Hamlets,73
Kensington and Chelsea,267
Camden,364
Tower Hamlets,176
Tower Hamlets,208
Tower Hamlets,248
Tower Hamlets,214
Hammersmith and Fulham,64
Bromley,100
Barnet,137
Kensington and Chelsea,347
Islington,110
Bexley,70
Westminster,85
Camden,108
Enfield,140
Enfield,152
Ealing,628
Southwark,217
Wandsworth,114
Westminster,36
Enfield,55
Havering,47
Westminster,30
Westminster,33
Westminster,22
Westminster,26
Westminster,22
Kensington and Chelsea,256
Kensington and Chelsea,148
Waltham Forest,80
Merton,73
Southwark,102
Merton,72
Westminster,88
Westminster,237
Greenwich,146
Havering,34
Hackney,253
Lambeth,36
Hackney,256
Islington,333
Kensington and Chelsea,637
Westminster,137
Kensington and Chelsea,137
Islington,99
Southwark,162
Lambeth,158
Brent,457
Westminster,26
Waltham Forest,70
Tower Hamlets,171
Ealing,248
Islington,110
Lambeth,45
Haringey,62
Southwark,111
Bromley,604
Westminster,330
Brent,140
Brent,57
Kensington and Chelsea,250
Croydon,86
Lambeth,42
Camden,441
Enfield,45
Kensington and Chelsea,128
Barnet,76
Islington,152
Haringey,158
Kensington and Chelsea,360
Sutton,99
Southwark,91
Westminster,338
Southwark,229
Westminster,563
Hammersmith and Fulham,200
Ealing,41
Wandsworth,107
Wandsworth,78
Ealing,54
Waltham Forest,260
Hackney,181
Kensington and Chelsea,915
Camden,116
Lambeth,36
Southwark,64
Hackney,111
Tower Hamlets,96
Southwark,220
Tower Hamlets,76
Ealing,200
Greenwich,108
Tower Hamlets,85
Haringey,60
Camden,103
Wandsworth,688
Hackney,62
Southwark,162
Westminster,419
Ealing,69
Camden,130
Brent,253
Kensington and Chelsea,415
Hammersmith and Fulham,81
Kensington and Chelsea,700
Richmond upon Thames,283
Kensington and Chelsea,250
Kensington and Chelsea,900
Hammersmith and Fulham,1096
Kingston upon Thames,35
Barnet,251
Brent,481
Southwark,121
Southwark,97
Tower Hamlets,71
Lewisham,138
Westminster,662
Wandsworth,60
Westminster,600
Wandsworth,62
Wandsworth,114
Westminster,176
Westminster,662
Wandsworth,817
Camden,450
Lewisham,190
Westminster,176
Westminster,211
Tower Hamlets,109
Hounslow,54
Hackney,49
Tower Hamlets,78
Hillingdon,87
Bexley,38
Greenwich,40
Kensington and Chelsea,264
Southwark,43
Waltham Forest,70
Bromley,76
Camden,140
Redbridge,193
Hillingdon,80
Tower Hamlets,99
Camden,110
Kensington and Chelsea,200
Islington,255
Merton,122
Camden,422
Southwark,180
Wandsworth,384
Sutton,26
Kensington and Chelsea,350
Kensington and Chelsea,372
Hammersmith and Fulham,90
Islington,207
Hammersmith and Fulham,172
Camden,172
Wandsworth,125
Greenwich,43
Brent,365
Camden,272
Hackney,114
Westminster,199
Greenwich,110
Westminster,86
Brent,453
Westminster,177
Ealing,72
Hammersmith and Fulham,187
Hackney,153
Lambeth,60
Hackney,104
Redbridge,54
Merton,270
Camden,140
Camden,108
Islington,294
Kingston upon Thames,43
Islington,252
Southwark,53
Southwark,51
Southwark,35
Hackney,75
Wandsworth,50
Brent,115
Sutton,67
Sutton,79
Westminster,178
Westminster,346
Kensington and Chelsea,496
Hammersmith and Fulham,166
Tower Hamlets,59
Haringey,47
Westminster,93
Enfield,200
Westminster,120
Bromley,62
Kingston upon Thames,76
Hammersmith and Fulham,380
Lambeth,75
Merton,46
Barnet,322
Southwark,38
Hackney,93
Kensington and Chelsea,450
Kensington and Chelsea,76
Waltham Forest,1150
Tower Hamlets,111
Lambeth,135
Southwark,88
Westminster,153
Kensington and Chelsea,372
Kensington and Chelsea,350
Westminster,408
Kensington and Chelsea,123
Westminster,76
Westminster,73
Westminster,73
Greenwich,44
Kensington and Chelsea,246
Westminster,193
Bromley,47
Waltham Forest,95
Westminster,77
Islington,55
Southwark,53
Southwark,74
Brent,109
Westminster,90
City of London,760
Lewisham,45
Islington,124
Havering,122
Tower Hamlets,120
Brent,52
Kensington and Chelsea,151
Lewisham,5000
Lambeth,160
Haringey,81
Tower Hamlets,81
Camden,119
Hillingdon,35
Hillingdon,38
Newham,176
Westminster,76
Hammersmith and Fulham,70
Wandsworth,32
Brent,81
Croydon,29
Kensington and Chelsea,286
Westminster,1000
Tower Hamlets,154
Kensington and Chelsea,499
Islington,145
Islington,114
Lewisham,41
Westminster,196
Merton,118
Hounslow,98
Newham,75
Camden,201
Westminster,290
Wandsworth,202
Southwark,348
Kensington and Chelsea,96
Camden,205
Wandsworth,77
Waltham Forest,110
Westminster,131
Greenwich,71
Enfield,186
Haringey,90
Tower Hamlets,81
Bromley,60
Kensington and Chelsea,209
Kensington and Chelsea,293
Lewisham,56
Croydon,37
Ealing,64
Hounslow,90
Tower Hamlets,155
Kensington and Chelsea,81
Westminster,380
Hackney,111
Westminster,98
Hammersmith and Fulham,65
Kensington and Chelsea,160
Wandsworth,90
Hackney,69
Tower Hamlets,68
Bexley,40
Newham,51
Islington,365
Croydon,131
Wandsworth,128
Hounslow,92
Newham,88
Westminster,111
Tower Hamlets,84
Tower Hamlets,77
Tower Hamlets,125
Westminster,1490
Waltham Forest,86
Haringey,31
Kensington and Chelsea,178
Islington,801
Islington,220
Camden,99
Merton,81
Islington,108
Ealing,270
Camden,364
Croydon,30
Brent,84
Barnet,44
Brent,75
Tower Hamlets,95
Newham,300
Islington,266
Islington,51
Hillingdon,38
Haringey,29
Haringey,49
Merton,55
Waltham Forest,76
Kensington and Chelsea,91
Hillingdon,43
Tower Hamlets,114
Westminster,475
Westminster,139
Southwark,123
Haringey,173
Southwark,80
Westminster,169
Lewisham,6523
Newham,344
Kensington and Chelsea,249
Westminster,138
Westminster,135
Westminster,125
Hammersmith and Fulham,45
Camden,82
Hammersmith and Fulham,149
Merton,500
Sutton,78
Camden,350
Camden,93
Newham,210
Camden,73
Camden,86
Camden,66
Croydon,138
Hackney,137
Kensington and Chelsea,156
Westminster,566
Richmond upon Thames,97
Camden,109
Westminster,117
Hammersmith and Fulham,235
Bromley,112
Barking and Dagenham,41
Barnet,54
Lewisham,62
Lewisham,30
Barnet,320
Southwark,136
Redbridge,26
Lewisham,71
Southwark,59
Greenwich,115
Havering,99
Hammersmith and Fulham,136
Merton,68
Wandsworth,75
Wandsworth,90
Hackney,139
Newham,90
Hammersmith and Fulham,85
Southwark,154
Westminster,880
Westminster,883
Wandsworth,454
Westminster,95
Camden,118
Croydon,40
Brent,104
Southwark,81
Merton,55
Kensington and Chelsea,250
Hammersmith and Fulham,120
Hammersmith and Fulham,81
Waltham Forest,72
Islington,44
Hackney,180
Hounslow,119
Westminster,176
Waltham Forest,86
Redbridge,56
Newham,117
Camden,247
Westminster,264
Hillingdon,37
Richmond upon Thames,112
Kingston upon Thames,80
Newham,66
Southwark,40
Waltham Forest,60
Tower Hamlets,115
Waltham Forest,98
Newham,175
Islington,24
Hackney,164
Westminster,117
Havering,38
Ealing,50
Westminster,135
Brent,103
Hackney,80
Waltham Forest,246
Merton,69
Merton,76
Merton,78
Haringey,114
City of London,525
Westminster,165
Lambeth,63
Lewisham,44
Redbridge,69
Redbridge,68
Westminster,113
Islington,270
Lewisham,73
Lewisham,39
Croydon,95
Hackney,48
Hillingdon,59
Westminster,193
Hammersmith and Fulham,91
Brent,53
Hackney,88
Camden,114
Kensington and Chelsea,319
Southwark,45
Hounslow,114
Islington,60
Newham,395
Westminster,124
Hammersmith and Fulham,117
Camden,100
Bexley,41
Barnet,401
Hackney,86
Hackney,78
Hackney,78
Southwark,60
Kensington and Chelsea,380
Sutton,53
Hackney,78
Hackney,80
Hackney,83
Hackney,79
Camden,364
Lambeth,345
Newham,109
Haringey,31
Westminster,112
Newham,53
Kensington and Chelsea,316
Lewisham,112
Wandsworth,144
Barnet,85
Lambeth,64
Waltham Forest,131
Hackney,400
Bromley,47
Westminster,122
Sutton,60
Haringey,42
Haringey,44
Wandsworth,40
Greenwich,45
Camden,136
Brent,119
Islington,136
Camden,156
Camden,225
Hackney,77
Westminster,480
Islington,87
Westminster,420
Hackney,100
Islington,122
Kensington and Chelsea,253
Newham,47
Hounslow,92
Hounslow,86
Lambeth,500
Lambeth,6666
Kensington and Chelsea,185
Harrow,32
Hammersmith and Fulham,260
Lambeth,195
Richmond upon Thames,600
Tower Hamlets,60
Merton,79
Barnet,41
Tower Hamlets,66
Tower Hamlets,165
Hackney,96
Hounslow,79
Hounslow,139
Southwark,78
Sutton,250
Hackney,337
Islington,49
Hackney,103
Croydon,31
Hackney,360
Lambeth,119
Haringey,55
Hackney,65
Hackney,89
Brent,68
Haringey,54
Hillingdon,102
Hackney,120
Kensington and Chelsea,118
Haringey,113
Kensington and Chelsea,105
Bromley,56
Islington,62
Camden,380
Greenwich,50
Kensington and Chelsea,1200
Richmond upon Thames,50
Newham,76
Richmond upon Thames,446
Camden,1069
Tower Hamlets,65
Hackney,98
Lewisham,161
Redbridge,229
Tower Hamlets,159
Waltham Forest,53
Brent,67
Hillingdon,164
Hammersmith and Fulham,110
Wandsworth,500
Kensington and Chelsea,275
Sutton,571
Wandsworth,202
Bromley,60
Westminster,135
Lambeth,221
Bromley,190
Harrow,451
Camden,160
Kensington and Chelsea,449
Tower Hamlets,368
Tower Hamlets,198
Tower Hamlets,170
Hackney,83
Hackney,82
Tower Hamlets,97
Barnet,76
Westminster,138
Croydon,86
Westminster,499
Tower Hamlets,357
Hounslow,64
Wandsworth,393
Camden,142
Waltham Forest,95
Hackney,143
Bexley,43
Ealing,43
Hackney,83
Hackney,81
Hackney,79
Bromley,36
Kensington and Chelsea,209
Hackney,239
Bromley,32
Camden,175
Islington,439
Hackney,79
Hackney,77
Hackney,82
Hackney,83
Hackney,930
Hackney,81
Hackney,80
Hackney,82
Hackney,95
Wandsworth,266
Lewisham,99
Southwark,350
Westminster,131
Tower Hamlets,438
Tower Hamlets,464
Tower Hamlets,361
Ealing,50
Islington,34
Camden,220
Hackney,152
Southwark,45
Camden,66
Camden,59
Richmond upon Thames,35
Kensington and Chelsea,172
Hillingdon,88
Kensington and Chelsea,288
Hillingdon,142
Kensington and Chelsea,371
Kensington and Chelsea,427
Kensington and Chelsea,504
Kensington and Chelsea,622
Bexley,49
Kensington and Chelsea,805
Kensington and Chelsea,534
Tower Hamlets,59
Kensington and Chelsea,450
Brent,150
Haringey,78
Tower Hamlets,79
Lambeth,59
Waltham Forest,410
Greenwich,214
Tower Hamlets,123
Camden,123
Islington,256
Waltham Forest,109
Hackney,52
Kensington and Chelsea,111
Lambeth,168
Kensington and Chelsea,432
Westminster,287
Bexley,40
Kensington and Chelsea,201
Kensington and Chelsea,262
Newham,115
Newham,107
Bromley,41
Hammersmith and Fulham,84
Camden,100
Lewisham,28
City of London,246
Lambeth,133
City of London,297
City of London,265
City of London,225
Camden,214
Kensington and Chelsea,358
Lambeth,110
Brent,55
Hammersmith and Fulham,73
Southwark,216
Bexley,80
Islington,162
Lambeth,50
Westminster,178
Hammersmith and Fulham,190
Bexley,76
Westminster,232
Tower Hamlets,98
Westminster,186
Enfield,27
Tower Hamlets,455
Tower Hamlets,280
Kensington and Chelsea,448
Waltham Forest,60
Bexley,105
Hackney,404
Barnet,33
Kingston upon Thames,128
Barnet,45
Haringey,61
Redbridge,86
Hammersmith and Fulham,41
Kensington and Chelsea,213
Barnet,117
Islington,161
Westminster,999
Ealing,125
Camden,52
Islington,65
Islington,80
Havering,102
Wandsworth,368
Waltham Forest,100
Kensington and Chelsea,129
Hammersmith and Fulham,202
Bromley,142
Westminster,60
Westminster,36
Kensington and Chelsea,153
Kensington and Chelsea,155
Kensington and Chelsea,127
Kensington and Chelsea,148
Kensington and Chelsea,162
Barnet,52
Hackney,50
Wandsworth,84
Camden,376
Southwark,54
Brent,57
Westminster,1164
Camden,430
Camden,28
Camden,34
Camden,42
Camden,51
Westminster,1857
Richmond upon Thames,95
Southwark,368
Wandsworth,163
Newham,123
Westminster,122
Haringey,40
Westminster,378
Westminster,77
Islington,189
Wandsworth,98
Hillingdon,42
Kingston upon Thames,57
Havering,81
Newham,77
Croydon,80
Hammersmith and Fulham,47
Westminster,382
Westminster,361
Lewisham,69
Ealing,110
Westminster,158
Westminster,575
Wandsworth,251
Lewisham,57
Croydon,94
Camden,143
Kensington and Chelsea,127
Kensington and Chelsea,903
Brent,202
Westminster,73
Islington,77
Ealing,136
Lewisham,85
Camden,123
Brent,133
Barnet,150
Camden,50
Camden,42
Camden,30
Camden,130
Hounslow,52
Camden,88
Hounslow,25
Islington,55
Camden,176
Tower Hamlets,536
Brent,129
Westminster,1000
Lambeth,1142
Ealing,77
Lambeth,283
City of London,190
Westminster,309
Westminster,212
Lambeth,151
Westminster,135
Barnet,151
Croydon,76
Westminster,63
Westminster,77
Westminster,77
Westminster,68
Westminster,60
Westminster,56
Lambeth,152
Tower Hamlets,170
Lambeth,108
Barnet,45
Tower Hamlets,179
Southwark,118
Hammersmith and Fulham,565
Westminster,384
Westminster,487
Brent,171
Lewisham,65
Camden,214
Kensington and Chelsea,153
Kingston upon Thames,150
Haringey,96
Westminster,393
Hammersmith and Fulham,2448
Westminster,902
Southwark,500
Haringey,90
Richmond upon Thames,90
Westminster,123
Camden,72
Camden,67
Brent,139
Greenwich,22
Tower Hamlets,57
Tower Hamlets,51
Tower Hamlets,69
Brent,319
Tower Hamlets,73
Westminster,206
Tower Hamlets,95
Tower Hamlets,131
Hackney,360
Havering,228
Westminster,239
Bexley,54
Westminster,500
Barking and Dagenham,34
Kensington and Chelsea,230
Camden,72
Camden,77
Camden,68
Camden,77
Westminster,392
Kensington and Chelsea,103
Kensington and Chelsea,30
Kensington and Chelsea,24
Westminster,22
Kensington and Chelsea,24
Westminster,32
Westminster,1000
Westminster,1000
Westminster,30
Westminster,167
Hackney,81
Lewisham,34
Tower Hamlets,250
Camden,54
Tower Hamlets,180
Hackney,57
Hillingdon,89
Westminster,291
Croydon,40
Wandsworth,137
Richmond upon Thames,116
Westminster,803
Hackney,100
Southwark,59
Lambeth,134
Redbridge,64
Newham,90
Camden,176
Sutton,72
Hammersmith and Fulham,77
Croydon,131
Westminster,22
Brent,114
Westminster,33
Westminster,27
Westminster,33
Wandsworth,100
Westminster,73
Bexley,62
Bromley,183
Havering,160
Bexley,27
Westminster,141
Westminster,1136
Islington,164
Islington,180
Islington,147
Islington,169
Lewisham,28
Wandsworth,195
Hackney,211
Greenwich,86
Greenwich,86
Islington,157
Westminster,200
Waltham Forest,50
Southwark,253
Westminster,453
Westminster,192
Westminster,236
Westminster,153
Westminster,167
Kensington and Chelsea,325
Camden,54
Hammersmith and Fulham,129
Wandsworth,79
Lewisham,86
Bexley,43
Ealing,140
Hackney,340
Lambeth,234
Tower Hamlets,109
Hackney,133
Hackney,72
Kensington and Chelsea,71
Wandsworth,110
Hackney,190
Camden,140
Camden,188
Tower Hamlets,65
Lewisham,185
Richmond upon Thames,54
Hackney,135
Brent,49
Lambeth,131
Wandsworth,50
Barnet,61
Enfield,105
Hammersmith and Fulham,172
Hounslow,91
Southwark,787
Islington,208
Brent,188
Hackney,190
Westminster,107
Camden,313
Brent,252
Harrow,128
Hackney,92
Southwark,270
Southwark,241
Southwark,187
Southwark,139
Kensington and Chelsea,242
Camden,47
Southwark,120
Kensington and Chelsea,72
Brent,77
Croydon,35
Kensington and Chelsea,46
Wandsworth,98
Croydon,143
Southwark,48
Redbridge,247
Ealing,118
Southwark,59
Southwark,831
Camden,132
Westminster,429
Kensington and Chelsea,145
Westminster,1692
Westminster,252
Hackney,152
Lambeth,178
Kensington and Chelsea,25
Westminster,242
Kensington and Chelsea,1000
Sutton,33
Richmond upon Thames,190
Camden,326
Hackney,132
Lambeth,186
Bromley,157
Camden,135
Camden,183
Camden,101
Camden,83
Camden,156
Camden,165
Camden,134
Westminster,2300
Camden,105
Wandsworth,714
Camden,1080
Islington,238
Camden,318
Camden,162
Kensington and Chelsea,142
Westminster,385
Kensington and Chelsea,259
Southwark,48
Southwark,51
Southwark,45
Sutton,33
Richmond upon Thames,291
Westminster,213
Camden,160
Westminster,530
Camden,485
Lewisham,247
Kensington and Chelsea,243
Hackney,135
Islington,225
Kensington and Chelsea,1200
Kensington and Chelsea,35
Harrow,136
Southwark,141
Hounslow,1980
Kensington and Chelsea,200
Kensington and Chelsea,122
Redbridge,24
Westminster,311
Kensington and Chelsea,90
Lambeth,145
Enfield,56
Brent,114
Lewisham,168
Kensington and Chelsea,313
Croydon,99
Croydon,45
Kensington and Chelsea,109
Croydon,48
Haringey,267
Hackney,114
Hackney,63
Kensington and Chelsea,142
Kensington and Chelsea,70
Kensington and Chelsea,76
Camden,76
Kensington and Chelsea,131
Greenwich,248
Kensington and Chelsea,145
Tower Hamlets,69
Westminster,300
Havering,80
Westminster,285
Westminster,196
Southwark,120
Southwark,268
Southwark,273
Southwark,269
Southwark,260
Southwark,310
Southwark,282
Westminster,200
Haringey,125
Southwark,332
Lewisham,52
Lambeth,56
Westminster,471
Barnet,275
Kensington and Chelsea,190
Tower Hamlets,176
Hammersmith and Fulham,140
Westminster,186
Redbridge,56
Camden,80
Lambeth,112
Tower Hamlets,108
Brent,68
Tower Hamlets,121
Wandsworth,213
Hammersmith and Fulham,83
Westminster,47
Hackney,503
Westminster,51
Westminster,63
Bexley,60
Westminster,100
Greenwich,184
Enfield,51
Merton,63
Tower Hamlets,224
Camden,94
Lambeth,780
Westminster,252
Hackney,56
Wandsworth,50
Brent,100
Lambeth,86
Kensington and Chelsea,180
Westminster,223
Westminster,720
Tower Hamlets,203
Tower Hamlets,54
Westminster,157
Kensington and Chelsea,370
Westminster,114
Tower Hamlets,84
Westminster,226
Havering,112
Barking and Dagenham,54
Kensington and Chelsea,112
Southwark,125
Hillingdon,198
Waltham Forest,42
Westminster,203
Islington,61
Lambeth,42
Enfield,72
Haringey,56
Sutton,72
Bromley,101
Bexley,65
Westminster,238
Camden,502
Westminster,150
Kingston upon Thames,92
Hammersmith and Fulham,180
Croydon,106
Croydon,89
Camden,940
Hackney,186
Hillingdon,83
Barnet,107
Wandsworth,225
Hackney,158
Hillingdon,32
Hammersmith and Fulham,259
Brent,240
Redbridge,35
Camden,55
Lambeth,186
Westminster,220
Westminster,206
Westminster,232
Westminster,220
Westminster,265
Westminster,330
Westminster,305
Westminster,648
Westminster,567
Westminster,740
Westminster,297
Westminster,417
Enfield,27
Kensington and Chelsea,150
Westminster,171
Barnet,38
Hounslow,216
Tower Hamlets,160
Barking and Dagenham,40
Kingston upon Thames,51
Bexley,60
Waltham Forest,43
Southwark,40
Hackney,125
Bexley,46
Hillingdon,140
Wandsworth,218
Wandsworth,128
Westminster,264
Barking and Dagenham,84
Hammersmith and Fulham,219
Hammersmith and Fulham,290
Redbridge,91
Harrow,150
Westminster,987
Westminster,130
Westminster,126
Kensington and Chelsea,195
Newham,21
Havering,32
Westminster,395
Westminster,656
Westminster,343
Lewisham,135
Westminster,187
Hammersmith and Fulham,73
Tower Hamlets,160
Kensington and Chelsea,113
Haringey,77
Tower Hamlets,150
Redbridge,69
Barnet,82
Lewisham,32
Brent,60
Camden,260
Islington,77
Brent,57
Kensington and Chelsea,66
Lambeth,30
Kingston upon Thames,50
Southwark,104
Haringey,125
Merton,180
Camden,168
Southwark,29
Ealing,65
Croydon,77
Islington,107
Waltham Forest,252
Westminster,229
Lewisham,61
Lewisham,173
Enfield,43
Redbridge,62
Tower Hamlets,45
Southwark,225
Islington,310
Richmond upon Thames,159
Islington,58
Islington,59
Islington,51
Camden,83
Islington,55
Kensington and Chelsea,317
Tower Hamlets,212
Islington,1005
Lambeth,55
Hounslow,60
Enfield,153
Kensington and Chelsea,104
Hillingdon,45
Lewisham,91
Wandsworth,147
Southwark,200
Wandsworth,100
Kensington and Chelsea,320
Kensington and Chelsea,276
Kensington and Chelsea,250
Westminster,407
Tower Hamlets,156
Tower Hamlets,158
Kensington and Chelsea,82
Lambeth,178
Ealing,900
Kensington and Chelsea,125
Richmond upon Thames,200
Kensington and Chelsea,137
Tower Hamlets,162
Waltham Forest,124
Bexley,27
Lambeth,186
Haringey,115
Ealing,77
Redbridge,130
Westminster,313
Ealing,29
Islington,201
Camden,31
Camden,286
Westminster,114
Camden,172
Southwark,103
Lewisham,151
Tower Hamlets,107
Croydon,162
Waltham Forest,1000
Newham,29
Camden,212
Hounslow,146
Hackney,89
Westminster,1500
Wandsworth,55
Waltham Forest,86
Kensington and Chelsea,76
Lewisham,90
Camden,66
Southwark,176
Newham,38
Croydon,60
Hackney,221
Camden,106
Brent,206
Bromley,481
Barnet,36
Hackney,200
Lambeth,36
Brent,45
Hammersmith and Fulham,53
Kensington and Chelsea,109
Kensington and Chelsea,113
Westminster,93
Hillingdon,96
Kingston upon Thames,125
Newham,67
Brent,100
Islington,199
Redbridge,54
Southwark,202
Tower Hamlets,197
Islington,100
Brent,119
Brent,375
Wandsworth,453
Hackney,297
Barking and Dagenham,37
Hillingdon,54
Newham,49
Hackney,90
Bexley,69
Lewisham,48
Tower Hamlets,214
Hackney,200
Westminster,204
Tower Hamlets,54
Croydon,39
Barnet,122
Westminster,115
Brent,48
Barnet,201
Islington,53
Islington,81
Islington,57
Camden,63
Westminster,65
Brent,39
Westminster,311
Tower Hamlets,135
Hounslow,500
Camden,155
Ealing,157
Croydon,35
Brent,280
Westminster,884
Hillingdon,128
Brent,138
Southwark,106
Hounslow,200
Camden,75
Hammersmith and Fulham,281
Waltham Forest,96
Wandsworth,93
Southwark,173
Westminster,45
Hounslow,36
Hackney,452
Hammersmith and Fulham,215
Hammersmith and Fulham,298
Camden,161
Kensington and Chelsea,398
Ealing,86
Lewisham,60
Tower Hamlets,58
Wandsworth,216
Wandsworth,72
Hounslow,49
Islington,128
Wandsworth,50
Redbridge,31
Bromley,158
Croydon,41
Lewisham,53
Croydon,264
Camden,950
Lambeth,353
Greenwich,148
Newham,58
Wandsworth,99
Hackney,150
Hackney,187
Hackney,206
Hackney,132
Westminster,121
Newham,33
Richmond upon Thames,200
Kensington and Chelsea,319
Kensington and Chelsea,290
Croydon,72
Tower Hamlets,54
Croydon,33
Greenwich,87
Southwark,58
Southwark,59
Bromley,111
Bromley,168
Hackney,155
Westminster,150
Brent,189
Hillingdon,98
Islington,36
Southwark,62
Westminster,295
Waltham Forest,58
Ealing,45
Islington,158
Southwark,40
Croydon,49
Greenwich,155
Lewisham,140
Kensington and Chelsea,234
Camden,81
Wandsworth,154
Westminster,214
Camden,95
Lewisham,211
Kensington and Chelsea,101
Greenwich,73
Lewisham,35
Croydon,23
Croydon,31
Islington,56
Tower Hamlets,85
Tower Hamlets,50
Tower Hamlets,75
Camden,59
Hackney,113
Richmond upon Thames,380
Tower Hamlets,143
Haringey,175
Westminster,300
Westminster,256
Southwark,250
Wandsworth,200
Kingston upon Thames,181
Westminster,413
Tower Hamlets,120
Westminster,338
Newham,401
Brent,420
Havering,74
Lambeth,302
Greenwich,266
Waltham Forest,36
Richmond upon Thames,82
Ealing,40
Kensington and Chelsea,201
Tower Hamlets,76
Newham,47
Westminster,127
Hillingdon,57
Hackney,157
Islington,56
Westminster,126
Haringey,70
Islington,135
Hammersmith and Fulham,40
Westminster,150
Greenwich,32
Croydon,26
Croydon,78
Greenwich,401
Kensington and Chelsea,251
Kensington and Chelsea,83
Haringey,32
Westminster,204
Westminster,326
Kensington and Chelsea,282
Croydon,36
Bexley,77
Camden,202
Hackney,138
Camden,195
Camden,184
Haringey,43
Lewisham,29
Camden,149
Tower Hamlets,322
Westminster,132
Tower Hamlets,258
Tower Hamlets,344
Hackney,224
Hillingdon,68
Merton,980
Westminster,214
Hackney,224
Kensington and Chelsea,216
Kensington and Chelsea,248
Richmond upon Thames,126
Hillingdon,146
Hackney,243
Hammersmith and Fulham,86
Newham,136
Lewisham,108
Merton,63
Hackney,191
Croydon,43
Ealing,135
Westminster,56
Barking and Dagenham,30
Redbridge,57
Islington,408
Southwark,179
Enfield,234
Tower Hamlets,120
Westminster,189
Westminster,474
Haringey,41
Ealing,294
Brent,67
Westminster,151
Westminster,229
Kensington and Chelsea,123
Lambeth,364
Westminster,90
Bromley,112
Southwark,71
Westminster,550
Westminster,281
Richmond upon Thames,103
Camden,148
Islington,101
Camden,40
Havering,58
Tower Hamlets,50
Camden,119
Lewisham,23
Wandsworth,58
Kensington and Chelsea,283
Kensington and Chelsea,245
Westminster,251
Westminster,238
Hackney,228
Westminster,220
Westminster,228
Greenwich,84
Camden,122
Islington,222
Kensington and Chelsea,158
Hackney,159
Westminster,262
Hammersmith and Fulham,38
Havering,27
Kensington and Chelsea,112
Hammersmith and Fulham,263
Westminster,59
Westminster,57
Brent,90
Croydon,95
Wandsworth,456
Westminster,79
Lambeth,164
Westminster,135
Lambeth,93
Ealing,79
Tower Hamlets,73
Wandsworth,450
Wandsworth,51
Hackney,92
Kensington and Chelsea,264
Westminster,48
Merton,40
Hackney,449
Camden,92
Newham,55
Bexley,59
Barnet,86
Islington,150
Westminster,48
Westminster,72
Westminster,81
Southwark,35
Brent,45
Kensington and Chelsea,396
Westminster,150
Ealing,39
Kensington and Chelsea,140
Hounslow,30
Westminster,190
Camden,210
Tower Hamlets,209
Kensington and Chelsea,115
Tower Hamlets,149
Newham,39
City of London,210
City of London,210
City of London,210
Southwark,38
Lewisham,77
Westminster,232
Westminster,314
Bromley,62
Barking and Dagenham,164
Croydon,150
Croydon,135
Islington,156
Kensington and Chelsea,309
Westminster,453
Tower Hamlets,92
Kensington and Chelsea,316
Kensington and Chelsea,316
Westminster,109
Hounslow,67
Kingston upon Thames,48
Camden,58
Hackney,40
Hackney,65
Hackney,40
Westminster,354
Westminster,38
Waltham Forest,110
Enfield,18
Lewisham,40
Wandsworth,38
Westminster,528
Wandsworth,128
Hounslow,35
Haringey,38
Hackney,335
Harrow,87
Enfield,32
Lewisham,35
Wandsworth,143
Bexley,375
Greenwich,375
Kensington and Chelsea,436
Southwark,125
Croydon,75
Southwark,180
Camden,136
Wandsworth,88
Camden,279
Westminster,513
Tower Hamlets,300
Lambeth,32
Brent,85
Newham,34
Croydon,57
Barnet,85
Hammersmith and Fulham,153
Hammersmith and Fulham,185
Hackney,28
Westminster,95
Croydon,85
Kensington and Chelsea,452
Hounslow,93
Westminster,280
Camden,56
Westminster,198
Tower Hamlets,289
Westminster,79
Westminster,87
Croydon,48
Kensington and Chelsea,308
Westminster,173
Westminster,437
Croydon,150
Hackney,125
Kensington and Chelsea,403
Kensington and Chelsea,359
Westminster,139
Camden,149
Hounslow,30
Tower Hamlets,38
Camden,139
Tower Hamlets,38
Tower Hamlets,707
Islington,1332
Bexley,135
Greenwich,198
Hillingdon,151
Westminster,181
Ealing,205
Westminster,488
Kensington and Chelsea,328
Ealing,205
Ealing,350
Kensington and Chelsea,150
Tower Hamlets,91
Kensington and Chelsea,356
Hillingdon,166
Lambeth,340
Tower Hamlets,352
Westminster,160
Waltham Forest,58
Hackney,33
Bexley,56
Camden,114
Westminster,425
Hammersmith and Fulham,164
Kensington and Chelsea,55
Camden,183
Kensington and Chelsea,311
Westminster,322
Hillingdon,151
Hillingdon,166
Ealing,98
Croydon,45
Westminster,680
Westminster,264
Merton,220
Merton,220
Merton,300
Westminster,212
Merton,190
Southwark,27
Camden,460
Kingston upon Thames,180
Merton,180
Merton,200
Westminster,244
Islington,159
Southwark,53
Greenwich,31
Tower Hamlets,60
Richmond upon Thames,135
Wandsworth,5000
Hammersmith and Fulham,100
Westminster,149
Islington,92
Hounslow,135
Richmond upon Thames,171
Hackney,55
Sutton,170
Westminster,332
Brent,45
Tower Hamlets,59
Westminster,248
Westminster,233
Redbridge,45
Islington,133
Islington,125
Islington,143
Tower Hamlets,35
Hounslow,176
Barnet,57
Kensington and Chelsea,395
Tower Hamlets,96
Camden,80
Hackney,80
Hackney,92
Camden,362
Wandsworth,250
Westminster,775
Islington,107
Brent,41
Wandsworth,200
Hackney,113
Southwark,80
Kensington and Chelsea,146
Camden,110
Camden,140
Ealing,150
Camden,174
Kensington and Chelsea,167
Kensington and Chelsea,194
Barnet,280
Camden,195
Hammersmith and Fulham,68
Westminster,175
Westminster,482
Harrow,69
Richmond upon Thames,90
Camden,230
Hammersmith and Fulham,126
Kensington and Chelsea,85
Hammersmith and Fulham,75
Lambeth,97
Camden,362
Kensington and Chelsea,241
Camden,68
Tower Hamlets,231
Hillingdon,173
Hounslow,119
Westminster,240
Islington,104
Waltham Forest,29
Hackney,165
Kensington and Chelsea,145
Westminster,384
Westminster,356
Wandsworth,330
Hammersmith and Fulham,72
Kensington and Chelsea,210
Camden,147
Westminster,317
Hackney,108
Wandsworth,262
Camden,423
Hackney,224
Hammersmith and Fulham,125
Lambeth,135
Westminster,504
Hammersmith and Fulham,357
Wandsworth,95
Wandsworth,188
Kensington and Chelsea,188
Bromley,206
Hammersmith and Fulham,81
Sutton,81
Lambeth,175
Wandsworth,355
Kensington and Chelsea,952
Camden,126
Kensington and Chelsea,103
Westminster,165
Lewisham,195
Richmond upon Thames,247
Southwark,133
Hammersmith and Fulham,167
Camden,346
Wandsworth,1000
Camden,140
Westminster,301
Westminster,211
Waltham Forest,64
Ealing,70
Kensington and Chelsea,262
Camden,362
Westminster,89
Hackney,290
Harrow,143
Barnet,149
Islington,33
Westminster,149
Barnet,130
Ealing,10
Camden,57
City of London,345
Westminster,64
Hackney,95
Tower Hamlets,54
Westminster,139
Newham,250
Westminster,153
Camden,385
Haringey,275
Wandsworth,350
Hounslow,87
Hillingdon,79
Wandsworth,262
Newham,35
Southwark,244
Hackney,800
Islington,250
Islington,549
Westminster,208
Westminster,355
Newham,105
Waltham Forest,276
Barking and Dagenham,45
Westminster,212
Ealing,79
Hackney,115
Lambeth,54
Westminster,511
Tower Hamlets,219
Hackney,275
Hackney,132
City of London,375
Westminster,220
Camden,410
Westminster,94
Westminster,330
Camden,66
Camden,79
Bromley,105
Westminster,354
Lambeth,101
Wandsworth,1000
Camden,109
Westminster,276
Islington,833
Greenwich,55
City of London,545
Hackney,158
Wandsworth,227
Westminster,118
Bexley,52
Lewisham,171
Haringey,192
Camden,215
Camden,252
Camden,212
Camden,186
Camden,247
Southwark,126
Southwark,156
Kensington and Chelsea,140
Kensington and Chelsea,155
Kensington and Chelsea,175
Barnet,47
Tower Hamlets,71
Islington,132
Kensington and Chelsea,170
Croydon,54
Westminster,69
Westminster,278
Westminster,299
Barking and Dagenham,45
Camden,100
Harrow,163
Lewisham,97
Croydon,48
Hounslow,38
Hackney,103
Hackney,103
Hackney,122
Hackney,97
Hackney,86
Hackney,87
Hackney,97
Hackney,103
Kensington and Chelsea,151
Merton,284
Hackney,424
Westminster,430
Wandsworth,1000
Islington,225
Hackney,179
Westminster,338
Haringey,57
Lambeth,124
Barking and Dagenham,78
Westminster,276
Westminster,419
Westminster,338
Camden,193
Greenwich,73
Hammersmith and Fulham,28
Hammersmith and Fulham,31
Tower Hamlets,43
Croydon,99
Hammersmith and Fulham,150
Islington,112
City of London,645
Westminster,338
Camden,276
Westminster,419
Westminster,321
Camden,338
Camden,276
Camden,338
Westminster,383
Westminster,270
Westminster,425
Westminster,315
Westminster,425
Westminster,762
Westminster,85
Kensington and Chelsea,512
Merton,75
Ealing,106
Barnet,296
Hounslow,82
Kensington and Chelsea,374
Newham,248
Islington,110
Tower Hamlets,174
Enfield,114
Camden,85
Lambeth,225
Wandsworth,900
Hackney,40
Hackney,324
Hackney,378
Brent,114
Hackney,301
Haringey,77
Westminster,314
Westminster,314
Westminster,302
Westminster,314
Westminster,314
Westminster,150
Hackney,150
Hackney,148
Westminster,183
Haringey,46
Camden,85
Southwark,67
Lambeth,117
Westminster,129
Wandsworth,386
Tower Hamlets,45
Wandsworth,133
Westminster,244
Westminster,282
Islington,173
Tower Hamlets,204
Camden,85
Tower Hamlets,74
Redbridge,35
Havering,41
Westminster,390
Westminster,254
Islington,213
Westminster,323
Westminster,269
Enfield,45
Westminster,314
Camden,85
Richmond upon Thames,38
Wandsworth,198
Lambeth,73
Ealing,191
Islington,56
Ealing,62
Enfield,106
Hammersmith and Fulham,126
Southwark,66
Westminster,108
Sutton,55
Sutton,60
Westminster,227
Hackney,72
Tower Hamlets,331
Southwark,119
Camden,85
Lambeth,79
Islington,136
Southwark,155
Camden,61
Lambeth,403
Lambeth,255
Southwark,61
Westminster,388
Westminster,268
Westminster,327
Wandsworth,53
Croydon,52
Hackney,129
Westminster,229
Westminster,225
Camden,195
Hounslow,229
Westminster,147
Kensington and Chelsea,90
Westminster,258
Wandsworth,35
Brent,43
Hammersmith and Fulham,1516
Hammersmith and Fulham,192
Westminster,102
Islington,29
Hillingdon,36
Brent,273
Kensington and Chelsea,108
Westminster,365
Islington,155
Hammersmith and Fulham,225
Southwark,86
Kensington and Chelsea,109
Waltham Forest,47
Westminster,329
Kensington and Chelsea,298
Croydon,27
Kingston upon Thames,140
Kensington and Chelsea,123
Camden,80
Kensington and Chelsea,97
Tower Hamlets,50
Westminster,149
Westminster,150
Ealing,96
Camden,158
Camden,162
Newham,49
Camden,231
Camden,85
Tower Hamlets,161
Camden,95
Kensington and Chelsea,130
Croydon,29
Hillingdon,151
Hackney,154
Havering,138
Kensington and Chelsea,83
Tower Hamlets,90
Hounslow,39
Ealing,147
Wandsworth,112
Camden,74
Harrow,98
Southwark,43
Waltham Forest,95
Kensington and Chelsea,123
Tower Hamlets,68
Enfield,129
Brent,97
Hackney,51
Hammersmith and Fulham,95
Westminster,295
Camden,160
Hackney,45
Hillingdon,140
Tower Hamlets,191
Hackney,173
Lewisham,323
Waltham Forest,38
Newham,60
Westminster,171
Lewisham,250
Kensington and Chelsea,355
Kingston upon Thames,72
Westminster,336
Camden,337
Newham,38
Lambeth,193
Barnet,80
Tower Hamlets,225
Kensington and Chelsea,195
Kensington and Chelsea,171
Hackney,47
Hounslow,192
Lewisham,25
Kensington and Chelsea,252
Camden,85
Croydon,69
Kensington and Chelsea,117
Greenwich,45
Westminster,189
Hammersmith and Fulham,52
Wandsworth,242
Brent,59
Kensington and Chelsea,328
Merton,94
Ealing,137
City of London,113
City of London,103
City of London,195
Brent,478
Tower Hamlets,95
Hackney,133
Westminster,327
Southwark,133
Haringey,53
Wandsworth,74
Greenwich,34
Islington,135
Hammersmith and Fulham,39
Newham,50
Kingston upon Thames,55
Hammersmith and Fulham,117
Haringey,45
Hillingdon,61
Redbridge,167
Hillingdon,59
Southwark,206
Wandsworth,180
Hillingdon,58
Hillingdon,59
Sutton,35
Kensington and Chelsea,70
Southwark,34
Wandsworth,222
Barking and Dagenham,48
Lambeth,120
Westminster,105
Waltham Forest,39
Barnet,59
Camden,6000
Westminster,118
Westminster,1800
Bromley,86
Harrow,181
Camden,66
Westminster,86
Westminster,142
Lewisham,950
Tower Hamlets,77
Lambeth,134
Tower Hamlets,100
Richmond upon Thames,44
Westminster,7019
Croydon,47
Wandsworth,143
Barnet,81
Westminster,406
Kensington and Chelsea,264
Hillingdon,360
Islington,197
Haringey,224
Barnet,89
Westminster,265
Barnet,131
Redbridge,760
Merton,122
Greenwich,139
Haringey,99
Hounslow,65
Wandsworth,52
Hammersmith and Fulham,183
Westminster,100
Camden,300
Haringey,216
Westminster,298
Hackney,152
Southwark,86
Waltham Forest,50
Westminster,399
Kensington and Chelsea,128
Ealing,74
Westminster,319
Greenwich,157
Camden,65
Harrow,200
Kingston upon Thames,78
Westminster,327
Tower Hamlets,213
Kensington and Chelsea,350
Newham,55
Kensington and Chelsea,498
Havering,179
Hounslow,205
Tower Hamlets,63
Ealing,97
Camden,121
Westminster,164
Camden,151
Hackney,154
Lewisham,150
Ealing,47
Westminster,78
Wandsworth,216
Redbridge,81
Kensington and Chelsea,171
Hackney,217
Islington,122
Camden,112
Westminster,100
Kensington and Chelsea,101
Westminster,616
Waltham Forest,279
Camden,146
Southwark,288
Camden,150
Greenwich,37
Ealing,111
Camden,330
Richmond upon Thames,112
Kensington and Chelsea,90
Kensington and Chelsea,136
Hammersmith and Fulham,171
Kensington and Chelsea,332
Kensington and Chelsea,83
Islington,205
Bexley,111
Ealing,54
Redbridge,100
Tower Hamlets,300
Islington,225
Bromley,225
Havering,50
Kensington and Chelsea,353
Kensington and Chelsea,398
Barnet,133
Barnet,126
Barnet,101
Barnet,112
Sutton,201
Bromley,62
Islington,244
Croydon,100
Kensington and Chelsea,234
Lambeth,70
Tower Hamlets,171
Kingston upon Thames,65
Croydon,36
Kingston upon Thames,211
Camden,45
Hillingdon,57
Hillingdon,60
Richmond upon Thames,114
Hammersmith and Fulham,187
Hillingdon,56
Hillingdon,54
Kensington and Chelsea,450
Kensington and Chelsea,250
Kensington and Chelsea,200
Kensington and Chelsea,450
Kensington and Chelsea,220
Kensington and Chelsea,480
Croydon,64
Lambeth,256
Newham,202
Camden,168
Islington,36
Merton,350
Kensington and Chelsea,181
Camden,410
Haringey,45
Haringey,45
Camden,76
Camden,77
Camden,68
Camden,108
Greenwich,130
Camden,261
Greenwich,163
Wandsworth,232
Barnet,235
Greenwich,405
Lambeth,80
Havering,572
Croydon,83
Croydon,25
Westminster,252
Haringey,69
Westminster,261
Brent,480
Lewisham,105
Hammersmith and Fulham,108
Lewisham,97
Southwark,131
Greenwich,40
Lambeth,73
Kensington and Chelsea,156
Westminster,248
Waltham Forest,59
Tower Hamlets,54
Camden,119
Hillingdon,36
Camden,145
Camden,145
Haringey,315
Tower Hamlets,68
Southwark,157
Lewisham,475
Hackney,61
Kensington and Chelsea,300
Southwark,46
Camden,266
Camden,108
Newham,114
Merton,164
Wandsworth,126
Newham,163
Bexley,41
Camden,124
Hammersmith and Fulham,148
Westminster,380
Wandsworth,181
Kensington and Chelsea,220
Lewisham,150
Camden,119
Hillingdon,85
Hackney,54
Hackney,347
Kensington and Chelsea,147
Greenwich,143
Tower Hamlets,112
Lewisham,119
Barnet,87
Lewisham,30
Kensington and Chelsea,200
Kensington and Chelsea,300
Hammersmith and Fulham,119
Harrow,99
Kensington and Chelsea,91
Wandsworth,34
Wandsworth,40
Hackney,196
Croydon,78
Kensington and Chelsea,450
Kensington and Chelsea,450
Greenwich,34
Westminster,450
Lambeth,120
Hackney,203
Southwark,149
Hammersmith and Fulham,154
Richmond upon Thames,40
Richmond upon Thames,100
Kensington and Chelsea,155
Hammersmith and Fulham,40
Kensington and Chelsea,220
Kingston upon Thames,40
Westminster,389
Camden,49
Lewisham,220
Westminster,298
Kensington and Chelsea,219
Waltham Forest,81
Barnet,95
Bexley,66
Southwark,288
Westminster,1341
Southwark,260
Westminster,274
Camden,273
Newham,40
Sutton,188
Richmond upon Thames,106
Westminster,124
Westminster,634
Westminster,94
Brent,93
Westminster,183
Kensington and Chelsea,188
Kensington and Chelsea,272
Redbridge,32
Westminster,180
Haringey,31
Hounslow,54
Croydon,143
Southwark,515
Camden,70
Tower Hamlets,48
Lewisham,73
Hackney,302
Westminster,238
Camden,201
Islington,381
Kensington and Chelsea,108
Lambeth,480
Westminster,190
Westminster,389
Westminster,293
Westminster,412
Camden,293
Westminster,293
Camden,795
Westminster,358
Westminster,293
Westminster,293
Westminster,401
Croydon,57
Westminster,382
Westminster,251
Westminster,258
Westminster,358
Westminster,353
Westminster,993
Hammersmith and Fulham,117
Westminster,993
Hammersmith and Fulham,154
Greenwich,225
Westminster,81
Tower Hamlets,203
Brent,48
Southwark,126
Tower Hamlets,86
Enfield,104
Croydon,56
Brent,150
Westminster,148
Lewisham,284
Wandsworth,61
Lewisham,40
Brent,160
Camden,140
Lambeth,41
Wandsworth,237
Southwark,157
Croydon,38
Islington,107
Islington,107
Islington,107
Kensington and Chelsea,290
Hammersmith and Fulham,45
Kensington and Chelsea,220
Kensington and Chelsea,790
Westminster,1222
Barnet,94
Waltham Forest,58
City of London,385
City of London,465
Camden,81
Tower Hamlets,75
Lambeth,54
Westminster,133
Westminster,161
Islington,814
Westminster,1490
Westminster,1705
Lewisham,118
Croydon,57
Camden,62
Hounslow,140
Lewisham,35
Hackney,135
Merton,135
Tower Hamlets,160
Tower Hamlets,93
Merton,91
Lambeth,90
Lewisham,54
Sutton,52
Islington,800
Kensington and Chelsea,624
Ealing,135
Kensington and Chelsea,366
Enfield,40
Westminster,659
Westminster,659
Greenwich,500
Kensington and Chelsea,349
Westminster,122
Islington,80
City of London,247
Hammersmith and Fulham,2250
Lambeth,39
Westminster,90
Enfield,75
Camden,162
Tower Hamlets,140
Camden,108
Camden,135
Camden,135
Camden,144
Camden,180
Tower Hamlets,59
Hillingdon,72
Hillingdon,78
Hillingdon,70
Southwark,143
Hillingdon,75
Hackney,200
Kensington and Chelsea,450
Hammersmith and Fulham,378
Tower Hamlets,210
Ealing,32
Redbridge,50
Southwark,232
Wandsworth,170
Camden,362
Southwark,120
Camden,499
Westminster,1130
Lambeth,124
Tower Hamlets,286
Southwark,66
Richmond upon Thames,264
Westminster,226
Camden,408
Tower Hamlets,95
Tower Hamlets,95
Hammersmith and Fulham,135
Westminster,383
Westminster,126
Harrow,81
Westminster,213
Kensington and Chelsea,328
Waltham Forest,276
Wandsworth,266
Lambeth,38
Enfield,34
Enfield,150
Westminster,170
Westminster,120
Westminster,130
Hounslow,77
Southwark,110
Brent,135
Hackney,261
Haringey,89
Camden,102
Merton,170
Camden,90
Camden,405
Sutton,123
Hammersmith and Fulham,92
Waltham Forest,241
Hammersmith and Fulham,98
Hackney,110
Redbridge,20
Croydon,61
Redbridge,20
Haringey,225
Barking and Dagenham,181
Newham,46
Hammersmith and Fulham,176
Greenwich,34
Hammersmith and Fulham,90
Waltham Forest,170
Bromley,34
Greenwich,99
Lambeth,76
Richmond upon Thames,116
Barnet,220
Wandsworth,695
Kensington and Chelsea,328
Wandsworth,360
Waltham Forest,53
Wandsworth,35
Kensington and Chelsea,157
Southwark,123
Barking and Dagenham,95
Hackney,72
Westminster,192
Westminster,168
Waltham Forest,45
Lewisham,1000
Waltham Forest,108
Westminster,324
Greenwich,34
Lambeth,949
Kensington and Chelsea,371
Merton,98
Westminster,130
Barnet,261
Richmond upon Thames,230
Camden,150
Westminster,506
Hounslow,260
Havering,95
Bromley,150
Lambeth,57
Waltham Forest,129
Harrow,48
Wandsworth,38
City of London,4250
Hackney,125
Waltham Forest,194
Richmond upon Thames,168
Westminster,211
Barking and Dagenham,229
Hillingdon,65
Westminster,208
Lambeth,155
Wandsworth,151
Southwark,124
Southwark,69
Hillingdon,73
Westminster,350
Camden,170
Camden,520
Lambeth,138
Havering,36
Westminster,61
Brent,47
Merton,765
Camden,356
Merton,229
Lambeth,55
Westminster,221
Westminster,144
Kensington and Chelsea,113
Kensington and Chelsea,105
Ealing,72
Islington,202
Bromley,33
Westminster,118
Southwark,91
Kensington and Chelsea,500
Westminster,169
Hammersmith and Fulham,181
Tower Hamlets,241
Waltham Forest,56
Camden,144
Greenwich,97
Greenwich,34
Kensington and Chelsea,300
Kensington and Chelsea,50
Southwark,127
Bexley,77
Greenwich,116
Bexley,104
Camden,167
Ealing,94
Richmond upon Thames,126
Tower Hamlets,262
Kensington and Chelsea,2250
City of London,381
Camden,81
Camden,81
Camden,135
Camden,108
Tower Hamlets,140
Westminster,298
Westminster,116
Hillingdon,80
Greenwich,56
Tower Hamlets,90
Southwark,124
Tower Hamlets,233
Waltham Forest,114
Camden,446
Enfield,43
Waltham Forest,104
Hammersmith and Fulham,110
Camden,150
Hammersmith and Fulham,80
Westminster,347
Ealing,169
Tower Hamlets,683
Haringey,200
Southwark,54
Lambeth,43
Tower Hamlets,28
Hillingdon,34
Kensington and Chelsea,3102
Kensington and Chelsea,265
Westminster,147
Camden,95
Camden,95
Camden,180
Camden,162
Camden,117
Waltham Forest,63
Camden,171
Camden,384
Wandsworth,116
Wandsworth,230
Hackney,128
Hammersmith and Fulham,144
Hackney,115
Lambeth,41
Westminster,110
Wandsworth,125
Kensington and Chelsea,77
Tower Hamlets,223
Tower Hamlets,128
Hounslow,43
Kensington and Chelsea,285
Haringey,78
Wandsworth,460
Camden,162
Hackney,132
Camden,257
Lambeth,46
Camden,144
Waltham Forest,127
Hillingdon,78
Camden,67
Wandsworth,243
Islington,258
Barnet,100
Westminster,240
Hammersmith and Fulham,220
Kensington and Chelsea,134
Southwark,225
City of London,200
Brent,57
Haringey,273
Camden,69
Bromley,34
Merton,38
Westminster,493
Hackney,224
Southwark,44
Redbridge,45
Havering,100
Brent,65
Kingston upon Thames,200
Merton,235
Barnet,103
Kensington and Chelsea,315
Wandsworth,247
Hammersmith and Fulham,153
Lambeth,144
Camden,72
Hackney,172
Wandsworth,51
Waltham Forest,60
Kensington and Chelsea,128
Wandsworth,242
Hackney,180
Tower Hamlets,315
Tower Hamlets,220
Westminster,529
Barnet,295
Barnet,205
Westminster,315
Westminster,709
Westminster,620
Westminster,243
Kensington and Chelsea,141
Kensington and Chelsea,119
Sutton,88
Tower Hamlets,90
Croydon,59
Camden,90
Islington,80
Camden,72
Tower Hamlets,295
Barnet,54
Lambeth,205
Hounslow,38
Tower Hamlets,478
Barking and Dagenham,98
Wandsworth,252
Islington,186
Wandsworth,57
Kensington and Chelsea,360
Tower Hamlets,34
Westminster,209
Lewisham,55
Southwark,150
Wandsworth,350
Camden,120
Camden,150
Camden,81
Kensington and Chelsea,304
Brent,80
Croydon,58
Kingston upon Thames,160
Wandsworth,297
Hillingdon,59
Camden,108
Camden,108
Redbridge,60
Waltham Forest,68
Ealing,50
Croydon,90
Westminster,259
Hammersmith and Fulham,270
Merton,80
Westminster,259
Westminster,259
Westminster,276
Westminster,276
Westminster,276
Westminster,311
Westminster,338
Westminster,347
Westminster,359
Westminster,634
Croydon,44
Lambeth,652
Westminster,198
Southwark,214
Islington,154
Westminster,200
Hammersmith and Fulham,188
Lambeth,180
Greenwich,100
Redbridge,15
Barnet,216
Wandsworth,132
Tower Hamlets,177
Hackney,191
Tower Hamlets,189
Haringey,90
Hillingdon,350
Camden,261
Hackney,146
Enfield,115
Ealing,79
Westminster,504
Bromley,48
Kensington and Chelsea,140
Southwark,120
Hackney,51
Southwark,125
Camden,307
Islington,124
Camden,192
Havering,120
Camden,90
Tower Hamlets,69
Barking and Dagenham,253
Merton,157
Barnet,86
Camden,108
Camden,108
Barking and Dagenham,197
Hackney,60
Wandsworth,72
Southwark,151
Lambeth,118
Hammersmith and Fulham,60
Ealing,409
Westminster,168
Southwark,267
Brent,227
Wandsworth,239
Westminster,129
Camden,90
Islington,90
Camden,108
Camden,108
Havering,75
Hackney,38
Tower Hamlets,39
Southwark,297
Merton,115
Greenwich,330
Bromley,190
Southwark,120
Westminster,97
Lambeth,261
Camden,199
Tower Hamlets,236
Wandsworth,48
Hackney,75
Tower Hamlets,104
Ealing,168
Camden,108
Southwark,97
Hounslow,131
Camden,108
Camden,108
Camden,108
Camden,108
Camden,108
Sutton,54
Westminster,139
Ealing,76
Westminster,455
Kensington and Chelsea,250
Westminster,161
Lambeth,121
Richmond upon Thames,65
Kensington and Chelsea,109
Waltham Forest,60
Kensington and Chelsea,276
Tower Hamlets,206
Westminster,175
Newham,343
Bromley,30
Westminster,803
Lewisham,941
Tower Hamlets,162
Islington,138
Greenwich,550
Enfield,2000
Hillingdon,185
Hackney,1440
Westminster,88
Ealing,48
Hackney,101
Kingston upon Thames,60
Westminster,240
Hackney,145
Kensington and Chelsea,286
Greenwich,141
Barnet,120
Croydon,98
Redbridge,50
Merton,41
Kensington and Chelsea,117
Wandsworth,146
Westminster,82
Barking and Dagenham,183
City of London,390
Westminster,253
Southwark,154
Greenwich,150
Hackney,143
Redbridge,36
Bexley,39
Hammersmith and Fulham,58
Merton,90
Ealing,47
Hammersmith and Fulham,176
Bexley,1118
Wandsworth,147
Ealing,32
Newham,54
Westminster,195
Haringey,228
Camden,245
Merton,63
Islington,225
Kensington and Chelsea,171
Camden,568
Camden,471
Camden,541
Kensington and Chelsea,259
Tower Hamlets,250
Kensington and Chelsea,252
Barnet,169
Camden,226
Islington,251
Hackney,618
Kensington and Chelsea,266
Greenwich,90
Westminster,88
Camden,109
Tower Hamlets,77
Kensington and Chelsea,252
Croydon,81
Richmond upon Thames,105
Croydon,86
City of London,165
Barnet,45
Ealing,77
Hammersmith and Fulham,104
Hackney,161
Wandsworth,110
Greenwich,300
Westminster,146
Kensington and Chelsea,132
Westminster,220
Bromley,255
Hackney,239
Ealing,107
Westminster,320
Haringey,300
Ealing,121
Hillingdon,80
Haringey,270
Havering,190
Hackney,40
Hillingdon,129
Tower Hamlets,606
Greenwich,270
Ealing,226
Newham,59
Brent,43
Islington,459
Kingston upon Thames,129
Sutton,140
Kensington and Chelsea,282
Brent,750
Lambeth,39
Islington,181
Westminster,278
Bexley,279
Barnet,36
Barnet,119
Lewisham,44
Croydon,33
Lambeth,279
Hackney,167
Hackney,64
Hounslow,161
Camden,46
Hackney,195
Waltham Forest,236
Ealing,117
Westminster,95
Wandsworth,45
Westminster,999
Hackney,135
Westminster,152
Lambeth,52
Wandsworth,48
Tower Hamlets,112
Richmond upon Thames,219
Camden,145
Westminster,349
Tower Hamlets,278
Westminster,165
Hackney,98
Waltham Forest,208
Camden,150
Lambeth,297
Harrow,66
Brent,148
Westminster,317
Westminster,576
Westminster,576
Westminster,239
Westminster,650
Hackney,99
Camden,83
Islington,79
Lambeth,217
Camden,134
Hammersmith and Fulham,143
Lambeth,407
Wandsworth,175
Ealing,131
Haringey,157
Hackney,88
Westminster,141
Merton,108
Croydon,90
Wandsworth,250
Lewisham,117
Southwark,144
Lewisham,124
Kensington and Chelsea,211
Tower Hamlets,112
Southwark,76
Havering,112
Westminster,226
Tower Hamlets,359
Lambeth,121
Barnet,50
Bexley,49
Bexley,33
Bexley,25
Barnet,151
Southwark,70
Southwark,72
Sutton,37
Southwark,72
Westminster,232
Lewisham,208
Lambeth,73
Lambeth,69
Wandsworth,288
Ealing,88
Westminster,850
Lambeth,288
Tower Hamlets,239
Brent,130
Harrow,73
Haringey,30
Tower Hamlets,53
Southwark,235
Westminster,791
Tower Hamlets,195
Westminster,261
Redbridge,61
Waltham Forest,113
Islington,160
Brent,102
Westminster,171
Barking and Dagenham,116
Camden,500
Kensington and Chelsea,411
Camden,242
Wandsworth,355
Kensington and Chelsea,229
Hammersmith and Fulham,173
Brent,59
Tower Hamlets,64
Westminster,330
Hackney,157
Southwark,166
Southwark,104
Kensington and Chelsea,196
Lewisham,32
Kensington and Chelsea,221
Tower Hamlets,161
Haringey,143
Croydon,30
Kensington and Chelsea,146
Westminster,157
Barnet,73
Camden,240
Waltham Forest,221
Hackney,40
Camden,715
Redbridge,4750
Camden,65
Ealing,228
Hackney,77
Hackney,125
Tower Hamlets,368
Tower Hamlets,165
Barking and Dagenham,124
Camden,315
Hackney,37
Richmond upon Thames,137
Kensington and Chelsea,285
Kensington and Chelsea,193
Hillingdon,92
Hounslow,59
Camden,179
City of London,300
Hackney,40
Hackney,42
Tower Hamlets,174
Westminster,99
Hammersmith and Fulham,110
Wandsworth,243
Newham,6000
Islington,1000
Kensington and Chelsea,136
Hammersmith and Fulham,300
Camden,240
Camden,228
Hackney,154
Waltham Forest,41
Lambeth,108
Lambeth,250
Ealing,55
Waltham Forest,60
Tower Hamlets,248
Tower Hamlets,270
Camden,292
Kensington and Chelsea,96
Barnet,373
Southwark,180
Wandsworth,195
Tower Hamlets,100
Camden,129
Hackney,57
Tower Hamlets,180
Waltham Forest,118
Barnet,69
Hounslow,98
Westminster,319
Westminster,338
Brent,165
Havering,41
Havering,75
Kensington and Chelsea,180
Southwark,81
Greenwich,179
Hounslow,146
Kensington and Chelsea,220
Lewisham,200
Lewisham,415
Merton,160
Camden,482
Lewisham,80
Bexley,100
Haringey,245
Kensington and Chelsea,319
Wandsworth,158
Kensington and Chelsea,514
Kensington and Chelsea,616
Newham,680
Hounslow,131
Tower Hamlets,86
Croydon,42
Newham,169
Brent,88
Barking and Dagenham,232
Brent,50
Hackney,800
Kensington and Chelsea,225
Lambeth,1025
Westminster,176
Westminster,115
Lewisham,50
Islington,392
Lambeth,100
Camden,150
Kensington and Chelsea,208
Kensington and Chelsea,208
Westminster,97
Barnet,99
Kensington and Chelsea,322
Wandsworth,167
Tower Hamlets,123
Tower Hamlets,53
Harrow,80
Hackney,163
Barking and Dagenham,153
Newham,138
Waltham Forest,244
Westminster,352
Waltham Forest,83
Camden,408
Richmond upon Thames,104
Islington,200
Westminster,271
Harrow,103
Barking and Dagenham,135
Westminster,149
Wandsworth,81
Kensington and Chelsea,315
Westminster,271
Westminster,241
Kensington and Chelsea,1050
Croydon,58
Greenwich,230
Wandsworth,117
Waltham Forest,198
Westminster,376
Tower Hamlets,198
Tower Hamlets,219
Hammersmith and Fulham,143
Tower Hamlets,201
Camden,109
Westminster,308
Westminster,142
Westminster,175
Westminster,161
Westminster,137
Westminster,167
Westminster,134
Westminster,154
Westminster,136
Hammersmith and Fulham,408
Westminster,259
Wandsworth,132
Lewisham,38
Tower Hamlets,57
Barnet,90
Lambeth,57
Hammersmith and Fulham,162
Harrow,52
Westminster,224
Waltham Forest,75
Kensington and Chelsea,74
Brent,102
Brent,91
Brent,101
Brent,112
Brent,96
Brent,92
Brent,105
Tower Hamlets,348
Kensington and Chelsea,199
Hackney,91
Lambeth,52
Enfield,103
Waltham Forest,298
Ealing,132
Tower Hamlets,186
Southwark,188
Southwark,291
Wandsworth,261
Lambeth,68
Havering,190
Hackney,46
Bromley,206
Kingston upon Thames,41
Westminster,1023
Westminster,271
Newham,189
Ealing,35
Kingston upon Thames,47
Kensington and Chelsea,724
Westminster,758
Kensington and Chelsea,582
Brent,48
Westminster,132
Westminster,424
Hammersmith and Fulham,85
Kensington and Chelsea,109
Tower Hamlets,449
Barnet,198
Merton,149
Hackney,85
Kensington and Chelsea,180
Barnet,161
Hammersmith and Fulham,134
Hammersmith and Fulham,123
Islington,192
Camden,331
Tower Hamlets,53
Tower Hamlets,223
Tower Hamlets,266
Tower Hamlets,268
Tower Hamlets,397
Southwark,150
Westminster,112
Wandsworth,123
Hammersmith and Fulham,65
Westminster,144
Enfield,53
Richmond upon Thames,106
Tower Hamlets,50
Croydon,41
Hackney,35
Ealing,128
Newham,50
Tower Hamlets,101
Merton,198
Westminster,138
Hackney,95
Brent,54
Kensington and Chelsea,130
Hackney,161
Bromley,35
Kensington and Chelsea,875
Kensington and Chelsea,504
Kensington and Chelsea,402
Kensington and Chelsea,238
Barnet,76
Hackney,161
Greenwich,55
Hackney,44
Tower Hamlets,219
Westminster,193
Hammersmith and Fulham,199
Islington,96
Merton,229
Brent,125
Barnet,224
Ealing,55
Hackney,145
Hackney,250
Brent,36
Kensington and Chelsea,164
Hackney,151
Southwark,201
Hammersmith and Fulham,140
Southwark,304
Westminster,164
Westminster,151
Westminster,151
Hackney,254
Tower Hamlets,165
Merton,186
Barnet,45
Westminster,135
Kensington and Chelsea,314
Lewisham,72
Westminster,909
Southwark,299
Islington,44
Hackney,124
Enfield,48
Lewisham,138
Westminster,355
Westminster,288
Tower Hamlets,72
Lambeth,158
Westminster,62
Lambeth,172
Tower Hamlets,216
Westminster,608
Brent,38
Camden,220
Bexley,249
Southwark,159
Wandsworth,99
Brent,58
Wandsworth,261
Lambeth,82
Southwark,36
Croydon,57
Westminster,112
Tower Hamlets,165
Camden,174
Islington,393
Southwark,325
Hammersmith and Fulham,153
Lambeth,89
Westminster,128
Islington,242
Waltham Forest,59
Hillingdon,38
Hillingdon,42
Tower Hamlets,135
Tower Hamlets,236
Tower Hamlets,229
Tower Hamlets,247
Tower Hamlets,171
Tower Hamlets,208
Haringey,419
Ealing,60
Hammersmith and Fulham,110
Greenwich,212
Westminster,329
Southwark,103
Westminster,117
Southwark,205
Newham,41
Lewisham,47
Southwark,148
Camden,209
Westminster,510
Westminster,152
Westminster,290
Westminster,176
Westminster,186
Westminster,176
Islington,180
Camden,197
Ealing,222
Brent,152
Hackney,153
Westminster,338
Southwark,100
Tower Hamlets,198
Haringey,157
Camden,152
Southwark,387
Redbridge,43
Haringey,72
Lambeth,69
Westminster,177
Hounslow,86
Tower Hamlets,48
Kensington and Chelsea,330
Hammersmith and Fulham,173
Newham,155
Kingston upon Thames,54
Camden,756
Kensington and Chelsea,149
Hackney,67
Brent,159
Wandsworth,140
Bromley,48
Lewisham,48
Tower Hamlets,404
Hackney,65
Tower Hamlets,125
Kensington and Chelsea,676
Redbridge,45
Kingston upon Thames,152
Southwark,128
Barnet,124
Tower Hamlets,62
Hillingdon,56
Newham,30
Lambeth,74
Lambeth,74
Lambeth,107
Hackney,78
Greenwich,131
Bromley,80
Southwark,143
Southwark,239
Ealing,147
Camden,229
Kensington and Chelsea,122
Hackney,183
Kensington and Chelsea,182
Lambeth,47
Hounslow,148
Lambeth,125
Lewisham,30
Kensington and Chelsea,455
Lewisham,101
Westminster,254
Camden,1100
Camden,110
Lambeth,50
Westminster,275
Kensington and Chelsea,1490
Lambeth,100
Lewisham,73
Hackney,116
Camden,335
Hounslow,128
Lewisham,77
Southwark,150
Brent,140
Hammersmith and Fulham,238
Southwark,140
Newham,189
Lewisham,123
Barnet,99
Tower Hamlets,84
Hillingdon,38
Newham,86
Harrow,33
Hackney,165
Southwark,346
Camden,138
Wandsworth,91
Camden,198
Westminster,1000
Richmond upon Thames,41
Camden,55
Tower Hamlets,226
Hammersmith and Fulham,400
Croydon,44
Camden,245
Southwark,76
Wandsworth,293
Croydon,139
Lambeth,55
Sutton,35
Merton,90
Camden,101
Westminster,231
Lewisham,117
Camden,175
Enfield,77
Croydon,32
Tower Hamlets,50
Ealing,47
Bromley,675
Kensington and Chelsea,108
Wandsworth,216
Westminster,205
Haringey,35
Enfield,41
Westminster,233
Lambeth,110
Lewisham,97
Haringey,83
Camden,158
Southwark,49
Westminster,189
Westminster,192
Lambeth,75
Lambeth,133
Havering,69
Tower Hamlets,337
Islington,192
Kensington and Chelsea,483
Kensington and Chelsea,125
Kensington and Chelsea,588
Merton,56
Westminster,270
Westminster,113
Newham,89
Camden,360
Kensington and Chelsea,133
Kensington and Chelsea,81
Islington,76
Westminster,300
Camden,144
Tower Hamlets,145
Greenwich,265
Westminster,416
Harrow,42
Camden,170
Croydon,99
Kingston upon Thames,165
Hillingdon,98
Kensington and Chelsea,302
Kensington and Chelsea,89
Westminster,203
Lambeth,36
Greenwich,124
Lambeth,110
Tower Hamlets,68
Havering,135
Wandsworth,390
Camden,73
Westminster,734
Wandsworth,975
Kensington and Chelsea,412
Camden,170
Camden,98
Southwark,61
Bexley,105
Wandsworth,170
Ealing,30
Wandsworth,77
Lambeth,73
Haringey,90
Kingston upon Thames,80
Westminster,364
Tower Hamlets,51
Southwark,308
Hackney,136
Barnet,152
Barnet,194
Haringey,165
Hackney,180
Hammersmith and Fulham,245
Greenwich,33
Greenwich,43
Hammersmith and Fulham,285
Harrow,34
Camden,220
Kingston upon Thames,81
Ealing,177
Camden,269
Hammersmith and Fulham,102
Newham,86
Redbridge,121
Lambeth,72
Southwark,55
Westminster,171
Greenwich,82
Hackney,41
Lambeth,95
Kensington and Chelsea,137
Greenwich,54
Westminster,1490
Westminster,1705
Barnet,52
Ealing,64
Merton,50
Westminster,295
Hammersmith and Fulham,177
Westminster,153
Westminster,166
Westminster,224
Westminster,119
Westminster,168
Tower Hamlets,630
Hammersmith and Fulham,185
Lewisham,35
Westminster,450
Kensington and Chelsea,300
Islington,33
Wandsworth,89
Camden,84
Tower Hamlets,999
Southwark,250
Ealing,38
Westminster,298
Ealing,53
Hammersmith and Fulham,104
Haringey,67
Lewisham,105
Camden,78
Southwark,108
Haringey,120
Westminster,277
Hackney,157
Newham,84
Lambeth,264
Lambeth,105
Richmond upon Thames,140
Westminster,675
Kensington and Chelsea,127
Westminster,675
Southwark,145
Southwark,77
Tower Hamlets,200
Richmond upon Thames,99
Kensington and Chelsea,162
Westminster,153
Hillingdon,37
Westminster,156
Camden,282
Bexley,46
Southwark,77
Tower Hamlets,204
Lewisham,115
Hammersmith and Fulham,210
Greenwich,66
Brent,248
Wandsworth,193
Southwark,140
Bexley,40
Lambeth,194
Barnet,56
Lambeth,82
Tower Hamlets,304
Newham,248
Hammersmith and Fulham,159
Hammersmith and Fulham,203
Haringey,162
Ealing,35
Greenwich,96
Redbridge,113
Hammersmith and Fulham,88
Westminster,210
Bexley,217
Haringey,85
Enfield,85
Croydon,150
Bromley,41
Tower Hamlets,93
Westminster,203
Hammersmith and Fulham,100
Hackney,37
Richmond upon Thames,47
Brent,252
Lambeth,198
Wandsworth,104
Ealing,130
Wandsworth,175
Westminster,286
Lambeth,100
Southwark,95
Southwark,127
Hounslow,52
Tower Hamlets,65
Hackney,290
Kensington and Chelsea,313
Westminster,80
Kensington and Chelsea,80
Newham,110
Brent,48
Kensington and Chelsea,900
Brent,61
Hammersmith and Fulham,111
Tower Hamlets,66
Westminster,505
Westminster,108
Ealing,86
Lambeth,114
Barking and Dagenham,49
Hounslow,33
Southwark,91
Tower Hamlets,95
Camden,157
Camden,356
Camden,290
Kensington and Chelsea,215
Wandsworth,417
Tower Hamlets,225
Westminster,181
Croydon,119
Westminster,1307
Islington,790
Brent,90
Camden,68
Islington,214
Wandsworth,158
Bexley,38
Hackney,95
Tower Hamlets,204
Lambeth,282
Lambeth,59
Westminster,147
Tower Hamlets,62
Islington,520
Kensington and Chelsea,109
Hackney,69
Camden,150
Camden,221
Tower Hamlets,186
Camden,134
Bromley,89
Haringey,73
Camden,629
Hackney,113
Tower Hamlets,67
Waltham Forest,86
Hackney,220
Tower Hamlets,74
Hillingdon,135
Hillingdon,126
Camden,221
Camden,240
Camden,114
Southwark,243
Redbridge,189
Camden,243
Southwark,93
Wandsworth,153
Westminster,333
Hillingdon,136
Hounslow,262
Wandsworth,191
Tower Hamlets,52
Islington,84
Hammersmith and Fulham,157
Westminster,279
Newham,70
Ealing,352
Westminster,153
Westminster,238
Lewisham,60
Lambeth,144
Ealing,304
Wandsworth,60
Hounslow,366
Kensington and Chelsea,621
Westminster,615
Westminster,583
Westminster,260
Kensington and Chelsea,357
Westminster,361
Westminster,339
Westminster,336
Westminster,975
Westminster,918
Islington,170
Lambeth,59
Camden,272
Lambeth,144
Hammersmith and Fulham,48
Hackney,147
Kensington and Chelsea,290
Lewisham,38
Greenwich,288
Merton,96
Tower Hamlets,339
Hammersmith and Fulham,522
Hounslow,110
Hammersmith and Fulham,450
Barnet,174
Camden,246
Westminster,537
Westminster,151
Barnet,68
Westminster,215
Greenwich,51
Hammersmith and Fulham,229
Ealing,55
Croydon,176
Hackney,160
Lambeth,44
Islington,39
Kensington and Chelsea,118
Greenwich,72
Hackney,270
Greenwich,89
Greenwich,89
Tower Hamlets,81
Haringey,62
Hillingdon,110
Southwark,143
Westminster,295
Enfield,349
Enfield,275
Haringey,350
Tower Hamlets,121
Kensington and Chelsea,245
Hammersmith and Fulham,198
Ealing,180
Croydon,70
Islington,192
Brent,495
Lambeth,124
Westminster,102
Brent,150
Kensington and Chelsea,402
Westminster,212
Lambeth,221
Wandsworth,400
Greenwich,126
Brent,114
Camden,67
Tower Hamlets,149
Harrow,108
Islington,62
Barking and Dagenham,193
Kensington and Chelsea,436
Kensington and Chelsea,285
Kensington and Chelsea,282
Kensington and Chelsea,584
Kensington and Chelsea,369
Islington,85
Bromley,169
Richmond upon Thames,107
Kingston upon Thames,1035
Kingston upon Thames,141
Greenwich,140
Wandsworth,68
Southwark,153
Kensington and Chelsea,504
Kensington and Chelsea,402
Kensington and Chelsea,300
Kensington and Chelsea,236
Kensington and Chelsea,213
Kensington and Chelsea,431
Kensington and Chelsea,281
Kensington and Chelsea,537
Kensington and Chelsea,503
Kensington and Chelsea,427
Kensington and Chelsea,447
Westminster,451
Westminster,314
Kensington and Chelsea,268
Westminster,308
Tower Hamlets,55
Camden,332
Hammersmith and Fulham,253
Richmond upon Thames,417
Waltham Forest,86
Camden,154
Camden,126
Brent,99
Redbridge,40
Hillingdon,62
Newham,73
Redbridge,66
Camden,79
Newham,50
Tower Hamlets,66
Southwark,218
Redbridge,81
Havering,192
Hammersmith and Fulham,251
Hillingdon,156
Sutton,500
Hounslow,46
Kensington and Chelsea,537
Kensington and Chelsea,337
Kensington and Chelsea,225
Kensington and Chelsea,280
Kensington and Chelsea,314
Greenwich,100
Haringey,197
Brent,213
Lambeth,348
Hammersmith and Fulham,128
Kensington and Chelsea,357
Kensington and Chelsea,807
Kensington and Chelsea,813
Kensington and Chelsea,582
Kensington and Chelsea,729
Hammersmith and Fulham,43
Lambeth,418
Lambeth,405
Lambeth,333
Lambeth,418
Kensington and Chelsea,302
Kensington and Chelsea,269
Kensington and Chelsea,246
Lambeth,367
Kensington and Chelsea,336
Tower Hamlets,118
Hounslow,136
Waltham Forest,130
Bexley,98
Kensington and Chelsea,171
Camden,292
Camden,346
Camden,567
Ealing,147
Richmond upon Thames,190
City of London,128
Greenwich,90
Islington,89
Westminster,91
Hillingdon,126
Hillingdon,135
Southwark,122
Lambeth,60
Barnet,120
Havering,115
Tower Hamlets,153
Hackney,62
Islington,283
Tower Hamlets,196
Croydon,139
Enfield,618
Croydon,151
Barking and Dagenham,164
Lambeth,62
Redbridge,170
Kensington and Chelsea,389
Merton,111
Kensington and Chelsea,120
Hackney,236
Islington,87
Kensington and Chelsea,118
Barnet,269
Westminster,315
City of London,157
Tower Hamlets,47
Bromley,65
Greenwich,38
Redbridge,270
Westminster,147
Wandsworth,122
Greenwich,200
Camden,378
Camden,472
Camden,327
Merton,680
Islington,334
Barnet,120
Hounslow,124
Kensington and Chelsea,188
Brent,267
Bexley,35
Hackney,220
Hillingdon,34
Southwark,264
Kensington and Chelsea,425
Islington,298
Hounslow,143
Tower Hamlets,83
Wandsworth,396
Barnet,97
Lambeth,79
Lambeth,150
Southwark,333
Hackney,482
Hammersmith and Fulham,192
Camden,300
Hillingdon,110
Hillingdon,110
Hackney,147
Kensington and Chelsea,270
Lewisham,32
Lewisham,32
Greenwich,126
Wandsworth,220
Westminster,312
Islington,63
Westminster,164
Westminster,165
Westminster,194
Westminster,167
Westminster,174
Westminster,165
Westminster,150
Westminster,161
Hillingdon,126
Westminster,309
Barking and Dagenham,144
Kensington and Chelsea,218
Camden,80
Kensington and Chelsea,135
Harrow,34
Wandsworth,67
Hackney,74
Hackney,57
Kensington and Chelsea,602
Haringey,133
Barnet,136
Haringey,157
Wandsworth,180
Westminster,646
Tower Hamlets,90
Islington,191
Westminster,188
Wandsworth,285
Camden,102
Tower Hamlets,60
Barnet,75
Hackney,225
Barnet,63
Westminster,186
Brent,62
Camden,95
Brent,78
Westminster,250
Kensington and Chelsea,219
Hillingdon,140
Hillingdon,161
Islington,49
Westminster,188
Wandsworth,57
Westminster,297
Tower Hamlets,51
Wandsworth,500
Haringey,116
Tower Hamlets,165
Tower Hamlets,198
Hammersmith and Fulham,251
Camden,141
Merton,330
Tower Hamlets,291
Islington,1430
Tower Hamlets,220
Kensington and Chelsea,309
Tower Hamlets,165
Westminster,175
Westminster,239
Wandsworth,242
Hackney,237
Islington,158
Kensington and Chelsea,184
Westminster,80
Kensington and Chelsea,429
Westminster,168
Hillingdon,110
Westminster,230
Hammersmith and Fulham,292
Barking and Dagenham,50
Barking and Dagenham,45
Islington,103
Barnet,55
Ealing,135
Southwark,110
Camden,784
Tower Hamlets,76
Lewisham,113
Lambeth,128
Kingston upon Thames,158
Tower Hamlets,400
Kensington and Chelsea,281
Ealing,1989
Camden,110
Tower Hamlets,200
Greenwich,300
Haringey,347
Haringey,287
Tower Hamlets,66
Tower Hamlets,162
Lewisham,60
Westminster,205
Islington,125
Barnet,76
Hounslow,35
Hackney,135
Greenwich,188
Lewisham,123
Hillingdon,55
Greenwich,72
Hammersmith and Fulham,129
Westminster,408
Harrow,83
Hillingdon,110
Lewisham,245
Newham,47
Hammersmith and Fulham,53
Lambeth,139
Camden,97
Newham,215
Tower Hamlets,88
Enfield,137
Hillingdon,162
Westminster,297
Kensington and Chelsea,360
Westminster,322
Westminster,300
Hillingdon,136
Kensington and Chelsea,45
Ealing,120
Kensington and Chelsea,71
Camden,181
Bromley,209
Southwark,73
Kensington and Chelsea,517
Islington,206
Lambeth,100
Waltham Forest,93
Croydon,48
Havering,180
Enfield,125
Westminster,380
Westminster,245
Newham,70
Merton,135
Lewisham,75
Tower Hamlets,60
Bexley,44
Camden,237
Camden,100
Camden,100
Hackney,36
Tower Hamlets,251
Kensington and Chelsea,938
Kensington and Chelsea,990
Barnet,71
Tower Hamlets,53
Wandsworth,90
Tower Hamlets,61
Tower Hamlets,50
Haringey,362
Waltham Forest,34
Waltham Forest,116
Islington,240
Lewisham,144
Haringey,100
Camden,315
Barnet,285
Merton,62
Westminster,857
Westminster,840
Kensington and Chelsea,408
Hackney,136
Newham,160
Tower Hamlets,51
Tower Hamlets,47
Tower Hamlets,263
Newham,140
Westminster,229
Hammersmith and Fulham,113
Haringey,416
Brent,279
Wandsworth,168
Hammersmith and Fulham,230
Westminster,350
Camden,115
Westminster,6500
Wandsworth,94
Westminster,264
Hillingdon,41
Ealing,131
Kensington and Chelsea,530
Hammersmith and Fulham,220
Westminster,300
Westminster,425
Westminster,96
Lewisham,252
Hammersmith and Fulham,143
Hammersmith and Fulham,120
Hammersmith and Fulham,144
Croydon,41
Tower Hamlets,146
Westminster,226
Camden,126
Ealing,34
Hackney,231
Tower Hamlets,198
Richmond upon Thames,72
Barnet,87
Brent,55
Hackney,176
Tower Hamlets,110
Westminster,44
Hillingdon,110
Lambeth,145
Lambeth,145
Tower Hamlets,67
Islington,72
Westminster,68
Camden,200
Wandsworth,54
Islington,150
Camden,135
Redbridge,86
Lambeth,160
Camden,106
Kensington and Chelsea,100
Westminster,244
Hammersmith and Fulham,230
Hammersmith and Fulham,230
Westminster,383
Tower Hamlets,210
Haringey,178
Westminster,315
Camden,172
City of London,195
Westminster,171
Lambeth,47
Newham,250
Hammersmith and Fulham,273
Greenwich,55
Lewisham,133
Enfield,37
Westminster,315
Kingston upon Thames,260
Lambeth,194
Tower Hamlets,123
Camden,70
Wandsworth,80
Kensington and Chelsea,50
Islington,86
Westminster,128
Westminster,349
Camden,340
Islington,302
Kensington and Chelsea,456
Brent,362
Hounslow,62
Lewisham,94
Lewisham,99
Hammersmith and Fulham,136
Westminster,220
Barnet,104
Barnet,106
Havering,135
Westminster,274
Kensington and Chelsea,200
Hammersmith and Fulham,147
Hammersmith and Fulham,129
Hammersmith and Fulham,131
Westminster,546
Hackney,158
Islington,122
Hounslow,113
Camden,617
Southwark,73
Croydon,82
Westminster,373
Hillingdon,136
Wandsworth,138
Merton,135
Camden,113
Lewisham,114
City of London,349
City of London,237
Islington,288
Merton,115
Kensington and Chelsea,151
Haringey,75
Kensington and Chelsea,218
Kensington and Chelsea,190
Wandsworth,85
Southwark,41
Hackney,133
Southwark,36
Wandsworth,101
Kensington and Chelsea,400
Brent,39
Wandsworth,180
Lambeth,63
Southwark,150
Ealing,1000
Hounslow,199
Lambeth,148
Camden,73
Kensington and Chelsea,254
Hounslow,44
Westminster,306
Hounslow,100
Hillingdon,144
Tower Hamlets,120
Kensington and Chelsea,356
Kensington and Chelsea,218
Kensington and Chelsea,180
Lambeth,1900
Westminster,295
Merton,94
Camden,119
Kensington and Chelsea,200
Brent,46
Camden,200
Kensington and Chelsea,480
Tower Hamlets,36
Westminster,385
Westminster,475
Tower Hamlets,28
Tower Hamlets,36
Kensington and Chelsea,200
Tower Hamlets,63
Haringey,43
Waltham Forest,109
Kensington and Chelsea,587
Newham,60
Islington,304
Tower Hamlets,68
Newham,72
Barnet,300
Camden,335
Camden,580
Camden,450
Haringey,68
Hammersmith and Fulham,166
Westminster,720
Haringey,75
Hackney,63
Islington,168
Islington,170
Camden,81
Hackney,151
Ealing,139
Richmond upon Thames,650
Westminster,134
Westminster,208
Hammersmith and Fulham,69
Camden,131
Greenwich,56
Enfield,33
Hammersmith and Fulham,190
Camden,57
Bromley,80
Westminster,190
Camden,345
Greenwich,190
Wandsworth,30
Wandsworth,28
Wandsworth,27
Camden,240
Southwark,225
Lambeth,41
Ealing,110
Tower Hamlets,88
Hackney,143
Kensington and Chelsea,171
Kensington and Chelsea,1000
Hounslow,158
Islington,120
Newham,56
Hammersmith and Fulham,222
Camden,96
Camden,96
Lambeth,198
Wandsworth,320
Newham,56
Kensington and Chelsea,218
Camden,524
Newham,56
Hammersmith and Fulham,135
Tower Hamlets,123
Croydon,66
Hounslow,158
Kensington and Chelsea,200
Kensington and Chelsea,423
Barking and Dagenham,90
Tower Hamlets,68
Merton,152
Wandsworth,422
Westminster,887
Lambeth,103
Hammersmith and Fulham,301
Southwark,81
Enfield,41
Bexley,42
Camden,63
Ealing,60
Newham,69
Wandsworth,330
Westminster,301
Westminster,285
Westminster,538
Westminster,468
Camden,85
Croydon,148
Newham,125
Lewisham,150
Southwark,77
Hammersmith and Fulham,244
Hammersmith and Fulham,244
Westminster,127
Greenwich,241
Kensington and Chelsea,199
Kingston upon Thames,101
Southwark,59
Westminster,463
Tower Hamlets,79
Southwark,999
Westminster,466
Merton,252
Hammersmith and Fulham,367
Merton,299
Kensington and Chelsea,545
Wandsworth,240
Kingston upon Thames,117
Redbridge,39
Richmond upon Thames,99
Bromley,320
Westminster,292
Croydon,132
Kingston upon Thames,68
Harrow,23
Westminster,46
Westminster,129
Hammersmith and Fulham,73
Kensington and Chelsea,108
Enfield,31
Kingston upon Thames,64
Islington,87
Kensington and Chelsea,65
Islington,145
Camden,124
Camden,481
Tower Hamlets,190
Hackney,66
Southwark,238
Westminster,475
Hillingdon,136
Lambeth,142
Westminster,265
Westminster,330
Westminster,284
Barnet,200
Hammersmith and Fulham,131
Bexley,127
Richmond upon Thames,77
Wandsworth,242
Tower Hamlets,69
Kensington and Chelsea,79
Haringey,94
Kensington and Chelsea,322
Redbridge,118
Lambeth,158
Westminster,1002
Westminster,1412
Westminster,242
Greenwich,187
Merton,80
Southwark,181
Barnet,130
Kensington and Chelsea,156
Islington,120
Haringey,112
Merton,85
Camden,82
Wandsworth,151
Waltham Forest,110
Camden,351
City of London,356
Camden,471
Redbridge,93
Lambeth,69
Lambeth,53
Ealing,93
Richmond upon Thames,140
Brent,93
Camden,67
Brent,92
Camden,114
Camden,73
Brent,123
Westminster,360
Camden,181
Camden,167
Kensington and Chelsea,276
Westminster,192
Westminster,278
Westminster,224
Westminster,285
Southwark,105
Westminster,240
Westminster,195
Westminster,112
Barking and Dagenham,150
Westminster,140
Brent,704
Enfield,28
Croydon,45
Islington,147
Havering,230
Barnet,186
Greenwich,35
Lewisham,86
Bexley,29
Redbridge,72
Camden,108
Camden,99
Ealing,70
Tower Hamlets,211
Lewisham,59
Westminster,480
Islington,84
Bromley,38
Westminster,57
Lambeth,137
Waltham Forest,65
Hammersmith and Fulham,149
Ealing,145
Haringey,128
Tower Hamlets,195
Westminster,110
Camden,340
Haringey,88
Hammersmith and Fulham,250
Haringey,72
Croydon,41
Merton,54
Southwark,154
Southwark,170
Westminster,641
Westminster,808
Westminster,708
Westminster,711
Merton,115
Wandsworth,50
Hackney,104
Islington,126
Hackney,198
Camden,287
Hammersmith and Fulham,105
Haringey,42
Hackney,129
Lambeth,190
Southwark,213
Westminster,174
Westminster,143
Newham,54
Lambeth,95
Brent,109
Westminster,550
Hounslow,251
Kensington and Chelsea,251
Wandsworth,60
Wandsworth,275
Westminster,104
Southwark,68
Barking and Dagenham,43
Camden,200
Hounslow,114
Waltham Forest,113
Kensington and Chelsea,145
Ealing,133
Hammersmith and Fulham,78
Wandsworth,115
Hammersmith and Fulham,68
Hammersmith and Fulham,51
Hounslow,296
Hammersmith and Fulham,83
Kensington and Chelsea,724
Hounslow,381
Tower Hamlets,186
Hackney,110
Hammersmith and Fulham,83
Hammersmith and Fulham,96
Hammersmith and Fulham,80
Westminster,209
Kensington and Chelsea,249
Lewisham,80
Hackney,282
Brent,40
Haringey,130
Lambeth,150
Lewisham,75
Tower Hamlets,40
Richmond upon Thames,330
Hammersmith and Fulham,100
Tower Hamlets,53
Enfield,52
Hackney,240
Westminster,225
Tower Hamlets,100
Kingston upon Thames,376
Westminster,168
Hammersmith and Fulham,700
Hackney,80
Hackney,65
Kensington and Chelsea,260
Camden,138
Hammersmith and Fulham,250
Richmond upon Thames,141
Croydon,50
Hillingdon,45
Westminster,506
Westminster,632
Westminster,464
Lewisham,95
Camden,194
Westminster,629
Tower Hamlets,374
Camden,524
Kensington and Chelsea,223
Sutton,152
Hackney,233
Tower Hamlets,288
Hammersmith and Fulham,105
Kensington and Chelsea,384
Kensington and Chelsea,380
Hammersmith and Fulham,147
Kensington and Chelsea,137
Wandsworth,229
Islington,95
Waltham Forest,237
Merton,45
Westminster,5353
Westminster,5653
Greenwich,101
Merton,465
Kensington and Chelsea,390
Kensington and Chelsea,468
Westminster,495
Harrow,113
Westminster,369
Hounslow,145
Camden,585
Bromley,43
Hammersmith and Fulham,97
Croydon,172
Westminster,342
Wandsworth,180
Harrow,111
Westminster,396
Harrow,111
Wandsworth,355
Wandsworth,39
Westminster,427
Islington,390
Kensington and Chelsea,36
Tower Hamlets,72
Westminster,141
Westminster,237
Wandsworth,50
Westminster,231
Barnet,131
Westminster,1714
Richmond upon Thames,79
Newham,209
Southwark,86
Tower Hamlets,443
Southwark,192
Lewisham,40
Barking and Dagenham,326
Newham,199
Redbridge,64
Redbridge,74
Redbridge,79
Southwark,66
Hammersmith and Fulham,105
Kensington and Chelsea,196
Hillingdon,56
Enfield,215
Westminster,285
City of London,154
Hounslow,153
Wandsworth,171
Tower Hamlets,74
Greenwich,351
Croydon,40
Camden,461
Hackney,40
Hackney,39
Ealing,300
Hammersmith and Fulham,226
Merton,90
Hammersmith and Fulham,162
Camden,387
Westminster,152
Westminster,149
Hackney,40
Hammersmith and Fulham,136
Hillingdon,112
Camden,56
Hammersmith and Fulham,287
Kensington and Chelsea,400
Camden,321
Ealing,700
Lewisham,80
Merton,372
Camden,526
Kensington and Chelsea,201
Merton,85
Lambeth,50000
Hackney,200
Bexley,42
Lambeth,5000
Haringey,186
Croydon,78
Waltham Forest,137
Merton,245
Barnet,127
Westminster,475
Hackney,85
Waltham Forest,53
Westminster,582
Kensington and Chelsea,615
Westminster,812
Tower Hamlets,204
Croydon,110
Tower Hamlets,61
Islington,110
Tower Hamlets,68
Brent,35
Haringey,216
Wandsworth,80
Bexley,32
Barking and Dagenham,35
Hounslow,82
Southwark,1900
Islington,221
Lambeth,95
Kingston upon Thames,143
Camden,122
Ealing,78
Hammersmith and Fulham,159
Lambeth,177
Southwark,300
Tower Hamlets,124
Havering,595
Haringey,148
Waltham Forest,57
Southwark,167
Wandsworth,220
Croydon,38
Tower Hamlets,55
Barnet,189
Hounslow,50
Southwark,207
Brent,160
Wandsworth,84
Southwark,152
Hammersmith and Fulham,68
Richmond upon Thames,171
Lambeth,143
Harrow,115
Westminster,921
Southwark,210
Hammersmith and Fulham,63
Merton,70
Westminster,406
Kensington and Chelsea,285
Westminster,198
Westminster,445
Brent,50
Hackney,50
Hillingdon,73
Lewisham,129
Hackney,113
Westminster,350
Westminster,139
Harrow,80
Hackney,189
Newham,418
Westminster,526
Croydon,55
Lambeth,200
Westminster,1000
Westminster,87
Brent,70
Southwark,120
Camden,164
Bromley,68
Tower Hamlets,81
Croydon,62
Newham,360
Camden,108
Westminster,399
Southwark,39
Lambeth,78
Hounslow,126
Southwark,133
Redbridge,169
Islington,85
Camden,400
City of London,67
Wandsworth,66
Redbridge,29
Islington,224
Hackney,62
Barnet,221
Haringey,40
Merton,51
Wandsworth,64
Tower Hamlets,184
Wandsworth,60
Camden,93
Hackney,155
Camden,92
Tower Hamlets,100
Westminster,144
Southwark,195
Camden,109
Newham,90
Tower Hamlets,36
Ealing,46
Hackney,259
Haringey,79
Redbridge,370
Westminster,99
Croydon,38
Westminster,475
Westminster,456
Westminster,630
Kensington and Chelsea,132
Waltham Forest,87
Tower Hamlets,198
Westminster,734
Southwark,169
Camden,168
Tower Hamlets,49
Hackney,48
Brent,190
Waltham Forest,28
Camden,242
Southwark,100
Bromley,58
Westminster,679
Westminster,729
Westminster,727
Westminster,709
Westminster,774
Westminster,888
Westminster,889
Haringey,85
Sutton,59
Hackney,72
Hammersmith and Fulham,114
Westminster,163
Westminster,465
Westminster,63
Camden,102
Kingston upon Thames,51
Westminster,247
Croydon,78
Wandsworth,132
Hackney,69
Tower Hamlets,1000
Lewisham,33
Westminster,368
Hackney,151
Tower Hamlets,1000
Wandsworth,150
Haringey,50
Wandsworth,143
Camden,207
Haringey,111
Tower Hamlets,39
Tower Hamlets,40
Camden,138
Wandsworth,127
Enfield,49
Redbridge,55
Lewisham,96
Hackney,76
Islington,147
Camden,167
Kensington and Chelsea,138
Lambeth,76
Harrow,280
Hammersmith and Fulham,136
Lewisham,69
Kensington and Chelsea,366
Westminster,135
Wandsworth,135
Hackney,219
Haringey,93
Hackney,310
Hammersmith and Fulham,48
Bromley,52
Wandsworth,57
Lambeth,155
Islington,53
Wandsworth,240
Tower Hamlets,163
Southwark,276
Southwark,386
Islington,47
Bromley,119
Lambeth,116
Westminster,203
Westminster,238
City of London,323
Westminster,142
Haringey,57
Greenwich,40
Croydon,35
Newham,50
Tower Hamlets,160
Tower Hamlets,246
Southwark,270
Camden,252
Hammersmith and Fulham,238
Hackney,56
Westminster,206
Bexley,59
Westminster,1561
Lewisham,57
Westminster,294
Haringey,181
Haringey,165
Havering,30
Lambeth,140
Merton,532
Barking and Dagenham,32
Waltham Forest,43
Wandsworth,96
Islington,345
Islington,143
Camden,390
Camden,182
Newham,69
Hammersmith and Fulham,781
Tower Hamlets,34
Camden,114
Bromley,45
Lambeth,309
Brent,203
Waltham Forest,53
Kensington and Chelsea,66
Kensington and Chelsea,450
Ealing,62
Waltham Forest,54
Southwark,194
Waltham Forest,58
Barnet,48
Tower Hamlets,38
Camden,198
Camden,165
Barking and Dagenham,38
Camden,209
Camden,228
Barnet,85
Southwark,201
Lewisham,380
Kensington and Chelsea,999
Harrow,168
Barnet,133
Kingston upon Thames,45
Redbridge,41
Hackney,141
Kensington and Chelsea,300
Wandsworth,350
Hammersmith and Fulham,244
Southwark,123
Barnet,88
Islington,58
Ealing,287
Westminster,232
Hammersmith and Fulham,258
Hammersmith and Fulham,180
Kensington and Chelsea,375
Lewisham,90
Lambeth,281
Tower Hamlets,44
Kensington and Chelsea,149
Westminster,248
Westminster,245
Camden,36
Southwark,135
Kensington and Chelsea,432
Lambeth,207
Ealing,29
Tower Hamlets,194
Southwark,79
Hackney,59
Croydon,42
Croydon,42
Lambeth,82
Haringey,57
Camden,187
Hackney,334
Harrow,83
Bromley,52
Ealing,46
Haringey,71
Newham,46
Newham,63
Richmond upon Thames,67
Kensington and Chelsea,146
Kensington and Chelsea,1615
Westminster,184
Barnet,117
Hackney,49
Sutton,48
Sutton,74
Tower Hamlets,35
Camden,146
Hounslow,261
Newham,66
Islington,149
Tower Hamlets,41
Hammersmith and Fulham,231
Lewisham,104
Wandsworth,151
Westminster,185
Islington,65
Brent,35
Tower Hamlets,73
Lambeth,200
Kensington and Chelsea,442
Bromley,83
Haringey,71
Richmond upon Thames,333
Kensington and Chelsea,228
Kensington and Chelsea,190
Hillingdon,36
Hillingdon,40
Barking and Dagenham,50
Barking and Dagenham,110
Hackney,80
Westminster,143
Westminster,194
Hammersmith and Fulham,352
Westminster,260
Hackney,120
Barnet,109
Brent,110
Islington,179
Islington,128
Westminster,457
Camden,164
Harrow,186
Newham,117
Lambeth,72
Westminster,474
Westminster,206
Westminster,140
Southwark,63
Westminster,509
Westminster,349
Kensington and Chelsea,152
Camden,80
Lambeth,103
Wandsworth,50
Lewisham,45
Lambeth,130
Haringey,75
Southwark,118
Merton,41
Richmond upon Thames,91
Hammersmith and Fulham,71
Kensington and Chelsea,194
Kensington and Chelsea,1541
Harrow,73
Kingston upon Thames,62
Tower Hamlets,34
Westminster,270
Westminster,414
Hammersmith and Fulham,185
Lambeth,48
Lewisham,32
Westminster,500
City of London,183
City of London,159
City of London,158
City of London,159
City of London,156
Tower Hamlets,196
City of London,161
Tower Hamlets,205
City of London,201
Tower Hamlets,107
Newham,282
Kingston upon Thames,82
Lambeth,66
Tower Hamlets,203
Tower Hamlets,160
Bexley,220
Hammersmith and Fulham,181
Barnet,140
Southwark,200
Tower Hamlets,60
Kensington and Chelsea,213
Westminster,487
Kensington and Chelsea,327
Islington,300
Lambeth,800
Camden,160
Barnet,440
Sutton,135
Barnet,85
Hounslow,103
Tower Hamlets,185
Hackney,153
Westminster,689
Tower Hamlets,138
Croydon,28
Westminster,238
Bromley,110
Kensington and Chelsea,292
Camden,175
Kensington and Chelsea,707
Westminster,216
Kensington and Chelsea,116
Wandsworth,245
Westminster,168
Lambeth,79
Westminster,135
Newham,176
Hammersmith and Fulham,53
Westminster,76
Hackney,193
Westminster,458
Haringey,60
Southwark,150
Lewisham,177
Islington,204
Redbridge,120
Wandsworth,500
Tower Hamlets,44
Ealing,77
Camden,155
City of London,79
Southwark,266
Hackney,159
Westminster,858
Westminster,841
Hackney,165
Ealing,83
Lambeth,243
Southwark,155
Kensington and Chelsea,508
Kensington and Chelsea,426
Kensington and Chelsea,735
Wandsworth,234
Wandsworth,225
Westminster,90
Westminster,76
Tower Hamlets,125
Merton,80
Southwark,640
Islington,120
Tower Hamlets,135
Hounslow,31
Greenwich,59
Hammersmith and Fulham,240
Richmond upon Thames,497
Tower Hamlets,104
Wandsworth,56
Kensington and Chelsea,110
Tower Hamlets,180
Wandsworth,133
Waltham Forest,167
Tower Hamlets,190
Tower Hamlets,51
Brent,43
Westminster,240
Hammersmith and Fulham,82
Wandsworth,39
Kingston upon Thames,74
Enfield,81
Newham,121
Westminster,353
Barnet,95
Kensington and Chelsea,400
Westminster,400
Redbridge,64
Tower Hamlets,94
Haringey,37
Tower Hamlets,226
Bromley,251
Greenwich,65
Hammersmith and Fulham,74
Waltham Forest,40
Camden,56
Harrow,250
Camden,178
Camden,192
Kensington and Chelsea,123
Hackney,213
Newham,191
Barnet,49
Bexley,104
Redbridge,80
Kensington and Chelsea,330
Westminster,266
Tower Hamlets,35
Tower Hamlets,126
Barnet,55
City of London,145
Barnet,229
Hackney,131
Westminster,340
Hackney,100
Lewisham,61
Barnet,158
Islington,379
Wandsworth,110
Hillingdon,48
Westminster,640
Lewisham,59
Southwark,78
Lambeth,50
Ealing,156
Barking and Dagenham,64
Waltham Forest,129
Lambeth,116
Westminster,198
Tower Hamlets,45
Kensington and Chelsea,200
Greenwich,230
Merton,235
Merton,119
Haringey,87
Brent,107
Camden,624
Enfield,90
Camden,64
Wandsworth,307
Harrow,343
Westminster,56
Westminster,55
Camden,250
Camden,162
Westminster,523
Camden,65
Camden,69
Hammersmith and Fulham,216
Wandsworth,563
Kensington and Chelsea,491
Tower Hamlets,67
Hammersmith and Fulham,101
Camden,155
Westminster,199
Lewisham,113
Islington,206
Westminster,515
Kensington and Chelsea,1100
Islington,190
Lambeth,233
Lambeth,44
Hackney,110
Hackney,171
Lambeth,42
Westminster,675
Kensington and Chelsea,217
Southwark,270
Westminster,170
Westminster,140
Westminster,141
Westminster,138
Richmond upon Thames,170
Westminster,596
Camden,102
Southwark,39
Lewisham,28
Wandsworth,237
Westminster,369
Brent,787
Hackney,129
Hammersmith and Fulham,60
Southwark,182
Croydon,116
Newham,170
Wandsworth,135
Croydon,79
Hackney,135
Westminster,209
Tower Hamlets,206
Kensington and Chelsea,138
Wandsworth,58
Hammersmith and Fulham,201
Haringey,295
Barnet,99
City of London,360
Wandsworth,72
Hackney,180
Tower Hamlets,44
Tower Hamlets,200
Croydon,48
Lewisham,170
Kensington and Chelsea,314
Hammersmith and Fulham,248
Tower Hamlets,450
Hackney,65
Lambeth,156
Enfield,115
Hackney,87
Tower Hamlets,92
Hackney,169
Tower Hamlets,214
Tower Hamlets,2060
Merton,121
Haringey,101
Hammersmith and Fulham,135
Westminster,116
Islington,65
Southwark,95
Camden,78
Sutton,93
Westminster,209
Brent,29
Camden,137
Westminster,500
Kensington and Chelsea,138
Kensington and Chelsea,138
Hammersmith and Fulham,135
Greenwich,201
Camden,69
Kensington and Chelsea,138
Kensington and Chelsea,900
Kensington and Chelsea,168
Kensington and Chelsea,129
Kensington and Chelsea,138
Kensington and Chelsea,138
Islington,225
Kensington and Chelsea,512
Kensington and Chelsea,295
Westminster,48
Kensington and Chelsea,263
Lambeth,70
Westminster,446
Lewisham,173
Newham,56
Barking and Dagenham,150
Hackney,48
Ealing,209
Haringey,84
Hillingdon,60
Hackney,360
Hounslow,579
Enfield,140
Lambeth,65
Merton,40
Kensington and Chelsea,215
Hammersmith and Fulham,36
Hackney,163
Westminster,372
Lambeth,300
Kensington and Chelsea,277
Brent,213
Kensington and Chelsea,474
Westminster,25
Camden,396
Westminster,144
Westminster,208
Westminster,258
Westminster,85
Tower Hamlets,125
Westminster,334
Westminster,211
Camden,375
Kensington and Chelsea,231
Hackney,199
Haringey,1045
Hammersmith and Fulham,77
Tower Hamlets,277
Hammersmith and Fulham,343
Camden,51
Merton,30
Kensington and Chelsea,106
Camden,244
Enfield,77
Brent,100
Brent,100
Southwark,40
Merton,89
Hammersmith and Fulham,124
Camden,65
Camden,70
Camden,65
Camden,69
Brent,57
Kensington and Chelsea,155
Lewisham,55
Hammersmith and Fulham,191
Ealing,87
Waltham Forest,190
Islington,104
City of London,108
Croydon,165
Lewisham,166
Southwark,72
Islington,52
Haringey,350
Southwark,133
Brent,54
Lambeth,127
Tower Hamlets,182
Kensington and Chelsea,259
Hillingdon,42
Bromley,158
Merton,39
Hounslow,109
Tower Hamlets,259
Tower Hamlets,164
Ealing,500
Haringey,150
Hackney,112
Haringey,176
Waltham Forest,156
Lambeth,53
Camden,105
Bromley,54
Havering,204
Lewisham,55
Westminster,891
Westminster,893
Westminster,808
Westminster,2289
Kingston upon Thames,45
Wandsworth,85
Tower Hamlets,260
Westminster,115
Hackney,80
Hackney,91
Lewisham,84
Havering,29
Hammersmith and Fulham,126
Kensington and Chelsea,664
Wandsworth,201
Lambeth,75
Kensington and Chelsea,309
Greenwich,81
Wandsworth,378
Lewisham,130
Wandsworth,144
Hackney,163
Newham,51
Lambeth,393
Lambeth,258
Lambeth,239
Lambeth,281
Lambeth,268
Lambeth,188
Newham,92
Southwark,121
Westminster,297
Westminster,280
Newham,104
Kingston upon Thames,126
Kingston upon Thames,200
Ealing,49
Southwark,100
Southwark,90
Newham,128
Southwark,112
Merton,80
Westminster,115
Tower Hamlets,175
Croydon,47
Tower Hamlets,36
Southwark,230
Newham,36
Hammersmith and Fulham,100
Kensington and Chelsea,163
Haringey,117
Lambeth,53
Brent,253
Southwark,171
Camden,504
Barnet,79
Barnet,45
Barnet,60
Barnet,76
Westminster,383
Westminster,433
Westminster,366
Lewisham,88
Tower Hamlets,514
Kensington and Chelsea,84
Kensington and Chelsea,776
Ealing,57
Hammersmith and Fulham,45
Wandsworth,140
Barnet,75
Lambeth,309
Southwark,173
Lambeth,63
Kensington and Chelsea,1858
Westminster,93
Southwark,344
Havering,93
Camden,252
Kensington and Chelsea,220
Hammersmith and Fulham,256
Hammersmith and Fulham,171
Camden,88
Harrow,77
Harrow,77
Wandsworth,238
Hackney,77
Enfield,44
Croydon,86
Enfield,65
Ealing,46
Westminster,157
Hackney,120
Tower Hamlets,45
Brent,26
Newham,380
Camden,186
Camden,268
Lewisham,75
Hackney,105
Hackney,94
Wandsworth,122
Haringey,76
Richmond upon Thames,46
Southwark,72
Bromley,250
Westminster,309
Westminster,285
Kensington and Chelsea,268
Newham,232
Kensington and Chelsea,298
Hammersmith and Fulham,360
Tower Hamlets,72
Merton,131
Islington,130
Tower Hamlets,37
Hillingdon,48
Hillingdon,24
Camden,242
Kensington and Chelsea,117
Lewisham,46
Westminster,359
Hackney,143
Westminster,170
Tower Hamlets,117
Westminster,42
Newham,71
Newham,110
Merton,110
Waltham Forest,84
Harrow,203
Barnet,152
Tower Hamlets,212
Hillingdon,72
Tower Hamlets,129
Kensington and Chelsea,172
Greenwich,100
Hackney,109
Brent,61
Westminster,222
Tower Hamlets,282
Hackney,238
Haringey,115
Hackney,140
Hackney,150
Waltham Forest,82
Westminster,84
Westminster,78
Westminster,77
Islington,96
Hammersmith and Fulham,100
Lambeth,143
Hackney,105
Ealing,162
Enfield,53
Westminster,208
Camden,160
Hackney,250
Kensington and Chelsea,280
Westminster,312
Newham,69
Hounslow,150
Hounslow,270
Hounslow,270
Tower Hamlets,252
Tower Hamlets,351
Kensington and Chelsea,270
Hackney,173
Lewisham,63
Westminster,1375
Haringey,100
Haringey,65
Tower Hamlets,136
Tower Hamlets,301
Tower Hamlets,310
Hackney,53
Kensington and Chelsea,1877
Tower Hamlets,73
Lewisham,41
Waltham Forest,65
Sutton,117
Sutton,115
Lewisham,54
Sutton,128
Waltham Forest,350
Hackney,45
Kensington and Chelsea,101
Lambeth,80
Kensington and Chelsea,56
Wandsworth,267
Westminster,250
Ealing,33
Hammersmith and Fulham,175
Lambeth,56
Lambeth,68
Enfield,43
Westminster,395
Greenwich,31
Westminster,99
Lewisham,62
Hillingdon,110
Lambeth,297
Wandsworth,250
Southwark,76
Kingston upon Thames,550
Hounslow,850
Lambeth,800
Harrow,471
Richmond upon Thames,150
Camden,59
Southwark,95
Southwark,200
Tower Hamlets,368
Islington,293
Merton,60
Camden,270
Tower Hamlets,32
Greenwich,186
Hackney,68
Camden,76
Westminster,220
Merton,72
Camden,143
Tower Hamlets,81
Southwark,126
Camden,119
Westminster,343
Camden,288
Lewisham,112
Kingston upon Thames,61
Tower Hamlets,252
Merton,156
Lambeth,105
Brent,122
Westminster,285
Westminster,285
Westminster,285
Westminster,240
Wandsworth,147
Hillingdon,45
Kensington and Chelsea,109
Tower Hamlets,57
Brent,735
Lambeth,78
Kensington and Chelsea,139
Tower Hamlets,198
Hackney,100
Waltham Forest,82
Haringey,60
Croydon,91
Newham,42
Lambeth,425
Camden,262
Islington,55
Newham,87
Southwark,65
Southwark,136
Westminster,214
Westminster,67
Waltham Forest,136
Hillingdon,59
Camden,300
Wandsworth,345
Lewisham,49
Brent,46
Westminster,172
Westminster,775
Islington,72
Lewisham,122
Newham,35
Kensington and Chelsea,117
Hackney,155
Brent,765
Barnet,209
Wandsworth,201
Kensington and Chelsea,770
Kensington and Chelsea,360
Enfield,45
Barnet,152
Wandsworth,85
Hackney,144
Camden,97
Tower Hamlets,187
Westminster,115
Kensington and Chelsea,112
Kensington and Chelsea,245
Kensington and Chelsea,212
Newham,54
Greenwich,143
Kensington and Chelsea,118
Kensington and Chelsea,124
Kensington and Chelsea,112
Hackney,112
Westminster,370
Hackney,60
Southwark,121
Tower Hamlets,198
Wandsworth,138
Islington,72
Lambeth,459
Tower Hamlets,245
Camden,133
Hammersmith and Fulham,627
Hackney,144
Camden,244
Camden,242
Westminster,135
Newham,90
Westminster,355
Westminster,205
Barnet,191
Kensington and Chelsea,98
Southwark,165
Kensington and Chelsea,125
Islington,95
Brent,720
Haringey,245
Westminster,228
Wandsworth,230
Westminster,350
Haringey,141
Camden,57
Wandsworth,73
Westminster,258
Camden,76
Westminster,351
Tower Hamlets,240
Kensington and Chelsea,520
Westminster,850
Kensington and Chelsea,162
Lewisham,181
Southwark,302
Hammersmith and Fulham,141
Wandsworth,366
Enfield,102
Wandsworth,850
Hackney,98
Bromley,86
Haringey,49
Hackney,155
Croydon,43
Camden,450
Tower Hamlets,244
Westminster,929
Kensington and Chelsea,145
Hounslow,69
Islington,141
Bromley,135
Croydon,34
Hammersmith and Fulham,450
Hackney,186
Tower Hamlets,48
Hounslow,80
Redbridge,68
Ealing,115
Waltham Forest,86
Ealing,378
Kensington and Chelsea,236
Kensington and Chelsea,204
Kensington and Chelsea,232
Kensington and Chelsea,116
Westminster,118
Newham,290
Westminster,3000
Westminster,850
Redbridge,285
Westminster,190
Hackney,109
Southwark,200
Islington,181
Hammersmith and Fulham,145
Hillingdon,129
Kingston upon Thames,350
Camden,171
Croydon,30
Tower Hamlets,81
Enfield,27
Hackney,109
Lambeth,225
Hillingdon,53
Hammersmith and Fulham,99
Ealing,51
Camden,70
Lambeth,634
Hackney,153
Westminster,280
Bromley,60
Ealing,72
Lewisham,129
Tower Hamlets,236
Bromley,171
Camden,350
Hackney,109
Hackney,109
Greenwich,229
Greenwich,344
Wandsworth,112
Brent,119
City of London,215
Redbridge,141
Kensington and Chelsea,700
Enfield,38
City of London,280
Kensington and Chelsea,284
Westminster,526
Kingston upon Thames,133
Westminster,1418
Camden,87
Tower Hamlets,119
Camden,82
Hillingdon,250
Tower Hamlets,46
Westminster,195
Lewisham,46
Camden,122
Brent,98
Hackney,109
Westminster,208
Wandsworth,224
Tower Hamlets,147
Westminster,180
Kensington and Chelsea,148
Kensington and Chelsea,155
Lambeth,145
Islington,44
Lambeth,67
Camden,175
Tower Hamlets,333
Islington,58
Westminster,89
Barnet,190
Wandsworth,331
Hackney,109
Hackney,180
Hackney,50
Kensington and Chelsea,133
Kensington and Chelsea,152
Westminster,6000
Enfield,100
Kensington and Chelsea,1200
Lambeth,57
Hackney,47
Camden,180
Haringey,90
Southwark,370
Lambeth,66
Kensington and Chelsea,207
Barnet,32
Lewisham,60
Westminster,1046
Hounslow,119
Bromley,100
Lambeth,47
Wandsworth,85
Southwark,65
Southwark,127
Lambeth,275
Enfield,79
Westminster,112
Kensington and Chelsea,145
Westminster,368
Southwark,166
Hounslow,144
Camden,357
Wandsworth,171
Westminster,227
Enfield,243
Kensington and Chelsea,161
Westminster,108
Brent,86
Westminster,175
Tower Hamlets,39
Croydon,30
Westminster,263
Hounslow,44
Ealing,162
Southwark,113
Croydon,28
Kingston upon Thames,185
Ealing,125
Richmond upon Thames,287
Wandsworth,744
Lewisham,64
Westminster,369
Southwark,308
Hillingdon,43
Westminster,308
Southwark,144
Hammersmith and Fulham,136
Westminster,282
Camden,174
Westminster,398
Camden,61
Tower Hamlets,220
Tower Hamlets,85
Hounslow,50
Tower Hamlets,136
Waltham Forest,134
Wandsworth,190
Hillingdon,55
Hackney,61
Camden,243
Hammersmith and Fulham,729
Tower Hamlets,185
Hounslow,150
Croydon,231
Merton,380
Camden,201
Croydon,101
Richmond upon Thames,251
Sutton,59
Kingston upon Thames,96
Westminster,72
Havering,39
Haringey,125
Camden,66
Tower Hamlets,198
Camden,198
Lewisham,180
Sutton,49
Greenwich,139
Merton,49
Richmond upon Thames,265
Southwark,300
Southwark,59
Lambeth,309
Hammersmith and Fulham,168
Southwark,67
Islington,139
Croydon,56
Southwark,38
Lambeth,40
Newham,36
Bexley,37
Southwark,99
Hammersmith and Fulham,106
Brent,70
Westminster,195
Southwark,120
Hounslow,73
Brent,29
Waltham Forest,24
Westminster,152
Westminster,176
Haringey,362
Wandsworth,161
Kensington and Chelsea,440
Kensington and Chelsea,112
Ealing,100
Enfield,145
Kensington and Chelsea,86
Greenwich,165
Westminster,272
Camden,98
Hammersmith and Fulham,481
Tower Hamlets,326
Lewisham,178
Tower Hamlets,43
Hackney,362
Wandsworth,175
Kensington and Chelsea,112
Kensington and Chelsea,230
Brent,75
Wandsworth,135
Kensington and Chelsea,469
Ealing,157
Camden,343
Kensington and Chelsea,430
Westminster,138
Hackney,114
Westminster,186
Barnet,409
Westminster,519
Westminster,201
Kensington and Chelsea,233
Tower Hamlets,96
Tower Hamlets,103
Southwark,350
Hackney,101
Tower Hamlets,46
Kensington and Chelsea,228
Hackney,39
Hackney,362
Kensington and Chelsea,222
Hackney,200
Kensington and Chelsea,265
Westminster,401
Lambeth,54
Hounslow,187
Hounslow,245
Kensington and Chelsea,189
Haringey,56
Haringey,85
Kensington and Chelsea,304
Islington,181
Ealing,59
Hackney,195
Hammersmith and Fulham,57
Southwark,158
Hammersmith and Fulham,160
Brent,83
Hammersmith and Fulham,115
Hackney,113
Greenwich,288
Westminster,178
Wandsworth,162
Wandsworth,226
Hammersmith and Fulham,174
Tower Hamlets,198
Kensington and Chelsea,758
Lambeth,346
Lambeth,396
Kensington and Chelsea,752
Hammersmith and Fulham,67
Hackney,47
Hackney,86
Newham,153
Haringey,153
Southwark,94
Hackney,64
Lambeth,273
Islington,117
Hackney,174
Kensington and Chelsea,200
Kensington and Chelsea,309
Camden,80
Bexley,92
Barnet,180
Camden,59
Westminster,190
Westminster,450
Wandsworth,172
Tower Hamlets,68
Camden,271
Brent,360
Southwark,168
Waltham Forest,105
Lambeth,108
Wandsworth,200
Islington,73
Lewisham,110
Westminster,150
Camden,184
Greenwich,35
Islington,228
Islington,174
Brent,54
Havering,142
Lambeth,448
Lambeth,526
Merton,86
Wandsworth,238
Barnet,60
Tower Hamlets,98
Tower Hamlets,184
Enfield,124
Enfield,191
Hammersmith and Fulham,320
Haringey,157
Lambeth,67
Lambeth,73
Redbridge,49
Hammersmith and Fulham,256
Hammersmith and Fulham,220
Enfield,150
Lambeth,45
Enfield,162
Greenwich,94
Enfield,162
Croydon,180
Enfield,172
Enfield,162
Newham,95
Haringey,144
Barnet,98
Westminster,96
Kensington and Chelsea,251
Waltham Forest,183
Camden,280
Tower Hamlets,139
Hackney,129
Tower Hamlets,90
Lewisham,86
Barnet,94
Camden,102
Islington,60
Kensington and Chelsea,1093
Barnet,350
Bromley,173
Tower Hamlets,86
Camden,897
Brent,102
Brent,285
Hammersmith and Fulham,130
Camden,125
Lambeth,146
Newham,225
Lambeth,63
Hounslow,352
Westminster,147
Hounslow,255
Barnet,105
Greenwich,124
Hammersmith and Fulham,192
Tower Hamlets,211
Lambeth,155
Tower Hamlets,140
Wandsworth,92
Brent,396
Haringey,1045
Southwark,80
Havering,28
Redbridge,55
Wandsworth,400
Tower Hamlets,58
Islington,421
Barking and Dagenham,145
Southwark,113
Hackney,89
Islington,60
Merton,286
Kensington and Chelsea,360
Enfield,26
Islington,79
Hammersmith and Fulham,102
Kensington and Chelsea,273
Hammersmith and Fulham,315
Lambeth,323
Wandsworth,60
Barnet,82
Hackney,181
Hackney,81
Newham,31
Tower Hamlets,293
Southwark,102
Southwark,102
Merton,52
Lewisham,38
Westminster,143
Westminster,193
Westminster,463
Westminster,193
Sutton,51
Islington,252
Westminster,99
Southwark,59
Harrow,207
Wandsworth,62
Lewisham,62
Haringey,136
Lewisham,172
Kensington and Chelsea,199
Wandsworth,48
Lewisham,106
Kingston upon Thames,96
Camden,59
Wandsworth,378
Tower Hamlets,48
Harrow,43
Haringey,53
Redbridge,45
Hackney,44
Lewisham,245
Enfield,46
Lewisham,147
Islington,262
Tower Hamlets,140
Bexley,617
Wandsworth,45
Camden,150
Hillingdon,32
Westminster,226
Barnet,249
Tower Hamlets,80
Barnet,225
Tower Hamlets,107
Sutton,31
Wandsworth,68
Richmond upon Thames,408
Camden,91
Greenwich,203
Westminster,250
Lambeth,107
Brent,494
Wandsworth,103
Westminster,399
Westminster,72
Hounslow,270
Kensington and Chelsea,1229
Hackney,46
Lewisham,198
Barking and Dagenham,28
Westminster,187
Southwark,285
Greenwich,92
Ealing,404
Westminster,7538
Waltham Forest,78
Lewisham,148
Lambeth,69
Merton,536
Haringey,50
Southwark,238
Tower Hamlets,69
Southwark,170
Kensington and Chelsea,295
Hammersmith and Fulham,65
Richmond upon Thames,38
Hammersmith and Fulham,67
Merton,400
Lewisham,96
Lewisham,90
Wandsworth,164
Westminster,537
Kingston upon Thames,74
Tower Hamlets,117
Hackney,112
Waltham Forest,102
Westminster,1561
Wandsworth,70
Haringey,179
Enfield,36
Harrow,85
Southwark,180
Hackney,231
Hackney,70
Haringey,67
Lambeth,74
Wandsworth,130
Westminster,270
Tower Hamlets,32
Westminster,200
Islington,800
Islington,534
Tower Hamlets,129
Westminster,402
Westminster,155
Merton,468
Kensington and Chelsea,950
Southwark,79
Ealing,56
Redbridge,110
Greenwich,112
Westminster,356
Wandsworth,80
Westminster,210
Enfield,80
Islington,275
Camden,317
Westminster,1395
Westminster,429
Camden,369
Westminster,146
Haringey,108
Westminster,208
Kensington and Chelsea,300
Bromley,104
Waltham Forest,99
Tower Hamlets,221
Waltham Forest,71
Newham,85
Bromley,150
Kensington and Chelsea,186
Haringey,68
Westminster,237
Camden,129
Hammersmith and Fulham,90
Haringey,50
Lambeth,170
Lambeth,180
Newham,65
Hounslow,81
Croydon,49
Barnet,114
Lambeth,136
Wandsworth,180
Lewisham,41
Ealing,125
Wandsworth,245
Westminster,95
Kensington and Chelsea,200
Kensington and Chelsea,91
Westminster,202
Westminster,99
Tower Hamlets,72
Camden,81
Camden,97
Tower Hamlets,228
Kensington and Chelsea,136
Lambeth,165
Kensington and Chelsea,123
Tower Hamlets,361
Kensington and Chelsea,110
Waltham Forest,86
Tower Hamlets,99
Merton,184
Westminster,125
Hackney,60
Westminster,427
Lambeth,136
Newham,177
Hackney,352
Waltham Forest,66
Tower Hamlets,135
Greenwich,160
Hammersmith and Fulham,109
Ealing,70
Tower Hamlets,123
Southwark,340
Kensington and Chelsea,1274
Lewisham,50
Lambeth,95
Kensington and Chelsea,88
Hillingdon,253
Westminster,400
Islington,119
Wandsworth,130
Westminster,255
Ealing,153
Waltham Forest,86
Islington,220
Lambeth,150
Southwark,120
Harrow,126
Tower Hamlets,88
Wandsworth,162
Camden,165
Richmond upon Thames,232
Greenwich,50
Hammersmith and Fulham,96
Hammersmith and Fulham,126
Merton,33
Hackney,89
Tower Hamlets,95
Hackney,144
Lambeth,77
Kensington and Chelsea,164
Southwark,200
Tower Hamlets,85
Barnet,143
Camden,180
Westminster,94
Westminster,346
Kensington and Chelsea,434
Merton,112
Westminster,102
Waltham Forest,115
Haringey,80
Tower Hamlets,206
Greenwich,46
Waltham Forest,178
Lewisham,45
Newham,2000
Kensington and Chelsea,321
Camden,274
Richmond upon Thames,50
Hounslow,83
Southwark,65
Islington,150
Barnet,895
Kensington and Chelsea,270
Westminster,155
Hounslow,81
Lewisham,110
Tower Hamlets,155
Southwark,217
Wandsworth,190
Hammersmith and Fulham,197
Westminster,299
Waltham Forest,108
Kensington and Chelsea,252
Westminster,320
Kingston upon Thames,125
Southwark,87
Bromley,447
Merton,258
Merton,245
Redbridge,65
Kensington and Chelsea,1394
Wandsworth,211
Bexley,94
Tower Hamlets,273
Hammersmith and Fulham,51
Camden,150
Richmond upon Thames,150
Kensington and Chelsea,292
Tower Hamlets,89
Southwark,180
Southwark,45
Redbridge,163
Waltham Forest,58
Enfield,149
Tower Hamlets,44
Havering,39
Camden,104
Bromley,219
Bexley,48
Camden,180
Westminster,93
Wandsworth,54
Barnet,187
Wandsworth,45
Merton,75
Hammersmith and Fulham,168
Wandsworth,32
Westminster,401
Wandsworth,30
Greenwich,89
Westminster,200
Hackney,40
Tower Hamlets,60
Kensington and Chelsea,69
Waltham Forest,199
Haringey,80
Hammersmith and Fulham,124
Enfield,50
Hammersmith and Fulham,105
Greenwich,210
Bromley,147
Newham,235
Lambeth,182
Wandsworth,39
Greenwich,398
Wandsworth,32
Tower Hamlets,120
Wandsworth,30
Barking and Dagenham,136
Camden,1101
Kensington and Chelsea,593
Wandsworth,216
Islington,268
Merton,50
Enfield,41
Bromley,250
Kensington and Chelsea,300
Hammersmith and Fulham,221
Richmond upon Thames,115
Wandsworth,550
Lewisham,145
Merton,95
Kensington and Chelsea,170
Hounslow,68
Lewisham,68
Waltham Forest,39
Wandsworth,139
Tower Hamlets,242
Tower Hamlets,189
Ealing,144
Westminster,276
Camden,185
Southwark,153
Enfield,256
Brent,107
Lewisham,115
Hammersmith and Fulham,1900
Kingston upon Thames,55
Tower Hamlets,172
Hackney,95
Kensington and Chelsea,221
Barnet,170
Kensington and Chelsea,2500
Hammersmith and Fulham,170
Wandsworth,425
Westminster,279
Kensington and Chelsea,452
Merton,68
Kensington and Chelsea,322
Kensington and Chelsea,243
Croydon,42
Haringey,201
Hackney,242
Kensington and Chelsea,212
Redbridge,207
Camden,168
Kensington and Chelsea,191
Lewisham,105
Enfield,68
Kingston upon Thames,98
Lambeth,351
Kensington and Chelsea,380
Lewisham,152
Westminster,125
Camden,1126
Westminster,288
Westminster,307
Hackney,55
Hackney,120
Camden,173
City of London,83
Westminster,356
Merton,450
Lambeth,354
Wandsworth,180
Barking and Dagenham,103
Hillingdon,182
Bexley,50
Brent,56
Kensington and Chelsea,270
Croydon,91
Southwark,257
Wandsworth,188
Kingston upon Thames,235
Wandsworth,375
Brent,86
Lambeth,120
Barking and Dagenham,45
Hackney,113
Hackney,214
Camden,64
Kensington and Chelsea,230
Croydon,144
Croydon,148
Lambeth,260
Waltham Forest,187
Waltham Forest,50
Havering,135
Kensington and Chelsea,112
Wandsworth,125
Kensington and Chelsea,117
Tower Hamlets,309
Kensington and Chelsea,98
Westminster,1100
Lambeth,251
Westminster,1490
Tower Hamlets,58
Camden,272
Barking and Dagenham,83
Camden,94
Westminster,288
Lambeth,234
Brent,529
Lewisham,76
Hammersmith and Fulham,270
Hammersmith and Fulham,153
Wandsworth,85
Merton,190
Lambeth,114
Brent,55
Croydon,85
Bexley,60
Wandsworth,201
Westminster,157
Newham,279
Camden,219
Hammersmith and Fulham,540
Brent,668
Bromley,150
Hounslow,136
Lambeth,127
Westminster,62
Camden,82
Waltham Forest,126
Wandsworth,119
Lambeth,185
Newham,50
Brent,120
Newham,55
Newham,150
Greenwich,195
Barking and Dagenham,44
Camden,62
Lambeth,39
Enfield,79
Tower Hamlets,153
Lambeth,144
Merton,128
Merton,148
Lambeth,56
Lambeth,60
Lambeth,39
Brent,250
Greenwich,31
Hounslow,173
Merton,72
Hounslow,194
Lewisham,84
Haringey,226
Haringey,225
Lambeth,90
Greenwich,144
Kensington and Chelsea,350
Camden,703
Camden,167
Camden,81
Westminster,346
Kensington and Chelsea,131
Hackney,206
Merton,95
Havering,2022
Wandsworth,55
Merton,257
Croydon,42
Hackney,384
Lambeth,326
Brent,42
Hackney,183
Brent,64
Westminster,123
Bexley,38
Southwark,205
Hammersmith and Fulham,163
Westminster,368
Hammersmith and Fulham,170
Tower Hamlets,141
Richmond upon Thames,429
Lambeth,11412
Wandsworth,551
Hammersmith and Fulham,62
Camden,109
Camden,180
Southwark,158
Wandsworth,111
Southwark,206
Southwark,72
Lewisham,79
Westminster,273
Haringey,275
Waltham Forest,110
Lambeth,338
Kensington and Chelsea,320
Camden,177
Kensington and Chelsea,598
Hackney,150
Camden,204
Greenwich,68
Kensington and Chelsea,854
Camden,204
Greenwich,72
Haringey,92
Westminster,58
Hillingdon,146
Lewisham,36
Camden,143
Wandsworth,86
Haringey,56
Hackney,76
Westminster,251
Haringey,177
Ealing,78
Wandsworth,115
Lambeth,126
Southwark,74
Newham,42
Lewisham,54
Southwark,68
Haringey,117
Newham,90
Barnet,75
Hounslow,153
Harrow,57
Hounslow,228
Hounslow,227
Newham,106
Newham,67
Camden,190
Sutton,24
Greenwich,110
Greenwich,139
Greenwich,370
Westminster,180
Barnet,46
Barnet,347
Brent,162
Merton,298
Kensington and Chelsea,279
Wandsworth,150
Kensington and Chelsea,243
Kensington and Chelsea,280
Westminster,283
Kensington and Chelsea,204
Kensington and Chelsea,171
Barnet,165
Hammersmith and Fulham,82
Waltham Forest,38
Kensington and Chelsea,250
Wandsworth,350
Bromley,50
Bromley,50
Tower Hamlets,192
Brent,50
Hackney,315
Richmond upon Thames,466
Croydon,209
Barnet,203
Camden,230
Haringey,74
Kensington and Chelsea,220
Sutton,34
Southwark,307
Waltham Forest,78
Waltham Forest,220
Barnet,324
Westminster,98
Haringey,171
Haringey,175
Croydon,163
Croydon,109
Southwark,133
Newham,140
Haringey,56
Greenwich,181
Greenwich,60
Islington,37
Hounslow,36
Westminster,174
Islington,43
Westminster,57
Westminster,250
Westminster,500
Camden,171
Lewisham,57
Merton,283
Southwark,153
Southwark,273
Hammersmith and Fulham,104
Hammersmith and Fulham,150
Lambeth,59
Hackney,207
Camden,80
Haringey,85
Newham,169
Bromley,139
Ealing,45
Sutton,46
Ealing,135
Kensington and Chelsea,215
Hackney,91
Camden,299
Westminster,300
Hillingdon,34
Harrow,212
Barnet,320
Barnet,35
Lambeth,87
Brent,114
Bromley,143
Westminster,208
Kensington and Chelsea,110
Kensington and Chelsea,122
Hackney,54
Kensington and Chelsea,149
Kensington and Chelsea,115
Hammersmith and Fulham,156
Hammersmith and Fulham,190
Richmond upon Thames,71
Tower Hamlets,55
Lambeth,48
Kensington and Chelsea,378
Camden,230
Kensington and Chelsea,190
Westminster,848
Newham,172
Newham,88
Hackney,149
Waltham Forest,81
Tower Hamlets,286
Islington,69
Tower Hamlets,317
Bexley,380
Lewisham,155
Camden,50
Hackney,140
Ealing,333
Westminster,305
Kingston upon Thames,64
Westminster,286
Barnet,223
Croydon,149
Haringey,96
City of London,322
Westminster,125
Westminster,270
Westminster,305
Hackney,138
Southwark,77
Southwark,342
Waltham Forest,110
Westminster,42
Islington,82
Westminster,200
Havering,86
Tower Hamlets,297
Lambeth,117
Westminster,154
Wandsworth,158
City of London,194
Westminster,257
Kensington and Chelsea,258
Tower Hamlets,72
Hounslow,144
Islington,112
Camden,126
Westminster,896
Lewisham,31
Brent,152
Hackney,153
Brent,152
Westminster,650
Greenwich,79
Barnet,49
Southwark,171
Lambeth,134
Islington,162
Southwark,158
Richmond upon Thames,181
Sutton,231
Lambeth,180
Camden,220
Merton,22
Richmond upon Thames,200
Croydon,155
Richmond upon Thames,136
Tower Hamlets,116
Haringey,80
Ealing,42
Southwark,68
Hounslow,60
Kensington and Chelsea,185
Hackney,216
Ealing,67
Barnet,59
Westminster,190
Bromley,103
Newham,104
Merton,230
Islington,58
Islington,133
Kensington and Chelsea,936
Hillingdon,50
Hillingdon,39
Tower Hamlets,256
Lewisham,400
Richmond upon Thames,600
Tower Hamlets,73
Brent,152
Kensington and Chelsea,484
Camden,235
Kensington and Chelsea,300
Hammersmith and Fulham,143
Hackney,48
Westminster,622
Haringey,72
Islington,114
Hackney,152
Barking and Dagenham,215
Kensington and Chelsea,750
Kensington and Chelsea,160
Barnet,168
Kensington and Chelsea,213
Brent,133
Croydon,57
Wandsworth,45
Hammersmith and Fulham,93
Waltham Forest,131
Southwark,36
Kensington and Chelsea,121
Camden,153
Hammersmith and Fulham,375
Kensington and Chelsea,800
Islington,477
Westminster,114
Westminster,308
Hammersmith and Fulham,450
Ealing,87
Westminster,538
Westminster,910
Lambeth,177
Camden,149
Bromley,50
Hackney,65
Haringey,213
Westminster,375
Lewisham,256
Southwark,119
Camden,450
Islington,65
Kensington and Chelsea,95
Camden,99
Brent,277
Lambeth,106
Waltham Forest,157
Islington,43
Kensington and Chelsea,129
Lewisham,57
Barking and Dagenham,54
Hackney,162
Greenwich,148
Waltham Forest,115
Lambeth,78
Bexley,34
Southwark,130
Wandsworth,67
Westminster,820
Westminster,100
Lewisham,97
Westminster,149
Hounslow,1008
Southwark,69
Westminster,285
Greenwich,38
Kensington and Chelsea,229
Westminster,150
Lambeth,275
Southwark,80
Barking and Dagenham,25
Merton,342
Hounslow,343
Westminster,188
Bromley,120
Kensington and Chelsea,150
Westminster,413
Kensington and Chelsea,119
Tower Hamlets,190
Westminster,171
Southwark,78
Westminster,220
Waltham Forest,225
Haringey,36
Haringey,175
Camden,72
Hackney,208
Bexley,81
Barnet,56
Hackney,113
Camden,86
Tower Hamlets,240
Tower Hamlets,131
Camden,92
Camden,91
Westminster,1800
Brent,45
Kensington and Chelsea,157
Tower Hamlets,145
Lewisham,112
Camden,100
Wandsworth,792
Islington,125
Ealing,87
Camden,82
Islington,198
Newham,86
Wandsworth,68
Enfield,232
Barking and Dagenham,196
Barking and Dagenham,156
Westminster,259
Greenwich,170
Barnet,95
Ealing,42
Islington,567
Westminster,522
Merton,214
Wandsworth,130
Croydon,45
Brent,568
Hillingdon,45
Camden,154
Redbridge,54
Hammersmith and Fulham,257
Westminster,151
Westminster,111
Barking and Dagenham,307
Kensington and Chelsea,188
Hillingdon,89
Richmond upon Thames,80
Kensington and Chelsea,208
Wandsworth,106
Hammersmith and Fulham,53
Westminster,277
Camden,156
Hillingdon,77
Brent,210
Lambeth,132
Wandsworth,145
Wandsworth,127
Wandsworth,45
Richmond upon Thames,220
Southwark,111
Tower Hamlets,344
Southwark,158
Tower Hamlets,161
Islington,419
Westminster,140
Hackney,83
Islington,713
Merton,201
Waltham Forest,900
Westminster,85
Camden,354
Lambeth,47
Southwark,74
Camden,230
Croydon,46
Wandsworth,165
Westminster,820
Ealing,422
Tower Hamlets,60
Islington,114
Westminster,170
Newham,79
Kensington and Chelsea,174
Hounslow,196
Kensington and Chelsea,171
Richmond upon Thames,92
Southwark,124
Lambeth,98
Islington,316
Hackney,57
Hammersmith and Fulham,62
Brent,50
Hounslow,162
Westminster,217
Barnet,149
Barnet,207
Hammersmith and Fulham,149
Greenwich,51
Wandsworth,485
Kensington and Chelsea,240
Hackney,72
Kensington and Chelsea,600
Lambeth,45
Westminster,363
Camden,43
Kensington and Chelsea,77
Wandsworth,75
Westminster,120
Hackney,250
Kensington and Chelsea,113
Kensington and Chelsea,102
Lambeth,72
Westminster,164
Westminster,288
Hammersmith and Fulham,138
Merton,96
Camden,247
Haringey,86
Westminster,135
Westminster,125
Westminster,188
Hackney,128
Westminster,240
Brent,300
Croydon,143
Wandsworth,51
Southwark,56
Hammersmith and Fulham,150
Camden,347
Tower Hamlets,52
Waltham Forest,70
Greenwich,76
Camden,177
Sutton,41
Hounslow,161
Tower Hamlets,90
Hackney,120
Barnet,96
Wandsworth,316
Croydon,200
Merton,108
Hackney,225
Richmond upon Thames,81
Islington,58
Lambeth,287
Kensington and Chelsea,98
Ealing,42
Hackney,47
Bromley,179
Wandsworth,114
Westminster,49
Hounslow,132
Kensington and Chelsea,225
Wandsworth,374
Lewisham,131
Hammersmith and Fulham,149
Hackney,53
Wandsworth,96
Hammersmith and Fulham,120
Croydon,255
Barnet,150
Lambeth,51
Greenwich,31
Westminster,160
Kensington and Chelsea,317
Kingston upon Thames,251
Tower Hamlets,200
Kensington and Chelsea,249
Tower Hamlets,88
Barnet,151
Kensington and Chelsea,597
Ealing,70
Westminster,128
Barnet,137
Waltham Forest,76
Enfield,101
Southwark,165
Kensington and Chelsea,81
Bexley,37
Brent,138
Barnet,196
Richmond upon Thames,124
Islington,200
Waltham Forest,80
Camden,188
Westminster,113
Newham,80
Lewisham,165
Wandsworth,242
Hackney,500
Camden,99
Newham,67
Kensington and Chelsea,151
Croydon,82
Brent,54
Wandsworth,70
Camden,60
Barnet,134
Hackney,209
Kensington and Chelsea,803
Southwark,384
Hillingdon,138
Haringey,140
Enfield,169
Hillingdon,3300
Brent,162
Enfield,169
Haringey,144
Enfield,85
Kensington and Chelsea,581
Kensington and Chelsea,116
Westminster,281
Kensington and Chelsea,95
Brent,102
Westminster,120
Hackney,189
Camden,100
Enfield,67
Tower Hamlets,131
Greenwich,171
Sutton,70
Wandsworth,200
Greenwich,144
Hackney,156
Brent,65
Brent,61
Greenwich,137
Westminster,215
Richmond upon Thames,148
Westminster,690
Hackney,40
Kensington and Chelsea,292
Sutton,41
Newham,127
Tower Hamlets,137
Ealing,134
Haringey,28
Wandsworth,34
Westminster,180
Brent,147
Waltham Forest,81
Lewisham,36
Greenwich,65
Tower Hamlets,92
Bromley,144
Southwark,82
Wandsworth,81
Westminster,440
Hammersmith and Fulham,550
Haringey,266
Hammersmith and Fulham,200
Merton,150
Barnet,57
Westminster,269
Wandsworth,274
Westminster,202
Barnet,56
Westminster,222
Barnet,200
Bexley,140
Hackney,83
Hackney,46
Hackney,387
Brent,102
Barnet,42
Westminster,225
Kensington and Chelsea,49
Kingston upon Thames,159
Hammersmith and Fulham,138
Barking and Dagenham,64
Brent,165
Hammersmith and Fulham,83
Hackney,100
Hammersmith and Fulham,750
Kensington and Chelsea,60
Southwark,209
Redbridge,246
Kensington and Chelsea,400
Kensington and Chelsea,140
Barnet,388
Hammersmith and Fulham,115
Camden,180
Southwark,100
Wandsworth,457
Haringey,80
Kensington and Chelsea,1000
Hackney,75
Hackney,175
Tower Hamlets,197
Westminster,161
Tower Hamlets,90
Sutton,54
Sutton,60
Ealing,210
Richmond upon Thames,196
Camden,144
Tower Hamlets,180
Hackney,150
Islington,120
Westminster,237
Hammersmith and Fulham,112
Kensington and Chelsea,174
Lewisham,51
Ealing,50
Camden,200
Wandsworth,72
Greenwich,27
Lambeth,160
Hillingdon,66
Hillingdon,93
Hammersmith and Fulham,124
Westminster,214
Hackney,50
Islington,59
Wandsworth,275
Westminster,270
Westminster,295
Hackney,82
Lewisham,72
Hackney,238
Waltham Forest,80
Westminster,93
Enfield,199
Southwark,187
Croydon,65
Harrow,126
Hammersmith and Fulham,118
Tower Hamlets,153
Hackney,166
Hackney,119
Hackney,67
Haringey,166
Kensington and Chelsea,192
Barnet,87
Westminster,240
Wandsworth,43
Kensington and Chelsea,170
Westminster,156
Richmond upon Thames,600
Redbridge,205
Hackney,95
Lambeth,168
Kensington and Chelsea,87
Camden,179
Southwark,122
Hammersmith and Fulham,154
Lambeth,215
Enfield,164
Hackney,258
Tower Hamlets,60
Hillingdon,33
Lambeth,171
Ealing,595
Hammersmith and Fulham,84
Westminster,135
Tower Hamlets,93
Hackney,39
Newham,24
Greenwich,85
Hackney,137
Bexley,105
Lewisham,27
Westminster,136
Westminster,148
Westminster,129
Croydon,30
Lambeth,37
Tower Hamlets,163
Enfield,45
Sutton,30
Tower Hamlets,246
Westminster,180
Hammersmith and Fulham,133
Westminster,232
Kensington and Chelsea,75
Richmond upon Thames,145
Kensington and Chelsea,300
Southwark,140
Westminster,350
Ealing,150
Southwark,192
Westminster,357
Brent,37
Hillingdon,48
Hackney,141
Southwark,170
Southwark,180
Lewisham,81
Kingston upon Thames,45
Ealing,33
Croydon,107
Barking and Dagenham,227
Hillingdon,149
Hammersmith and Fulham,245
Kensington and Chelsea,426
Bexley,83
Wandsworth,60
Croydon,34
Lambeth,39
Kensington and Chelsea,249
Brent,63
Bromley,201
Brent,401
Southwark,201
Kensington and Chelsea,329
Hackney,55
Hackney,175
Kensington and Chelsea,35
Kensington and Chelsea,70
Enfield,135
Hammersmith and Fulham,110
Southwark,65
Westminster,208
Ealing,38
Greenwich,180
Havering,500
Hounslow,111
Westminster,281
Kensington and Chelsea,300
Haringey,37
Hammersmith and Fulham,159
Hackney,51
Hackney,184
Greenwich,180
Haringey,60
Lambeth,117
Lambeth,201
Lambeth,199
Lambeth,230
Tower Hamlets,49
Islington,91
Barnet,69
Southwark,420
Hackney,108
Southwark,113
Islington,144
Southwark,59
Enfield,94
Harrow,107
Haringey,48
Newham,358
Southwark,201
Bromley,189
Westminster,238
Southwark,201
Haringey,70
Barnet,120
Redbridge,40
Haringey,119
Bromley,180
Barnet,56
Westminster,362
Brent,65
Hammersmith and Fulham,190
Lewisham,126
Ealing,60
Hounslow,200
Haringey,68
Waltham Forest,45
Kingston upon Thames,97
Wandsworth,140
Hackney,73
Hackney,72
Haringey,82
Haringey,76
Haringey,66
Southwark,486
Westminster,150
Havering,79
Waltham Forest,33
Camden,120
Islington,94
Harrow,68
Islington,323
Newham,60
Brent,48
Kensington and Chelsea,117
Kensington and Chelsea,131
Kensington and Chelsea,80
Westminster,199
Camden,230
Waltham Forest,108
Lewisham,100
Westminster,274
Kensington and Chelsea,83
Lambeth,130
Islington,343
Islington,144
Islington,165
Enfield,114
Barking and Dagenham,30
Lewisham,211
Greenwich,38
Greenwich,33
Wandsworth,396
Tower Hamlets,42
Greenwich,69
Havering,161
Havering,218
Lewisham,50
Hackney,63
Redbridge,186
Lewisham,72
Hounslow,165
Barking and Dagenham,40
Southwark,51
Westminster,115
Tower Hamlets,198
Waltham Forest,406
Waltham Forest,205
Waltham Forest,197
Tower Hamlets,205
Southwark,238
Kensington and Chelsea,171
Kensington and Chelsea,1358
Wandsworth,187
Kensington and Chelsea,77
Hammersmith and Fulham,65
Kensington and Chelsea,1224
Brent,100
Kingston upon Thames,270
Kensington and Chelsea,77
Westminster,344
Westminster,147
Greenwich,82
Tower Hamlets,275
Tower Hamlets,201
Camden,141
Ealing,45
Brent,347
Westminster,270
Hammersmith and Fulham,300
Southwark,138
Westminster,128
Greenwich,135
Merton,76
Westminster,102
Westminster,89
Newham,54
Enfield,70
Camden,248
Tower Hamlets,236
Camden,278
Tower Hamlets,156
Hammersmith and Fulham,132
Bexley,56
Lewisham,81
Tower Hamlets,115
Kensington and Chelsea,234
Lewisham,81
Westminster,114
Tower Hamlets,90
Richmond upon Thames,43
Wandsworth,234
Havering,45
Croydon,175
Westminster,537
Southwark,161
Southwark,174
Brent,150
Westminster,151
Tower Hamlets,171
Waltham Forest,99
Kensington and Chelsea,67
Kensington and Chelsea,1132
Richmond upon Thames,84
Bexley,62
Camden,338
Bromley,67
Tower Hamlets,379
Kensington and Chelsea,66
Kensington and Chelsea,96
Kensington and Chelsea,70
Hackney,91
Hackney,252
Bexley,62
Ealing,131
Islington,128
Lewisham,136
Haringey,360
Camden,393
Lambeth,225
Wandsworth,240
Hammersmith and Fulham,100
Hammersmith and Fulham,90
Ealing,162
Tower Hamlets,258
Lewisham,48
Westminster,266
Islington,61
Greenwich,81
Ealing,195
Brent,35
Hackney,87
Hackney,192
Hackney,66
Southwark,51
Greenwich,46
Southwark,40
Hackney,160
Greenwich,329
Southwark,205
Lambeth,65
Islington,191
Lewisham,90
Islington,170
Waltham Forest,142
Lewisham,70
Newham,100
Hammersmith and Fulham,79
Ealing,200
Islington,198
Havering,76
Hammersmith and Fulham,117
Southwark,182
Islington,80
Wandsworth,61
Croydon,56
Tower Hamlets,156
Southwark,70
Greenwich,390
Hillingdon,100
Barnet,88
Barnet,92
Brent,52
Haringey,179
Hillingdon,67
Camden,138
Camden,144
Ealing,110
Islington,179
Bromley,107
Westminster,438
Croydon,300
Bromley,108
Hammersmith and Fulham,110
Hammersmith and Fulham,288
Ealing,400
Tower Hamlets,271
Hammersmith and Fulham,185
Hackney,78
Hackney,119
Wandsworth,1000
Newham,500
Brent,101
Brent,285
Richmond upon Thames,125
Barnet,88
Newham,80
Westminster,260
Greenwich,150
Tower Hamlets,165
Hammersmith and Fulham,140
Redbridge,250
Islington,316
City of London,858
Kensington and Chelsea,115
Camden,318
Hackney,121
Greenwich,40
Newham,223
Lambeth,49
Greenwich,70
Islington,54
Greenwich,89
Barking and Dagenham,36
Ealing,64
Camden,360
Camden,69
Lewisham,149
Haringey,44
Brent,428
Southwark,170
Camden,203
Barking and Dagenham,65
Kensington and Chelsea,153
Westminster,298
Barnet,70
Greenwich,32
Newham,366
Richmond upon Thames,573
Ealing,327
Lambeth,110
Lewisham,125
Westminster,281
Kensington and Chelsea,221
Hammersmith and Fulham,210
Ealing,69
Kingston upon Thames,238
Hammersmith and Fulham,150
Tower Hamlets,66
Greenwich,96
Islington,176
Kensington and Chelsea,185
Islington,249
Wandsworth,72
Ealing,96
Tower Hamlets,162
Hackney,201
Tower Hamlets,220
Islington,79
Lambeth,62
Westminster,113
Kensington and Chelsea,358
Westminster,586
Barnet,155
Wandsworth,35
Brent,145
Barnet,117
Westminster,161
Ealing,199
Southwark,70
Southwark,77
Southwark,67
Kingston upon Thames,69
Brent,98
Westminster,366
Kensington and Chelsea,147
Westminster,417
Bromley,74
Westminster,283
Islington,109
Ealing,46
Westminster,74
Haringey,149
Westminster,73
Lewisham,133
Newham,170
Havering,41
Croydon,73
Westminster,225
Kensington and Chelsea,103
Camden,357
Newham,183
Westminster,103
Wandsworth,163
Islington,133
Newham,153
Bexley,38
Ealing,251
Brent,176
Lambeth,170
Westminster,208
Camden,80
Croydon,56
Haringey,102
Haringey,225
Southwark,125
Kensington and Chelsea,159
Kensington and Chelsea,346
Southwark,74
Southwark,91
Lewisham,72
Newham,30
Newham,229
Tower Hamlets,198
Camden,201
Tower Hamlets,115
Ealing,42
Islington,49
Kensington and Chelsea,217
Southwark,66
Southwark,69
Southwark,73
Islington,1000
Westminster,136
Westminster,152
Merton,251
Westminster,500
Camden,204
Kensington and Chelsea,92
Sutton,59
Sutton,54
Westminster,364
Hammersmith and Fulham,215
Hillingdon,45
Westminster,260
Tower Hamlets,201
Hillingdon,229
Haringey,54
Southwark,508
Hackney,125
Hammersmith and Fulham,772
Ealing,45
Westminster,224
Islington,102
Lambeth,68
Hammersmith and Fulham,173
Wandsworth,57
Haringey,146
Tower Hamlets,175
Tower Hamlets,304
Newham,171
City of London,152
Camden,214
Kensington and Chelsea,199
Westminster,887
Ealing,277
Islington,120
Kensington and Chelsea,180
Tower Hamlets,126
Kensington and Chelsea,610
Havering,50
Westminster,61
Westminster,297
Hackney,429
Hammersmith and Fulham,117
Hammersmith and Fulham,119
Southwark,171
Southwark,260
Southwark,189
Southwark,275
Southwark,70
Westminster,387
Tower Hamlets,41
Enfield,167
Hackney,150
Ealing,33
Brent,130
Greenwich,169
Tower Hamlets,62
Richmond upon Thames,221
Kingston upon Thames,90
Wandsworth,91
Kingston upon Thames,100
Havering,216
Barnet,136
Westminster,365
Kensington and Chelsea,209
Lewisham,80
Tower Hamlets,128
Lewisham,72
Hackney,42
Hackney,42
Westminster,300
Westminster,153
Lambeth,195
Southwark,65
Westminster,190
Haringey,46
Hackney,169
Croydon,48
Hackney,60
Harrow,53
Camden,63
Kensington and Chelsea,89
Hackney,90
Lambeth,219
Kensington and Chelsea,86
Kensington and Chelsea,81
Camden,567
Camden,49
Hammersmith and Fulham,193
Hammersmith and Fulham,61
Lewisham,73
Tower Hamlets,215
Camden,67
Camden,216
Kensington and Chelsea,136
Tower Hamlets,220
Westminster,970
Westminster,532
Westminster,924
Lambeth,120
Lewisham,131
Westminster,213
Hammersmith and Fulham,124
Barking and Dagenham,33
Hammersmith and Fulham,245
Newham,226
Newham,262
Westminster,121
Camden,133
Hammersmith and Fulham,91
Kensington and Chelsea,599
Hackney,40
Lambeth,91
Kensington and Chelsea,209
Lambeth,297
Haringey,90
Westminster,222
Croydon,90
Westminster,511
Tower Hamlets,200
Bromley,60
Hammersmith and Fulham,98
Hillingdon,84
Bromley,78
Lambeth,44
Hillingdon,100
Sutton,63
Sutton,59
Hackney,86
Hammersmith and Fulham,650
Barnet,101
Hammersmith and Fulham,40
Barnet,98
Greenwich,210
Merton,250
Greenwich,310
Camden,225
Croydon,90
Camden,48
Kensington and Chelsea,100
Hammersmith and Fulham,450
Greenwich,93
Southwark,86
Wandsworth,236
Harrow,163
Westminster,300
Westminster,162
Harrow,88
Southwark,344
Lambeth,219
Islington,233
Southwark,59
Ealing,95
Hounslow,50
Hounslow,58
Waltham Forest,350
Barking and Dagenham,142
Harrow,159
Haringey,80
Camden,143
Haringey,250
Camden,65
Tower Hamlets,155
Hammersmith and Fulham,400
Westminster,139
Westminster,114
Westminster,120
Islington,328
Tower Hamlets,105
Barnet,137
Barnet,286
Haringey,110
Hackney,135
Lewisham,153
Hackney,28
Westminster,285
Camden,84
Bexley,50
Hounslow,57
Hounslow,55
Southwark,135
Westminster,811
Westminster,129
Westminster,887
Newham,232
Lewisham,42
Richmond upon Thames,495
Greenwich,90
Westminster,133
Newham,160
Wandsworth,95
Wandsworth,95
Kensington and Chelsea,205
Tower Hamlets,73
Wandsworth,150
Tower Hamlets,175
Haringey,109
Lewisham,140
Wandsworth,315
Camden,158
Redbridge,1118
Haringey,39
Sutton,43
Bexley,134
Redbridge,1118
Wandsworth,116
Croydon,45
Westminster,362
Barnet,150
Westminster,291
Barnet,392
Islington,274
Hounslow,137
Haringey,268
Barnet,186
Southwark,54
Southwark,54
Southwark,92
Camden,98
Harrow,80
Kensington and Chelsea,350
Haringey,131
Islington,175
Brent,62
Greenwich,285
Hammersmith and Fulham,300
Lewisham,73
Kensington and Chelsea,600
Camden,137
Camden,324
Richmond upon Thames,63
Hammersmith and Fulham,285
Hackney,158
Westminster,120
Southwark,60
Hackney,249
Camden,215
Hackney,61
Redbridge,1118
Hillingdon,90
Redbridge,1118
Westminster,386
Westminster,389
Westminster,389
Westminster,388
Westminster,179
Westminster,179
Westminster,204
Islington,699
Merton,173
Tower Hamlets,296
Hackney,52
Camden,342
Westminster,295
Kensington and Chelsea,212
Westminster,339
Camden,167
Lambeth,200
Islington,143
Kensington and Chelsea,398
Waltham Forest,237
Barnet,166
Tower Hamlets,108
Wandsworth,176
Havering,90
Bexley,50
Havering,33
Hammersmith and Fulham,203
Hackney,153
Lambeth,136
Tower Hamlets,57
Hammersmith and Fulham,79
Tower Hamlets,77
Southwark,152
Tower Hamlets,37
Kensington and Chelsea,136
Westminster,571
Kingston upon Thames,144
Haringey,57
Kensington and Chelsea,143
Ealing,245
Kensington and Chelsea,252
Kensington and Chelsea,140
Haringey,51
Hammersmith and Fulham,90
Ealing,308
Lambeth,150
Lambeth,91
Westminster,79
Lambeth,95
Croydon,136
Haringey,64
Kensington and Chelsea,656
Barnet,150
Kensington and Chelsea,191
Croydon,148
Croydon,350
Hillingdon,153
Hounslow,49
Waltham Forest,48
Kensington and Chelsea,194
Wandsworth,190
Newham,54
Hackney,187
Bexley,60
Croydon,65
Camden,163
Westminster,250
Southwark,89
Southwark,63
Newham,98
Wandsworth,135
Islington,110
Westminster,230
Haringey,239
Hillingdon,45
Lambeth,55
Merton,77
Westminster,136
Havering,51
Wandsworth,177
Croydon,44
Greenwich,96
Camden,207
Lewisham,40
Westminster,602
Havering,48
Tower Hamlets,769
Hounslow,137
Haringey,94
Kensington and Chelsea,320
Wandsworth,150
Camden,77
Camden,78
Camden,80
Camden,80
Westminster,150
Tower Hamlets,103
Redbridge,90
Camden,145
Westminster,648
Waltham Forest,78
Tower Hamlets,178
Hillingdon,231
Hammersmith and Fulham,52
Kensington and Chelsea,179
Bromley,80
Kensington and Chelsea,129
Hillingdon,31
Camden,500
Westminster,198
Westminster,500
Lewisham,99
Haringey,54
Camden,77
Harrow,40
Camden,119
Camden,86
Waltham Forest,135
Hounslow,33
Hounslow,50
Ealing,200
Westminster,650
Ealing,100
Lewisham,193
Brent,119
Brent,60
Hackney,75
Enfield,280
Tower Hamlets,220
Brent,306
Tower Hamlets,264
Lewisham,200
Westminster,170
Westminster,115
Westminster,120
Southwark,502
Ealing,40
Islington,138
Hackney,196
Southwark,115
Redbridge,1118
Hackney,124
Redbridge,559
Kensington and Chelsea,309
Enfield,250
Westminster,170
Kensington and Chelsea,129
Richmond upon Thames,118
Croydon,525
Kensington and Chelsea,450
Redbridge,234
Ealing,152
Wandsworth,863
Haringey,51
Wandsworth,38
Islington,83
Sutton,38
Islington,135
Islington,145
Ealing,63
Westminster,51
Hackney,135
Islington,251
Islington,172
Camden,150
Camden,140
Lewisham,73
Redbridge,32
Haringey,137
Westminster,2668
Haringey,170
Haringey,95
Newham,315
Kingston upon Thames,109
Merton,62
Waltham Forest,187
Westminster,256
Westminster,633
Barnet,150
Barking and Dagenham,215
Bromley,50
Brent,128
Haringey,50
Kensington and Chelsea,185
Tower Hamlets,275
Westminster,165
Camden,175
Bromley,37
Lambeth,216
Islington,143
Westminster,333
Westminster,1425
Kensington and Chelsea,217
Bromley,103
Lambeth,71
Waltham Forest,32
Kensington and Chelsea,302
Lambeth,99
Richmond upon Thames,142
Wandsworth,115
Waltham Forest,100
Southwark,80
Lambeth,67
Tower Hamlets,252
Brent,135
Havering,582
Tower Hamlets,39
Bromley,86
Lambeth,285
Redbridge,247
Tower Hamlets,86
Kensington and Chelsea,215
Hammersmith and Fulham,204
Wandsworth,150
Camden,79
Camden,84
Camden,78
Camden,78
Camden,82
Lewisham,221
Westminster,399
Hackney,214
Camden,113
Hillingdon,70
Greenwich,67
Westminster,650
Hackney,300
Tower Hamlets,141
Kensington and Chelsea,804
Barking and Dagenham,124
Hounslow,126
Westminster,826
Lambeth,300
Hammersmith and Fulham,141
Camden,81
Redbridge,1010
Hackney,185
Enfield,43
Redbridge,1176
Croydon,85
Southwark,90
Waltham Forest,115
Hammersmith and Fulham,98
Westminster,500
Greenwich,63
Redbridge,1006
Hackney,223
Barnet,290
Camden,335
Camden,198
Bexley,175
Redbridge,222
Harrow,71
Greenwich,51
Westminster,120
Kensington and Chelsea,333
Kensington and Chelsea,1470
Westminster,133
Croydon,171
Tower Hamlets,95
Southwark,62
Westminster,205
Hackney,47
Tower Hamlets,198
Greenwich,325
Westminster,303
Southwark,121
Camden,65
Newham,185
Westminster,127
Barnet,53
Islington,281
Ealing,73
Tower Hamlets,112
Barnet,39
Kensington and Chelsea,200
Westminster,351
Camden,64
Camden,65
Camden,63
Camden,75
Camden,64
Camden,65
Camden,65
Haringey,112
Waltham Forest,51
Southwark,265
Hammersmith and Fulham,143
Waltham Forest,89
Waltham Forest,146
Kensington and Chelsea,132
Camden,137
Camden,187
Brent,78
Kingston upon Thames,222
Westminster,357
Hammersmith and Fulham,1200
Hackney,95
Islington,323
Lambeth,49
Westminster,160
Southwark,113
Tower Hamlets,139
Lambeth,42
Islington,105
Southwark,100
Hackney,108
Waltham Forest,54
Newham,416
Hammersmith and Fulham,120
Hammersmith and Fulham,153
Croydon,123
Camden,114
Waltham Forest,111
Merton,168
Kensington and Chelsea,402
Richmond upon Thames,162
Redbridge,256
Haringey,222
Hammersmith and Fulham,259
Wandsworth,69
Westminster,136
Hackney,181
Barnet,290
Tower Hamlets,148
Croydon,120
Kensington and Chelsea,190
Southwark,105
Newham,43
Lambeth,309
Haringey,35
Islington,190
Wandsworth,171
Lambeth,33
Lambeth,100
Tower Hamlets,160
Ealing,225
Kensington and Chelsea,214
Tower Hamlets,198
Hackney,62
Tower Hamlets,69
Lambeth,61
Hackney,153
Lambeth,315
Hammersmith and Fulham,147
Westminster,159
Hammersmith and Fulham,120
Haringey,110
Redbridge,65
Merton,70
Newham,158
Islington,92
Westminster,171
Westminster,135
Islington,90
Kingston upon Thames,64
Kensington and Chelsea,389
Kensington and Chelsea,148
Kensington and Chelsea,326
Wandsworth,335
Camden,103
Islington,324
Tower Hamlets,286
Croydon,60
Croydon,53
Lambeth,191
Wandsworth,50
Kensington and Chelsea,243
Kensington and Chelsea,550
Westminster,608
Richmond upon Thames,75
Southwark,118
Islington,760
Richmond upon Thames,184
Wandsworth,70
Hammersmith and Fulham,75
Waltham Forest,170
Lewisham,64
Southwark,43
Westminster,428
Redbridge,311
Lambeth,68
Lewisham,76
Enfield,127
Camden,296
Westminster,319
Waltham Forest,153
Camden,125
Wandsworth,180
Waltham Forest,40
Brent,58
Wandsworth,76
Havering,33
Kensington and Chelsea,270
Newham,45
Islington,150
Hackney,144
Hackney,159
Islington,90
Southwark,162
Greenwich,173
Hammersmith and Fulham,73
Southwark,306
Ealing,83
Merton,170
Kensington and Chelsea,390
Bromley,135
Sutton,33
Lambeth,181
Newham,104
Westminster,153
Hackney,135
Kensington and Chelsea,57
Westminster,1022
Southwark,119
Enfield,155
Wandsworth,65
Ealing,65
Westminster,347
Kensington and Chelsea,281
Bromley,84
Islington,126
Kingston upon Thames,164
Tower Hamlets,186
Southwark,50
Camden,266
Greenwich,84
Tower Hamlets,135
Wandsworth,95
Hackney,400
Wandsworth,126
Bexley,108
Barking and Dagenham,55
Haringey,61
Camden,170
Tower Hamlets,760
Brent,94
Kensington and Chelsea,206
Richmond upon Thames,129
Sutton,105
Tower Hamlets,160
Newham,355
Southwark,58
Hackney,91
Hammersmith and Fulham,417
Lambeth,465
Wandsworth,56
Wandsworth,89
Newham,42
Southwark,37
Brent,109
Lambeth,288
Tower Hamlets,88
Hounslow,77
Hammersmith and Fulham,90
Newham,66
Hammersmith and Fulham,89
Greenwich,180
Newham,55
Camden,320
Hackney,311
Hackney,409
Islington,414
Lambeth,250
Newham,48
Brent,171
Croydon,181
Redbridge,34
Tower Hamlets,41
Barnet,100
Merton,135
Southwark,55
Kensington and Chelsea,103
Hammersmith and Fulham,88
Camden,102
Bromley,135
Southwark,164
Newham,180
Kensington and Chelsea,597
Hammersmith and Fulham,68
Westminster,170
Brent,45
Lambeth,43
Kensington and Chelsea,260
Barking and Dagenham,159
Lambeth,217
Hammersmith and Fulham,320
Islington,121
Harrow,41
Camden,339
Hackney,136
Islington,59
Merton,347
Hackney,145
Greenwich,171
Ealing,97
Hammersmith and Fulham,270
Hackney,149
Southwark,270
Kensington and Chelsea,228
Lewisham,60
Camden,117
Merton,154
Barnet,44
Camden,48
Barnet,44
Merton,161
Hammersmith and Fulham,279
Lewisham,47
Southwark,161
Islington,80
Kensington and Chelsea,668
Newham,58
Richmond upon Thames,196
Bexley,120
Ealing,112
Wandsworth,101
Southwark,193
Greenwich,289
Newham,86
Kensington and Chelsea,228
Camden,174
Camden,161
Camden,55
Camden,52
Camden,77
Kensington and Chelsea,414
Enfield,43
Islington,135
Southwark,92
Camden,85
Barnet,58
Southwark,322
Camden,68
Camden,64
Camden,65
Hackney,112
Camden,75
Brent,152
Lewisham,192
Islington,173
Brent,170
Greenwich,164
Westminster,62
Islington,162
Lambeth,412
Westminster,210
Richmond upon Thames,75
Wandsworth,180
Hammersmith and Fulham,135
Newham,107
Camden,358
Brent,125
Ealing,95
Kensington and Chelsea,153
Greenwich,101
Kingston upon Thames,86
Tower Hamlets,126
Tower Hamlets,77
Westminster,177
Hammersmith and Fulham,133
Hounslow,81
Waltham Forest,262
Ealing,80
Camden,66
Camden,65
Camden,56
Sutton,750
Greenwich,179
Wandsworth,129
Tower Hamlets,146
Hammersmith and Fulham,136
Richmond upon Thames,220
Hounslow,60
Westminster,502
Southwark,70
Hackney,111
Ealing,41
Camden,201
Wandsworth,350
Westminster,168
Westminster,139
Barnet,153
Ealing,126
Westminster,998
Tower Hamlets,105
Kensington and Chelsea,77
Lambeth,203
Islington,98
Wandsworth,42
Islington,225
Croydon,58
Kensington and Chelsea,244
Hounslow,103
Hackney,262
Enfield,200
Kensington and Chelsea,223
Camden,102
Barking and Dagenham,41
Westminster,102
Westminster,268
Westminster,110
Camden,158
Islington,144
Camden,155
Hammersmith and Fulham,86
Southwark,88
Westminster,104
Westminster,351
Westminster,162
Westminster,170
Lewisham,124
Kensington and Chelsea,225
Tower Hamlets,104
Newham,72
Ealing,90
Southwark,160
Southwark,133
Camden,157
Hammersmith and Fulham,88
Brent,119
Westminster,166
Islington,286
Tower Hamlets,148
Tower Hamlets,135
Tower Hamlets,122
Southwark,59
Westminster,160
Tower Hamlets,69
Croydon,42
Croydon,43
Bromley,81
Islington,172
Westminster,523
Lambeth,78
Westminster,270
Westminster,157
Tower Hamlets,280
Barnet,399
Lewisham,87
Westminster,128
Barnet,57
Camden,181
Barnet,104
Barnet,144
Newham,121
Kensington and Chelsea,139
Westminster,311
Westminster,133
Islington,177
Hammersmith and Fulham,112
Camden,400
Southwark,187
Hackney,140
Southwark,70
Tower Hamlets,63
Croydon,40
Hackney,161
Hammersmith and Fulham,151
Lambeth,132
Kensington and Chelsea,324
Lewisham,144
Westminster,344
Westminster,334
Tower Hamlets,95
Kensington and Chelsea,227
Brent,59
Hackney,189
Kensington and Chelsea,243
Croydon,49
Kensington and Chelsea,157
Enfield,45
Redbridge,230
Lambeth,159
Tower Hamlets,113
Brent,179
Kensington and Chelsea,230
Waltham Forest,50
Hammersmith and Fulham,161
Westminster,195
Brent,610
Kensington and Chelsea,80
Lambeth,195
Islington,257
Westminster,321
Southwark,154
Greenwich,43
Brent,40
Hackney,138
Wandsworth,34
Haringey,215
Kensington and Chelsea,231
Tower Hamlets,52
Westminster,180
Bexley,90
Sutton,35
Lewisham,55
Hackney,120
Havering,38
Hounslow,147
Westminster,125
Islington,157
Kensington and Chelsea,177
Lambeth,200
Lewisham,66
Westminster,79
Brent,134
Westminster,500
Kensington and Chelsea,590
Hackney,80
Barking and Dagenham,35
Waltham Forest,138
Ealing,207
Islington,300
Hackney,199
Wandsworth,136
Ealing,126
Islington,150
Kensington and Chelsea,184
Kensington and Chelsea,280
Wandsworth,141
Tower Hamlets,181
Hackney,126
Hillingdon,170
Wandsworth,198
Westminster,142
Islington,338
Camden,58
Kensington and Chelsea,1440
Camden,122
Westminster,181
Southwark,128
Southwark,75
Lambeth,64
Ealing,100
Lambeth,66
Croydon,100
Tower Hamlets,150
Greenwich,149
Camden,184
Kensington and Chelsea,171
Wandsworth,191
Greenwich,234
Westminster,359
Camden,300
Wandsworth,158
Camden,139
Southwark,67
Barnet,95
Haringey,294
Ealing,270
Ealing,115
Croydon,300
Wandsworth,146
Newham,53
Barnet,45
Ealing,117
Camden,262
Hillingdon,145
Kingston upon Thames,65
Croydon,62
Kensington and Chelsea,253
Camden,102
Hammersmith and Fulham,4072
Brent,222
Kensington and Chelsea,565
Merton,213
Barnet,86
Westminster,251
Hammersmith and Fulham,180
Greenwich,210
Westminster,694
Islington,176
Camden,221
Camden,210
Camden,151
Camden,157
Haringey,150
Newham,90
Tower Hamlets,57
Camden,180
Tower Hamlets,110
Merton,131
Hackney,43
Harrow,36
Waltham Forest,99
Camden,108
Tower Hamlets,295
Hammersmith and Fulham,136
Haringey,100
Newham,130
Islington,154
City of London,233
Kensington and Chelsea,196
Newham,113
Harrow,36
Camden,60
Kingston upon Thames,65
Lewisham,151
Hammersmith and Fulham,116
Brent,65
Kingston upon Thames,108
Lambeth,401
Lewisham,71
Ealing,113
Tower Hamlets,118
Ealing,80
Camden,102
Hounslow,105
Camden,54
Hammersmith and Fulham,181
Hackney,110
Westminster,58
Westminster,169
Brent,135
Lambeth,550
Camden,203
Hackney,133
Ealing,25
Westminster,147
Wandsworth,81
Islington,291
Southwark,80
Hounslow,220
Waltham Forest,79
Hackney,137
Lewisham,45
Hounslow,76
Westminster,139
Brent,33
Ealing,181
Ealing,72
Kensington and Chelsea,138
Lambeth,276
Bromley,104
Wandsworth,253
Tower Hamlets,62
Westminster,69
Tower Hamlets,59
Tower Hamlets,56
Tower Hamlets,65
Tower Hamlets,59
Kensington and Chelsea,215
Enfield,72
Hammersmith and Fulham,70
Kingston upon Thames,112
Westminster,186
Westminster,167
Croydon,102
Havering,291
Kingston upon Thames,363
Westminster,322
Southwark,125
Brent,120
Ealing,83
Hackney,131
Kensington and Chelsea,304
Westminster,189
Camden,185
Camden,196
Islington,204
Camden,205
Islington,173
Camden,223
Newham,80
Southwark,109
Camden,175
Barnet,166
Havering,117
Camden,318
Kensington and Chelsea,343
Lewisham,102
Richmond upon Thames,111
Tower Hamlets,298
Westminster,155
Islington,114
Camden,180
Camden,180
Camden,205
Westminster,379
Newham,115
Brent,36
Kensington and Chelsea,114
Lambeth,145
Hammersmith and Fulham,62
Islington,86
Lambeth,275
Wandsworth,623
Westminster,161
Westminster,1080
Kensington and Chelsea,154
Tower Hamlets,103
Westminster,833
Bromley,410
Barnet,124
Westminster,154
Camden,341
Camden,187
Camden,236
Camden,246
Westminster,204
Camden,284
Camden,201
Camden,203
Kensington and Chelsea,475
Westminster,224
Enfield,98
Newham,314
Redbridge,342
Brent,137
Hammersmith and Fulham,81
Westminster,230
Islington,89
Ealing,82
Wandsworth,726
Camden,140
Westminster,407
Camden,101
Islington,103
Lambeth,72
Camden,114
Hackney,130
Kingston upon Thames,57
Brent,78
Tower Hamlets,100
Hammersmith and Fulham,170
Greenwich,90
Croydon,78
Lambeth,540
Merton,45
Redbridge,40
Sutton,132
Tower Hamlets,57
Southwark,47
Hackney,140
Lewisham,170
Camden,713
Southwark,44
Newham,286
Kingston upon Thames,43
Richmond upon Thames,184
Enfield,124
Westminster,136
Tower Hamlets,198
Hounslow,75
Hillingdon,137
Haringey,370
Redbridge,31
Islington,102
Southwark,60
Hackney,213
Tower Hamlets,63
Kensington and Chelsea,950
Newham,152
Southwark,124
Southwark,43
Southwark,150
Newham,100
Greenwich,60
Lambeth,63
Tower Hamlets,80
Wandsworth,86
Sutton,62
Greenwich,45
Hackney,157
Lambeth,100
Kensington and Chelsea,380
Hounslow,60
Ealing,78
Westminster,241
Westminster,218
Westminster,187
Westminster,160
Tower Hamlets,224
Tower Hamlets,71
Lambeth,150
Islington,195
Kensington and Chelsea,230
Wandsworth,80
Hackney,250
Wandsworth,540
Lambeth,146
Wandsworth,200
Wandsworth,405
Waltham Forest,93
Ealing,193
Tower Hamlets,105
Croydon,900
Kensington and Chelsea,93
Hackney,63
Ealing,164
Wandsworth,131
Hackney,239
Westminster,133
Hammersmith and Fulham,120
Westminster,139
Hackney,115
Sutton,133
Hounslow,70
Greenwich,59
Camden,348
Haringey,150
Southwark,162
Barnet,201
Enfield,50
Camden,300
Richmond upon Thames,123
Hackney,180
Camden,180
Wandsworth,220
Hammersmith and Fulham,306
Southwark,185
Westminster,305
Ealing,75
Hackney,42
Wandsworth,129
Tower Hamlets,215
Camden,244
Hillingdon,80
Camden,292
Lewisham,92
Westminster,86
Wandsworth,407
Kensington and Chelsea,250
Hammersmith and Fulham,308
Kensington and Chelsea,357
Richmond upon Thames,167
Camden,174
Islington,81
Kingston upon Thames,98
Westminster,238
Lambeth,430
Westminster,302
Westminster,248
Waltham Forest,90
Islington,95
Bexley,69
Richmond upon Thames,100
Southwark,95
Southwark,30
Camden,141
Southwark,105
Kensington and Chelsea,207
Hackney,120
Wandsworth,111
Bexley,36
Richmond upon Thames,104
Bexley,134
Ealing,93
Haringey,75
Hammersmith and Fulham,119
Hackney,47
Hackney,209
Hammersmith and Fulham,171
Wandsworth,211
Southwark,58
Camden,65
Camden,345
Barnet,150
Tower Hamlets,62
Greenwich,89
Westminster,95
Redbridge,40
Southwark,90
Kensington and Chelsea,202
Bromley,199
Wandsworth,114
Haringey,170
Brent,153
Kensington and Chelsea,80
Newham,136
Westminster,213
Westminster,370
Hackney,56
Sutton,73
Hillingdon,80
Wandsworth,69
Kensington and Chelsea,219
Harrow,199
Hackney,102
Southwark,71
Bexley,122
Croydon,437
Hammersmith and Fulham,66
Westminster,123
Harrow,43
Westminster,112
Southwark,285
Westminster,114
Kensington and Chelsea,158
Westminster,439
Southwark,450
Wandsworth,65
Lambeth,253
Ealing,110
Westminster,2359
Wandsworth,120
Westminster,179
Camden,400
Lewisham,156
Kensington and Chelsea,201
Ealing,80
Islington,98
City of London,198
Westminster,881
Hounslow,80
Hammersmith and Fulham,170
Kensington and Chelsea,104
Haringey,66
Haringey,58
Westminster,326
Camden,370
Kensington and Chelsea,118
Westminster,221
Haringey,83
Newham,61
Haringey,125
Lambeth,91
Lambeth,266
Brent,180
Westminster,322
Southwark,129
Ealing,69
Kingston upon Thames,90
Lambeth,148
Kensington and Chelsea,842
Westminster,296
Hackney,140
Islington,276
Hounslow,288
Lambeth,193
Croydon,235
Newham,95
Southwark,126
Greenwich,4750
Newham,214
Wandsworth,63
Westminster,176
Newham,61
Newham,99
Newham,70
Redbridge,115
Hounslow,101
Merton,96
Enfield,108
Lambeth,110
Camden,219
Kensington and Chelsea,450
Lambeth,80
Westminster,190
Westminster,178
Camden,161
Enfield,94
Tower Hamlets,85
Richmond upon Thames,159
Bexley,35
Kensington and Chelsea,122
Redbridge,50
Southwark,257
Kensington and Chelsea,143
Hackney,900
Hammersmith and Fulham,200
Harrow,50
Ealing,100
Newham,47
Enfield,72
Ealing,60
Richmond upon Thames,210
Kensington and Chelsea,235
Kensington and Chelsea,237
Camden,297
Greenwich,76
Hackney,333
Hackney,400
Islington,74
Tower Hamlets,57
Tower Hamlets,57
Tower Hamlets,56
Tower Hamlets,57
Islington,120
Westminster,250
Camden,153
Tower Hamlets,76
Lambeth,52
Lambeth,50
Tower Hamlets,475
Lewisham,273
Brent,473
Wandsworth,53
Brent,53
Westminster,400
Tower Hamlets,62
Westminster,117
Merton,114
Westminster,212
Westminster,179
Westminster,107
Tower Hamlets,76
Tower Hamlets,62
Barnet,213
Kensington and Chelsea,850
Kensington and Chelsea,313
Tower Hamlets,72
Wandsworth,123
Sutton,92
Southwark,54
Kensington and Chelsea,251
Barking and Dagenham,112
Haringey,200
Lambeth,71
Wandsworth,114
Hammersmith and Fulham,326
Southwark,206
Kensington and Chelsea,350
Richmond upon Thames,146
Greenwich,147
Richmond upon Thames,129
Hounslow,95
Brent,153
Westminster,4104
Westminster,380
Havering,60
Haringey,61
Westminster,145
Southwark,168
Enfield,46
Westminster,372
Westminster,173
Islington,128
Hammersmith and Fulham,178
Barnet,45
Lewisham,83
Hammersmith and Fulham,360
Haringey,59
Hackney,115
Lewisham,80
Westminster,143
Redbridge,150
Haringey,153
Camden,233
Barking and Dagenham,97
Lambeth,158
Westminster,571
Bexley,100
Greenwich,151
Kensington and Chelsea,275
Kensington and Chelsea,143
Brent,103
Hackney,301
Tower Hamlets,146
Westminster,208
Barking and Dagenham,109
Newham,49
Lambeth,126
Camden,428
Camden,329
Hounslow,103
Camden,270
Westminster,266
Camden,200
Barking and Dagenham,105
Tower Hamlets,50
Wandsworth,114
Tower Hamlets,110
Tower Hamlets,64
Islington,62
Brent,400
Brent,55
Westminster,169
Hammersmith and Fulham,119
Kensington and Chelsea,87
Kensington and Chelsea,97
Kensington and Chelsea,109
Lewisham,200
Hackney,143
Westminster,500
Wandsworth,224
Croydon,67
Newham,98
Westminster,117
Westminster,205
Redbridge,133
Hackney,94
Southwark,140
Lewisham,110
Ealing,100
Waltham Forest,175
Ealing,241
Kensington and Chelsea,200
Kingston upon Thames,45
Tower Hamlets,60
Tower Hamlets,60
Westminster,138
Islington,274
Croydon,320
Wandsworth,50
Westminster,283
Haringey,66
Tower Hamlets,95
Merton,88
Sutton,104
Wandsworth,79
Haringey,170
Hackney,200
Hammersmith and Fulham,1331
Southwark,836
Tower Hamlets,726
Kensington and Chelsea,550
Barnet,204
Hillingdon,86
Hillingdon,81
Newham,221
Kingston upon Thames,48
Kingston upon Thames,47
Kingston upon Thames,68
Camden,106
Wandsworth,50
Islington,135
Southwark,260
Westminster,470
Westminster,607
Tower Hamlets,727
Tower Hamlets,244
Hammersmith and Fulham,49
Westminster,500
Camden,168
Kensington and Chelsea,250
Hammersmith and Fulham,62
Lewisham,179
Barnet,112
Merton,200
Brent,350
Barking and Dagenham,50
Islington,82
Merton,55
Southwark,100
Camden,93
Ealing,120
Enfield,33
Hammersmith and Fulham,268
Lambeth,60
City of London,358
Camden,222
Croydon,122
Westminster,66
Westminster,64
Camden,268
Sutton,30
Lambeth,47
Hackney,91
Hammersmith and Fulham,385
Lewisham,123
Waltham Forest,40
Islington,95
Hackney,58
Barnet,48
Southwark,186
Redbridge,171
Kensington and Chelsea,428
Westminster,149
Tower Hamlets,107
Brent,207
Westminster,294
Southwark,90
Hammersmith and Fulham,75
Hammersmith and Fulham,289
Westminster,282
Brent,90
Camden,140
Westminster,111
Lambeth,200
Kensington and Chelsea,119
Wandsworth,348
Brent,221
Wandsworth,147
Haringey,191
Richmond upon Thames,277
Lambeth,298
Southwark,243
Camden,620
Hackney,172
Kensington and Chelsea,80
Islington,208
Islington,124
Wandsworth,140
Islington,236
Islington,198
Islington,249
Islington,244
Westminster,308
Brent,114
Islington,622
Kensington and Chelsea,250
Croydon,114
Southwark,289
Barnet,38
Enfield,25
Merton,80
Redbridge,149
Westminster,890
Hackney,93
Sutton,54
Barnet,90
Lambeth,165
Hackney,44
Enfield,45
Westminster,225
Bexley,55
Kensington and Chelsea,399
Waltham Forest,90
Haringey,146
Tower Hamlets,184
Southwark,95
Westminster,600
Lambeth,455
Camden,192
Hammersmith and Fulham,150
Westminster,162
Hammersmith and Fulham,114
Hillingdon,107
Islington,202
Hackney,213
Wandsworth,70
Greenwich,98
Westminster,206
Southwark,142
Hammersmith and Fulham,228
Westminster,557
Camden,51
Croydon,77
Hackney,148
Greenwich,202
Wandsworth,208
Islington,108
Tower Hamlets,60
Barnet,202
Sutton,43
Lambeth,145
Ealing,183
Kensington and Chelsea,140
Ealing,175
Ealing,220
Westminster,206
Lambeth,52
Ealing,209
Tower Hamlets,167
Hillingdon,40
Haringey,601
Southwark,241
Waltham Forest,96
Newham,80
Westminster,195
Lewisham,301
Westminster,510
Greenwich,50
Hackney,360
Westminster,551
Barnet,54
Hackney,258
Hackney,41
Kensington and Chelsea,86
Hackney,108
Brent,225
Croydon,65
Camden,300
Waltham Forest,104
Kensington and Chelsea,309
Lewisham,67
Kensington and Chelsea,250
Kensington and Chelsea,308
Kensington and Chelsea,429
Lambeth,119
Lambeth,49
Richmond upon Thames,190
Westminster,543
Haringey,162
Kensington and Chelsea,161
Waltham Forest,83
Hackney,300
Lewisham,36
Kensington and Chelsea,217
Brent,35
Hackney,150
Tower Hamlets,108
Bexley,188
Bromley,239
Bexley,117
Kensington and Chelsea,855
Redbridge,39
Southwark,157
Wandsworth,150
Hackney,211
Richmond upon Thames,150
Southwark,131
Tower Hamlets,444
Redbridge,50
Camden,234
Kensington and Chelsea,272
Westminster,240
Camden,296
Lewisham,108
Barnet,112
Southwark,410
Southwark,85
Southwark,247
Wandsworth,181
Ealing,76
Camden,306
Islington,150
Lambeth,158
Westminster,203
Newham,212
Hackney,197
Newham,250
Waltham Forest,125
Hackney,262
Merton,103
Southwark,97
Kensington and Chelsea,137
Westminster,238
Haringey,161
Southwark,54
Greenwich,35
Southwark,192
Southwark,170
Southwark,395
Southwark,170
Southwark,270
Camden,300
Camden,620
Brent,125
Newham,65
Bromley,415
Islington,131
Camden,205
Merton,110
Croydon,56
Brent,105
Kensington and Chelsea,344
Lewisham,69
Kensington and Chelsea,332
Westminster,260
Ealing,68
Ealing,92
Islington,90
Southwark,166
Ealing,78
Ealing,83
Tower Hamlets,155
Wandsworth,135
Westminster,173
Ealing,62
Westminster,130
Kensington and Chelsea,125
Kingston upon Thames,450
Kensington and Chelsea,225
Westminster,208
Brent,52
Bexley,268
Enfield,250
Camden,70
Islington,281
Richmond upon Thames,144
Westminster,448
Westminster,464
Southwark,114
Croydon,77
Westminster,750
Kensington and Chelsea,957
Kensington and Chelsea,74
Westminster,290
Westminster,495
Southwark,449
Waltham Forest,130
Southwark,285
Barnet,203
Redbridge,45
Westminster,60
Lewisham,95
Haringey,74
Southwark,144
Lambeth,200
Lambeth,87
Westminster,490
Hackney,49
Kensington and Chelsea,119
Ealing,67
Merton,65
Westminster,135
Westminster,480
Barking and Dagenham,203
Hounslow,118
Hammersmith and Fulham,194
Southwark,614
Hackney,238
Hackney,108
Waltham Forest,105
Westminster,130
Lambeth,116
Southwark,57
Hammersmith and Fulham,460
Hackney,196
Brent,86
Camden,249
Ealing,93
Brent,273
Camden,77
Southwark,260
Ealing,104
Waltham Forest,132
Westminster,342
Camden,283
Tower Hamlets,52
Hillingdon,102
Lambeth,165
Tower Hamlets,86
Camden,122
Croydon,112
Westminster,193
Kensington and Chelsea,127
Southwark,140
Tower Hamlets,270
Redbridge,140
Hackney,157
Hackney,300
Richmond upon Thames,146
Lambeth,330
Camden,180
Hackney,81
Lambeth,105
Tower Hamlets,95
Newham,51
Hackney,72
Bexley,43
Hackney,76
Hackney,55
Hackney,62
Hackney,57
Hackney,54
Hackney,67
Hackney,69
Hackney,58
Haringey,76
Westminster,210
Westminster,220
Hackney,151
Islington,172
Waltham Forest,357
Camden,162
Westminster,471
Islington,258
Waltham Forest,171
Southwark,283
Lambeth,187
Kensington and Chelsea,350
Lewisham,91
Wandsworth,143
Hackney,151
Lambeth,230
Bromley,90
Lambeth,102
Brent,135
Newham,143
Waltham Forest,100
Barnet,69
Westminster,525
Newham,100
Islington,62
Kensington and Chelsea,176
Hackney,221
Westminster,192
Harrow,30
Enfield,224
Westminster,318
Hackney,192
Waltham Forest,23
Brent,114
Lambeth,106
Lambeth,70
Tower Hamlets,96
Southwark,430
Waltham Forest,50
Kingston upon Thames,32
Islington,196
Westminster,348
Lambeth,147
Lambeth,172
Westminster,160
Lambeth,214
Richmond upon Thames,131
Westminster,488
Westminster,572
Westminster,259
Westminster,255
Westminster,157
Lambeth,57
Wandsworth,104
Islington,150
Hackney,125
Hillingdon,72
Ealing,88
Hammersmith and Fulham,157
Hackney,55
Hammersmith and Fulham,261
Hackney,165
Ealing,50
Hackney,252
Brent,101
Hounslow,89
Camden,122
Richmond upon Thames,190
Richmond upon Thames,190
Tower Hamlets,64
Richmond upon Thames,190
Richmond upon Thames,190
Tower Hamlets,250
Hounslow,80
Hackney,126
Kensington and Chelsea,107
Hammersmith and Fulham,193
Lambeth,207
Barking and Dagenham,168
Islington,155
Wandsworth,77
Tower Hamlets,411
Croydon,87
Westminster,192
Croydon,50
Hackney,175
Barnet,139
Lambeth,52
Camden,255
Croydon,134
Lewisham,138
Newham,302
Southwark,132
Merton,43
Tower Hamlets,141
Hillingdon,137
Hillingdon,78
Hillingdon,300
Kensington and Chelsea,267
Kensington and Chelsea,158
Westminster,244
Westminster,126
Westminster,186
Westminster,160
Kensington and Chelsea,73
Camden,180
Hackney,243
Croydon,50
Barking and Dagenham,141
Bromley,288
Lambeth,158
Havering,60
Southwark,60
Islington,155
Islington,159
Westminster,294
Lewisham,160
Hackney,220
Greenwich,225
Westminster,280
Kensington and Chelsea,249
Greenwich,54
Sutton,239
Southwark,91
Wandsworth,140
Bromley,133
Lewisham,119
Brent,119
Hammersmith and Fulham,118
Newham,187
Islington,192
Camden,290
Kensington and Chelsea,452
Sutton,75
Westminster,491
Tower Hamlets,158
Bromley,34
Hackney,327
Westminster,271
Croydon,140
Lambeth,102
Kensington and Chelsea,350
Hammersmith and Fulham,134
Wandsworth,219
Merton,175
Brent,318
Brent,50
Tower Hamlets,109
Camden,192
Bromley,150
Westminster,126
Westminster,117
Islington,168
Westminster,127
Merton,99
Croydon,63
Hammersmith and Fulham,339
Westminster,301
Merton,99
Brent,4750
Kensington and Chelsea,618
Hackney,380
Kensington and Chelsea,315
Westminster,145
Lewisham,853
Hackney,45
Kensington and Chelsea,114
Havering,34
Brent,112
Westminster,315
Hillingdon,30
Hillingdon,40
Hillingdon,30
Hillingdon,30
Croydon,36
Westminster,83
Tower Hamlets,145
Greenwich,190
Greenwich,55
Camden,300
Greenwich,120
Merton,63
Hillingdon,61
Wandsworth,203
Islington,108
Ealing,127
Ealing,71
Merton,600
Greenwich,305
Greenwich,43
Ealing,79
Newham,414
Islington,550
Hackney,86
Hillingdon,126
Hackney,200
Southwark,219
Haringey,132
Ealing,70
Tower Hamlets,121
Ealing,70
Lambeth,374
Newham,96
Camden,587
Waltham Forest,92
Tower Hamlets,88
Greenwich,41
Westminster,130
Westminster,255
Ealing,175
Haringey,52
Islington,800
Westminster,201
Westminster,121
Westminster,115
Wandsworth,58
City of London,800
Westminster,191
Lewisham,116
Camden,301
Ealing,69
Westminster,113
Bexley,60
Hammersmith and Fulham,138
Camden,281
Tower Hamlets,144
Islington,166
Haringey,120
Kensington and Chelsea,295
Lewisham,94
Sutton,98
Lambeth,207
Hammersmith and Fulham,93
Westminster,110
Hackney,57
Ealing,277
Hammersmith and Fulham,175
Ealing,70
Ealing,87
Lewisham,35
Islington,102
Islington,107
Islington,108
Tower Hamlets,182
Kensington and Chelsea,275
Sutton,97
Haringey,150
Croydon,51
Westminster,238
Westminster,290
Enfield,81
Newham,141
Camden,211
Southwark,171
Hammersmith and Fulham,171
Ealing,114
Tower Hamlets,84
Southwark,57
Redbridge,34
Lambeth,72
Greenwich,79
Southwark,57
Croydon,44
Islington,111
Sutton,50
Kensington and Chelsea,148
Hammersmith and Fulham,69
Wandsworth,85
Lewisham,107
Barnet,170
Enfield,146
Bromley,100
Ealing,84
Hammersmith and Fulham,115
Ealing,84
Ealing,85
Lambeth,119
Tower Hamlets,110
Kensington and Chelsea,358
Westminster,69
Kensington and Chelsea,456
Westminster,68
Westminster,95
Barnet,331
Tower Hamlets,333
Westminster,58
Lambeth,59
Camden,172
Camden,233
Harrow,39
Westminster,174
Westminster,107
Islington,241
Barking and Dagenham,350
Croydon,38
Kensington and Chelsea,461
Newham,117
Newham,315
Islington,99
Camden,93
Enfield,65
Ealing,91
Newham,52
Camden,320
Camden,150
Westminster,160
Camden,50
Lewisham,140
Westminster,158
Lambeth,61
Haringey,49
Barnet,99
Barnet,149
Greenwich,135
Hackney,55
Kensington and Chelsea,136
Newham,58
Newham,326
Hackney,187
Croydon,27
Barnet,167
Hammersmith and Fulham,160
Brent,100
Southwark,42
Newham,45
Southwark,100
Greenwich,166
Tower Hamlets,135
Westminster,225
Hackney,172
Barnet,100
Sutton,37
Barnet,112
Barnet,100
Ealing,82
Sutton,36
Bromley,145
Wandsworth,223
Kensington and Chelsea,287
Wandsworth,119
Enfield,5240
Sutton,33
Westminster,286
Tower Hamlets,116
Redbridge,32
Richmond upon Thames,200
Westminster,183
Westminster,199
Westminster,194
Kensington and Chelsea,221
Haringey,113
Lambeth,69
Kensington and Chelsea,169
Lambeth,58
Lewisham,227
Lambeth,99
Wandsworth,50
Greenwich,36
Waltham Forest,140
Tower Hamlets,245
Harrow,39
Waltham Forest,112
Redbridge,22
Hillingdon,36
Lambeth,28
Kensington and Chelsea,144
Lewisham,96
Westminster,71
Richmond upon Thames,243
Tower Hamlets,399
Greenwich,1037
Lambeth,73
Lambeth,198
Richmond upon Thames,66
Southwark,600
Southwark,109
Bexley,36
Greenwich,87
Tower Hamlets,68
Barnet,93
Sutton,29
Tower Hamlets,137
Brent,60
Greenwich,28
Ealing,39
Tower Hamlets,266
Brent,137
Lambeth,52
Lambeth,50
Hounslow,55
Hillingdon,91
Lambeth,45
Westminster,234
Westminster,150
Southwark,34
Bexley,42
Westminster,203
Lambeth,241
Westminster,350
Hackney,399
Kensington and Chelsea,252
Westminster,261
Barking and Dagenham,205
Westminster,517
Haringey,260
Hackney,116
Brent,38
Brent,48
Hammersmith and Fulham,231
Ealing,86
Islington,59
Waltham Forest,58
Croydon,45
Lambeth,81
Tower Hamlets,144
Kensington and Chelsea,483
Greenwich,97
Islington,36
Hackney,247
Hounslow,281
Wandsworth,65
Waltham Forest,152
Waltham Forest,48
Wandsworth,216
Hackney,50
Hackney,181
Southwark,165
Barking and Dagenham,379
Brent,48
Southwark,276
Tower Hamlets,75
Westminster,247
Kensington and Chelsea,381
Southwark,225
Brent,33
Bromley,84
Brent,40
Brent,34
Richmond upon Thames,500
Haringey,125
Hammersmith and Fulham,100
Newham,60
Greenwich,170
Waltham Forest,34
Islington,130
Lewisham,140
Hammersmith and Fulham,141
Tower Hamlets,78
Croydon,39
Tower Hamlets,105
Islington,82
Brent,558
Hounslow,136
Southwark,93
Islington,360
Hounslow,36
Bromley,72
Hackney,153
Hillingdon,100
Wandsworth,162
Croydon,48
Greenwich,85
Lewisham,86
Brent,200
Hackney,90
Bromley,88
Bromley,75
Hackney,86
Croydon,57
Lambeth,144
Southwark,51
Lambeth,97
Merton,181
Brent,46
Islington,405
Kensington and Chelsea,280
Newham,50
Bromley,80
Greenwich,360
Greenwich,180
Kingston upon Thames,260
Hammersmith and Fulham,85
Wandsworth,201
Waltham Forest,71
Kensington and Chelsea,163
Harrow,60
Kensington and Chelsea,2945
Southwark,48
Waltham Forest,72
Enfield,63
Bromley,41
Wandsworth,180
Brent,42
Haringey,635
Islington,82
Lewisham,135
Camden,159
Ealing,276
Camden,289
Westminster,2157
Lambeth,143
Islington,295
Kensington and Chelsea,173
Croydon,105
Hackney,159
Ealing,253
Lambeth,156
Hammersmith and Fulham,1059
Croydon,52
Southwark,203
Southwark,249
Wandsworth,225
Hackney,83
Brent,69
Southwark,113
City of London,299
Lambeth,136
Lambeth,525
Croydon,71
Hammersmith and Fulham,649
Hammersmith and Fulham,78
Brent,41
Richmond upon Thames,139
Haringey,120
Brent,49
Brent,41
Merton,91
Barnet,47
Brent,38
Barnet,44
Brent,39
Southwark,80
Brent,200
Islington,293
Southwark,117
Croydon,75
Westminster,227
Lambeth,55
Kingston upon Thames,98
Enfield,45
Greenwich,95
Barnet,35
Richmond upon Thames,250
Westminster,185
Hammersmith and Fulham,210
Brent,75
Wandsworth,500
Bexley,36
Lambeth,62
Lambeth,75
Tower Hamlets,99
Southwark,300
Merton,182
Barking and Dagenham,55
Westminster,113
Camden,290
Lambeth,171
Islington,79
Tower Hamlets,240
Westminster,295
Waltham Forest,51
Southwark,106
Westminster,504
Southwark,141
Hammersmith and Fulham,141
Wandsworth,100
Croydon,200
Camden,68
Hackney,221
Waltham Forest,204
Havering,115
Tower Hamlets,56
Lewisham,39
Croydon,59
Barnet,76
Brent,64
Bexley,181
Kensington and Chelsea,278
Westminster,401
Brent,200
Lambeth,108
Newham,198
Sutton,75
Brent,38
Bexley,143
Bromley,62
Lambeth,279
Lewisham,80
Kensington and Chelsea,672
Lewisham,457
Greenwich,34
Wandsworth,252
Hackney,62
Brent,160
Westminster,164
Hackney,121
Hammersmith and Fulham,35
Barnet,90
Enfield,203
Westminster,90
Hillingdon,28
Newham,66
Ealing,63
Islington,287
Hackney,162
Wandsworth,167
Ealing,240
Ealing,162
Kensington and Chelsea,453
Hackney,225
Croydon,200
Islington,140
Wandsworth,125
Newham,197
Wandsworth,225
Wandsworth,250
Camden,126
Lewisham,47
Camden,208
Westminster,169
Westminster,184
Camden,98
Camden,300
Hillingdon,60
Westminster,461
Westminster,524
Kensington and Chelsea,579
Harrow,120
Westminster,397
Westminster,384
Barking and Dagenham,126
Westminster,381
Richmond upon Thames,224
Wandsworth,309
Wandsworth,71
Lewisham,135
Newham,66
Ealing,140
Harrow,120
Hammersmith and Fulham,190
Ealing,67
Ealing,76
Lambeth,110
Greenwich,81
Camden,2572
Bromley,70
Waltham Forest,258
Kensington and Chelsea,81
Kensington and Chelsea,110
Kensington and Chelsea,116
Waltham Forest,75
Sutton,50
Southwark,102
Greenwich,157
Tower Hamlets,177
Tower Hamlets,225
Westminster,222
Southwark,62
Hackney,154
Enfield,179
Kensington and Chelsea,336
Camden,128
Westminster,266
Lambeth,120
Islington,800
Westminster,881
Haringey,117
Enfield,147
Kensington and Chelsea,344
Lambeth,151
Kensington and Chelsea,419
Kensington and Chelsea,370
Tower Hamlets,95
Kensington and Chelsea,420
Enfield,155
Westminster,592
Barnet,126
Croydon,180
Kensington and Chelsea,350
Kensington and Chelsea,90
Southwark,425
Islington,560
Barking and Dagenham,38
Merton,173
Hackney,180
Barnet,105
Kingston upon Thames,72
Lambeth,116
Hackney,64
Kensington and Chelsea,135
Hackney,127
Kensington and Chelsea,175
Ealing,230
Lambeth,346
Newham,239
Westminster,216
Westminster,99
Westminster,96
Camden,274
Lambeth,131
Wandsworth,51
Barnet,58
Wandsworth,251
Kensington and Chelsea,99
Kensington and Chelsea,217
Lambeth,267
Bromley,61
Tower Hamlets,166
Hackney,104
Brent,174
Islington,42
Islington,42
Westminster,650
Kensington and Chelsea,486
Kensington and Chelsea,775
Hammersmith and Fulham,123
Waltham Forest,44
Tower Hamlets,64
Lewisham,124
Hammersmith and Fulham,95
Islington,157
Kensington and Chelsea,200
Hammersmith and Fulham,153
Tower Hamlets,100
Tower Hamlets,105
Tower Hamlets,108
Tower Hamlets,88
Hammersmith and Fulham,125
Tower Hamlets,151
Greenwich,392
Hillingdon,80
Hackney,70
Waltham Forest,187
Hounslow,191
Lambeth,120
Islington,233
Hammersmith and Fulham,99
Richmond upon Thames,65
Hackney,180
Hackney,110
Lambeth,107
Hammersmith and Fulham,176
Greenwich,80
Lambeth,229
Redbridge,63
Southwark,96
Tower Hamlets,66
Southwark,50
Richmond upon Thames,186
Greenwich,130
Croydon,144
Newham,76
Brent,150
Hammersmith and Fulham,120
Lewisham,168
Lewisham,105
Waltham Forest,80
Hammersmith and Fulham,117
Bexley,28
Hammersmith and Fulham,79
Lambeth,200
Hammersmith and Fulham,126
Hackney,140
Kensington and Chelsea,460
Hackney,160
Waltham Forest,297
Haringey,133
Lewisham,99
Tower Hamlets,41
Hackney,283
Tower Hamlets,67
Merton,250
Westminster,98
Waltham Forest,94
Hackney,108
Barnet,143
Barnet,138
Waltham Forest,313
Lewisham,50
Ealing,230
Islington,72
Westminster,360
Islington,49
Westminster,81
Camden,144
Southwark,140
Wandsworth,49
Brent,133
Lewisham,198
Lewisham,83
Tower Hamlets,57
Ealing,86
Tower Hamlets,54
Hounslow,80
Richmond upon Thames,480
Brent,75
Lewisham,180
Redbridge,69
Barnet,118
Hammersmith and Fulham,127
Westminster,213
Barnet,138
Kensington and Chelsea,205
Croydon,45
Southwark,101
Barnet,193
Merton,107
Barnet,111
Camden,110
Kingston upon Thames,98
Tower Hamlets,47
Croydon,560
Islington,270
Haringey,126
Barnet,54
Croydon,40
Redbridge,69
Bromley,54
Tower Hamlets,161
Westminster,730
Kensington and Chelsea,426
Croydon,53
Lambeth,77
Tower Hamlets,98
Westminster,117
Hammersmith and Fulham,68
Newham,38
Southwark,83
Tower Hamlets,160
Croydon,567
Barnet,65
Ealing,169
Bexley,95
Croydon,80
Barnet,35
Westminster,75
Hounslow,51
Greenwich,252
Enfield,126
Islington,155
Lambeth,293
Westminster,537
Westminster,125
Hackney,48
Hackney,141
Islington,164
Haringey,55
Westminster,580
Brent,245
Wandsworth,115
Tower Hamlets,800
Redbridge,68
Newham,51
Waltham Forest,50
Wandsworth,176
Camden,190
Islington,175
Haringey,300
Camden,113
Greenwich,67
Waltham Forest,67
Harrow,62
Tower Hamlets,147
Waltham Forest,149
Waltham Forest,57
Wandsworth,500
Richmond upon Thames,125
Bromley,40
Southwark,77
Islington,122
Westminster,195
Newham,168
Westminster,135
Barking and Dagenham,776
Hackney,278
Waltham Forest,160
Westminster,699
Camden,84
Camden,84
Camden,91
Westminster,302
Kensington and Chelsea,212
Wandsworth,129
Merton,119
Hammersmith and Fulham,585
Westminster,334
Kingston upon Thames,304
Islington,169
Haringey,105
Newham,40
Tower Hamlets,143
Brent,125
Wandsworth,180
Hackney,400
Southwark,60
Southwark,64
Lewisham,40
Merton,298
Brent,140
Haringey,137
Harrow,37
Croydon,33
Barnet,166
Brent,121
Hackney,203
Bexley,380
Westminster,200
Hammersmith and Fulham,188
Westminster,400
Kensington and Chelsea,188
Bromley,34
Kingston upon Thames,42
Westminster,130
Croydon,131
Southwark,61
Camden,221
Croydon,58
Wandsworth,245
Barnet,36
Lambeth,163
Merton,116
Westminster,890
Tower Hamlets,142
Lewisham,289
Westminster,210
Merton,143
Southwark,277
Merton,32
Redbridge,99
Southwark,55
Westminster,113
Tower Hamlets,190
Greenwich,147
Camden,305
Greenwich,150
Islington,102
Islington,98
Islington,98
Islington,98
Bexley,127
Southwark,66
Lambeth,279
Tower Hamlets,120
Hammersmith and Fulham,230
Kensington and Chelsea,365
Lambeth,46
Camden,450
Bexley,56
Westminster,154
Brent,60
Westminster,266
Tower Hamlets,216
Kingston upon Thames,76
Islington,200
Newham,354
Southwark,84
Greenwich,288
Southwark,174
Ealing,74
Southwark,366
Waltham Forest,130
Bexley,58
Tower Hamlets,50
Southwark,188
Islington,283
Richmond upon Thames,87
Westminster,228
Camden,260
Islington,213
Lewisham,240
Haringey,98
Ealing,145
Bromley,53
Croydon,35
Lewisham,203
Islington,198
Islington,283
Islington,292
Islington,196
Lambeth,120
Brent,52
Brent,148
Islington,218
Tower Hamlets,222
Wandsworth,98
Barnet,257
Camden,170
Hackney,120
Haringey,210
Tower Hamlets,305
Barnet,261
Kensington and Chelsea,477
Waltham Forest,319
Lambeth,138
Merton,75
Tower Hamlets,48
Southwark,750
Lambeth,8000
Greenwich,200
Tower Hamlets,59
Croydon,39
Tower Hamlets,155
Kensington and Chelsea,313
Islington,180
Hounslow,129
Tower Hamlets,150
Hammersmith and Fulham,177
Hackney,80
Lambeth,125
Camden,82
Southwark,91
Westminster,618
Kensington and Chelsea,103
Lambeth,135
Lewisham,500
Barking and Dagenham,72
Newham,122
Southwark,344
Croydon,69
Croydon,132
Croydon,132
Ealing,25
Lambeth,120
Westminster,124
Islington,205
Islington,88
Bexley,50
Hackney,390
Wandsworth,120
Greenwich,30
Brent,122
Lewisham,37
Southwark,256
Camden,278
Barking and Dagenham,36
Lambeth,370
Westminster,120
Sutton,46
Bexley,65
Kensington and Chelsea,132
Waltham Forest,260
Camden,303
Ealing,59
Lambeth,186
Hackney,169
Barking and Dagenham,128
Havering,82
Havering,77
Harrow,43
Havering,414
Sutton,99
Barnet,38
Lewisham,61
Hackney,264
Croydon,73
Brent,279
Barnet,86
Westminster,489
Hounslow,247
Southwark,128
Westminster,160
Westminster,588
Westminster,906
Kensington and Chelsea,139
Westminster,303
Westminster,251
Westminster,305
Westminster,516
Westminster,453
Westminster,455
Lambeth,45
Kingston upon Thames,75
Lambeth,200
Haringey,264
Islington,281
Barnet,169
Tower Hamlets,90
Westminster,210
Islington,329
Westminster,210
Haringey,269
Westminster,613
Waltham Forest,193
Tower Hamlets,69
Westminster,149
Richmond upon Thames,74
City of London,288
Westminster,288
Westminster,210
Wandsworth,89
Hackney,313
Barnet,108
Westminster,288
Camden,97
Westminster,288
Camden,93
Greenwich,151
Westminster,102
Islington,145
Tower Hamlets,450
Waltham Forest,39
Hounslow,72
Hackney,285
Lambeth,293
Kensington and Chelsea,184
Haringey,285
Islington,170
Lambeth,131
Lewisham,284
Westminster,350
Barnet,60
Southwark,158
Hackney,884
Hackney,216
Southwark,245
Camden,116
Southwark,288
Newham,183
Ealing,62
Islington,75
Islington,73
Hackney,150
Camden,99
Barking and Dagenham,68
Brent,270
Brent,62
Redbridge,284
Islington,118
Richmond upon Thames,351
Hammersmith and Fulham,600
Richmond upon Thames,47
Brent,270
Lambeth,189
Wandsworth,127
Camden,237
Hackney,131
Brent,42
Southwark,280
Hammersmith and Fulham,153
Westminster,166
Lambeth,96
Wandsworth,300
Brent,84
Lambeth,113
Haringey,46
Richmond upon Thames,164
Hackney,276
Newham,153
Kensington and Chelsea,520
Westminster,285
Brent,130
Ealing,100
Wandsworth,105
Bexley,60
Westminster,270
Camden,149
Haringey,126
Kingston upon Thames,184
Kingston upon Thames,184
Westminster,535
Hammersmith and Fulham,162
Brent,52
Wandsworth,108
Wandsworth,198
City of London,3000
Ealing,189
Southwark,163
Southwark,140
Merton,268
Hammersmith and Fulham,124
Enfield,197
Westminster,745
Merton,75
Haringey,43
Haringey,23
Merton,53
Merton,50
Hounslow,173
Croydon,79
Islington,120
Islington,125
Hackney,54
Hackney,69
Hackney,62
Kingston upon Thames,100
Islington,106
Kingston upon Thames,184
Islington,113
Hackney,190
Islington,98
Islington,122
Islington,130
Islington,132
Islington,84
Westminster,500
Merton,120
Westminster,100
Islington,94
Ealing,51
Westminster,155
Kensington and Chelsea,240
Kensington and Chelsea,200
Kingston upon Thames,184
Lambeth,121
Greenwich,70
Hammersmith and Fulham,1800
Westminster,618
Brent,57
Wandsworth,182
Haringey,541
Hillingdon,118
Kingston upon Thames,180
Croydon,34
Brent,59
Wandsworth,65
Southwark,73
Lambeth,54
Wandsworth,287
Kingston upon Thames,184
Westminster,1000
Westminster,1000
Westminster,1000
Westminster,1570
Westminster,1000
Lambeth,110
Westminster,1000
Harrow,102
Tower Hamlets,200
Tower Hamlets,243
Greenwich,120
Lambeth,56
Westminster,114
Wandsworth,259
Lambeth,436
Waltham Forest,132
Brent,338
Camden,152
Camden,160
Hammersmith and Fulham,270
Lewisham,111
Merton,225
Lambeth,212
Westminster,241
Barnet,284
Hackney,192
Newham,292
Westminster,75
Havering,36
Greenwich,150
Newham,113
Greenwich,270
Croydon,200
Southwark,252
Southwark,76
Westminster,172
Haringey,54
Brent,63
Camden,296
Westminster,75
Westminster,999
Camden,221
Camden,56
Lewisham,143
Hillingdon,53
Croydon,89
Brent,143
Wandsworth,245
Tower Hamlets,158
Richmond upon Thames,174
Westminster,73
Westminster,73
Lewisham,117
Westminster,375
Croydon,292
Greenwich,395
Westminster,350
Kensington and Chelsea,221
Croydon,43
Westminster,211
Wandsworth,234
Westminster,253
Westminster,257
Westminster,150
Westminster,211
Kensington and Chelsea,96
Camden,135
Barnet,266
Tower Hamlets,84
Barnet,340
Islington,211
Hackney,277
Westminster,253
Westminster,700
Merton,144
Southwark,109
Hackney,59
Brent,115
Lewisham,104
Tower Hamlets,177
Kensington and Chelsea,189
Kensington and Chelsea,240
Kensington and Chelsea,128
Hammersmith and Fulham,95
Westminster,840
Redbridge,172
Southwark,279
Ealing,214
Brent,274
Barnet,396
Westminster,86
Waltham Forest,294
Hackney,72
Westminster,82
Westminster,235
Hackney,109
Haringey,163
Greenwich,293
Brent,30
Hackney,173
Brent,72
Harrow,35
Barnet,296
Kensington and Chelsea,300
Kensington and Chelsea,300
Richmond upon Thames,170
Merton,214
Westminster,105
Barnet,159
Barking and Dagenham,104
Hackney,300
Tower Hamlets,119
Hammersmith and Fulham,133
City of London,205
Haringey,208
Lambeth,158
Westminster,64
Hillingdon,53
Hammersmith and Fulham,550
Wandsworth,379
Barnet,94
Greenwich,175
Sutton,183
Barking and Dagenham,229
Greenwich,46
Westminster,104
Lambeth,108
Camden,603
City of London,288
Kensington and Chelsea,446
Croydon,76
Hackney,155
Lambeth,55
Lambeth,64
Barnet,70
Hammersmith and Fulham,120
Kingston upon Thames,225
Westminster,184
Tower Hamlets,135
Lambeth,111
Westminster,78
Sutton,110
Merton,43
Haringey,116
Brent,121
Harrow,192
Greenwich,220
Hillingdon,135
Newham,75
Sutton,65
Kensington and Chelsea,179
Westminster,150
Southwark,219
Westminster,105
Southwark,136
Islington,56
Tower Hamlets,155
Westminster,286
Ealing,90
Hackney,215
Islington,82
Waltham Forest,108
Camden,90
Hackney,200
Westminster,83
Hammersmith and Fulham,350
Lewisham,51
Redbridge,117
Bexley,54
Westminster,297
Westminster,500
Brent,61
Hammersmith and Fulham,108
Brent,71
Hammersmith and Fulham,116
Brent,82
Westminster,160
Greenwich,137
Richmond upon Thames,229
Tower Hamlets,38
Kensington and Chelsea,537
Hackney,209
Ealing,94
Barnet,80
Kensington and Chelsea,1500
Tower Hamlets,100
Wandsworth,63
Kensington and Chelsea,259
Croydon,127
Tower Hamlets,98
Lambeth,291
Tower Hamlets,252
Islington,318
Croydon,73
Barnet,85
Southwark,289
Camden,155
Wandsworth,47
Hammersmith and Fulham,270
Hammersmith and Fulham,316
Haringey,60
Enfield,95
Haringey,299
Haringey,214
Camden,173
Hackney,136
Bexley,203
Camden,220
Lambeth,100
Kensington and Chelsea,225
Hounslow,104
Brent,726
Lambeth,231
Lambeth,261
Kensington and Chelsea,119
Kensington and Chelsea,128
Westminster,160
Westminster,413
Southwark,95
Lambeth,50
Brent,95
Kensington and Chelsea,704
Wandsworth,250
Westminster,135
Westminster,225
Westminster,233
Westminster,180
Tower Hamlets,252
Kensington and Chelsea,200
Hounslow,192
Westminster,117
Southwark,272
Westminster,799
Southwark,399
Camden,92
Haringey,71
Westminster,154
Westminster,337
Greenwich,103
Westminster,455
Camden,105
Greenwich,89
Westminster,161
Haringey,55
Westminster,342
Greenwich,95
Westminster,370
Westminster,392
Westminster,393
Camden,110
Westminster,280
Southwark,112
Westminster,273
Westminster,291
Westminster,267
Westminster,241
Newham,233
Westminster,322
Waltham Forest,220
Newham,54
Waltham Forest,193
Tower Hamlets,77
Wandsworth,45
Westminster,152
Sutton,130
Lambeth,85
Southwark,48
Brent,205
Kensington and Chelsea,200
Tower Hamlets,120
Kensington and Chelsea,109
Haringey,36
Newham,50
Southwark,144
Harrow,141
Merton,44
Haringey,90
Kensington and Chelsea,200
Islington,143
Islington,105
Southwark,167
Tower Hamlets,1100
Wandsworth,152
Kensington and Chelsea,198
Lambeth,171
Lewisham,110
Barnet,205
Camden,294
Southwark,235
Westminster,1187
Croydon,248
Newham,40
Kensington and Chelsea,315
Kensington and Chelsea,300
City of London,125
Kensington and Chelsea,300
Brent,360
Lewisham,183
Kensington and Chelsea,300
Westminster,266
Wandsworth,60
Kensington and Chelsea,528
Islington,253
Merton,59
Brent,414
Islington,195
Wandsworth,210
Islington,273
Westminster,200
Ealing,222
Croydon,86
Islington,286
Westminster,326
Sutton,125
Merton,290
Richmond upon Thames,200
Waltham Forest,44
Westminster,130
Kensington and Chelsea,315
Islington,279
Lambeth,55
Lambeth,212
Barnet,36
Westminster,950
Kensington and Chelsea,300
City of London,136
City of London,133
City of London,127
Croydon,48
Islington,195
Westminster,88
Hackney,77
Redbridge,82
Kingston upon Thames,80
Enfield,67
Kensington and Chelsea,151
Southwark,162
Lambeth,56
Southwark,170
Newham,31
Tower Hamlets,450
Greenwich,111
Hackney,176
Kensington and Chelsea,300
Bexley,163
Bexley,121
Southwark,105
Waltham Forest,51
Lewisham,89
Hammersmith and Fulham,100
Lambeth,250
Wandsworth,959
Barking and Dagenham,121
Haringey,376
Islington,193
Hillingdon,35
Islington,193
Kingston upon Thames,94
Islington,196
Islington,253
Hillingdon,140
Kensington and Chelsea,320
Wandsworth,1488
Kensington and Chelsea,258
Ealing,184
Kensington and Chelsea,144
Westminster,72
Wandsworth,256
Merton,83
Westminster,1000
Kensington and Chelsea,89
Wandsworth,446
City of London,450
Westminster,1000
Westminster,1199
Kensington and Chelsea,167
Tower Hamlets,165
Waltham Forest,100
Lewisham,56
Waltham Forest,85
Lewisham,47
Hackney,131
Islington,212
Camden,175
Westminster,266
Kensington and Chelsea,305
Haringey,281
Kensington and Chelsea,282
Harrow,245
Haringey,168
Kensington and Chelsea,200
Islington,50
Tower Hamlets,124
Hammersmith and Fulham,1000
Islington,54
Camden,54
Bromley,36
Barnet,224
Wandsworth,189
Hackney,112
Haringey,20
Lambeth,180
Wandsworth,52
Kensington and Chelsea,200
Islington,245
Kensington and Chelsea,147
Wandsworth,860
Hammersmith and Fulham,224
Hammersmith and Fulham,189
Lewisham,41
Tower Hamlets,150
Wandsworth,99
Islington,196
Westminster,192
Hackney,199
Hammersmith and Fulham,98
Islington,314
Tower Hamlets,212
Westminster,142
Camden,282
Hackney,114
Greenwich,390
Southwark,231
Kensington and Chelsea,285
Westminster,319
Westminster,214
Bexley,109
Hackney,244
Hammersmith and Fulham,46
Kensington and Chelsea,255
Bexley,48
Westminster,220
Hounslow,178
Lewisham,35
Redbridge,144
Camden,150
Wandsworth,97
Ealing,417
Westminster,401
Camden,565
Westminster,220
Camden,103
Enfield,60
Waltham Forest,117
Barnet,130
Westminster,185
Ealing,110
Wandsworth,60
Redbridge,68
Hammersmith and Fulham,124
Newham,95
Southwark,123
Tower Hamlets,195
Hackney,216
Bexley,127
Kensington and Chelsea,575
Merton,261
Lewisham,250
Kensington and Chelsea,155
Ealing,150
Brent,270
Kensington and Chelsea,188
Barnet,315
Kingston upon Thames,60
Camden,207
Westminster,160
Tower Hamlets,77
Islington,200
Enfield,95
Islington,134
Kingston upon Thames,383
Kensington and Chelsea,408
Hammersmith and Fulham,111
Wandsworth,132
Westminster,64
Enfield,30
Hackney,265
Islington,239
Islington,134
Westminster,126
City of London,270
Hounslow,379
Tower Hamlets,152
Kensington and Chelsea,148
Camden,145
Camden,145
Merton,59
Wandsworth,136
Islington,1000
Islington,1000
Southwark,101
Greenwich,82
Richmond upon Thames,93
Redbridge,120
Hackney,5000
Bromley,58
Richmond upon Thames,126
Newham,36
Kensington and Chelsea,230
Islington,204
Islington,198
Westminster,237
Hackney,226
Westminster,192
Camden,386
Islington,180
Croydon,212
Lewisham,112
Westminster,213
Lambeth,121
Hackney,226
Westminster,479
Haringey,133
Camden,371
Hounslow,66
Kensington and Chelsea,121
Wandsworth,79
Wandsworth,124
Merton,200
Kensington and Chelsea,414
Waltham Forest,35
Hammersmith and Fulham,81
Lambeth,143
Newham,297
Hackney,95
Tower Hamlets,202
Tower Hamlets,70
Newham,63
Kensington and Chelsea,193
Kensington and Chelsea,832
Kensington and Chelsea,835
Kensington and Chelsea,828
Barnet,50
Tower Hamlets,159
Hounslow,199
Hillingdon,116
Westminster,143
Tower Hamlets,304
Kensington and Chelsea,259
Westminster,190
Barnet,211
Haringey,139
Westminster,376
Newham,72
Barnet,172
Haringey,135
Hammersmith and Fulham,202
Croydon,57
Hackney,96
Sutton,136
City of London,190
Camden,161
Tower Hamlets,75
Enfield,57
Brent,247
Hackney,107
Waltham Forest,160
Kensington and Chelsea,239
Merton,206
Tower Hamlets,65
Tower Hamlets,65
Kensington and Chelsea,168
Tower Hamlets,94
Tower Hamlets,61
Kensington and Chelsea,410
Croydon,40
Westminster,252
Croydon,40
Croydon,40
Newham,55
Croydon,40
Wandsworth,163
Hounslow,135
Westminster,195
Wandsworth,630
Hammersmith and Fulham,98
Redbridge,45
Brent,80
Westminster,129
Westminster,500
Westminster,60
Islington,669
Lambeth,84
Westminster,403
Bexley,54
Camden,57
Lambeth,180
Hounslow,95
Wandsworth,93
Hammersmith and Fulham,170
Westminster,80
Kensington and Chelsea,250
Westminster,1352
Westminster,850
Croydon,160
Kensington and Chelsea,297
Kensington and Chelsea,300
Haringey,43
Brent,155
Haringey,350
Brent,128
Lambeth,117
Brent,222
Westminster,550
Brent,99
Lambeth,303
Lambeth,33
Redbridge,163
Kensington and Chelsea,297
Harrow,131
Southwark,65
Ealing,96
Harrow,125
Hammersmith and Fulham,232
Harrow,138
Harrow,138
Islington,126
Wandsworth,212
Croydon,39
Tower Hamlets,157
Croydon,56
Waltham Forest,396
Hillingdon,41
Westminster,167
Hammersmith and Fulham,4400
Westminster,720
Islington,250
Camden,213
Camden,155
Westminster,72
Brent,160
Ealing,65
Westminster,110
Ealing,82
Hillingdon,87
Camden,1552
Croydon,39
Camden,319
Havering,810
Southwark,155
Ealing,25
Croydon,65
Southwark,111
Merton,90
Barnet,101
Lambeth,186
Greenwich,43
Brent,71
Southwark,168
Redbridge,150
Westminster,152
Westminster,254
Brent,80
Lambeth,46
Haringey,250
Hackney,45
Bexley,45
Kensington and Chelsea,230
Croydon,80
Haringey,125
Merton,228
Westminster,158
Wandsworth,94
Lewisham,68
Wandsworth,110
Southwark,104
Greenwich,271
Enfield,285
Lambeth,94
Hammersmith and Fulham,300
Wandsworth,160
Westminster,125
Camden,107
Kensington and Chelsea,240
Southwark,136
Haringey,194
Westminster,63
Barnet,50
Westminster,805
Southwark,73
Croydon,44
Ealing,300
Brent,120
Westminster,165
Waltham Forest,59
Wandsworth,189
Westminster,119
Merton,525
Westminster,431
Camden,994
Tower Hamlets,242
Southwark,477
Tower Hamlets,156
Hackney,72
Kensington and Chelsea,179
Newham,100
Westminster,125
Tower Hamlets,135
Camden,800
Westminster,110
Kensington and Chelsea,261
Southwark,294
Hackney,46
Hackney,193
Hillingdon,209
Tower Hamlets,255
Lambeth,150
Hammersmith and Fulham,230
Havering,38
Camden,233
City of London,221
Greenwich,30
Kensington and Chelsea,120
Barking and Dagenham,45
Croydon,100
Southwark,62
Waltham Forest,80
Hackney,95
City of London,151
Enfield,61
Redbridge,29
Newham,103
Waltham Forest,157
Camden,236
Ealing,150
Enfield,66
Wandsworth,190
Tower Hamlets,50
Tower Hamlets,50
Richmond upon Thames,407
Tower Hamlets,89
Hackney,80
Brent,221
Richmond upon Thames,147
Barking and Dagenham,41
Kensington and Chelsea,300
Islington,200
Ealing,86
Hammersmith and Fulham,1800
Westminster,74
Camden,133
Camden,129
Ealing,152
Westminster,94
Westminster,75
Westminster,60
Islington,201
Westminster,93
Haringey,80
Camden,209
Hackney,87
Islington,129
Westminster,69
Tower Hamlets,162
Westminster,68
Hammersmith and Fulham,67
Westminster,73
Islington,514
Westminster,99
Southwark,137
Hammersmith and Fulham,239
Waltham Forest,56
Enfield,80
Camden,203
Kensington and Chelsea,134
Merton,434
Barnet,120
Wandsworth,183
Wandsworth,516
Enfield,65
Croydon,33
Hounslow,315
Islington,149
Lewisham,100
Westminster,195
Islington,144
Newham,150
Camden,144
Kensington and Chelsea,148
Kensington and Chelsea,158
Waltham Forest,41
Haringey,158
Lambeth,126
Tower Hamlets,250
Richmond upon Thames,116
Brent,810
Ealing,164
Islington,154
Kingston upon Thames,67
Tower Hamlets,252
Hackney,86
Kensington and Chelsea,253
Enfield,39
Bexley,62
Westminster,279
Kensington and Chelsea,200
Lewisham,128
Westminster,309
Croydon,47
Barnet,125
Havering,166
Barnet,250
Hackney,65
Westminster,1100
Lewisham,232
Ealing,50
Lewisham,86
Camden,250
Kensington and Chelsea,200
Kensington and Chelsea,229
Islington,167
Wandsworth,140
Islington,136
Islington,131
Merton,119
Tower Hamlets,800
Camden,206
Greenwich,195
Sutton,55
Wandsworth,155
Haringey,209
Hackney,403
Westminster,120
Camden,95
Hackney,359
Hackney,81
Ealing,510
Barking and Dagenham,55
Westminster,97
Westminster,324
Wandsworth,89
Westminster,190
Hillingdon,115
Barnet,130
Tower Hamlets,59
Tower Hamlets,56
Tower Hamlets,56
Tower Hamlets,59
Westminster,162
Bromley,102
Tower Hamlets,140
Tower Hamlets,212
Kensington and Chelsea,257
Wandsworth,300
Lambeth,54
Richmond upon Thames,247
Camden,223
Lewisham,100
Brent,178
Lambeth,200
Lewisham,105
Lewisham,101
Bromley,139
Tower Hamlets,191
Ealing,75
Enfield,93
Westminster,134
Westminster,171
Brent,222
Redbridge,87
Redbridge,28
Lambeth,341
Bromley,161
Havering,120
Wandsworth,312
Brent,59
Ealing,75
Camden,243
Enfield,62
Waltham Forest,177
Hackney,213
Ealing,75
Haringey,122
Islington,158
Westminster,289
Barnet,156
Westminster,113
Tower Hamlets,89
Westminster,288
Westminster,197
Newham,65
Camden,284
Lewisham,99
Tower Hamlets,97
Hackney,194
Brent,583
Westminster,467
Tower Hamlets,300
Westminster,440
Islington,141
Greenwich,171
Lambeth,253
Hackney,58
Hammersmith and Fulham,145
Westminster,432
Greenwich,110
Tower Hamlets,29
Lewisham,43
Croydon,58
Wandsworth,1100
Newham,30
Redbridge,400
Westminster,90
Harrow,68
Enfield,146
Camden,145
Newham,149
Bexley,174
Haringey,229
Croydon,45
Lewisham,32
Tower Hamlets,52
Redbridge,506
Bromley,126
Bromley,139
Waltham Forest,208
Haringey,153
Wandsworth,255
Ealing,57
Southwark,105
Southwark,68
Tower Hamlets,86
Camden,176
Lambeth,76
Lambeth,79
Lambeth,81
Lambeth,77
Islington,123
Hackney,170
Greenwich,126
Waltham Forest,104
Westminster,252
Westminster,117
Lewisham,45
Greenwich,82
Hackney,195
Kensington and Chelsea,90
Hammersmith and Fulham,292
Lambeth,62
Hammersmith and Fulham,310
Westminster,84
Hammersmith and Fulham,310
Lewisham,123
Lewisham,133
Barnet,100
Waltham Forest,40
Newham,171
Newham,240
Tower Hamlets,185
Richmond upon Thames,50
Wandsworth,63
Hackney,160
Hounslow,207
Southwark,150
Camden,201
Barnet,202
Westminster,87
Ealing,142
Ealing,98
Bexley,41
Kensington and Chelsea,50
Tower Hamlets,45
Brent,136
Lambeth,205
Lambeth,144
Camden,175
Lewisham,142
Barnet,97
Westminster,171
Islington,291
Brent,201
City of London,223
City of London,223
Wandsworth,177
Haringey,190
Westminster,200
Barnet,750
Southwark,228
Bromley,61
Tower Hamlets,217
Hammersmith and Fulham,69
Wandsworth,124
Southwark,158
Haringey,127
Barking and Dagenham,38
Hounslow,55
Hackney,144
Tower Hamlets,308
Westminster,180
Southwark,142
Kensington and Chelsea,290
Barking and Dagenham,38
Newham,100
Redbridge,159
Newham,90
Haringey,95
Camden,120
Kensington and Chelsea,131
Waltham Forest,80
Islington,88
Tower Hamlets,176
Merton,375
Ealing,105
Hillingdon,68
Islington,109
Islington,123
Westminster,54
Hackney,109
Hackney,65
Islington,110
Haringey,166
Islington,123
Islington,111
Hackney,123
Kensington and Chelsea,175
Newham,227
Kensington and Chelsea,110
Camden,188
Islington,150
Hammersmith and Fulham,45
Lewisham,111
Lambeth,69
Redbridge,160
Lewisham,215
Haringey,72
Redbridge,158
Wandsworth,124
Westminster,472
Westminster,557
Westminster,329
Kensington and Chelsea,760
Lambeth,41
Richmond upon Thames,140
Southwark,176
Westminster,464
Tower Hamlets,173
Wandsworth,207
Camden,82
Brent,50
Richmond upon Thames,500
Waltham Forest,191
Newham,95
Westminster,44
Westminster,43
Southwark,123
Newham,64
Waltham Forest,92
Ealing,35
Kensington and Chelsea,259
Kensington and Chelsea,315
Westminster,180
Kensington and Chelsea,103
Westminster,214
Westminster,232
Westminster,253
Westminster,253
Westminster,273
Southwark,80
Tower Hamlets,60
Tower Hamlets,63
Enfield,68
Tower Hamlets,60
Tower Hamlets,63
Tower Hamlets,63
Tower Hamlets,233
Merton,405
Westminster,238
Wandsworth,63
Westminster,471
Wandsworth,240
Barnet,119
Islington,193
Croydon,123
Tower Hamlets,125
Wandsworth,223
Wandsworth,215
Westminster,109
Redbridge,45
Haringey,133
Ealing,106
Ealing,91
Kingston upon Thames,72
Brent,55
Hillingdon,42
Hammersmith and Fulham,183
Hackney,102
Lewisham,86
Southwark,196
Richmond upon Thames,200
Hackney,81
Lambeth,62
Wandsworth,91
Merton,70
Haringey,85
Kensington and Chelsea,540
Westminster,49
Westminster,350
Kensington and Chelsea,204
Lambeth,127
Haringey,174
Hammersmith and Fulham,58
Hammersmith and Fulham,250
Lambeth,77
Lambeth,51
Lewisham,100
Hackney,101
Camden,340
Barnet,160
Hackney,200
Croydon,146
Kensington and Chelsea,103
Barnet,152
Camden,61
Camden,238
Havering,90
Merton,105
Camden,272
Southwark,180
Camden,185
Lambeth,230
Westminster,509
Barnet,100
Hackney,111
Kensington and Chelsea,171
Lambeth,112
Westminster,119
Camden,220
Lambeth,57
Bexley,127
Kensington and Chelsea,155
Bexley,68
Barking and Dagenham,95
City of London,404
Merton,250
Wandsworth,149
Kensington and Chelsea,233
Kensington and Chelsea,945
Lewisham,288
Westminster,648
Tower Hamlets,92
Newham,209
Westminster,70
Brent,128
Camden,85
Brent,121
Ealing,102
Ealing,81
Tower Hamlets,63
Ealing,102
Haringey,73
Redbridge,72
Westminster,105
Bromley,218
Barnet,117
Newham,171
Newham,180
Lambeth,64
Merton,86
Ealing,100
Southwark,133
Sutton,60
Bexley,48
Tower Hamlets,100
Haringey,86
City of London,130
Sutton,48
Southwark,105
Wandsworth,293
Brent,81
Tower Hamlets,143
Barnet,98
Kensington and Chelsea,78
Kensington and Chelsea,186
Greenwich,90
Kensington and Chelsea,1165
Kensington and Chelsea,118
Brent,45
Bexley,125
Hammersmith and Fulham,180
Greenwich,40
Lambeth,144
Hammersmith and Fulham,250
Greenwich,162
Southwark,91
Bexley,109
Hounslow,132
Kensington and Chelsea,102
Ealing,66
Wandsworth,380
Westminster,627
Lambeth,105
Islington,146
Westminster,335
Westminster,440
Westminster,1095
Westminster,1512
Westminster,383
Westminster,577
Westminster,1754
Barnet,43
Lewisham,108
Bromley,110
Barking and Dagenham,61
Lewisham,64
Barnet,98
Kensington and Chelsea,266
Tower Hamlets,200
Kensington and Chelsea,450
Westminster,1500
Camden,143
Southwark,76
Westminster,300
Westminster,86
Wandsworth,301
Wandsworth,172
Hillingdon,83
Camden,315
Westminster,112
Westminster,1000
Westminster,1500
Tower Hamlets,275
Westminster,1100
Kensington and Chelsea,111
Enfield,31
Lambeth,52
Camden,79
Westminster,104
Southwark,49
Lambeth,190
Westminster,445
Tower Hamlets,239
Westminster,501
Barnet,175
Newham,206
Southwark,101
Southwark,100
Sutton,91
Wandsworth,465
Lambeth,84
Hackney,50
Kensington and Chelsea,220
Camden,92
Southwark,132
Southwark,105
Southwark,87
Redbridge,401
Brent,666
Wandsworth,99
Kensington and Chelsea,371
Hammersmith and Fulham,156
Wandsworth,117
Lewisham,120
Haringey,82
Redbridge,74
Redbridge,59
Redbridge,67
Haringey,200
Enfield,32
Wandsworth,229
Hammersmith and Fulham,155
Newham,167
Kensington and Chelsea,300
Greenwich,68
Barking and Dagenham,43
Newham,224
Westminster,607
Islington,153
Kensington and Chelsea,315
Hackney,45
Wandsworth,198
Hackney,108
Tower Hamlets,60
Hackney,72
Croydon,56
Kensington and Chelsea,415
Tower Hamlets,55
Kensington and Chelsea,200
Kensington and Chelsea,96
Westminster,206
Camden,499
Southwark,72
Kensington and Chelsea,195
Hammersmith and Fulham,147
Hammersmith and Fulham,123
Hammersmith and Fulham,122
Hammersmith and Fulham,111
Greenwich,48
Westminster,238
Haringey,99
City of London,591
Tower Hamlets,60
Westminster,88
Westminster,150
Tower Hamlets,150
Ealing,51
Hammersmith and Fulham,200
Wandsworth,50
Hackney,130
Kensington and Chelsea,200
Redbridge,65
Kensington and Chelsea,300
Tower Hamlets,60
Tower Hamlets,60
Havering,205
Westminster,165
Westminster,138
Lambeth,500
Hammersmith and Fulham,300
Merton,176
Greenwich,32
Southwark,163
Hammersmith and Fulham,110
Greenwich,122
Sutton,34
Waltham Forest,188
Kensington and Chelsea,1181
Lambeth,110
Kensington and Chelsea,1106
Wandsworth,124
Hammersmith and Fulham,45
Brent,66
Kensington and Chelsea,90
Ealing,49
Islington,460
Haringey,362
Camden,67
Lambeth,536
Waltham Forest,90
Bromley,150
Newham,180
Westminster,171
Westminster,136
Hackney,205
Hackney,272
Southwark,100
Westminster,175
Redbridge,400
Westminster,159
Westminster,2000
Bexley,38
Tower Hamlets,72
Kensington and Chelsea,259
Kensington and Chelsea,277
Wandsworth,259
Kensington and Chelsea,300
Southwark,91
Southwark,90
Tower Hamlets,259
Tower Hamlets,410
Southwark,117
Westminster,600
Hackney,124
Hackney,199
Kensington and Chelsea,343
Lambeth,49
Camden,96
Lewisham,151
Lambeth,42
Kensington and Chelsea,96
Lambeth,130
Tower Hamlets,59
Tower Hamlets,127
Haringey,87
Barking and Dagenham,150
Westminster,57
Kingston upon Thames,92
Lambeth,108
Westminster,294
Brent,47
Wandsworth,41
Hammersmith and Fulham,160
Wandsworth,41
Newham,81
Tower Hamlets,198
Newham,203
Westminster,324
Merton,82
Lambeth,189
Westminster,220
Kensington and Chelsea,246
Camden,104
Southwark,96
Camden,112
Wandsworth,427
Haringey,116
Westminster,380
Hackney,55
Tower Hamlets,60
Bromley,126
Hammersmith and Fulham,104
Harrow,160
Tower Hamlets,58
Harrow,475
Tower Hamlets,52
Tower Hamlets,52
Tower Hamlets,60
Barnet,53
Hounslow,109
Croydon,73
Hammersmith and Fulham,110
Lambeth,99
Hammersmith and Fulham,104
Bromley,92
Kensington and Chelsea,149
Hillingdon,50
Kensington and Chelsea,61
Westminster,258
Lambeth,76
Bromley,118
Westminster,250
Westminster,180
Waltham Forest,80
Southwark,102
Westminster,504
Newham,180
Wandsworth,250
Ealing,150
Brent,68
Southwark,55
Croydon,139
Westminster,198
Hammersmith and Fulham,140
Westminster,129
Lambeth,58
Lambeth,791
Southwark,53
Tower Hamlets,90
Hackney,90
Westminster,100
Waltham Forest,148
Lambeth,250
Camden,640
Southwark,196
Ealing,250
Hammersmith and Fulham,74
Hammersmith and Fulham,108
Hounslow,49
Kensington and Chelsea,300
Kensington and Chelsea,300
Redbridge,262
Enfield,233
Lambeth,226
Wandsworth,227
Wandsworth,191
Brent,39
Waltham Forest,90
Hackney,135
Hackney,94
Greenwich,391
Hammersmith and Fulham,51
Barking and Dagenham,64
Southwark,143
Brent,87
Redbridge,1118
Islington,176
Camden,343
Brent,500
Barnet,112
Bexley,29
Islington,112
Barnet,103
Barnet,125
Lambeth,55
Barnet,122
Barnet,107
Haringey,42
Haringey,220
Tower Hamlets,158
Barnet,73
Ealing,700
Barnet,108
Barnet,97
Barnet,104
Tower Hamlets,75
Barnet,100
Barnet,103
Barnet,100
Kensington and Chelsea,200
Hackney,121
Barnet,112
Islington,103
Barnet,100
Hillingdon,46
Southwark,92
Waltham Forest,113
Waltham Forest,113
Westminster,702
Tower Hamlets,75
Westminster,314
Merton,30
Havering,86
Camden,78
Southwark,157
Wandsworth,78
Barnet,34
Barnet,105
Barnet,113
Barnet,105
Hackney,41
Barnet,105
Westminster,197
Brent,94
Hounslow,56
Lewisham,207
Westminster,279
Croydon,52
Croydon,43
Bexley,48
Hackney,148
Lambeth,147
Enfield,119
Westminster,375
Newham,107
Westminster,850
Hammersmith and Fulham,49
Barking and Dagenham,76
Bexley,39
Islington,70
Kensington and Chelsea,209
Merton,36
Islington,180
Tower Hamlets,85
Brent,150
Kensington and Chelsea,200
Lambeth,118
Hackney,116
Lambeth,2000
Camden,53
Wandsworth,78
Waltham Forest,28
Lambeth,394
Wandsworth,54
Hammersmith and Fulham,157
Bromley,292
Ealing,122
Westminster,152
Southwark,54
Greenwich,181
Ealing,126
Westminster,218
Hammersmith and Fulham,312
Newham,51
Bromley,38
Hackney,72
Kensington and Chelsea,362
Lambeth,244
Wandsworth,143
Waltham Forest,70
Sutton,162
Richmond upon Thames,90
Tower Hamlets,72
Brent,213
Kensington and Chelsea,283
Merton,200
Southwark,52
Westminster,232
Ealing,5743
Ealing,184
Kensington and Chelsea,205
Redbridge,79
Lewisham,128
Barking and Dagenham,178
Islington,475
Brent,80
Kensington and Chelsea,536
Hammersmith and Fulham,87
Camden,238
Enfield,44
Ealing,127
Ealing,61
Wandsworth,43
Hackney,250
Wandsworth,182
Merton,950
Kensington and Chelsea,185
Westminster,155
Richmond upon Thames,110
Camden,68
Westminster,285
Tower Hamlets,44
Lambeth,113
Southwark,42
Barnet,153
Havering,35
Hackney,195
Tower Hamlets,116
Hammersmith and Fulham,52
Westminster,99
Lewisham,140
Tower Hamlets,80
Camden,285
Tower Hamlets,114
Westminster,315
Lewisham,52
Southwark,109
Westminster,250
Lambeth,323
Kensington and Chelsea,129
Islington,113
Westminster,152
Southwark,184
Kensington and Chelsea,124
Brent,52
Barnet,55
Hackney,300
Wandsworth,108
Redbridge,86
Islington,90
Merton,154
Wandsworth,131
Islington,261
Brent,58
Westminster,274
Enfield,134
Westminster,88
Camden,161
Islington,200
Southwark,177
Greenwich,113
Hackney,57
Southwark,90
Southwark,61
Merton,61
Lewisham,116
Hackney,101
Wandsworth,80
Waltham Forest,82
Brent,45
Kingston upon Thames,35
Kingston upon Thames,81
Kensington and Chelsea,177
Bexley,24
Hammersmith and Fulham,250
Southwark,55
Barnet,300
Croydon,345
Westminster,306
Croydon,336
Hackney,52
Hackney,76
Hammersmith and Fulham,82
Wandsworth,792
Haringey,43
Newham,270
Wandsworth,73
Wandsworth,77
Ealing,59
Enfield,74
Haringey,50
Hackney,104
Westminster,233
City of London,340
Tower Hamlets,127
Hackney,79
Southwark,252
Hackney,61
Tower Hamlets,239
Merton,39
Westminster,98
Lambeth,85
Greenwich,208
Brent,241
Lambeth,50
Hackney,87
Hackney,75
Barnet,167
Islington,85
Harrow,180
Hackney,320
Westminster,411
Wandsworth,309
Greenwich,63
Hammersmith and Fulham,109
Camden,218
Harrow,127
Greenwich,150
Islington,547
Westminster,302
Southwark,57
Westminster,288
Westminster,800
Islington,108
Lambeth,264
Westminster,221
Westminster,160
Haringey,140
Newham,134
Camden,188
Hillingdon,25
Lambeth,46
Kensington and Chelsea,318
Waltham Forest,235
Croydon,245
Westminster,242
Kensington and Chelsea,134
Tower Hamlets,174
Croydon,41
Brent,145
Redbridge,79
Southwark,190
Lewisham,112
Hillingdon,45
Hillingdon,39
Camden,136
Islington,158
Haringey,43
Hounslow,65
Kensington and Chelsea,198
Westminster,315
Westminster,112
Islington,300
Tower Hamlets,36
Brent,63
Brent,59
Havering,80
Brent,59
Brent,58
Brent,78
Brent,80
Lambeth,33
Kingston upon Thames,135
Ealing,25
Lambeth,87
Westminster,2594
Hammersmith and Fulham,1050
Enfield,36
Westminster,193
Southwark,224
Islington,120
Redbridge,80
Lewisham,144
Haringey,87
Haringey,94
Kensington and Chelsea,253
Kensington and Chelsea,276
Haringey,94
Haringey,101
Haringey,108
Tower Hamlets,124
Hammersmith and Fulham,161
Lewisham,123
Brent,66
Westminster,637
Richmond upon Thames,226
Camden,113
Camden,216
Waltham Forest,88
Hillingdon,149
Ealing,145
Lambeth,175
Barking and Dagenham,145
Tower Hamlets,40
Waltham Forest,255
Tower Hamlets,160
Lewisham,95
Lewisham,60
Merton,103
Barnet,170
Kensington and Chelsea,107
Islington,235
Wandsworth,27
Lewisham,235
Barnet,200
Kensington and Chelsea,551
Westminster,170
Hackney,220
Lambeth,67
Islington,181
Islington,232
Hackney,149
Wandsworth,275
Richmond upon Thames,275
Lewisham,115
Westminster,484
Hackney,161
Camden,776
Wandsworth,89
Hammersmith and Fulham,240
Barnet,250
Westminster,202
Southwark,50
Brent,141
Camden,260
Brent,211
Barnet,90
Waltham Forest,74
Barnet,74
Tower Hamlets,282
Lambeth,35
Greenwich,85
Waltham Forest,53
Newham,170
Merton,1054
Haringey,120
Kensington and Chelsea,333
Hackney,157
Hackney,207
Islington,214
Kensington and Chelsea,225
Lambeth,245
Lewisham,132
Waltham Forest,75
Wandsworth,144
Islington,216
Southwark,82
Merton,109
Brent,60
Wandsworth,135
Tower Hamlets,177
Hounslow,143
Kensington and Chelsea,679
Barnet,76
Hackney,180
Camden,812
Hounslow,105
Hammersmith and Fulham,49
Lambeth,114
Lambeth,65
Hammersmith and Fulham,668
Kensington and Chelsea,372
Westminster,228
Wandsworth,72
Lewisham,108
Hackney,100
Hounslow,312
Camden,232
Kensington and Chelsea,349
Southwark,163
Haringey,142
Tower Hamlets,139
Southwark,35
Kensington and Chelsea,234
Tower Hamlets,63
Merton,107
Southwark,115
Kensington and Chelsea,234
Kensington and Chelsea,200
Redbridge,125
Haringey,80
Barnet,80
Hackney,124
Barnet,72
Richmond upon Thames,86
Camden,404
Kensington and Chelsea,320
Haringey,250
Greenwich,202
Westminster,261
Lewisham,150
Tower Hamlets,201
Hammersmith and Fulham,405
Wandsworth,200
Brent,66
Tower Hamlets,173
Islington,113
Lewisham,30
Westminster,207
Lewisham,45
Camden,744
Waltham Forest,48
Waltham Forest,117
Barking and Dagenham,41
Lambeth,141
Kensington and Chelsea,280
Hammersmith and Fulham,162
Merton,117
Waltham Forest,82
Hackney,81
Redbridge,360
Westminster,232
Southwark,128
Hounslow,68
Wandsworth,522
Greenwich,138
Camden,124
Haringey,99
Westminster,405
Westminster,243
Croydon,38
Haringey,80
Westminster,197
Greenwich,60
Hackney,220
Ealing,90
Southwark,114
Hammersmith and Fulham,231
Kingston upon Thames,40
Southwark,240
Lambeth,122
Hackney,131
Newham,190
Croydon,117
Westminster,226
Tower Hamlets,158
Islington,185
Lambeth,113
Croydon,31
Bromley,187
Wandsworth,550
Tower Hamlets,184
Tower Hamlets,400
Hackney,190
Barking and Dagenham,151
Tower Hamlets,63
Merton,110
Wandsworth,36
Camden,317
Haringey,342
Redbridge,70
City of London,408
Redbridge,80
Westminster,614
Wandsworth,95
Lewisham,123
Westminster,203
Westminster,197
Westminster,203
Bexley,63
Newham,129
Bexley,80
Tower Hamlets,508
Hackney,120
Lambeth,113
Bexley,70
Lambeth,68
Westminster,433
Camden,196
Westminster,261
Hammersmith and Fulham,251
Enfield,52
Southwark,258
Richmond upon Thames,150
Kensington and Chelsea,443
Ealing,124
Enfield,54
Islington,90
Haringey,163
Wandsworth,145
Brent,86
Sutton,60
Camden,77
Redbridge,255
Tower Hamlets,187
Tower Hamlets,130
Newham,69
Bexley,126
Camden,146
Croydon,99
Hammersmith and Fulham,200
Brent,45
Tower Hamlets,345
Islington,69
Hounslow,621
Tower Hamlets,90
Westminster,528
Westminster,148
Westminster,559
Wandsworth,84
Croydon,68
Southwark,159
Hammersmith and Fulham,122
Lewisham,190
Brent,60
Barking and Dagenham,92
Kensington and Chelsea,296
Bexley,53
Greenwich,29
Camden,306
Westminster,238
Bromley,48
Westminster,141
Lambeth,85
Sutton,112
Wandsworth,1217
Westminster,235
Westminster,550
Westminster,484
Tower Hamlets,348
Tower Hamlets,96
Hackney,54
Enfield,41
Kensington and Chelsea,387
Waltham Forest,39
Camden,375
Croydon,88
Wandsworth,56
Tower Hamlets,56
Kensington and Chelsea,242
Tower Hamlets,150
Ealing,85
Ealing,41
Lambeth,143
Havering,50
Wandsworth,200
Southwark,151
Waltham Forest,94
Hackney,104
Southwark,181
Kensington and Chelsea,72
Wandsworth,147
Westminster,99
Redbridge,70
Camden,142
Kensington and Chelsea,144
Camden,120
Camden,220
Southwark,71
Kensington and Chelsea,167
Camden,333
City of London,131
Barnet,60
Brent,105
Sutton,56
Ealing,114
Tower Hamlets,94
Harrow,49
Westminster,703
Redbridge,356
Hillingdon,63
Westminster,509
Hounslow,295
Westminster,335
Westminster,261
Westminster,648
Westminster,199
Hackney,181
Richmond upon Thames,110
Tower Hamlets,143
Southwark,59
Enfield,262
Havering,143
Westminster,265
Wandsworth,95
Westminster,329
Westminster,536
Westminster,379
Westminster,401
Camden,82
Westminster,643
Islington,141
Wandsworth,231
Hackney,166
Camden,99
Tower Hamlets,165
Wandsworth,75
Lambeth,139
Barnet,350
Hammersmith and Fulham,540
Wandsworth,250
Westminster,300
Wandsworth,272
Hammersmith and Fulham,135
Westminster,250
Lambeth,150
Greenwich,144
Westminster,122
Haringey,300
Tower Hamlets,202
Newham,50
Richmond upon Thames,143
Hackney,60
Ealing,49
Hackney,63
Waltham Forest,79
Westminster,200
Ealing,299
Tower Hamlets,250
Kensington and Chelsea,646
Greenwich,50
Wandsworth,65
Hillingdon,102
Brent,54
Westminster,108
Tower Hamlets,160
Southwark,104
Westminster,388
Hounslow,91
Croydon,58
Enfield,46
Tower Hamlets,371
Richmond upon Thames,157
Camden,82
Camden,171
Croydon,94
Haringey,62
Westminster,723
Southwark,58
Camden,104
Hillingdon,68
Lambeth,184
Newham,146
Kensington and Chelsea,236
Tower Hamlets,60
Kensington and Chelsea,1179
Hammersmith and Fulham,74
Camden,181
Croydon,140
Barnet,107
Westminster,299
Hammersmith and Fulham,117
Hackney,85
Islington,325
Hammersmith and Fulham,171
Hammersmith and Fulham,91
Hackney,60
Lewisham,146
Barnet,111
Tower Hamlets,55
Croydon,61
Southwark,60
Westminster,81
Kensington and Chelsea,234
Westminster,900
Waltham Forest,43
Westminster,109
Tower Hamlets,49
Brent,53
Redbridge,78
Hammersmith and Fulham,126
Newham,56
Croydon,100
Brent,236
Westminster,649
Lewisham,99
Kensington and Chelsea,198
Barnet,199
Bexley,54
Newham,59
Westminster,157
Hackney,58
Hackney,135
Greenwich,115
Westminster,55
Tower Hamlets,80
Tower Hamlets,180
Enfield,39
Southwark,57
Westminster,952
Ealing,46
Lambeth,230
Barnet,80
Westminster,642
Hammersmith and Fulham,118
Lewisham,108
Westminster,2043
Hammersmith and Fulham,110
Hackney,143
Kingston upon Thames,99
Wandsworth,103
Islington,81
Tower Hamlets,150
Camden,69
Westminster,191
Kensington and Chelsea,1715
Hackney,104
Lambeth,306
Tower Hamlets,103
Kingston upon Thames,300
Barking and Dagenham,65
Kensington and Chelsea,175
Hillingdon,38
Lambeth,49
Camden,208
Islington,100
Brent,162
Kensington and Chelsea,350
Kensington and Chelsea,81
Greenwich,35
Camden,274
Enfield,145
Hackney,429
Kensington and Chelsea,2056
Tower Hamlets,93
Harrow,117
Kingston upon Thames,80
Kensington and Chelsea,275
Hackney,61
Tower Hamlets,38
Hammersmith and Fulham,206
Barking and Dagenham,479
Camden,72
Westminster,279
Lambeth,96
Newham,60
Brent,35
Lewisham,103
Lewisham,135
Lewisham,100
Camden,530
Hammersmith and Fulham,76
Brent,198
Wandsworth,276
Croydon,122
Islington,115
Camden,111
Southwark,104
Lambeth,83
Greenwich,30
Tower Hamlets,120
Islington,126
Kingston upon Thames,143
Enfield,77
Brent,40
Hackney,76
Hackney,76
Westminster,340
Waltham Forest,120
Tower Hamlets,69
Waltham Forest,160
Kensington and Chelsea,352
Hackney,128
Wandsworth,82
Hounslow,37
Southwark,300
Waltham Forest,169
Tower Hamlets,55
Southwark,81
Tower Hamlets,44
Hackney,52
Wandsworth,168
Tower Hamlets,48
Tower Hamlets,50
Tower Hamlets,49
Tower Hamlets,44
Westminster,427
Hackney,82
Lewisham,55
Barking and Dagenham,34
Westminster,342
Wandsworth,144
Islington,274
Ealing,161
Haringey,133
Richmond upon Thames,59
Bromley,52
Westminster,316
Wandsworth,135
Merton,128
Islington,108
Southwark,219
Brent,184
Kensington and Chelsea,164
Hackney,62
Lewisham,57
Kensington and Chelsea,708
Westminster,59
Wandsworth,54
Lambeth,114
Lambeth,60
Westminster,108
Merton,195
Kensington and Chelsea,196
Hackney,69
Camden,180
Kensington and Chelsea,359
Brent,57
Brent,31
Barnet,116
Barnet,98
Hackney,80
Bexley,35
Brent,475
Hackney,136
Brent,152
Southwark,200
Greenwich,87
Kensington and Chelsea,225
Camden,59
Greenwich,234
Wandsworth,123
Lewisham,118
Southwark,50
Kensington and Chelsea,270
Ealing,65
Ealing,63
Westminster,90
Bexley,35
Hammersmith and Fulham,154
Hammersmith and Fulham,144
Bexley,34
Wandsworth,50
Brent,56
Westminster,1000
Westminster,229
Westminster,178
Westminster,369
Greenwich,162
Southwark,76
Lambeth,183
Westminster,190
Tower Hamlets,292
Lewisham,75
Hillingdon,68
Ealing,360
Merton,80
Hounslow,78
Hackney,88
Hackney,86
Hackney,73
Wandsworth,225
Southwark,188
Lambeth,51
Richmond upon Thames,280
Kensington and Chelsea,196
Kensington and Chelsea,200
Kensington and Chelsea,400
Westminster,72
Barnet,275
Redbridge,54
Wandsworth,194
Islington,315
Hounslow,76
Havering,114
Wandsworth,38
Southwark,163
Hillingdon,102
Kensington and Chelsea,49
Haringey,30
Havering,94
Westminster,55
Havering,87
Kensington and Chelsea,227
Newham,51
Tower Hamlets,78
Wandsworth,69
Haringey,122
Tower Hamlets,76
Westminster,294
Bexley,156
Redbridge,162
Haringey,179
Ealing,485
Lambeth,100
Tower Hamlets,152
Westminster,425
Westminster,214
Lambeth,200
Westminster,510
Westminster,214
Wandsworth,45
Wandsworth,48
Haringey,240
Tower Hamlets,167
Hounslow,1000
Brent,98
Westminster,865
Kensington and Chelsea,717
Kensington and Chelsea,221
Westminster,690
Camden,1025
Richmond upon Thames,177
Newham,79
Kensington and Chelsea,427
Kensington and Chelsea,1824
Harrow,243
Haringey,261
Wandsworth,66
Westminster,231
Westminster,605
Barnet,76
Newham,39
Newham,81
Greenwich,81
Haringey,49
Haringey,46
Southwark,110
Hackney,162
Barking and Dagenham,114
Havering,65
Hillingdon,150
Westminster,558
Westminster,550
Hammersmith and Fulham,88
Westminster,153
Tower Hamlets,298
Greenwich,129
Harrow,76
Harrow,81
Harrow,74
Harrow,70
Waltham Forest,243
Wandsworth,95
Kingston upon Thames,90
Westminster,176
Islington,252
Harrow,275
Kensington and Chelsea,261
Hillingdon,71
Merton,99
Tower Hamlets,97
Redbridge,68
Lambeth,167
Hillingdon,70
Hillingdon,70
Wandsworth,68
Tower Hamlets,207
Newham,29
Southwark,69
Westminster,210
Wandsworth,147
Richmond upon Thames,220
Enfield,140
Tower Hamlets,230
Enfield,351
Newham,260
Camden,270
Tower Hamlets,70
Westminster,330
Barnet,50
Lambeth,150
Croydon,40
Lambeth,269
Wandsworth,89
Croydon,75
Kensington and Chelsea,249
Wandsworth,102
Westminster,671
Richmond upon Thames,432
Barnet,90
Barnet,114
Camden,239
Hillingdon,73
Westminster,397
Westminster,190
Croydon,57
Wandsworth,45
Lambeth,200
Redbridge,131
Sutton,41
Kensington and Chelsea,200
Wandsworth,149
Tower Hamlets,121
Southwark,58
Hackney,75
Kensington and Chelsea,200
Newham,137
Lambeth,159
Hackney,172
Kensington and Chelsea,270
Kensington and Chelsea,147
Westminster,320
Greenwich,92
Newham,45
Tower Hamlets,199
Lewisham,272
Westminster,425
Tower Hamlets,71
Westminster,611
Islington,135
Westminster,225
Lambeth,150
Tower Hamlets,266
Newham,42
Islington,55
Islington,52
Islington,57
Tower Hamlets,166
Waltham Forest,76
Croydon,98
Wandsworth,143
Southwark,144
Waltham Forest,241
Westminster,950
Tower Hamlets,129
Hounslow,95
Southwark,216
Kensington and Chelsea,107
Westminster,258
Tower Hamlets,200
Wandsworth,41
Hounslow,100
Westminster,412
Barking and Dagenham,97
Tower Hamlets,188
Islington,287
Croydon,90
Lewisham,168
Islington,55
Hackney,72
Islington,49
Islington,53
Kensington and Chelsea,300
Tower Hamlets,102
Islington,65
Richmond upon Thames,42
Islington,47
Wandsworth,64
Wandsworth,158
Wandsworth,66
Kensington and Chelsea,228
Tower Hamlets,248
Hammersmith and Fulham,159
Hackney,53
Greenwich,162
Kensington and Chelsea,248
Westminster,104
Westminster,240
Tower Hamlets,137
Kensington and Chelsea,161
Kensington and Chelsea,370
Brent,101
Southwark,56
Lambeth,399
Harrow,96
Hammersmith and Fulham,135
Tower Hamlets,150
Southwark,135
Tower Hamlets,135
Newham,75
Harrow,28
Wandsworth,242
Southwark,128
Islington,178
Kensington and Chelsea,243
Westminster,181
Westminster,213
Westminster,223
Westminster,298
Westminster,372
Westminster,251
Camden,155
Wandsworth,450
Lambeth,430
Wandsworth,345
Westminster,104
Hackney,103
Wandsworth,86
Tower Hamlets,108
Wandsworth,52
Redbridge,36
Westminster,159
Westminster,208
Barnet,324
Brent,115
Westminster,314
Westminster,205
Kensington and Chelsea,94
Kensington and Chelsea,86
Kensington and Chelsea,84
Hackney,185
Westminster,220
Croydon,63
Westminster,236
Tower Hamlets,55
Redbridge,261
Westminster,490
Haringey,162
Westminster,218
Kensington and Chelsea,167
Merton,121
Ealing,62
Haringey,236
Waltham Forest,130
Westminster,356
Hackney,45
Croydon,72
Kensington and Chelsea,297
Waltham Forest,42
Kensington and Chelsea,281
Wandsworth,122
Wandsworth,100
Wandsworth,88
Wandsworth,91
Wandsworth,91
Wandsworth,129
Lambeth,88
Lambeth,81
Kensington and Chelsea,406
Wandsworth,60
Kensington and Chelsea,342
Westminster,175
Wandsworth,282
Haringey,54
Tower Hamlets,54
Tower Hamlets,250
Tower Hamlets,54
Kensington and Chelsea,994
Westminster,155
Westminster,179
Barking and Dagenham,146
Southwark,53
Enfield,45
Wandsworth,80
Greenwich,48
Islington,74
Islington,72
Lewisham,100
Islington,127
Islington,194
Newham,200
Barnet,72
Lambeth,242
Wandsworth,99
Camden,108
Tower Hamlets,76
Camden,214
Islington,48
Wandsworth,113
Kensington and Chelsea,378
Tower Hamlets,50
Islington,242
Tower Hamlets,40
Lambeth,139
Hounslow,49
Bexley,37
Kensington and Chelsea,270
Southwark,89
Wandsworth,81
Hammersmith and Fulham,45
Greenwich,50
Haringey,155
Haringey,126
Lambeth,108
Greenwich,332
Brent,47
Barking and Dagenham,224
Southwark,299
Hammersmith and Fulham,71
Croydon,51
Barnet,49
Hammersmith and Fulham,150
Tower Hamlets,183
Barnet,171
Hammersmith and Fulham,97
Sutton,52
Southwark,220
Brent,50
Enfield,90
Barnet,94
Westminster,1029
Camden,428
Haringey,136
Wandsworth,58
Barnet,81
Barnet,99
Barnet,72
Kensington and Chelsea,120
Barnet,69
Hackney,306
Southwark,68
Tower Hamlets,184
Camden,105
Haringey,503
Waltham Forest,160
Waltham Forest,50
Camden,326
Lewisham,127
Westminster,161
Merton,100
Greenwich,130
Hounslow,265
Tower Hamlets,88
Camden,275
Greenwich,177
Islington,79
Wandsworth,276
Islington,57
Newham,167
Hackney,108
Westminster,60
Waltham Forest,201
Waltham Forest,87
Tower Hamlets,272
Barnet,116
Southwark,93
Haringey,66
Haringey,68
Westminster,150
Southwark,82
Westminster,209
Hammersmith and Fulham,171
Greenwich,114
Hackney,90
Tower Hamlets,214
Kensington and Chelsea,240
Wandsworth,223
Islington,180
Tower Hamlets,434
Hackney,135
Hackney,117
Westminster,2000
Hammersmith and Fulham,412
Kensington and Chelsea,343
Hackney,442
Greenwich,132
Westminster,308
Tower Hamlets,179
Westminster,2250
Bexley,34
Hillingdon,61
Croydon,43
Kensington and Chelsea,54
Kingston upon Thames,54
Hackney,77
Croydon,82
Brent,79
Kingston upon Thames,72
Waltham Forest,115
Barking and Dagenham,87
Westminster,238
Bromley,49
Bromley,32
Tower Hamlets,147
Richmond upon Thames,160
Lambeth,83
Ealing,315
Southwark,68
Waltham Forest,135
Lambeth,28
Westminster,56
Enfield,2463
Camden,289
Westminster,228
Harrow,157
Tower Hamlets,90
Islington,68
Westminster,220
Kensington and Chelsea,3300
Westminster,68
Lambeth,65
Westminster,153
Westminster,250
Wandsworth,211
Lewisham,149
Croydon,25
Camden,151
Camden,63
Camden,59
Haringey,34
Southwark,95
Southwark,200
Croydon,240
Wandsworth,235
Brent,285
Southwark,141
Westminster,252
Croydon,32
Southwark,53
Wandsworth,241
Haringey,55
Newham,86
Lewisham,80
Lambeth,49
Hackney,288
Camden,475
Westminster,442
Westminster,188
Haringey,72
Hackney,70
Kensington and Chelsea,428
Westminster,285
Kensington and Chelsea,172
Lambeth,322
Brent,105
Hillingdon,104
Camden,76
Brent,139
Greenwich,135
Brent,90
Tower Hamlets,110
Waltham Forest,85
Westminster,149
Tower Hamlets,162
Camden,215
Bromley,35
Lewisham,50
Hackney,45
Lambeth,28
Haringey,59
Lambeth,28
Wandsworth,120
Hillingdon,90
Lambeth,145
Redbridge,38
Brent,74
Islington,165
Southwark,522
Kensington and Chelsea,145
Brent,427
Richmond upon Thames,41
Merton,328
Hammersmith and Fulham,270
Richmond upon Thames,488
Bromley,115
Kensington and Chelsea,160
Newham,228
Kensington and Chelsea,1300
Westminster,301
Lambeth,239
Kingston upon Thames,298
Merton,328
Merton,251
Hammersmith and Fulham,341
Hammersmith and Fulham,104
Lambeth,61
Westminster,208
Redbridge,42
Hounslow,114
Newham,139
Newham,206
Redbridge,56
Hounslow,150
Hackney,106
Lambeth,146
Southwark,110
Islington,151
Bromley,290
Havering,45
Wandsworth,185
Hammersmith and Fulham,69
Enfield,319
Barnet,36
Newham,558
Barking and Dagenham,38
Lambeth,451
Newham,70
Barnet,124
Hounslow,225
Hillingdon,39
Hackney,70
Merton,183
Camden,321
Croydon,48
Camden,100
Hammersmith and Fulham,207
Brent,104
Camden,154
Bexley,200
Southwark,140
Bromley,120
Barnet,69
Lambeth,211
Wandsworth,444
Westminster,175
Lewisham,547
Hackney,50
Harrow,140
Kensington and Chelsea,79
Camden,159
Hackney,90
Enfield,110
Kensington and Chelsea,240
Waltham Forest,90
Croydon,56
Southwark,210
Kensington and Chelsea,110
Redbridge,120
Hackney,45
Tower Hamlets,74
Kensington and Chelsea,200
Bromley,91
Wandsworth,72
Brent,225
Westminster,202
Southwark,280
Hackney,150
Hammersmith and Fulham,162
Greenwich,116
Hackney,101
Kensington and Chelsea,200
Hackney,136
Hammersmith and Fulham,115
Westminster,400
Westminster,250
Bromley,66
Merton,86
Kensington and Chelsea,555
Wandsworth,286
Barking and Dagenham,179
Wandsworth,57
Kensington and Chelsea,141
Islington,196
Camden,82
Camden,211
Wandsworth,475
Barking and Dagenham,150
Tower Hamlets,900
Westminster,372
Tower Hamlets,155
Hammersmith and Fulham,189
Barnet,135
Camden,173
Tower Hamlets,81
Ealing,78
Tower Hamlets,102
Hackney,81
Croydon,315
Westminster,1682
Kensington and Chelsea,536
Barnet,197
Kensington and Chelsea,143
Kensington and Chelsea,176
Brent,125
Hackney,45
Croydon,91
Croydon,90
Camden,53
Brent,115
Croydon,60
City of London,700
Tower Hamlets,122
Hackney,86
Camden,56
Kensington and Chelsea,200
Redbridge,104
Merton,23
Barnet,137
Westminster,303
Kensington and Chelsea,134
Westminster,679
Wandsworth,386
Westminster,240
Islington,225
Greenwich,123
Kensington and Chelsea,153
Lewisham,34
Westminster,699
City of London,345
Westminster,499
Ealing,91
Richmond upon Thames,121
Brent,30
Haringey,64
Hackney,122
Westminster,286
Hackney,86
Hillingdon,40
Wandsworth,162
Kensington and Chelsea,185
Newham,218
Westminster,247
Westminster,161
Tower Hamlets,154
Lambeth,129
Havering,49
Westminster,630
Camden,195
Westminster,111
Southwark,137
Kensington and Chelsea,404
Westminster,171
Merton,291
Hammersmith and Fulham,101
Bromley,71
Westminster,316
Lambeth,161
Tower Hamlets,180
Hackney,35
Barking and Dagenham,140
Westminster,1125
Islington,171
Tower Hamlets,79
Lambeth,50000
Westminster,290
Hillingdon,53
Hillingdon,155
Barnet,80
Lambeth,297
Haringey,149
Newham,64
Westminster,2100
Islington,194
Hammersmith and Fulham,162
Hounslow,358
Camden,75
Westminster,128
Westminster,1058
Hillingdon,114
Greenwich,235
Tower Hamlets,99
Harrow,28
Brent,86
Croydon,105
Hackney,302
Wandsworth,44
Hackney,65
Bromley,55
Brent,53
Lambeth,110
Lewisham,102
Lewisham,150
Newham,37
Wandsworth,224
Hackney,170
Croydon,115
Redbridge,105
Redbridge,91
Brent,135
Westminster,179
Westminster,162
Newham,33
Islington,180
Ealing,90
Islington,150
Havering,357
Merton,72
Lambeth,195
Redbridge,47
Southwark,92
Wandsworth,110
Hackney,250
Barnet,62
Southwark,94
Bromley,54
Hammersmith and Fulham,190
Waltham Forest,99
Islington,141
Ealing,34
Hammersmith and Fulham,81
Redbridge,44
Wandsworth,270
Southwark,250
Ealing,74
Camden,195
Camden,195
Tower Hamlets,119
Tower Hamlets,136
Brent,113
Hammersmith and Fulham,243
Southwark,141
Westminster,101
Lambeth,180
Lambeth,86
Barnet,55
Southwark,215
Hackney,101
Ealing,116
Ealing,84
Ealing,72
Ealing,86
Hounslow,188
Camden,261
Wandsworth,231
Greenwich,280
Southwark,44
Haringey,16
Hammersmith and Fulham,270
Wandsworth,140
Hammersmith and Fulham,673
Hammersmith and Fulham,166
Kensington and Chelsea,265
Wandsworth,267
Brent,67
Tower Hamlets,111
Lambeth,63
Tower Hamlets,81
Brent,219
Hackney,136
Camden,143
Wandsworth,405
Wandsworth,238
Redbridge,108
Kensington and Chelsea,295
Tower Hamlets,60
Merton,257
Tower Hamlets,68
Haringey,41
Lambeth,301
Islington,67
Lewisham,181
Lewisham,152
Kensington and Chelsea,373
Tower Hamlets,68
Southwark,288
Hammersmith and Fulham,159
Westminster,275
Lambeth,193
Hammersmith and Fulham,87
Tower Hamlets,98
Hammersmith and Fulham,189
Hammersmith and Fulham,99
Merton,800
Hammersmith and Fulham,130
Waltham Forest,76
Lewisham,58
Wandsworth,382
Westminster,207
Haringey,128
Harrow,120
Croydon,94
Ealing,85
Richmond upon Thames,150
Hackney,135
Hackney,57
Bexley,69
Camden,185
Waltham Forest,160
Waltham Forest,90
Wandsworth,216
Newham,215
Camden,130
Wandsworth,500
Haringey,54
Enfield,90
Tower Hamlets,75
Kensington and Chelsea,282
Lambeth,231
Barnet,270
Hackney,185
Westminster,772
Haringey,197
Tower Hamlets,124
Hammersmith and Fulham,100
Hackney,76
Southwark,133
Hackney,167
Southwark,225
Westminster,215
Westminster,665
Wandsworth,176
Southwark,200
Barnet,45
Hounslow,34
Westminster,129
Westminster,574
Islington,91
Brent,151
Wandsworth,65
Camden,76
Lambeth,167
Richmond upon Thames,102
Lambeth,313
Westminster,392
Westminster,318
Westminster,175
Croydon,53
Newham,234
Brent,54
Hounslow,340
Camden,82
Redbridge,300
Camden,82
Southwark,150
Westminster,226
Westminster,87
Camden,145
Westminster,196
Islington,154
Westminster,81
Barking and Dagenham,198
Waltham Forest,190
Westminster,95
Lambeth,86
Westminster,203
Hackney,158
Barnet,133
Westminster,203
Hackney,142
Barnet,180
Lambeth,45
Merton,696
Lewisham,173
Enfield,255
Hammersmith and Fulham,87
Hammersmith and Fulham,84
Brent,225
Haringey,150
Westminster,351
Ealing,57
Haringey,351
Lambeth,131
Camden,60
Islington,114
Camden,69
Wandsworth,81
Kensington and Chelsea,209
Wandsworth,250
Westminster,189
Enfield,24
Haringey,89
Barking and Dagenham,55
Ealing,82
Ealing,91
Brent,229
Bexley,571
Wandsworth,45
Wandsworth,41
Wandsworth,33
Lambeth,40
Barnet,225
Waltham Forest,150
Waltham Forest,56
Greenwich,91
Camden,267
Newham,25
Camden,250
Westminster,476
Haringey,45
Greenwich,181
Kensington and Chelsea,414
Kensington and Chelsea,202
Tower Hamlets,127
Kensington and Chelsea,246
Kensington and Chelsea,185
Hounslow,54
Hammersmith and Fulham,32
Wandsworth,111
Tower Hamlets,142
Westminster,248
Kensington and Chelsea,233
Westminster,210
Kensington and Chelsea,392
Kensington and Chelsea,277
Hackney,490
Tower Hamlets,261
Greenwich,50
Kensington and Chelsea,306
Camden,167
Barnet,238
Lewisham,61
Hillingdon,48
Camden,360
Islington,89
Islington,79
Barnet,174
Camden,514
Tower Hamlets,53
Wandsworth,316
Kensington and Chelsea,110
Brent,293
Tower Hamlets,60
Southwark,126
Westminster,633
Greenwich,208
Southwark,137
Brent,330
Southwark,212
Hackney,59
Westminster,92
Richmond upon Thames,50
Merton,180
Bromley,66
Westminster,144
Ealing,139
Newham,55
Hackney,94
Ealing,120
Islington,145
Hillingdon,93
Westminster,230
Tower Hamlets,96
Islington,150
Brent,75
Camden,187
Waltham Forest,180
Croydon,30
Haringey,63
Lewisham,72
Lambeth,200
Islington,200
Barnet,40
Tower Hamlets,66
Westminster,755
Tower Hamlets,66
Tower Hamlets,70
Tower Hamlets,75
Merton,89
Wandsworth,135
Enfield,59
Lambeth,192
Croydon,39
Southwark,230
Greenwich,215
Kensington and Chelsea,343
Southwark,155
Waltham Forest,124
Lewisham,40
Lambeth,80
Westminster,543
Enfield,45
Merton,66
Kensington and Chelsea,250
Kensington and Chelsea,500
Southwark,65
Southwark,149
Hackney,144
Richmond upon Thames,285
Bexley,60
Islington,71
Westminster,761
City of London,160
Kensington and Chelsea,494
Enfield,53
Ealing,157
Wandsworth,89
Greenwich,30
Lewisham,168
Islington,54
Newham,181
Kensington and Chelsea,121
Islington,58
Greenwich,169
Wandsworth,85
Lambeth,138
Kensington and Chelsea,203
Hammersmith and Fulham,229
Kingston upon Thames,50
Southwark,70
Kingston upon Thames,41
Kingston upon Thames,35
Hillingdon,111
Kingston upon Thames,44
Richmond upon Thames,62
Greenwich,175
Islington,149
Kensington and Chelsea,134
Enfield,154
Westminster,453
Wandsworth,277
Westminster,399
Westminster,274
Southwark,210
Westminster,499
Westminster,755
Kensington and Chelsea,135
Westminster,269
Newham,51
Hackney,113
Hammersmith and Fulham,327
Hammersmith and Fulham,391
Tower Hamlets,69
Camden,162
Lambeth,227
Tower Hamlets,112
Richmond upon Thames,164
Westminster,220
Barnet,113
Bromley,140
Kensington and Chelsea,110
Southwark,140
Wandsworth,897
Westminster,297
Redbridge,47
Hounslow,168
Hackney,113
Islington,90
Ealing,112
Hounslow,38
Waltham Forest,160
Islington,128
Southwark,494
Camden,200
Croydon,51
Southwark,153
Southwark,68
Westminster,211
Westminster,211
Kensington and Chelsea,60
Tower Hamlets,213
Redbridge,45
Waltham Forest,91
Southwark,124
Lambeth,220
Kensington and Chelsea,220
Barking and Dagenham,180
Kensington and Chelsea,121
Kensington and Chelsea,121
Wandsworth,140
Merton,113
Hammersmith and Fulham,200
Hammersmith and Fulham,176
Hammersmith and Fulham,251
Hammersmith and Fulham,249
Hammersmith and Fulham,251
Kensington and Chelsea,1300
Lambeth,284
Islington,93
Haringey,194
Westminster,262
Bromley,50
Westminster,425
Brent,232
Islington,234
Haringey,81
Hackney,142
Barking and Dagenham,77
Ealing,404
Westminster,291
Lambeth,68
Kingston upon Thames,54
Southwark,116
Hackney,50
Islington,100
Islington,108
Islington,120
Westminster,309
Westminster,194
Greenwich,137
Lambeth,115
Greenwich,176
Westminster,55
Ealing,63
Brent,50
Enfield,86
Merton,359
Kensington and Chelsea,498
Westminster,365
Hammersmith and Fulham,87
Ealing,86
Westminster,153
Hammersmith and Fulham,54
Kensington and Chelsea,171
Wandsworth,129
Enfield,93
Enfield,82
Westminster,478
Westminster,148
Hammersmith and Fulham,162
Westminster,315
Kensington and Chelsea,101
Hammersmith and Fulham,422
Sutton,100
Islington,52
Brent,78
Hammersmith and Fulham,240
Lambeth,297
Westminster,120
Lewisham,207
Islington,72
Barking and Dagenham,30
Kensington and Chelsea,197
Kensington and Chelsea,192
Barking and Dagenham,113
Wandsworth,599
Westminster,108
City of London,248
Westminster,112
Hackney,391
Wandsworth,338
Brent,37
Westminster,133
Westminster,265
Hackney,106
Haringey,214
Lewisham,125
Barnet,134
Lewisham,88
Barnet,115
Enfield,135
Hackney,76
Wandsworth,100
Westminster,206
Tower Hamlets,54
Westminster,495
Wandsworth,80
Ealing,41
Croydon,144
Kensington and Chelsea,176
Brent,294
Newham,134
Enfield,81
Tower Hamlets,199
Camden,146
Hillingdon,106
Brent,900
Lambeth,50
Lewisham,60
Wandsworth,600
Westminster,189
Ealing,179
Hackney,83
Westminster,600
Southwark,257
Camden,180
Westminster,716
Hounslow,112
Bromley,50
Harrow,54
Merton,127
Merton,177
Enfield,255
Haringey,151
Hammersmith and Fulham,110
Westminster,50
Enfield,285
Hammersmith and Fulham,152
Wandsworth,98
Wandsworth,91
Hackney,123
Bromley,65
Haringey,113
Westminster,226
Westminster,150
Tower Hamlets,324
Lambeth,255
Wandsworth,58
Camden,399
Camden,326
Haringey,54
Lewisham,27
Lambeth,39
Islington,124
Hounslow,125
Hammersmith and Fulham,847
Redbridge,44
Hackney,55
Kensington and Chelsea,184
Havering,71
Lambeth,201
Ealing,176
Tower Hamlets,238
Wandsworth,200
Islington,43
Croydon,99
Haringey,85
Westminster,300
Westminster,267
Westminster,158
Ealing,434
Kensington and Chelsea,169
Enfield,42
Southwark,76
Islington,51
Tower Hamlets,114
Southwark,158
Westminster,152
Merton,54
Waltham Forest,180
Westminster,233
Camden,350
Westminster,180
Southwark,68
Bromley,101
Kensington and Chelsea,186
Westminster,447
Islington,44
Southwark,441
Southwark,552
Wandsworth,85
Wandsworth,54
Wandsworth,156
Lewisham,266
Redbridge,49
Westminster,311
Southwark,39
Southwark,41
Lambeth,221
Hillingdon,90
Kensington and Chelsea,350
Camden,108
Westminster,181
Redbridge,44
Camden,108
Islington,110
Lewisham,50
Haringey,48
Bromley,105
Haringey,315
Lambeth,112
Croydon,50
Redbridge,114
Hounslow,51
Hounslow,37
Westminster,828
Kensington and Chelsea,90
Brent,118
Greenwich,150
Havering,106
Islington,37
Kensington and Chelsea,625
Barking and Dagenham,43
Barnet,368
Lewisham,36
Ealing,201
Tower Hamlets,234
Tower Hamlets,54
Southwark,360
Kensington and Chelsea,795
Westminster,174
Hammersmith and Fulham,94
Islington,138
Hammersmith and Fulham,87
Hammersmith and Fulham,108
Richmond upon Thames,349
Wandsworth,130
Camden,190
Westminster,500
Camden,76
Kensington and Chelsea,164
Camden,114
Hammersmith and Fulham,93
Hammersmith and Fulham,93
Hammersmith and Fulham,93
Southwark,40
Southwark,37
Waltham Forest,124
Hackney,70
Brent,472
Lewisham,142
Croydon,63
Kensington and Chelsea,350
Westminster,91
Hackney,126
Wandsworth,100
Westminster,300
Merton,94
Hammersmith and Fulham,108
Hammersmith and Fulham,91
Hammersmith and Fulham,94
Hammersmith and Fulham,87
Wandsworth,220
Hammersmith and Fulham,93
Hammersmith and Fulham,93
Greenwich,3388
Westminster,180
Southwark,52
Croydon,110
Brent,40
Lewisham,124
Newham,238
Tower Hamlets,62
Ealing,183
Hounslow,141
Hounslow,108
Wandsworth,365
Tower Hamlets,457
Camden,100
Westminster,342
Westminster,577
Southwark,584
Barnet,275
Wandsworth,51
Hackney,155
Camden,190
Wandsworth,143
Westminster,219
Southwark,43
Brent,85
Newham,251
Hackney,49
Brent,80
Brent,76
Hammersmith and Fulham,2700
Camden,45
Tower Hamlets,45
Southwark,63
Barnet,84
Lewisham,41
Wandsworth,175
Islington,221
Wandsworth,120
Westminster,175
Ealing,85
Newham,72
Westminster,328
Hounslow,96
Lewisham,225
Kensington and Chelsea,1100
Lewisham,121
Ealing,123
Redbridge,43
Wandsworth,450
Westminster,250
Camden,135
Tower Hamlets,161
Westminster,270
Redbridge,55
Kensington and Chelsea,239
Islington,366
Hounslow,250
Southwark,55
Tower Hamlets,170
Harrow,104
Camden,179
Tower Hamlets,113
Westminster,97
Southwark,135
Brent,80
Ealing,90
Camden,259
Barnet,88
Hackney,62
Wandsworth,214
Westminster,800
Hackney,53
Hammersmith and Fulham,146
Ealing,95
Newham,133
Redbridge,54
City of London,318
Wandsworth,209
Richmond upon Thames,143
Enfield,104
Southwark,324
Wandsworth,230
Bromley,250
Kensington and Chelsea,810
Wandsworth,300
Enfield,110
Kensington and Chelsea,339
Merton,76
Hillingdon,205
Croydon,48
Camden,76
Bromley,48
Redbridge,105
Waltham Forest,74
Westminster,532
Tower Hamlets,38
Southwark,85
Tower Hamlets,38
Westminster,95
Haringey,80
Wandsworth,523
Wandsworth,230
Ealing,39
Camden,40
Merton,245
Westminster,366
Islington,60
Islington,288
Kensington and Chelsea,375
Lewisham,270
Merton,68
Haringey,149
Barnet,114
Wandsworth,306
Islington,88
Bromley,158
Wandsworth,147
Newham,334
Ealing,51
Waltham Forest,333
Waltham Forest,48
Hackney,54
Croydon,144
Bromley,40
Lambeth,165
Sutton,56
Brent,99
Waltham Forest,38
Waltham Forest,85
Richmond upon Thames,138
Kingston upon Thames,365
Tower Hamlets,50
Brent,89
Ealing,78
Camden,177
Islington,394
Hammersmith and Fulham,120
Ealing,112
Newham,50
Wandsworth,183
Havering,353
Islington,54
Southwark,70
Wandsworth,83
Newham,361
Islington,53
Islington,51
Islington,51
Waltham Forest,77
Westminster,596
Redbridge,138
Islington,54
Islington,56
Hammersmith and Fulham,162
Tower Hamlets,63
Hammersmith and Fulham,1000
Kingston upon Thames,57
Lewisham,124
Wandsworth,171
Haringey,139
Haringey,114
Southwark,179
Westminster,144
Southwark,69
Wandsworth,387
Tower Hamlets,186
Camden,205
Newham,289
Wandsworth,77
Harrow,111
Westminster,318
Westminster,250
Wandsworth,55
Merton,220
Merton,115
Merton,165
Islington,125
Brent,41
Lambeth,240
Lewisham,60
Westminster,539
Southwark,140
Haringey,36
Hackney,423
Lambeth,64
Croydon,38
Islington,148
Kensington and Chelsea,187
Southwark,264
Camden,146
Southwark,203
Hackney,108
Hammersmith and Fulham,130
Tower Hamlets,100
Kensington and Chelsea,252
Hammersmith and Fulham,314
Haringey,161
Camden,225
Kensington and Chelsea,172
Kensington and Chelsea,165
Brent,74
Tower Hamlets,159
Lewisham,48
Camden,102
Barnet,65
Waltham Forest,46
Hounslow,48
Wandsworth,132
Camden,188
Tower Hamlets,102
Kensington and Chelsea,263
Kensington and Chelsea,418
Wandsworth,231
Westminster,507
Lewisham,130
Westminster,713
Camden,48
Westminster,265
Westminster,692
Hammersmith and Fulham,1000
Tower Hamlets,58
Tower Hamlets,49
Merton,280
Barnet,50
Wandsworth,203
Ealing,180
Westminster,321
Richmond upon Thames,283
Tower Hamlets,75
Haringey,143
Tower Hamlets,65
Hackney,58
Richmond upon Thames,60
Kensington and Chelsea,220
Waltham Forest,43
Sutton,105
City of London,256
Lambeth,101
Westminster,1059
Enfield,128
Islington,150
Westminster,320
Camden,85
Wandsworth,113
Lambeth,84
Kingston upon Thames,48
Islington,108
Kensington and Chelsea,154
Westminster,281
Haringey,4750
Hounslow,131
Tower Hamlets,414
Tower Hamlets,54
Brent,154
Kensington and Chelsea,117
Brent,122
Kensington and Chelsea,145
Tower Hamlets,48
Newham,1462
Lambeth,51
Richmond upon Thames,117
Enfield,34
Hillingdon,57
Lambeth,104
Brent,172
Croydon,37
Hammersmith and Fulham,286
Southwark,49
Richmond upon Thames,300
Kingston upon Thames,175
Richmond upon Thames,153
Hammersmith and Fulham,198
Wandsworth,340
Hammersmith and Fulham,75
Lambeth,117
Hammersmith and Fulham,120
Islington,190
Hammersmith and Fulham,123
Hammersmith and Fulham,123
Kensington and Chelsea,300
Westminster,713
Westminster,1173
Lewisham,68
Newham,68
Lewisham,53
Tower Hamlets,85
Westminster,125
Tower Hamlets,189
Tower Hamlets,55
Hammersmith and Fulham,204
Southwark,150
Hackney,116
Redbridge,105
Ealing,136
Kensington and Chelsea,125
Southwark,60
Tower Hamlets,55
Wandsworth,44
Newham,126
Hackney,189
Croydon,57
Kensington and Chelsea,508
Lewisham,58
Hammersmith and Fulham,193
Haringey,173
Newham,90
Brent,40
Kensington and Chelsea,154
Islington,78
Tower Hamlets,186
Waltham Forest,90
Barnet,135
Newham,181
Camden,253
Kensington and Chelsea,2000
Hackney,100
Barnet,156
Wandsworth,50
Ealing,78
Wandsworth,145
Lambeth,117
Lewisham,146
Hounslow,62
Southwark,62
Greenwich,113
Tower Hamlets,122
Kensington and Chelsea,135
Richmond upon Thames,132
Haringey,97
Islington,85
Brent,55
Newham,320
Tower Hamlets,212
Westminster,661
Merton,231
Wandsworth,451
Wandsworth,116
Richmond upon Thames,180
Kensington and Chelsea,445
Tower Hamlets,235
Westminster,180
Barnet,148
Brent,106
Kensington and Chelsea,319
Redbridge,196
Tower Hamlets,219
Haringey,152
Hackney,87
Redbridge,101
Islington,238
Croydon,43
Wandsworth,90
Sutton,87
Westminster,93
Westminster,79
Westminster,69
Croydon,74
Westminster,317
Kensington and Chelsea,76
Hammersmith and Fulham,148
Kensington and Chelsea,59
Kensington and Chelsea,93
Hackney,132
Wandsworth,120
Waltham Forest,46
Wandsworth,281
Islington,370
Redbridge,83
Westminster,453
Ealing,146
Bromley,171
Lambeth,360
Barnet,150
Tower Hamlets,329
Greenwich,109
Lambeth,43
Ealing,105
Westminster,138
Wandsworth,167
Lambeth,63
Southwark,180
Westminster,177
Barnet,64
Lambeth,140
Wandsworth,83
Ealing,79
Southwark,180
Southwark,68
Ealing,79
Barking and Dagenham,50
Islington,237
Ealing,250
Wandsworth,120
Southwark,189
Brent,52
Westminster,239
Lambeth,59
Merton,113
Barnet,175
Haringey,130
Tower Hamlets,60
Lambeth,50
Lewisham,234
Wandsworth,186
Wandsworth,129
Greenwich,59
Hackney,150
Wandsworth,225
Westminster,478
Kingston upon Thames,100
Kingston upon Thames,115
Wandsworth,140
Harrow,240
Bromley,59
Camden,618
Wandsworth,75
Wandsworth,346
Kingston upon Thames,180
Lambeth,186
Barnet,38
Southwark,184
Lewisham,63
Merton,122
Tower Hamlets,216
Hackney,94
Wandsworth,225
Camden,198
Kingston upon Thames,100
Hammersmith and Fulham,329
Ealing,128
Kensington and Chelsea,963
Lambeth,43
Tower Hamlets,180
Kensington and Chelsea,476
Barnet,86
Westminster,362
Kingston upon Thames,100
Kensington and Chelsea,268
Westminster,368
Barnet,60
Greenwich,129
Camden,122
Lewisham,33
Kensington and Chelsea,161
Westminster,468
Lambeth,52
Hammersmith and Fulham,78
Camden,91
Southwark,79
Kensington and Chelsea,116
Redbridge,57
Redbridge,57
Hackney,187
Redbridge,68
Redbridge,47
Westminster,218
Croydon,68
Barnet,178
Barking and Dagenham,110
Wandsworth,150
Barking and Dagenham,495
Kensington and Chelsea,288
Westminster,165
Hounslow,64
Kensington and Chelsea,99
Redbridge,76
Tower Hamlets,52
Hammersmith and Fulham,41
Sutton,107
Hackney,380
Southwark,372
Enfield,251
Hackney,54
Lewisham,238
Westminster,151
Newham,109
Tower Hamlets,107
Tower Hamlets,73
Southwark,106
Kensington and Chelsea,270
Islington,203
Lewisham,196
Hounslow,84
Tower Hamlets,240
Redbridge,69
Tower Hamlets,90
Tower Hamlets,50
Lambeth,61
Haringey,98
Southwark,180
Redbridge,288
Hackney,298
Wandsworth,110
Tower Hamlets,75
Waltham Forest,61
Islington,88
Brent,189
Newham,263
Tower Hamlets,129
Lambeth,113
Barnet,105
Wandsworth,85
Westminster,121
Redbridge,50
Southwark,265
Bexley,32
Kensington and Chelsea,60
Camden,184
Wandsworth,88
Croydon,76
Westminster,286
Southwark,92
Waltham Forest,85
Lewisham,40
Haringey,48
Newham,163
Haringey,227
Hammersmith and Fulham,122
Westminster,250
Barnet,58
Kensington and Chelsea,361
Redbridge,45
Brent,378
Hackney,158
Westminster,112
Newham,112
Lewisham,47
Wandsworth,349
Newham,39
Westminster,189
Kensington and Chelsea,151
Camden,286
Westminster,190
Kensington and Chelsea,120
Haringey,114
Kensington and Chelsea,96
Barnet,99
Merton,44
Westminster,715
Ealing,109
Camden,98
Lewisham,41
Hackney,113
Lewisham,55
Waltham Forest,217
Southwark,114
Westminster,190
Newham,36
Westminster,122
Kensington and Chelsea,149
Hammersmith and Fulham,113
Hackney,125
Haringey,225
Tower Hamlets,119
Wandsworth,68
Kingston upon Thames,100
Kensington and Chelsea,410
Westminster,155
Lewisham,146
Southwark,211
Newham,53
Brent,103
Wandsworth,35
Haringey,144
Camden,447
Bexley,123
Sutton,270
Hackney,99
Havering,45
Lambeth,180
Tower Hamlets,266
Southwark,136
Southwark,213
Westminster,441
Richmond upon Thames,363
Kensington and Chelsea,139
Brent,204
Barnet,73
Hounslow,205
Lambeth,63
Ealing,92
Tower Hamlets,108
Kingston upon Thames,180
Southwark,151
Hackney,286
Tower Hamlets,184
Hackney,96
Sutton,77
Harrow,80
Waltham Forest,97
Islington,170
Westminster,395
Wandsworth,82
Brent,101
Wandsworth,160
Bromley,125
Newham,120
Bexley,118
Tower Hamlets,39
Greenwich,180
Tower Hamlets,165
Westminster,294
Kensington and Chelsea,86
Westminster,270
Lewisham,153
Southwark,539
Hillingdon,58
Lambeth,188
Islington,110
Kingston upon Thames,59
Southwark,225
Southwark,115
Westminster,137
Kingston upon Thames,298
Tower Hamlets,223
Haringey,104
Westminster,195
Westminster,154
Westminster,231
Westminster,201
Camden,159
Islington,62
Westminster,166
Southwark,85
Enfield,103
Kingston upon Thames,74
Lewisham,55
Ealing,25
Hammersmith and Fulham,250
Ealing,44
Islington,67
Lewisham,31
Kensington and Chelsea,523
Brent,120
Camden,237
Camden,205
Lambeth,80
Camden,180
Southwark,266
Wandsworth,198
Camden,238
Kingston upon Thames,85
Lambeth,76
Camden,95
Lewisham,138
Tower Hamlets,97
Tower Hamlets,127
Newham,64
Westminster,500
Tower Hamlets,75
Tower Hamlets,72
Wandsworth,749
Bromley,240
Ealing,70
Lambeth,98
Haringey,108
Haringey,141
Hammersmith and Fulham,89
Southwark,197
Bromley,55
Camden,345
Bromley,40
Lambeth,45
Greenwich,63
Kensington and Chelsea,80
Westminster,220
Harrow,217
Lewisham,98
Lambeth,80
Islington,53
Westminster,251
Merton,163
Lewisham,112
Southwark,135
Islington,152
Richmond upon Thames,52
Harrow,62
Islington,180
Westminster,345
Croydon,135
Hounslow,227
Kensington and Chelsea,209
Westminster,234
Kensington and Chelsea,558
Camden,79
Barnet,64
Westminster,129
Kensington and Chelsea,220
Hillingdon,55
Southwark,146
Barnet,159
Hillingdon,66
Wandsworth,65
Hounslow,56
Newham,67
Sutton,115
Hammersmith and Fulham,131
Lambeth,302
Lambeth,324
Brent,110
Haringey,38
Westminster,300
Lewisham,446
Tower Hamlets,74
Bromley,230
Greenwich,87
Hackney,324
Merton,500
Kensington and Chelsea,103
Brent,110
Hackney,89
Camden,109
Lewisham,65
Islington,225
Camden,112
Greenwich,48
Newham,104
Camden,168
Camden,222
Hackney,50
Hammersmith and Fulham,225
Kensington and Chelsea,280
Lambeth,249
Islington,244
Greenwich,124
Westminster,291
Lewisham,370
Haringey,251
Kingston upon Thames,117
Havering,140
Waltham Forest,243
Newham,47
Hammersmith and Fulham,119
Barnet,100
Hammersmith and Fulham,57
Barking and Dagenham,86
Westminster,228
Lambeth,145
Newham,78
Wandsworth,72
Harrow,48
Barking and Dagenham,210
Hackney,111
Wandsworth,99
Wandsworth,73
Wandsworth,128
Camden,167
Haringey,100
Camden,140
Islington,259
Lewisham,35
Lewisham,57
Waltham Forest,33
Redbridge,45
Westminster,285
Barnet,84
Ealing,113
Hammersmith and Fulham,115
Ealing,46
Tower Hamlets,42
Hackney,183
Hackney,238
Hammersmith and Fulham,466
Lewisham,28
Barking and Dagenham,47
Westminster,122
Wandsworth,650
Croydon,113
Havering,120
Hackney,115
Lambeth,157
Barking and Dagenham,148
Westminster,843
Brent,90
Hammersmith and Fulham,143
Hackney,57
Wandsworth,300
Tower Hamlets,94
Westminster,196
Wandsworth,557
Waltham Forest,116
Ealing,77
Hackney,79
Tower Hamlets,220
Islington,260
Westminster,248
Westminster,225
Southwark,120
Westminster,166
Westminster,232
Westminster,225
Westminster,197
Westminster,843
Ealing,135
Hammersmith and Fulham,270
Westminster,176
Westminster,420
Lewisham,100
Hackney,157
Greenwich,70
Ealing,115
Newham,225
Southwark,167
Lewisham,90
Wandsworth,88
Hackney,235
Brent,38
Camden,171
Waltham Forest,135
Westminster,350
Bromley,41
Westminster,239
Kensington and Chelsea,245
Enfield,72
Kensington and Chelsea,125
Westminster,431
Hammersmith and Fulham,69
Hillingdon,64
Tower Hamlets,120
Lambeth,69
Lambeth,6900
Richmond upon Thames,90
Camden,92
Lewisham,90
Kensington and Chelsea,200
Kensington and Chelsea,200
Barnet,46
Redbridge,40
Islington,73
Southwark,52
Sutton,120
Camden,4750
Wandsworth,272
Ealing,119
Redbridge,236
Westminster,171
Barnet,63
Westminster,305
Sutton,35
Barnet,360
Tower Hamlets,110
Redbridge,235
Hackney,87
Westminster,270
Westminster,373
City of London,216
Enfield,186
Westminster,293
Hackney,100
Islington,111
Kensington and Chelsea,120
Barnet,115
Westminster,349
Haringey,64
Bromley,48
Kensington and Chelsea,250
Brent,60
Wandsworth,59
Southwark,237
Southwark,72
Hackney,102
Richmond upon Thames,79
Hackney,187
Southwark,59
Kensington and Chelsea,86
Kensington and Chelsea,145
Kensington and Chelsea,84
Kensington and Chelsea,157
Kensington and Chelsea,420
Hammersmith and Fulham,60
Brent,84
Westminster,315
Lambeth,86
Kingston upon Thames,45
Ealing,186
Islington,253
Hackney,57
Hammersmith and Fulham,75
Hackney,158
Westminster,125
Newham,81
Kensington and Chelsea,82
Camden,139
Westminster,164
Kingston upon Thames,88
Kensington and Chelsea,409
Waltham Forest,70
Islington,146
Newham,124
Islington,350
Enfield,121
Bromley,140
Waltham Forest,150
Tower Hamlets,266
Westminster,124
Westminster,50
Greenwich,220
Islington,250
Merton,302
Camden,190
Southwark,169
Kensington and Chelsea,125
Kensington and Chelsea,100
Tower Hamlets,63
Brent,80
Barnet,126
Southwark,254
Kensington and Chelsea,280
Kensington and Chelsea,171
Sutton,72
Tower Hamlets,55
Greenwich,123
Lambeth,256
Islington,306
Hammersmith and Fulham,107
Wandsworth,105
Hammersmith and Fulham,128
Ealing,209
Hammersmith and Fulham,110
Hammersmith and Fulham,130
Ealing,137
Kensington and Chelsea,343
Camden,180
Hammersmith and Fulham,101
Redbridge,78
Southwark,255
Westminster,119
Westminster,184
Westminster,114
Wandsworth,164
Kensington and Chelsea,178
Lewisham,58
Ealing,75
Lewisham,284
Barnet,114
Haringey,129
Barnet,114
Hammersmith and Fulham,109
Kensington and Chelsea,186
Kensington and Chelsea,407
Camden,80
Tower Hamlets,195
Hammersmith and Fulham,98
Kingston upon Thames,157
Lambeth,48
Islington,80
Bromley,41
Redbridge,60
Barnet,49
Ealing,130
Islington,229
Lewisham,193
Tower Hamlets,483
Tower Hamlets,149
Westminster,138
Hackney,181
Kingston upon Thames,225
Waltham Forest,56
Kensington and Chelsea,601
Islington,299
Lambeth,200
Wandsworth,102
Camden,164
Richmond upon Thames,116
Enfield,200
Barnet,179
Waltham Forest,135
Croydon,50
Westminster,431
Westminster,438
Westminster,144
Hammersmith and Fulham,300
Haringey,84
Tower Hamlets,117
Tower Hamlets,553
Barnet,111
Enfield,32
Lambeth,88
Tower Hamlets,94
Kensington and Chelsea,270
Tower Hamlets,800
Bromley,364
Westminster,187
Camden,85
Kensington and Chelsea,126
Islington,150
Westminster,217
Enfield,1140
Camden,49
Brent,44
Camden,47
Wandsworth,185
Kingston upon Thames,326
Wandsworth,113
Lewisham,88
Tower Hamlets,204
Ealing,80
Richmond upon Thames,110
Lambeth,205
Newham,179
Lambeth,238
Hackney,99
Hackney,226
Lewisham,108
Brent,322
Westminster,179
Islington,152
Waltham Forest,119
Hounslow,199
Redbridge,32
Harrow,122
Greenwich,53
Hounslow,150
Westminster,82
Wandsworth,69
Wandsworth,104
Tower Hamlets,103
Tower Hamlets,50
Tower Hamlets,158
Kensington and Chelsea,116
Kensington and Chelsea,93
Kensington and Chelsea,426
Kensington and Chelsea,204
Camden,303
Kensington and Chelsea,118
Westminster,277
Brent,85
Camden,227
Brent,63
Brent,108
Greenwich,53
Westminster,125
Greenwich,80
Westminster,179
Tower Hamlets,197
Tower Hamlets,126
Newham,116
Westminster,292
Kingston upon Thames,114
Richmond upon Thames,58
Richmond upon Thames,90
Newham,50
Tower Hamlets,81
Greenwich,65
Hounslow,82
Lewisham,88
Southwark,72
Merton,121
Camden,155
Haringey,116
Croydon,48
Camden,115
Tower Hamlets,40
Wandsworth,75
Tower Hamlets,47
Ealing,34
Southwark,370
Westminster,29
Barnet,133
Bromley,32
Westminster,33
Hillingdon,125
Tower Hamlets,102
Westminster,154
Merton,72
Waltham Forest,65
Tower Hamlets,188
Hackney,320
Hackney,310
Southwark,122
Ealing,43
Lambeth,208
Islington,309
Westminster,36
Westminster,41
Bexley,38
Tower Hamlets,256
Westminster,150
Tower Hamlets,147
Tower Hamlets,78
Bromley,186
Ealing,281
Barking and Dagenham,49
Croydon,114
Barnet,156
Tower Hamlets,170
Hackney,133
Westminster,248
Brent,231
Kensington and Chelsea,104
Hackney,119
Haringey,40
Barnet,128
Waltham Forest,57
Hackney,92
Kensington and Chelsea,313
Brent,175
Kensington and Chelsea,261
Waltham Forest,80
Southwark,238
Lambeth,62
Westminster,251
Waltham Forest,111
Camden,169
Bromley,42
Hammersmith and Fulham,80
Ealing,63
Southwark,180
Wandsworth,52
Southwark,74
Islington,267
Ealing,55
Kensington and Chelsea,153
Kensington and Chelsea,163
Hammersmith and Fulham,264
Hammersmith and Fulham,169
Westminster,450
Enfield,184
Westminster,563
Lewisham,45
Barnet,80
Camden,237
Barnet,102
Camden,405
Kensington and Chelsea,474
Brent,36
Ealing,43
Tower Hamlets,48
Haringey,183
Ealing,40
Greenwich,36
Brent,38
Ealing,33
Ealing,61
Westminster,76
Ealing,52
Westminster,200
Westminster,205
Kensington and Chelsea,259
Ealing,44
Southwark,70
Westminster,272
Ealing,30
Southwark,72
Ealing,33
Southwark,68
Camden,119
Westminster,41
Westminster,100
Islington,172
City of London,150
Hackney,187
Newham,119
Greenwich,86
Hackney,73
Westminster,99
Enfield,29
Westminster,29
Westminster,32
Westminster,33
Kensington and Chelsea,251
Camden,317
Westminster,27
Tower Hamlets,203
Brent,75
Westminster,248
Southwark,70
Southwark,150
Westminster,120
Tower Hamlets,308
Hammersmith and Fulham,54
Wandsworth,135
Bexley,60
Camden,95
Kensington and Chelsea,153
Hackney,55
Merton,252
Newham,217
Lambeth,41
Tower Hamlets,405
Hammersmith and Fulham,84
Camden,41
Waltham Forest,298
Hammersmith and Fulham,104
Hammersmith and Fulham,94
Hammersmith and Fulham,105
Tower Hamlets,194
Lambeth,279
Wandsworth,12000
Enfield,87
Westminster,129
Haringey,55
Croydon,90
Southwark,56
Lambeth,68
Westminster,175
Hammersmith and Fulham,178
Wandsworth,181
Southwark,187
City of London,223
Ealing,136
Haringey,108
Westminster,33
Tower Hamlets,178
Bromley,110
Wandsworth,252
Hammersmith and Fulham,84
Islington,157
Hammersmith and Fulham,90
Camden,255
Kensington and Chelsea,425
Lewisham,60
Islington,1678
Redbridge,40
Brent,90
Kensington and Chelsea,655
Wandsworth,225
Hillingdon,57
Wandsworth,245
Camden,146
Westminster,290
Westminster,252
Westminster,288
Lambeth,72
Westminster,215
Ealing,53
Ealing,36
Ealing,28
Lewisham,81
Westminster,32
Southwark,240
Tower Hamlets,144
Westminster,225
Camden,95
Tower Hamlets,154
Southwark,68
Haringey,221
Croydon,71
Westminster,187
Croydon,68
Islington,256
Westminster,606
Brent,126
Ealing,85
Camden,509
Brent,167
Islington,183
Barnet,209
Croydon,72
Hounslow,48
Camden,315
Tower Hamlets,171
Ealing,139
Merton,75
Kensington and Chelsea,219
Redbridge,375
Islington,70
Ealing,333
Barnet,131
Waltham Forest,128
Lambeth,61
Lewisham,45
Kensington and Chelsea,295
Tower Hamlets,158
Islington,68
Lambeth,302
Hackney,188
Wandsworth,80
Westminster,446
Croydon,36
Southwark,68
Southwark,69
Hammersmith and Fulham,295
Southwark,415
Kensington and Chelsea,475
Southwark,70
Redbridge,110
Ealing,87
Kensington and Chelsea,125
Ealing,73
Tower Hamlets,50
Croydon,56
Tower Hamlets,47
Croydon,154
Lewisham,117
Kensington and Chelsea,490
Haringey,38
Lambeth,152
Haringey,217
Haringey,126
Haringey,57
Haringey,40
Haringey,58
Hillingdon,60
Tower Hamlets,300
Bromley,45
Kensington and Chelsea,134
Wandsworth,38
Kingston upon Thames,251
Haringey,70
Enfield,182
Barnet,241
Hackney,41
Hackney,126
Hammersmith and Fulham,104
Westminster,76
Barking and Dagenham,43
Newham,136
Lambeth,45
Barnet,89
Newham,120
Brent,42
Tower Hamlets,140
Camden,155
Hackney,186
Hillingdon,39
Hammersmith and Fulham,659
Hammersmith and Fulham,235
Camden,266
Greenwich,84
Hackney,61
Hackney,119
Westminster,583
Hackney,194
Croydon,49
Tower Hamlets,179
Westminster,204
Hackney,99
Brent,180
Islington,54
Southwark,399
Waltham Forest,198
Southwark,90
Ealing,107
Kensington and Chelsea,1046
Kensington and Chelsea,171
Westminster,397
Westminster,135
Kensington and Chelsea,190
Kensington and Chelsea,151
Wandsworth,117
Kensington and Chelsea,166
Newham,74
Westminster,206
Hackney,185
Waltham Forest,58
Westminster,84
Westminster,1238
Westminster,294
Lewisham,53
Haringey,419
Tower Hamlets,139
Southwark,293
Southwark,266
Redbridge,40
Hackney,178
Sutton,104
Tower Hamlets,134
Wandsworth,54
Kingston upon Thames,175
Kingston upon Thames,113
Brent,192
Harrow,145
Hillingdon,135
Kensington and Chelsea,110
Enfield,46
Wandsworth,360
Tower Hamlets,75
Ealing,260
Ealing,197
Haringey,198
Brent,167
Hackney,76
Hackney,137
Camden,189
Merton,132
Wandsworth,162
Lewisham,248
Southwark,116
Newham,259
Southwark,250
Tower Hamlets,170
Kensington and Chelsea,523
Islington,99
Tower Hamlets,279
Islington,337
Southwark,380
Hammersmith and Fulham,65
Westminster,576
Westminster,497
Hammersmith and Fulham,217
Hammersmith and Fulham,92
Haringey,419
Hammersmith and Fulham,121
Westminster,264
Hillingdon,88
Camden,113
Islington,419
Haringey,414
Haringey,414
Hammersmith and Fulham,123
Kensington and Chelsea,155
Hammersmith and Fulham,145
Hackney,102
Richmond upon Thames,86
Redbridge,98
Islington,62
Hounslow,225
Wandsworth,90
Ealing,90
Hammersmith and Fulham,208
Brent,252
Lambeth,144
Bromley,143
Kensington and Chelsea,142
Newham,139
Brent,214
Barnet,103
Tower Hamlets,119
Tower Hamlets,268
Tower Hamlets,60
Richmond upon Thames,174
Hammersmith and Fulham,58
Lambeth,119
Westminster,349
Bromley,41
Hackney,280
Ealing,315
Tower Hamlets,4750
Lambeth,150
Lambeth,80
Hammersmith and Fulham,333
Kensington and Chelsea,242
Westminster,141
Haringey,61
Islington,105
Wandsworth,288
Southwark,147
Richmond upon Thames,225
Greenwich,56
Hammersmith and Fulham,431
Hackney,101
Kensington and Chelsea,447
Newham,70
Kensington and Chelsea,480
Havering,50
Ealing,60
Lambeth,135
Kensington and Chelsea,208
Hammersmith and Fulham,99
Haringey,83
Haringey,218
Islington,143
Tower Hamlets,174
Greenwich,35
Haringey,284
Lewisham,90
Lambeth,88
Brent,178
Lewisham,47
Tower Hamlets,122
Greenwich,200
Hammersmith and Fulham,63
Camden,440
Hammersmith and Fulham,363
Enfield,141
Hackney,181
Ealing,84
Kensington and Chelsea,550
Ealing,75
Lambeth,220
Lewisham,31
Islington,151
Kensington and Chelsea,63
Lambeth,181
Lewisham,75
Westminster,350
Camden,380
Southwark,160
Ealing,206
Havering,90
Richmond upon Thames,234
Havering,84
Lambeth,95
Westminster,204
Islington,200
Haringey,100
Brent,546
Southwark,138
Haringey,71
Newham,131
Tower Hamlets,41
Tower Hamlets,116
Brent,74
Westminster,135
Hackney,96
Westminster,324
Wandsworth,91
Bromley,126
Kensington and Chelsea,193
Kensington and Chelsea,480
Hackney,400
Croydon,114
Hounslow,59
Hammersmith and Fulham,112
Kensington and Chelsea,247
Greenwich,123
Kensington and Chelsea,480
Kensington and Chelsea,552
Waltham Forest,98
Southwark,92
Barnet,595
Southwark,228
Islington,114
Brent,142
Haringey,130
Greenwich,55
Enfield,173
Hammersmith and Fulham,145
Islington,155
Kensington and Chelsea,556
Camden,603
Hounslow,140
Hounslow,90
Tower Hamlets,60
Kensington and Chelsea,300
Barnet,60
Kensington and Chelsea,266
Lambeth,56
Croydon,103
Kensington and Chelsea,410
Greenwich,170
Barnet,102
Hackney,86
Brent,144
Westminster,239
Hammersmith and Fulham,110
Wandsworth,880
Islington,60
Lambeth,162
Merton,56
Newham,152
Barnet,47
Haringey,84
Westminster,500
Lambeth,101
Haringey,65
Ealing,30
Newham,41
Tower Hamlets,200
Ealing,28
Newham,55
Ealing,29
Tower Hamlets,102
Lambeth,62
Southwark,108
Redbridge,106
Westminster,232
Camden,500
Bexley,72
Bexley,76
Islington,76
Lambeth,80
Camden,143
Tower Hamlets,799
Islington,70
Lewisham,195
Ealing,101
Ealing,122
Islington,64
Hillingdon,92
Camden,208
Kensington and Chelsea,540
Westminster,167
Brent,180
Hackney,219
Westminster,137
Hammersmith and Fulham,143
Westminster,156
Westminster,194
Lewisham,90
Westminster,472
Greenwich,135
Enfield,48
Southwark,81
Brent,100
Kensington and Chelsea,321
Brent,95
Lewisham,62
Kensington and Chelsea,252
Islington,173
Tower Hamlets,444
Brent,180
Hackney,117
Brent,110
Southwark,58
Westminster,138
Hackney,190
Merton,162
Westminster,136
Waltham Forest,88
Brent,207
Hammersmith and Fulham,356
Enfield,49
Richmond upon Thames,90
Richmond upon Thames,36
Greenwich,83
Westminster,251
Newham,131
Croydon,74
Hammersmith and Fulham,210
Waltham Forest,65
Waltham Forest,49
Waltham Forest,64
Waltham Forest,67
Waltham Forest,72
Waltham Forest,162
Tower Hamlets,158
Hammersmith and Fulham,272
Kensington and Chelsea,117
Kensington and Chelsea,169
Hammersmith and Fulham,367
Lambeth,135
Brent,156
Waltham Forest,94
Waltham Forest,90
Southwark,45
Tower Hamlets,2320
Hillingdon,218
Brent,125
Kensington and Chelsea,154
Islington,93
Hackney,315
Lambeth,80
Hounslow,105
Bexley,42
Ealing,80
Barnet,43
Barnet,38
Brent,97
Brent,166
Hammersmith and Fulham,177
Southwark,42
Tower Hamlets,153
Wandsworth,83
Islington,272
Brent,125
Westminster,176
Brent,178
Tower Hamlets,76
Ealing,225
Waltham Forest,184
Lambeth,188
Croydon,268
Hillingdon,103
Camden,251
Barnet,220
Lewisham,53
Westminster,117
Kensington and Chelsea,204
Newham,143
Lambeth,48
Brent,443
Lambeth,72
Newham,120
Wandsworth,110
Lewisham,32
Wandsworth,37
Barnet,108
Hammersmith and Fulham,78
Westminster,115
Lambeth,354
Havering,90
Waltham Forest,315
Waltham Forest,66
Croydon,76
Croydon,76
Croydon,72
Greenwich,157
Haringey,162
Westminster,93
Waltham Forest,47
Kensington and Chelsea,235
Haringey,195
Westminster,156
Southwark,92
Camden,482
Croydon,38
Croydon,40
Croydon,303
Camden,47
Southwark,69
Westminster,275
Hackney,129
Westminster,185
Lambeth,86
Ealing,30
Lewisham,36
Hounslow,136
Islington,145
Kensington and Chelsea,200
Kensington and Chelsea,213
Southwark,86
Islington,248
Barnet,65
Waltham Forest,299
Hammersmith and Fulham,86
Enfield,72
Brent,156
Ealing,93
Southwark,600
Bromley,68
Lewisham,105
Westminster,125
Wandsworth,90
Lewisham,200
Camden,62
Camden,2568
Lambeth,110
Islington,110
Westminster,81
Westminster,77
Kensington and Chelsea,269
Camden,118
Camden,65
Croydon,45
Camden,55
Westminster,462
Harrow,155
Westminster,478
Bexley,64
Lewisham,34
Barnet,155
Greenwich,45
Croydon,78
City of London,61
Greenwich,110
Lambeth,104
Westminster,248
Redbridge,81
Hammersmith and Fulham,226
Haringey,125
Camden,96
Kensington and Chelsea,133
Tower Hamlets,231
Camden,145
Lambeth,76
Kingston upon Thames,50
Lewisham,63
Lambeth,22824
Hounslow,103
Hillingdon,48
Wandsworth,78
Lambeth,100
Camden,244
Havering,117
Brent,34
Tower Hamlets,125
Tower Hamlets,88
Lambeth,63
Westminster,122
Brent,43
Tower Hamlets,140
Ealing,84
Lambeth,65000
Newham,55
Barking and Dagenham,70
Hackney,141
Kensington and Chelsea,200
Barnet,87
Hammersmith and Fulham,104
Westminster,283
Tower Hamlets,278
Islington,123
Westminster,76
Lambeth,99
Brent,53
Wandsworth,68
Redbridge,146
Lambeth,155
Hackney,279
Westminster,1171
Camden,282
Wandsworth,112
Islington,185
Islington,166
Lewisham,87
Richmond upon Thames,40
Islington,306
Westminster,238
Bromley,88
Islington,140
Haringey,53
Kensington and Chelsea,322
Brent,96
Islington,144
Wandsworth,227
Bexley,200
Westminster,207
Barking and Dagenham,113
Hackney,153
Tower Hamlets,323
Westminster,338
Lewisham,119
Islington,146
Waltham Forest,64
Hammersmith and Fulham,104
Kensington and Chelsea,110
Kensington and Chelsea,119
Camden,570
Barking and Dagenham,122
Southwark,508
Barnet,165
Islington,144
Tower Hamlets,39
Ealing,125
Bexley,66
Waltham Forest,135
Westminster,67
Westminster,55
Kingston upon Thames,226
Hillingdon,65
Kingston upon Thames,209
Greenwich,197
Greenwich,158
Westminster,58
Westminster,112
Barking and Dagenham,172
Tower Hamlets,172
Greenwich,308
Croydon,79
Camden,288
Kensington and Chelsea,1115
Camden,271
Kensington and Chelsea,315
Wandsworth,149
Southwark,90
Southwark,87
Hackney,36
Kensington and Chelsea,134
Southwark,105
Lambeth,132
Kensington and Chelsea,144
Newham,38
Lambeth,120
Westminster,114
Hackney,89
Tower Hamlets,67
Westminster,252
Tower Hamlets,54
Southwark,45
Hounslow,198
Havering,36
Croydon,114
Tower Hamlets,228
Kensington and Chelsea,457
Lambeth,133
Bexley,38
Harrow,60
Camden,108
Lambeth,128
Westminster,375
Tower Hamlets,642
Westminster,196
Kensington and Chelsea,180
Wandsworth,67
Wandsworth,112
Lewisham,135
Southwark,102
Newham,29
Lambeth,126
Tower Hamlets,1200
Westminster,122
Southwark,59
Westminster,405
Merton,40
Westminster,178
Tower Hamlets,171
Westminster,214
Westminster,242
Westminster,258
Sutton,9
Westminster,166
Ealing,137
Southwark,140
Westminster,254
Lambeth,124
Kensington and Chelsea,222
Hackney,149
Tower Hamlets,116
Merton,60
Hammersmith and Fulham,50
Camden,439
Kingston upon Thames,74
Kingston upon Thames,238
Hammersmith and Fulham,64
Hammersmith and Fulham,74
Hammersmith and Fulham,165
Westminster,126
Westminster,240
Newham,138
Westminster,125
Westminster,92
Westminster,122
Kensington and Chelsea,237
Wandsworth,80
Islington,230
Camden,136
Westminster,158
Camden,121
Westminster,285
Westminster,219
Westminster,224
Camden,341
Camden,308
Westminster,524
Camden,210
Merton,135
Kingston upon Thames,40
Wandsworth,350
Lambeth,148
Tower Hamlets,252
Westminster,330
Westminster,330
Westminster,632
Hillingdon,52
Newham,159
Islington,83
Greenwich,104
Richmond upon Thames,433
Westminster,128
Westminster,264
Westminster,167
Greenwich,322
Greenwich,298
Southwark,160
Enfield,84
Barnet,240
Haringey,186
Hackney,70
Greenwich,158
Camden,92
Camden,154
Lambeth,77
Wandsworth,73
Westminster,458
Hackney,38
Kingston upon Thames,285
Westminster,255
Westminster,203
Westminster,296
Westminster,288
Southwark,44
Lambeth,68
Westminster,255
Westminster,290
Westminster,325
Westminster,349
Ealing,41
Hammersmith and Fulham,236
Wandsworth,315
Brent,183
Newham,121
Camden,64
Camden,70
Camden,77
Newham,88
Hackney,884
Hammersmith and Fulham,84
Croydon,85
Lewisham,45
Westminster,552
Waltham Forest,121
Wandsworth,291
Islington,135
Islington,118
Brent,197
Richmond upon Thames,424
City of London,154
Westminster,219
Tower Hamlets,209
Barnet,121
Lambeth,80
Westminster,338
Islington,219
Harrow,79
Bromley,59
Barnet,70
Haringey,33
Westminster,489
Westminster,394
Camden,53
Kensington and Chelsea,137
Islington,200
Wandsworth,203
Camden,260
Hammersmith and Fulham,56
Newham,204
Barnet,132
Hackney,249
Southwark,30
Camden,300
Camden,378
Wandsworth,180
Waltham Forest,48
Lewisham,120
Lewisham,50
Camden,79
Croydon,33
Westminster,141
Camden,63
Wandsworth,56
Ealing,63
Redbridge,80
Hammersmith and Fulham,122
Camden,57
Camden,58
Camden,79
Camden,70
Camden,59
Tower Hamlets,53
Westminster,144
Lambeth,138
Hammersmith and Fulham,56
Wandsworth,68
Croydon,45
Hammersmith and Fulham,198
Tower Hamlets,85
Barking and Dagenham,81
Brent,225
Hackney,136
Wandsworth,135
Westminster,230
Haringey,117
Hammersmith and Fulham,54
Southwark,275
Westminster,82
Camden,84
Hammersmith and Fulham,63
Westminster,260
Sutton,33
Tower Hamlets,193
Enfield,75
Lewisham,95
Westminster,86
Hammersmith and Fulham,625
Camden,260
Islington,99
Camden,1210
Lambeth,192
Lambeth,95
Kensington and Chelsea,108
Redbridge,61
Wandsworth,988
Hackney,190
Camden,135
Hackney,115
Southwark,38
Southwark,31
Hackney,96
Southwark,29
Southwark,167
Newham,144
Hammersmith and Fulham,131
Lewisham,43
Lambeth,56
Wandsworth,394
Hackney,238
Westminster,179
Bexley,180
Greenwich,28
Hammersmith and Fulham,198
Westminster,258
Hammersmith and Fulham,86
Lambeth,83
Tower Hamlets,199
Southwark,120
Ealing,66
Brent,540
Islington,166
Hammersmith and Fulham,195
Islington,155
Croydon,55
Richmond upon Thames,792
Ealing,60
Hammersmith and Fulham,407
Barnet,98
Camden,65
Brent,193
Kensington and Chelsea,261
Hounslow,144
Hackney,136
Camden,260
Newham,38
Islington,56
Merton,108
Wandsworth,287
Enfield,61
Westminster,82
Westminster,56
Wandsworth,92
Croydon,37
Tower Hamlets,234
Lewisham,36
Islington,117
Lambeth,63
Kensington and Chelsea,143
Camden,208
Bromley,57
Richmond upon Thames,333
Tower Hamlets,713
Hammersmith and Fulham,264
Brent,166
Wandsworth,201
Southwark,190
Wandsworth,201
Camden,113
Tower Hamlets,249
Bexley,106
Hammersmith and Fulham,264
Islington,302
Tower Hamlets,270
Newham,56
Hillingdon,112
Waltham Forest,52
Newham,49
Enfield,63
Bromley,65
Newham,765
Hammersmith and Fulham,303
Newham,56
Newham,53
Hackney,88
Waltham Forest,130
Lambeth,42
Tower Hamlets,147
Ealing,88
Brent,50
Tower Hamlets,342
Hounslow,108
Islington,138
Westminster,151
Hammersmith and Fulham,165
Kingston upon Thames,219
Hammersmith and Fulham,297
Richmond upon Thames,447
Lambeth,78
Southwark,143
Westminster,132
Hammersmith and Fulham,288
Newham,75
Kensington and Chelsea,328
Islington,162
Hounslow,118
Newham,37
Hammersmith and Fulham,362
Newham,40
Camden,61
Islington,88
Ealing,200
Camden,204
Westminster,500
Croydon,43
Westminster,131
Wandsworth,333
Ealing,63
Camden,450
Southwark,83
Richmond upon Thames,37
Hackney,50
Camden,160
Islington,644
Brent,34
Hammersmith and Fulham,270
Southwark,45
Tower Hamlets,129
Kensington and Chelsea,446
Kensington and Chelsea,198
Hammersmith and Fulham,151
Harrow,92
Hammersmith and Fulham,534
Tower Hamlets,160
Ealing,39
Tower Hamlets,146
Newham,274
Tower Hamlets,75
Ealing,72
Bromley,220
Havering,48
Greenwich,215
Tower Hamlets,776
Lambeth,50
Newham,244
Kensington and Chelsea,180
Barking and Dagenham,35
Islington,196
City of London,228
Hammersmith and Fulham,302
Kensington and Chelsea,880
Haringey,161
Tower Hamlets,124
Westminster,82
Merton,62
Brent,126
Brent,52
Westminster,347
Merton,105
Westminster,355
Tower Hamlets,161
Hammersmith and Fulham,400
Barnet,86
Greenwich,398
Westminster,276
Kensington and Chelsea,560
Southwark,179
Islington,77
Islington,80
Bexley,53
Greenwich,239
Tower Hamlets,115
Hackney,59
Southwark,145
Redbridge,97
Hammersmith and Fulham,266
Lewisham,133
Hackney,120
Wandsworth,60
Camden,321
Wandsworth,350
Westminster,182
Brent,94
Westminster,355
City of London,246
City of London,289
Hammersmith and Fulham,325
City of London,257
City of London,256
Haringey,40
Kensington and Chelsea,296
Westminster,172
Westminster,169
Islington,135
Tower Hamlets,39
Westminster,81
Lambeth,111
Wandsworth,113
Greenwich,150
Ealing,135
Tower Hamlets,171
Greenwich,51
Southwark,73
Tower Hamlets,195
Bromley,239
City of London,195
Enfield,110
Hackney,63
Southwark,67
Kensington and Chelsea,450
Kensington and Chelsea,311
Bexley,72
Westminster,503
Westminster,195
Lewisham,107
Tower Hamlets,171
Kensington and Chelsea,1000
Wandsworth,99
Ealing,92
Southwark,159
Newham,248
Greenwich,77
Enfield,181
Greenwich,161
Lewisham,159
Tower Hamlets,112
Westminster,135
Southwark,38
Barnet,80
Kensington and Chelsea,298
Camden,306
Westminster,440
Kensington and Chelsea,4500
Westminster,85
Kensington and Chelsea,300
Kensington and Chelsea,108
Lambeth,53
Greenwich,35
Lambeth,56
Haringey,81
Lambeth,57
Westminster,135
Hackney,65
Tower Hamlets,73
Tower Hamlets,36
Croydon,141
Islington,143
Lewisham,86
Lambeth,60
Enfield,78
Richmond upon Thames,66
Redbridge,150
Hackney,80
Waltham Forest,131
Lewisham,66
Westminster,194
Camden,158
Brent,105
Lewisham,188
Kensington and Chelsea,467
Kensington and Chelsea,121
Haringey,35
Westminster,65
Westminster,226
Kingston upon Thames,64
Bromley,73
Westminster,285
Westminster,409
Westminster,501
Westminster,284
Camden,167
Lambeth,71
Barnet,123
Redbridge,132
Westminster,442
Lambeth,95
Kensington and Chelsea,165
Camden,378
Westminster,132
Hillingdon,74
Southwark,63
Camden,138
Tower Hamlets,129
Croydon,47
Merton,280
Newham,187
Southwark,71
Harrow,56
Islington,68
Westminster,294
Westminster,325
Greenwich,298
Southwark,54
Ealing,53
Bexley,59
Kingston upon Thames,82
Havering,36
Hammersmith and Fulham,183
Waltham Forest,123
Hackney,184
Southwark,189
Richmond upon Thames,40
Kensington and Chelsea,300
Barking and Dagenham,44
Waltham Forest,156
Brent,55
Croydon,34
Camden,222
Westminster,236
Greenwich,100
Waltham Forest,47
Westminster,133
Kensington and Chelsea,153
Enfield,49
Enfield,68
Newham,189
Haringey,143
Hackney,884
Kensington and Chelsea,144
Islington,168
Haringey,125
Newham,900
Bromley,79
Barnet,78
Camden,95
Hillingdon,157
Lambeth,800
Wandsworth,123
Tower Hamlets,190
Lambeth,80
Kensington and Chelsea,177
Richmond upon Thames,760
Southwark,215
Ealing,96
Wandsworth,84
Tower Hamlets,55
Westminster,467
Hammersmith and Fulham,301
Hammersmith and Fulham,330
Lewisham,142
Kensington and Chelsea,498
Wandsworth,71
Southwark,67
Islington,180
Haringey,160
Camden,91
Hackney,83
Southwark,95
Islington,54
Camden,302
Camden,129
Tower Hamlets,138
Camden,200
Southwark,63
Bromley,40
Southwark,64
Tower Hamlets,395
Westminster,251
Brent,92
Lambeth,175
Barnet,120
Tower Hamlets,50
Hackney,176
Camden,236
Hackney,38
Camden,155
Hackney,184
Redbridge,34
Ealing,48
Westminster,306
Barking and Dagenham,83
Tower Hamlets,129
Tower Hamlets,102
Tower Hamlets,143
Redbridge,150
Hackney,200
Barking and Dagenham,73
Sutton,77
Islington,148
Bexley,206
Newham,103
Tower Hamlets,90
Southwark,61
Southwark,57
Southwark,63
Southwark,64
Hackney,163
Lambeth,291
Westminster,263
Camden,450
Brent,147
Westminster,213
Lambeth,113
Hillingdon,44
Westminster,270
Westminster,74
Brent,42
Harrow,115
Westminster,220
Bromley,208
Westminster,260
Hackney,173
Brent,49
Waltham Forest,107
Richmond upon Thames,152
Southwark,63
Brent,58
Barnet,33
Greenwich,29
Kensington and Chelsea,1250
Southwark,60
Hammersmith and Fulham,198
Kensington and Chelsea,339
Croydon,36
Brent,39
Hounslow,259
Bromley,51
Hammersmith and Fulham,147
Croydon,37
Tower Hamlets,72
Enfield,198
Newham,60
Greenwich,90
Tower Hamlets,47
Tower Hamlets,59
Hounslow,158
Camden,43
Kensington and Chelsea,450
Brent,55
Hackney,74
Islington,107
City of London,176
Kensington and Chelsea,138
Greenwich,50
Southwark,131
Westminster,1000
Tower Hamlets,56
Westminster,188
Westminster,148
Waltham Forest,159
Westminster,251
Kensington and Chelsea,232
Westminster,265
Hammersmith and Fulham,55
Westminster,256
Westminster,281
Westminster,177
Westminster,225
Kensington and Chelsea,962
Westminster,210
Westminster,256
Westminster,260
Westminster,265
Tower Hamlets,72
Croydon,133
Islington,87
Islington,76
City of London,233
Westminster,247
Lambeth,225
Waltham Forest,270
Lambeth,210
Kensington and Chelsea,190
Lambeth,66
Lewisham,87
Enfield,128
Westminster,140
Camden,204
Barnet,124
Wandsworth,52
Kensington and Chelsea,252
Kensington and Chelsea,126
Barnet,53
Ealing,147
Westminster,264
Bromley,52
Hackney,98
Haringey,200
Camden,306
Waltham Forest,112
Kensington and Chelsea,9999
Southwark,243
Merton,45
Richmond upon Thames,72
Hammersmith and Fulham,149
Camden,145
Redbridge,110
Hackney,66
Islington,227
Westminster,112
Lambeth,72
Hackney,120
Camden,133
Camden,380
Westminster,128
Wandsworth,135
Brent,63
Westminster,224
Bromley,200
Southwark,200
Southwark,54
Barnet,337
Hillingdon,78
Islington,180
Camden,82
Bromley,133
Barnet,76
Southwark,257
Waltham Forest,60
Bromley,103
Ealing,81
Westminster,176
Croydon,125
Merton,120
Lambeth,189
Merton,122
Merton,114
Merton,154
Hounslow,644
Croydon,126
Kensington and Chelsea,339
Enfield,71
Croydon,164
Croydon,158
Croydon,171
Hounslow,260
Camden,130
Hounslow,260
Kensington and Chelsea,321
Tower Hamlets,149
Camden,68
Hounslow,260
Hounslow,260
Hounslow,200
Hounslow,200
Hounslow,200
Hounslow,200
Hounslow,200
Redbridge,153
Hounslow,200
Hounslow,200
Camden,205
Tower Hamlets,196
Westminster,340
Westminster,197
Westminster,197
Southwark,148
Westminster,169
Croydon,58
Hillingdon,90
Southwark,197
Kensington and Chelsea,261
Waltham Forest,56
Tower Hamlets,46
Brent,80
Islington,328
Westminster,237
Brent,90
Westminster,109
Southwark,134
Newham,111
Camden,87
Southwark,242
Hammersmith and Fulham,106
Southwark,157
Kingston upon Thames,262
Hammersmith and Fulham,106
Barnet,95
Camden,196
Camden,125
Haringey,149
Waltham Forest,164
Southwark,73
Tower Hamlets,135
Ealing,295
Enfield,80
Hackney,105
Hounslow,120
Bexley,48
Barnet,63
Bexley,50
Islington,86
Hounslow,190
Ealing,53
Ealing,43
Ealing,63
Haringey,42
Bromley,42
Brent,115
Wandsworth,95
Enfield,45
Croydon,158
Havering,53
Redbridge,50
Hackney,154
Wandsworth,79
Hackney,200
Lambeth,125
Greenwich,103
Kensington and Chelsea,450
Kingston upon Thames,240
Camden,162
Westminster,473
Wandsworth,172
Wandsworth,61
Haringey,250
Westminster,220
Newham,175
Camden,336
Lambeth,30
Hackney,280
Lewisham,150
Lambeth,31
Tower Hamlets,155
Hackney,113
Ealing,54
Islington,89
Lambeth,75
Southwark,400
Redbridge,30
Hammersmith and Fulham,53
Barnet,123
Croydon,95
Croydon,57
Croydon,95
Wandsworth,41
Haringey,117
Hackney,80
Ealing,61
Camden,252
Barking and Dagenham,126
Westminster,171
Tower Hamlets,80
Brent,48
Southwark,152
Westminster,450
Enfield,40
Brent,124
Barnet,62
Southwark,276
Camden,117
Hackney,66
Kensington and Chelsea,234
Barnet,122
Wandsworth,111
Lewisham,112
Greenwich,208
Greenwich,143
Brent,130
Brent,80
Islington,170
Westminster,320
Southwark,50
Newham,103
Newham,265
Brent,85
Barking and Dagenham,34
Westminster,246
Newham,68
Greenwich,115
Wandsworth,285
Sutton,39
Newham,56
Lambeth,86
Camden,64
Camden,159
Westminster,850
Camden,119
Camden,60
Camden,60
Camden,139
Camden,60
Richmond upon Thames,54
Camden,64
Brent,55
Camden,63
Westminster,363
Hammersmith and Fulham,338
Brent,112
Westminster,495
Newham,69
Havering,101
Camden,91
Tower Hamlets,72
Camden,405
Enfield,182
Lewisham,78
Lambeth,571
Brent,41
Brent,44
Wandsworth,88
Southwark,150
Richmond upon Thames,138
Brent,195
Barking and Dagenham,55
Barking and Dagenham,55
Brent,290
Islington,107
Lambeth,92
Hammersmith and Fulham,119
Hammersmith and Fulham,63
Havering,115
Camden,158
Camden,223
Newham,34
Redbridge,68
Westminster,502
Hammersmith and Fulham,450
Ealing,59
Westminster,100
Havering,90
Havering,134
Haringey,300
Havering,138
Southwark,53
Southwark,104
Hammersmith and Fulham,196
Merton,180
Kensington and Chelsea,555
Southwark,115
Croydon,149
Croydon,164
Lewisham,123
Croydon,154
Croydon,153
Westminster,802
Newham,62
Islington,90
City of London,790
Wandsworth,110
Enfield,360
Haringey,476
Hounslow,86
Lambeth,53
Barking and Dagenham,129
Hammersmith and Fulham,676
Brent,105
Westminster,368
Hackney,69
Newham,100
Barking and Dagenham,53
Hammersmith and Fulham,77
Brent,57
Wandsworth,137
Westminster,200
Greenwich,162
Barnet,110
Westminster,157
Newham,42
Hackney,80
Southwark,144
Richmond upon Thames,735
Barnet,139
Tower Hamlets,57
Kensington and Chelsea,300
Westminster,348
Hammersmith and Fulham,93
Westminster,869
Camden,425
Lambeth,68
Lambeth,68
Kensington and Chelsea,234
Camden,75
Greenwich,146
Camden,60
Camden,64
Camden,62
Haringey,50
Hammersmith and Fulham,313
Brent,58
Islington,195
Lambeth,145
Wandsworth,161
Wandsworth,78
Hounslow,267
Westminster,131
Barnet,76
Tower Hamlets,152
Harrow,133
Westminster,119
Islington,94
Westminster,97
Lambeth,258
Camden,156
Havering,36
Wandsworth,383
Kensington and Chelsea,343
Kensington and Chelsea,150
Islington,76
Richmond upon Thames,108
Islington,282
Kensington and Chelsea,172
Lambeth,410
Croydon,352
Greenwich,110
Hackney,75
Waltham Forest,32
Southwark,317
Tower Hamlets,97
Hammersmith and Fulham,120
Wandsworth,57
Islington,72
Kensington and Chelsea,160
Kensington and Chelsea,173
Southwark,99
Kensington and Chelsea,150
Camden,220
Greenwich,63
Barnet,420
Sutton,85
Greenwich,63
Greenwich,71
Hounslow,68
Kensington and Chelsea,230
Wandsworth,64
Southwark,162
Waltham Forest,58
Croydon,90
Southwark,124
Redbridge,161
Waltham Forest,55
Islington,116
Hammersmith and Fulham,239
Lambeth,100
Southwark,122
Hounslow,39
Tower Hamlets,198
Hackney,43
Hackney,42
Westminster,298
Southwark,69
Tower Hamlets,145
Hackney,139
Wandsworth,582
Islington,288
Wandsworth,315
Kensington and Chelsea,150
Hammersmith and Fulham,60
Ealing,191
Hounslow,45
Islington,276
Tower Hamlets,164
Lewisham,41
Islington,112
Kensington and Chelsea,300
Kensington and Chelsea,111
Wandsworth,125
Westminster,405
Kensington and Chelsea,221
Kensington and Chelsea,200
Wandsworth,387
Westminster,195
Kensington and Chelsea,343
Hackney,303
Kensington and Chelsea,288
Hackney,203
Westminster,583
Wandsworth,315
Islington,106
Lambeth,161
Tower Hamlets,225
Kensington and Chelsea,150
Kensington and Chelsea,489
Hillingdon,167
Haringey,207
Westminster,162
Westminster,216
Tower Hamlets,146
Hackney,126
Kensington and Chelsea,343
Bromley,45
Camden,244
Ealing,81
Kensington and Chelsea,221
Westminster,191
Tower Hamlets,148
Croydon,215
Westminster,152
Camden,97
Westminster,61
Westminster,61
Westminster,62
Westminster,56
Westminster,83
Tower Hamlets,150
Brent,315
Tower Hamlets,2400
Hackney,85
Hackney,205
Brent,49
Westminster,153
Westminster,153
Tower Hamlets,269
Newham,156
Westminster,140
Ealing,47
Croydon,277
Greenwich,73
Kensington and Chelsea,357
Redbridge,108
Westminster,195
Ealing,42
Westminster,146
Hackney,71
Westminster,66
Camden,100
Merton,450
Southwark,297
Kensington and Chelsea,343
Kensington and Chelsea,106
Hackney,194
Hackney,51
Hillingdon,50
Wandsworth,101
Kensington and Chelsea,179
Hackney,136
Tower Hamlets,51
Hackney,75
Newham,32
Newham,173
Westminster,444
Islington,55
Southwark,99
Hackney,55
Wandsworth,128
Southwark,90
Barking and Dagenham,200
Richmond upon Thames,450
Kensington and Chelsea,184
Southwark,88
Westminster,170
Westminster,403
Westminster,473
Barking and Dagenham,82
Merton,112
Kensington and Chelsea,150
Bromley,235
Westminster,450
Newham,116
Wandsworth,254
Haringey,50
Wandsworth,134
Lewisham,124
Camden,47
Ealing,45
Westminster,801
Hammersmith and Fulham,198
Hammersmith and Fulham,141
Haringey,87
Waltham Forest,150
Enfield,34
Kensington and Chelsea,195
Hillingdon,114
Lambeth,202
Enfield,75
Haringey,37
Westminster,388
Hammersmith and Fulham,510
Merton,90
Camden,52
Hammersmith and Fulham,123
Hackney,78
Wandsworth,91
Newham,80
Tower Hamlets,115
Croydon,86
Haringey,116
Richmond upon Thames,102
Wandsworth,405
Wandsworth,351
Tower Hamlets,70
Lambeth,53
Greenwich,87
Haringey,250
Hounslow,74
Ealing,90
Hackney,141
Islington,86
Southwark,226
Hammersmith and Fulham,355
Sutton,74
Hammersmith and Fulham,81
Newham,100
Barnet,47
Ealing,175
Greenwich,130
Hammersmith and Fulham,77
Barnet,160
Wandsworth,400
Wandsworth,175
Wandsworth,54
Southwark,100
Hackney,100
Camden,383
Bexley,71
Brent,65
Camden,638
Haringey,76
Tower Hamlets,42
Merton,42
Tower Hamlets,41
Camden,1485
Islington,78
Tower Hamlets,52
Tower Hamlets,69
Merton,72
Tower Hamlets,55
Hackney,266
Southwark,135
Camden,67
Hammersmith and Fulham,343
Hammersmith and Fulham,75
Islington,63
Islington,63
Islington,63
Islington,63
Islington,67
Islington,147
Islington,63
Camden,159
Brent,68
Wandsworth,148
Kensington and Chelsea,352
Brent,135
Hackney,160
Hillingdon,48
Redbridge,135
Islington,54
Camden,99
Wandsworth,124
Hammersmith and Fulham,160
Hillingdon,77
Haringey,125
Kensington and Chelsea,240
Kensington and Chelsea,200
Islington,208
Hammersmith and Fulham,403
Greenwich,146
Haringey,198
Kensington and Chelsea,195
Wandsworth,880
Brent,153
Southwark,131
Hammersmith and Fulham,42
Haringey,99
Hounslow,76
Redbridge,40
Hackney,137
Westminster,211
Hackney,90
Wandsworth,44
Tower Hamlets,82
Brent,158
Hackney,125
Waltham Forest,92
Westminster,773
Wandsworth,198
Kensington and Chelsea,237
Merton,428
Hammersmith and Fulham,31
Westminster,180
Westminster,428
Tower Hamlets,49
Hammersmith and Fulham,185
Westminster,257
Westminster,324
Camden,976
Westminster,528
Camden,135
Westminster,308
Camden,276
Richmond upon Thames,108
Bromley,52
Southwark,127
Tower Hamlets,257
Camden,103
Tower Hamlets,222
Tower Hamlets,398
Tower Hamlets,163
Camden,96
Lewisham,62
Westminster,198
Camden,211
Lewisham,80
Newham,272
Brent,270
Brent,436
Tower Hamlets,292
Camden,233
Hackney,300
Westminster,749
Hackney,57
Hackney,64
Tower Hamlets,272
Barnet,46
Hackney,183
Hammersmith and Fulham,348
Brent,343
Hammersmith and Fulham,241
Southwark,78
Hammersmith and Fulham,141
Southwark,123
Kensington and Chelsea,255
Lambeth,126
Hackney,54
Camden,92
Islington,112
Camden,109
Hackney,119
Hackney,127
Newham,117
Camden,77
Camden,93
Newham,255
Barnet,309
Camden,81
Wandsworth,856
Camden,100
Redbridge,43
Camden,100
Hackney,278
Camden,83
Barnet,31
Camden,86
Camden,97
Camden,88
Ealing,36
Kensington and Chelsea,360
Lambeth,105
Ealing,80
Westminster,305
Westminster,255
Westminster,378
Barnet,253
Barnet,45
Camden,227
Camden,113
Camden,321
Kensington and Chelsea,120
Westminster,403
Lambeth,155
Haringey,122
Wandsworth,96
Islington,111
Croydon,100
Hackney,116
Islington,111
Islington,135
Islington,116
Islington,115
Islington,116
Islington,129
Lambeth,152
Haringey,249
Tower Hamlets,151
Wandsworth,84
Islington,270
Westminster,253
Westminster,342
Bromley,95
Haringey,45
Merton,75
Camden,1500
Westminster,249
Kensington and Chelsea,546
Wandsworth,47
Barnet,54
Barnet,40
Westminster,51
Greenwich,50
Westminster,54
Hillingdon,48
Lewisham,124
Waltham Forest,69
Westminster,180
Haringey,131
Southwark,149
Southwark,45
Brent,297
Camden,213
Lambeth,222
Greenwich,170
Westminster,329
Tower Hamlets,104
Haringey,72
Redbridge,196
Haringey,53
Camden,299
Croydon,50
Lewisham,111
Haringey,55
Hammersmith and Fulham,119
Westminster,205
Tower Hamlets,164
Bromley,377
Barnet,160
Greenwich,152
Richmond upon Thames,115
Richmond upon Thames,160
Barking and Dagenham,209
Richmond upon Thames,130
Wandsworth,120
Redbridge,94
Croydon,30
Southwark,117
Wandsworth,119
Redbridge,136
Redbridge,168
Tower Hamlets,210
Enfield,200
Waltham Forest,104
Camden,275
Wandsworth,255
Westminster,171
Tower Hamlets,125
Westminster,1238
Wandsworth,242
Westminster,195
Kensington and Chelsea,899
Westminster,278
Camden,310
Westminster,100
Bexley,21
Kingston upon Thames,54
Croydon,60
Westminster,475
Kensington and Chelsea,301
Havering,152
Bromley,96
Kensington and Chelsea,220
Wandsworth,153
Kensington and Chelsea,549
Lambeth,113
Haringey,251
Camden,162
City of London,174
Camden,237
Richmond upon Thames,39
Enfield,42
Ealing,34
Barnet,99
Waltham Forest,171
Westminster,2560
Ealing,149
Camden,68
Kensington and Chelsea,159
Hackney,118
Redbridge,131
Hackney,144
Camden,84
Croydon,97
Kingston upon Thames,189
Westminster,205
Lambeth,210
Hammersmith and Fulham,106
Enfield,93
Lambeth,277
Lambeth,394
Camden,300
Southwark,171
Kensington and Chelsea,350
Kensington and Chelsea,546
Harrow,68
Hammersmith and Fulham,195
Redbridge,45
Bromley,114
Ealing,44
Southwark,142
Westminster,400
Hackney,44
Westminster,209
Camden,86
Camden,179
Kensington and Chelsea,282
Havering,366
Islington,130
Brent,135
Sutton,174
Lambeth,127
Hackney,193
Kensington and Chelsea,202
Tower Hamlets,105
Merton,37
Kensington and Chelsea,207
Camden,254
Haringey,120
Hackney,93
Kensington and Chelsea,173
Kensington and Chelsea,152
Havering,200
Hounslow,67
Westminster,309
Brent,81
Westminster,153
Westminster,335
Lambeth,60
Merton,57
Brent,128
Hackney,65
Havering,43
Camden,96
Westminster,214
Westminster,394
Kensington and Chelsea,932
Westminster,261
Hammersmith and Fulham,80
Kensington and Chelsea,510
Islington,92
Islington,801
Kensington and Chelsea,1049
Camden,939
Kensington and Chelsea,273
Islington,317
Hammersmith and Fulham,1041
Hammersmith and Fulham,88
Tower Hamlets,118
Hounslow,124
Croydon,69
Richmond upon Thames,1200
Camden,95
Hackney,184
Haringey,90
Hackney,176
Sutton,292
Enfield,129
Kensington and Chelsea,90
Wandsworth,52
Tower Hamlets,117
Brent,142
Camden,92
Camden,106
Barnet,101
Tower Hamlets,340
Hackney,71
Hackney,81
Hackney,74
Hackney,102
Hackney,112
Hackney,96
Hackney,107
Hackney,103
Kensington and Chelsea,114
Waltham Forest,73
Barnet,202
Southwark,143
Tower Hamlets,551
Enfield,234
Westminster,165
Waltham Forest,54
Barnet,77
Wandsworth,158
Islington,49
Greenwich,233
Islington,95
Westminster,89
Greenwich,87
Greenwich,181
Ealing,159
Westminster,457
Wandsworth,108
Southwark,225
Tower Hamlets,272
Southwark,144
Lambeth,157
Lewisham,50
Islington,146
Westminster,347
Haringey,66
Croydon,95
Lambeth,193
Southwark,49
Croydon,64
Camden,180
Kensington and Chelsea,203
Redbridge,196
Camden,170
Greenwich,173
Waltham Forest,45
Greenwich,173
Croydon,201
Kensington and Chelsea,700
Westminster,258
Newham,132
Merton,450
Kensington and Chelsea,300
Ealing,68
Lewisham,54
Kensington and Chelsea,117
Bexley,117
Islington,167
Westminster,129
Hackney,333
Camden,290
Lambeth,65
Barking and Dagenham,38
Waltham Forest,86
Westminster,342
Barking and Dagenham,127
Hammersmith and Fulham,481
Greenwich,136
Newham,129
Westminster,303
Hounslow,150
Enfield,32
Croydon,107
Kensington and Chelsea,309
Tower Hamlets,43
Hackney,50
Westminster,253
Hackney,57
Hackney,32
Brent,288
Kensington and Chelsea,427
Tower Hamlets,190
Wandsworth,194
Westminster,220
Westminster,447
Islington,54
Kensington and Chelsea,170
Camden,189
Kensington and Chelsea,146
Wandsworth,250
Camden,150
Lambeth,108
Newham,54
Haringey,149
Haringey,53
Southwark,137
Tower Hamlets,82
Tower Hamlets,160
Wandsworth,280
Harrow,44
Barnet,90
Croydon,50
Islington,252
Brent,235
Brent,240
Richmond upon Thames,67
Lewisham,47
Westminster,117
Islington,141
Kensington and Chelsea,73
Camden,79
Lewisham,45
Hounslow,143
Hackney,136
Kensington and Chelsea,677
Camden,95
Camden,90
Bromley,103
Waltham Forest,36
Westminster,358
Islington,273
Camden,80
Camden,90
Camden,104
Camden,75
Camden,212
Camden,83
Hammersmith and Fulham,54
Westminster,269
Camden,97
Camden,81
Hounslow,39
Islington,340
Westminster,524
Lambeth,174
Tower Hamlets,132
Greenwich,45
Islington,134
Hackney,71
Ealing,37
Hackney,97
Wandsworth,90
Westminster,139
Camden,202
Camden,105
Camden,114
Camden,89
Hammersmith and Fulham,86
Lambeth,80
Islington,43
Islington,37
Redbridge,120
Hackney,150
Hackney,269
Kingston upon Thames,189
Westminster,260
Redbridge,200
Haringey,116
Camden,321
Kensington and Chelsea,270
Kensington and Chelsea,180
Haringey,55
Camden,163
Hackney,304
Greenwich,96
Kensington and Chelsea,296
Brent,195
Richmond upon Thames,127
Westminster,87
Kensington and Chelsea,300
Haringey,264
Haringey,141
Ealing,50
Greenwich,50
Barnet,150
Croydon,233
City of London,193
Hackney,160
Hammersmith and Fulham,179
Wandsworth,148
Westminster,151
Islington,432
Westminster,363
Tower Hamlets,182
Tower Hamlets,145
Hammersmith and Fulham,171
Kensington and Chelsea,195
Kensington and Chelsea,182
Merton,108
Westminster,41
Southwark,212
Barnet,90
Ealing,72
Bexley,38
Redbridge,116
Tower Hamlets,238
Enfield,64
Camden,61
Hackney,999
Westminster,347
Hackney,999
Hackney,999
Camden,47
Tower Hamlets,45
Richmond upon Thames,113
Bexley,413
Tower Hamlets,85
Westminster,294
Islington,191
Hammersmith and Fulham,85
Lewisham,135
Westminster,151
Lambeth,137
Camden,135
Hackney,200
Hackney,250
Barnet,323
Wandsworth,123
Wandsworth,127
Wandsworth,124
Wandsworth,220
Wandsworth,134
Wandsworth,126
Tower Hamlets,296
Lambeth,81
Tower Hamlets,340
Camden,60
Hillingdon,50
Hackney,265
Wandsworth,340
Lambeth,44
Westminster,270
Waltham Forest,53
Bromley,29
Newham,245
Barking and Dagenham,153
Barking and Dagenham,78
Westminster,166
Croydon,45
Enfield,270
Kensington and Chelsea,191
Wandsworth,450
Merton,46
Tower Hamlets,94
Westminster,117
Barking and Dagenham,130
Westminster,371
Westminster,988
Camden,35
Tower Hamlets,130
Westminster,341
Wandsworth,228
Haringey,154
Newham,170
Westminster,531
Tower Hamlets,130
Brent,160
Camden,288
Camden,249
Westminster,360
Camden,315
Camden,249
Lambeth,290
Westminster,306
Westminster,227
Westminster,348
Camden,102
Lewisham,124
Wandsworth,145
Kingston upon Thames,56
Lewisham,69
Tower Hamlets,132
Southwark,207
Brent,321
Greenwich,36
Croydon,62
Ealing,153
Redbridge,47
Ealing,203
Haringey,101
Hillingdon,270
Brent,41
Westminster,164
Waltham Forest,41
Haringey,112
Lambeth,322
Bromley,161
Bromley,133
Westminster,300
Lambeth,98
Bexley,50
Wandsworth,39
Lambeth,98
Lambeth,83
Lambeth,78
Lambeth,89
Harrow,65
Greenwich,197
Bromley,130
Westminster,229
Bromley,98
Wandsworth,137
Greenwich,119
Redbridge,144
Newham,172
Westminster,246
Lambeth,128
Camden,85
Tower Hamlets,283
Croydon,103
Lambeth,66
Wandsworth,100
Barnet,149
Hounslow,175
Kingston upon Thames,94
Haringey,75
Barnet,207
Islington,212
Ealing,98
Kensington and Chelsea,227
Tower Hamlets,141
City of London,381
Camden,295
Southwark,143
Wandsworth,451
Croydon,80
Kensington and Chelsea,203
Ealing,145
Hounslow,93
Kensington and Chelsea,203
Westminster,182
Tower Hamlets,139
Southwark,48
Redbridge,40
Kensington and Chelsea,383
Camden,453
Waltham Forest,98
Hammersmith and Fulham,149
Hammersmith and Fulham,275
Kensington and Chelsea,157
Islington,283
Lambeth,65
Kensington and Chelsea,135
Westminster,195
Islington,75
Croydon,143
Kensington and Chelsea,185
Haringey,141
Merton,48
Lambeth,31
Lambeth,30
Westminster,225
Lewisham,180
Hammersmith and Fulham,144
Tower Hamlets,104
Richmond upon Thames,240
Westminster,274
Hammersmith and Fulham,179
Lambeth,140
Kensington and Chelsea,118
Hackney,67
Tower Hamlets,63
Tower Hamlets,280
Hounslow,50
Westminster,274
Wandsworth,265
Lambeth,28
Hackney,111
Camden,163
Islington,124
Greenwich,86
Southwark,51
Westminster,287
Hammersmith and Fulham,138
Westminster,290
Westminster,400
Kensington and Chelsea,342
Lambeth,189
Waltham Forest,58
Tower Hamlets,110
Hammersmith and Fulham,220
Southwark,139
Westminster,122
Hammersmith and Fulham,87
Westminster,98
Wandsworth,73
Lambeth,121
Tower Hamlets,145
Tower Hamlets,117
Lambeth,200
Barnet,49
Kensington and Chelsea,89
Westminster,138
Hackney,2000
Hounslow,40
Westminster,63
Enfield,52
Tower Hamlets,189
Wandsworth,95
Lewisham,329
Lewisham,127
Merton,168
Westminster,195
Ealing,114
Hackney,232
Ealing,90
Lewisham,571
Westminster,532
Kensington and Chelsea,253
Tower Hamlets,158
Lewisham,220
Havering,114
Brent,330
Kensington and Chelsea,197
Hackney,108
Kensington and Chelsea,235
Wandsworth,83
Hammersmith and Fulham,335
Lewisham,182
Camden,310
Camden,335
Camden,300
Newham,192
Westminster,199
Barnet,72
Westminster,77
Croydon,130
Westminster,481
Haringey,96
Wandsworth,192
Lewisham,76
Hackney,233
Kensington and Chelsea,575
Southwark,127
Richmond upon Thames,40
Southwark,34
Hounslow,70
Newham,141
Redbridge,90
Hammersmith and Fulham,120
Westminster,400
Southwark,290
Lambeth,290
Lambeth,261
Kensington and Chelsea,125
Kensington and Chelsea,209
Wandsworth,1411
Westminster,445
Wandsworth,104
Westminster,251
Kensington and Chelsea,293
Tower Hamlets,48
Westminster,376
Islington,273
Tower Hamlets,174
Newham,159
Lambeth,225
Merton,117
Kensington and Chelsea,153
Lambeth,37
Brent,190
Wandsworth,64
Hammersmith and Fulham,54
Greenwich,72
Westminster,460
Westminster,400
Tower Hamlets,179
Lewisham,148
Barnet,140
Kensington and Chelsea,211
Hammersmith and Fulham,375
Tower Hamlets,87
Merton,50
Westminster,51
Camden,94
Tower Hamlets,130
Tower Hamlets,142
Southwark,76
Westminster,135
Sutton,35
Lambeth,108
Islington,212
Camden,238
Camden,333
Barnet,92
Kensington and Chelsea,143
Barnet,114
Croydon,266
Westminster,242
Westminster,111
Kensington and Chelsea,584
Westminster,60
Ealing,46
Westminster,154
Westminster,879
Hackney,196
Kensington and Chelsea,275
Westminster,29
Croydon,35
Islington,737
Camden,297
Kensington and Chelsea,206
Southwark,76
Islington,142
Bromley,56
Wandsworth,85
Bexley,240
Wandsworth,82
Kensington and Chelsea,309
Kensington and Chelsea,111
Wandsworth,200
Kingston upon Thames,855
Greenwich,105
Ealing,82
Westminster,56
Lambeth,36
Wandsworth,105
Greenwich,45
Merton,54
Brent,135
Southwark,111
Westminster,136
Barnet,90
Greenwich,360
Southwark,100
Croydon,34
Barnet,80
Southwark,72
Tower Hamlets,39
Southwark,91
Hounslow,65
Tower Hamlets,125
Westminster,147
Kensington and Chelsea,594
Kensington and Chelsea,231
Bromley,190
Kensington and Chelsea,140
Islington,122
Islington,126
Ealing,254
Wandsworth,75
Lambeth,69
Waltham Forest,52
Lambeth,70
Lambeth,83
Croydon,45
Bexley,185
Barnet,80
Wandsworth,126
Waltham Forest,86
Newham,49
Harrow,90
Kensington and Chelsea,73
Tower Hamlets,131
Hammersmith and Fulham,63
Wandsworth,284
Bromley,141
Lambeth,198
Lambeth,58000
Greenwich,77
Southwark,123
Hackney,56
Greenwich,245
Redbridge,100
Westminster,287
Westminster,144
Kensington and Chelsea,1000
Bexley,75
Hackney,50
Hackney,155
Westminster,144
Newham,395
Haringey,120
Wandsworth,211
Brent,225
City of London,98
Westminster,258
Tower Hamlets,134
Waltham Forest,146
Lambeth,82
Haringey,66
Tower Hamlets,65
Camden,306
Haringey,32
Kensington and Chelsea,202
Kensington and Chelsea,203
Kensington and Chelsea,173
Southwark,108
Westminster,221
Wandsworth,81
Islington,274
Kensington and Chelsea,238
Tower Hamlets,172
Bromley,110
Merton,144
Merton,217
Tower Hamlets,90
Hounslow,299
Hounslow,143
Tower Hamlets,214
Tower Hamlets,212
Tower Hamlets,87
Islington,131
Barnet,114
Camden,429
Merton,215
Southwark,368
Tower Hamlets,323
Lambeth,186
Ealing,117
Southwark,135
Lewisham,140
Kensington and Chelsea,260
Bromley,117
Southwark,188
Kingston upon Thames,350
Islington,118
Hammersmith and Fulham,122
Kensington and Chelsea,238
Hammersmith and Fulham,105
Hammersmith and Fulham,115
Waltham Forest,81
Waltham Forest,81
Lambeth,198
Westminster,350
Haringey,52
Camden,290
Merton,118
Westminster,305
Brent,360
Westminster,180
Brent,400
Westminster,310
Westminster,157
Waltham Forest,80
Richmond upon Thames,240
Brent,63
Westminster,62
Haringey,59
Westminster,309
Southwark,250
Newham,211
Hackney,403
Westminster,67
Camden,156
Barking and Dagenham,25
Wandsworth,180
Lambeth,127
Barnet,87
Greenwich,145
Hillingdon,32
Bexley,50
Enfield,64
Camden,130
Wandsworth,189
Wandsworth,536
Redbridge,200
Camden,84
Camden,232
Croydon,92
Barnet,65
Ealing,120
Lewisham,106
Greenwich,950
Westminster,369
Brent,77
Southwark,451
Southwark,90
Hackney,107
Hammersmith and Fulham,125
Wandsworth,80
Hammersmith and Fulham,56
Richmond upon Thames,74
Kensington and Chelsea,200
Kensington and Chelsea,450
Southwark,211
Merton,98
Tower Hamlets,51
Bexley,216
Tower Hamlets,50
Lambeth,144
Hackney,800
Richmond upon Thames,650
Wandsworth,240
Lambeth,63
Greenwich,106
Barnet,260
Hammersmith and Fulham,180
Hammersmith and Fulham,103
Hammersmith and Fulham,111
Newham,365
Hammersmith and Fulham,160
Kensington and Chelsea,618
Redbridge,100
Hackney,99
Westminster,319
Waltham Forest,180
Croydon,152
Kensington and Chelsea,208
Newham,57
Westminster,346
Camden,125
Kensington and Chelsea,248
Hammersmith and Fulham,91
Kensington and Chelsea,72
Westminster,675
Greenwich,50
Westminster,324
Southwark,233
Havering,222
Barnet,56
Lewisham,161
Ealing,256
Islington,110
Wandsworth,208
Barnet,95
Westminster,450
Wandsworth,194
Brent,167
Southwark,94
Islington,126
Westminster,230
Hammersmith and Fulham,301
Ealing,142
Newham,40
Wandsworth,445
Lewisham,66
Newham,177
Enfield,112
Islington,162
Westminster,206
Southwark,280
Southwark,100
Hackney,90
Hackney,120
Westminster,277
Camden,113
Camden,364
Hammersmith and Fulham,641
Camden,196
Camden,207
Islington,176
Haringey,123
Hammersmith and Fulham,135
Merton,121
Camden,618
Islington,950
Brent,91
Kensington and Chelsea,327
Kensington and Chelsea,163
Brent,28
Tower Hamlets,110
Hackney,124
Haringey,428
Merton,40
Merton,62
Westminster,141
Hackney,104
Tower Hamlets,61
Haringey,44
Westminster,165
Croydon,77
Croydon,120
Hackney,58
Tower Hamlets,46
Hackney,58
Newham,106
Camden,240
Ealing,59
Westminster,240
Camden,240
Hammersmith and Fulham,217
Hammersmith and Fulham,171
Newham,37
Lewisham,180
Hackney,400
Brent,77
Lambeth,470
Barnet,65
Hammersmith and Fulham,123
Westminster,90
Camden,424
Bromley,100
Hackney,218
Wandsworth,67
Haringey,540
Bromley,46
Lambeth,61
Wandsworth,132
Barnet,500
Richmond upon Thames,408
Enfield,44
Barnet,68
Hackney,117
Lewisham,100
Brent,45
Newham,201
Greenwich,1093
Southwark,180
Westminster,227
Tower Hamlets,62
Islington,149
Wandsworth,227
Lambeth,53
Barnet,100
Barnet,206
Hackney,295
Hammersmith and Fulham,90
Kensington and Chelsea,227
Ealing,196
Redbridge,350
Westminster,63
Westminster,282
Camden,334
Islington,159
Camden,412
Camden,354
Camden,416
Camden,63
Camden,159
Camden,431
Kensington and Chelsea,152
Westminster,80
Westminster,159
Newham,60
Kensington and Chelsea,221
Camden,298
Tower Hamlets,108
Lambeth,190
City of London,177
Camden,155
Camden,410
Barnet,145
Camden,435
Westminster,190
Ealing,65
Wandsworth,162
Hammersmith and Fulham,137
Tower Hamlets,93
Croydon,92
Kensington and Chelsea,293
Waltham Forest,200
Greenwich,60
Camden,132
Westminster,126
Bromley,80
Greenwich,167
Tower Hamlets,56
Wandsworth,308
Brent,379
Newham,232
Bexley,125
Bexley,108
Westminster,532
Barking and Dagenham,158
Barnet,412
Westminster,798
Westminster,225
Westminster,1200
Hammersmith and Fulham,145
Westminster,1200
Islington,158
Camden,242
Camden,280
Camden,269
Camden,203
Kensington and Chelsea,173
Camden,100
Hammersmith and Fulham,56
Westminster,1200
Westminster,1200
Newham,110
Kensington and Chelsea,329
Westminster,220
Tower Hamlets,81
Westminster,9999
Greenwich,800
Greenwich,800
Westminster,149
Tower Hamlets,159
Westminster,163
Tower Hamlets,122
Southwark,206
Westminster,275
Westminster,76
Hackney,83
Haringey,120
Hackney,64
Westminster,430
Southwark,67
Lewisham,45
Camden,286
Camden,186
Wandsworth,63
Brent,187
Kensington and Chelsea,75
Ealing,79
Westminster,225
Hillingdon,49
Havering,200
Hammersmith and Fulham,73
Ealing,73
Hammersmith and Fulham,95
Tower Hamlets,70
Tower Hamlets,130
Westminster,284
Brent,95
Wandsworth,323
Waltham Forest,65
Brent,199
Hammersmith and Fulham,148
Lambeth,270
Lewisham,108
Lambeth,69
Southwark,193
Southwark,67
Westminster,125
Richmond upon Thames,553
Lewisham,63
Lewisham,62
Tower Hamlets,72
Newham,51
Tower Hamlets,132
Bexley,89
Hammersmith and Fulham,144
Tower Hamlets,108
Kensington and Chelsea,176
Barking and Dagenham,56
Ealing,90
Haringey,53
Islington,116
Barnet,47
Lambeth,161
Tower Hamlets,217
Ealing,90
Lewisham,54
Brent,80
Haringey,136
Haringey,201
Kensington and Chelsea,312
Kensington and Chelsea,68
Camden,184
Lewisham,140
Lambeth,354
Hackney,128
Brent,118
Newham,388
Wandsworth,260
Westminster,403
Ealing,206
Westminster,316
Bexley,91
Westminster,499
Westminster,319
Westminster,594
Barnet,135
Brent,120
Brent,104
Brent,64
Wandsworth,375
Kensington and Chelsea,160
Lambeth,64
Westminster,270
Camden,213
Lewisham,197
Camden,337
Kensington and Chelsea,304
Westminster,171
Hammersmith and Fulham,327
Hackney,54
Westminster,151
Tower Hamlets,115
Newham,53
Waltham Forest,135
Merton,40
Newham,216
Southwark,76
Lewisham,250
Hackney,142
Brent,152
Bexley,24
Newham,65
Greenwich,105
Hackney,108
Barnet,198
Tower Hamlets,106
Bromley,25
Wandsworth,100
Barnet,142
Newham,110
Ealing,80
Westminster,1200
Westminster,171
Camden,281
Westminster,150
Islington,152
Waltham Forest,273
Kensington and Chelsea,131
Kensington and Chelsea,112
Brent,105
Newham,141
Islington,83
Hackney,321
Westminster,133
Merton,83
Westminster,144
Westminster,155
Lambeth,41
City of London,114
Enfield,80
Hillingdon,81
Kensington and Chelsea,94
Lewisham,463
Hounslow,100
Westminster,455
Waltham Forest,27
Bromley,113
Bromley,167
Barnet,47
Brent,225
Lewisham,79
Wandsworth,102
Tower Hamlets,45
Wandsworth,68
Hounslow,52
Lambeth,69
Kensington and Chelsea,669
Richmond upon Thames,160
Tower Hamlets,140
Lewisham,34
Islington,380
Westminster,69
Westminster,262
Wandsworth,225
Wandsworth,72
Barnet,60
Harrow,103
Islington,225
Redbridge,100
Croydon,38
Westminster,245
Kensington and Chelsea,248
Barnet,84
Westminster,122
Ealing,86
Haringey,145
Southwark,239
Camden,355
Lewisham,51
Newham,93
Westminster,122
Lambeth,225
Havering,129
Havering,110
Hackney,72
Islington,350
Hammersmith and Fulham,83
Hammersmith and Fulham,77
Islington,108
Camden,300
Westminster,1600
Kensington and Chelsea,337
Waltham Forest,514
Kensington and Chelsea,125
Kensington and Chelsea,180
Harrow,205
Westminster,6400
City of London,262
Wandsworth,591
Westminster,1600
Westminster,554
Westminster,1600
Westminster,1600
Tower Hamlets,91
Hillingdon,650
Westminster,103
Croydon,95
Westminster,547
Westminster,1600
Tower Hamlets,119
Brent,183
Westminster,112
Havering,133
Barnet,41
Camden,360
Hammersmith and Fulham,125
Hammersmith and Fulham,76
Lambeth,48
Havering,230
Havering,41
Westminster,701
Westminster,695
Hackney,171
Hounslow,111
Westminster,1200
Tower Hamlets,205
Westminster,2000
Westminster,2000
Westminster,960
Westminster,800
Lewisham,72
Merton,145
Westminster,227
Haringey,98
Hackney,219
Wandsworth,44
Westminster,1200
Camden,197
Westminster,1200
Redbridge,74
Southwark,76
Wandsworth,209
Southwark,99
Camden,211
Richmond upon Thames,210
Westminster,172
Croydon,30
Kingston upon Thames,934
Westminster,1200
Westminster,1200
Camden,80
Hammersmith and Fulham,655
Hackney,44
Brent,120
Sutton,60
Tower Hamlets,130
Southwark,119
Westminster,220
Greenwich,46
Wandsworth,670
Westminster,510
Westminster,1079
Westminster,88
Richmond upon Thames,79
Westminster,114
Haringey,183
Wandsworth,49
Brent,90
Southwark,164
Lambeth,350
Tower Hamlets,102
Southwark,118
Barnet,46
Ealing,450
Hackney,199
Tower Hamlets,70
Tower Hamlets,40
Waltham Forest,128
Croydon,33
Islington,144
Camden,215
Haringey,180
Redbridge,221
Lambeth,213
Harrow,40
Lewisham,190
Brent,110
Islington,218
Kensington and Chelsea,637
Hackney,230
Brent,153
Lambeth,151
Bromley,114
Westminster,433
Lambeth,135
Hackney,101
Islington,639
Hammersmith and Fulham,41
Kensington and Chelsea,180
Wandsworth,309
Hackney,106
Hammersmith and Fulham,40
Hammersmith and Fulham,42
Tower Hamlets,64
Southwark,59
Tower Hamlets,64
Greenwich,104
Lewisham,191
Ealing,9999
Camden,291
Bexley,50
Wandsworth,788
Barking and Dagenham,187
Greenwich,105
Tower Hamlets,135
Croydon,40
Hammersmith and Fulham,141
Barnet,147
Harrow,180
Ealing,133
Havering,134
Merton,153
Hackney,139
Greenwich,59
Kensington and Chelsea,395
Tower Hamlets,64
Islington,109
Tower Hamlets,64
Tower Hamlets,64
Tower Hamlets,64
Tower Hamlets,64
Tower Hamlets,74
Tower Hamlets,64
Tower Hamlets,64
Tower Hamlets,74
Tower Hamlets,64
Tower Hamlets,74
Tower Hamlets,64
Kensington and Chelsea,186
Tower Hamlets,64
Westminster,385
Tower Hamlets,64
Brent,110
Hackney,73
Hammersmith and Fulham,133
Tower Hamlets,64
Lewisham,58
Islington,106
City of London,214
Islington,160
Kensington and Chelsea,425
Tower Hamlets,64
Tower Hamlets,64
Tower Hamlets,64
Tower Hamlets,64
Kensington and Chelsea,618
Tower Hamlets,64
Tower Hamlets,222
Haringey,54
Haringey,30
Hammersmith and Fulham,153
Tower Hamlets,145
Hammersmith and Fulham,255
Wandsworth,285
Westminster,340
Lambeth,121
Brent,163
Hammersmith and Fulham,240
Camden,310
Westminster,357
Wandsworth,32
Kensington and Chelsea,213
Croydon,65
Lewisham,152
Newham,145
Westminster,366
Barnet,111
Bromley,36
Lewisham,185
Ealing,94
Redbridge,144
Lewisham,177
Hackney,135
Westminster,620
Tower Hamlets,63
Hounslow,90
Westminster,249
Tower Hamlets,120
Lambeth,140
Tower Hamlets,176
Tower Hamlets,360
Lambeth,397
Hackney,176
Lambeth,70
Tower Hamlets,64
Tower Hamlets,64
Tower Hamlets,74
Tower Hamlets,64
Tower Hamlets,64
Tower Hamlets,64
Tower Hamlets,97
Tower Hamlets,64
Tower Hamlets,64
Tower Hamlets,64
Hackney,228
Tower Hamlets,64
Barnet,176
Kensington and Chelsea,127
Tower Hamlets,64
Tower Hamlets,74
Kensington and Chelsea,250
Tower Hamlets,64
Tower Hamlets,64
Tower Hamlets,64
Waltham Forest,107
Bexley,60
Merton,90
Westminster,1101
Tower Hamlets,315
Haringey,29
Lewisham,159
Westminster,415
Bexley,74
Lambeth,87
Croydon,104
Southwark,393
Westminster,142
Wandsworth,46
Lambeth,74
Westminster,422
Wandsworth,205
Camden,5000
Westminster,333
Westminster,503
Islington,219
Wandsworth,257
Westminster,500
Hackney,229
Hackney,348
Brent,173
Wandsworth,270
Enfield,150
Ealing,110
Southwark,111
Southwark,35
Lambeth,120
Redbridge,57
Westminster,418
Kensington and Chelsea,425
Hackney,199
City of London,709
Westminster,1304
Lewisham,126
Hammersmith and Fulham,236
Tower Hamlets,173
Westminster,556
Kensington and Chelsea,280
Hillingdon,800
Wandsworth,41
Havering,105
Kensington and Chelsea,495
Lewisham,77
Wandsworth,282
Croydon,68
City of London,89
Tower Hamlets,76
City of London,137
Tower Hamlets,115
Westminster,125
Tower Hamlets,209
Harrow,237
Hackney,107
Hackney,99
Wandsworth,585
Tower Hamlets,135
Croydon,69
Kensington and Chelsea,590
Kensington and Chelsea,498
Ealing,99
Havering,368
Greenwich,400
Camden,150
Croydon,35
Westminster,150
Wandsworth,267
Islington,155
Haringey,208
Harrow,100
Lambeth,238
Southwark,180
Southwark,229
Hammersmith and Fulham,86
Bexley,70
Ealing,278
Lambeth,229
Waltham Forest,81
Southwark,260
Newham,59
Kensington and Chelsea,275
Tower Hamlets,50
Southwark,168
Hounslow,60
Camden,72
Tower Hamlets,137
Redbridge,62
Westminster,132
Ealing,85
Camden,158
Southwark,89
Hackney,201
Lewisham,96
Westminster,81
Hammersmith and Fulham,104
Westminster,391
Southwark,120
Tower Hamlets,44
Tower Hamlets,142
Lewisham,80
Newham,293
Lambeth,68
Lewisham,52
Southwark,81
Hackney,131
Ealing,113
Kensington and Chelsea,168
Islington,99
Westminster,340
Hammersmith and Fulham,213
Southwark,330
Newham,100
Tower Hamlets,38
Islington,86
Greenwich,162
Lewisham,32
Camden,51
Croydon,90
Westminster,114
Haringey,63
Sutton,45
Brent,66
Waltham Forest,189
Wandsworth,295
Ealing,74
Camden,45
Greenwich,110
Westminster,132
Wandsworth,143
Hammersmith and Fulham,44
Hammersmith and Fulham,44
Hammersmith and Fulham,45
Tower Hamlets,188
Croydon,40
Southwark,117
Lewisham,113
Redbridge,108
Waltham Forest,52
Haringey,152
Merton,101
Islington,450
Tower Hamlets,258
Hackney,196
Camden,164
Waltham Forest,34
Lewisham,120
Hackney,197
Wandsworth,400
Merton,44
Southwark,5000
Westminster,180
Southwark,214
Kensington and Chelsea,200
Kensington and Chelsea,300
Wandsworth,78
Merton,83
Westminster,227
Kensington and Chelsea,225
Greenwich,45
Bexley,50
Tower Hamlets,61
Greenwich,42
Hackney,121
Hackney,252
Barking and Dagenham,59
Havering,118
Lewisham,79
Havering,43
Wandsworth,175
Camden,77
Hammersmith and Fulham,155
Haringey,168
Bromley,99
Lewisham,85
Southwark,90
Camden,506
Lambeth,111
Hammersmith and Fulham,51
Tower Hamlets,150
Islington,41
Hammersmith and Fulham,45
Westminster,557
Hammersmith and Fulham,41
Bexley,213
Bromley,103
Barking and Dagenham,50
Barking and Dagenham,40
City of London,240
Kensington and Chelsea,98
Camden,112
Islington,107
Bromley,109
Camden,107
Islington,107
Haringey,47
Hackney,64
Hackney,67
Hackney,78
Hackney,59
Hackney,68
Tower Hamlets,135
Islington,165
Haringey,154
Barking and Dagenham,153
Tower Hamlets,103
Hackney,155
Westminster,250
Westminster,269
Westminster,260
Lewisham,24
Islington,108
Islington,204
Hounslow,702
Westminster,489
Tower Hamlets,90
Hackney,89
Kensington and Chelsea,117
Kensington and Chelsea,169
Westminster,269
Westminster,420
Westminster,360
Hackney,196
Haringey,190
Tower Hamlets,230
Kensington and Chelsea,200
Westminster,403
Wandsworth,169
Westminster,635
Camden,92
Westminster,535
Wandsworth,73
Southwark,135
Southwark,69
Westminster,470
Westminster,171
Lambeth,240
Lambeth,169
Barnet,99
Westminster,322
Enfield,90
Southwark,75
Waltham Forest,159
Hackney,59
Kensington and Chelsea,168
Lambeth,175
Lewisham,116
Waltham Forest,194
Westminster,204
Haringey,67
Southwark,80
Merton,56
Hackney,62
Lambeth,80
Brent,391
Westminster,189
Tower Hamlets,74
Hackney,260
Tower Hamlets,84
Westminster,36
Bromley,248
Hackney,80
Hammersmith and Fulham,52
Wandsworth,194
City of London,410
Westminster,657
Hackney,152
Hammersmith and Fulham,75
Westminster,369
Hounslow,44
Ealing,72
City of London,160
Islington,81
Croydon,44
Wandsworth,55
Brent,64
Islington,145
Wandsworth,91
Brent,59
Haringey,310
Bexley,50
Southwark,144
Westminster,240
Hounslow,106
Westminster,60
Tower Hamlets,524
Tower Hamlets,162
Croydon,203
Croydon,220
Croydon,223
Croydon,294
Westminster,166
Barnet,161
Croydon,192
Camden,54
Southwark,56
Westminster,631
Southwark,36
Westminster,622
Hammersmith and Fulham,258
Westminster,214
Westminster,115
Ealing,337
Westminster,232
Southwark,200
Islington,148
Haringey,120
Southwark,103
Wandsworth,58
Hammersmith and Fulham,330
Southwark,155
Brent,59
Southwark,33
Tower Hamlets,86
Westminster,89
Newham,48
Sutton,45
Croydon,90
Croydon,81
Camden,288
Westminster,469
City of London,320
Westminster,280
Hounslow,32
Hackney,90
Lewisham,81
Westminster,161
Westminster,138
Lewisham,58
Hammersmith and Fulham,330
Islington,219
Tower Hamlets,162
Lambeth,76
Wandsworth,97
Merton,150
Hammersmith and Fulham,175
Bexley,164
Kensington and Chelsea,378
Islington,198
Wandsworth,61
Tower Hamlets,132
Wandsworth,61
Camden,135
Hackney,219
Westminster,169
Westminster,2000
Westminster,151
Merton,122
Lambeth,73
Wandsworth,70
Brent,120
Tower Hamlets,147
Croydon,104
Kensington and Chelsea,90
Kensington and Chelsea,944
Westminster,2000
Westminster,2000
Ealing,39
Westminster,2000
Hackney,172
Westminster,283
Southwark,34
Merton,180
Islington,128
Bexley,150
Redbridge,71
Camden,135
Kensington and Chelsea,400
Waltham Forest,128
Wandsworth,220
Lewisham,112
Wandsworth,359
Greenwich,128
Lewisham,60
Haringey,108
Hackney,120
Tower Hamlets,261
Hammersmith and Fulham,243
Hackney,122
Westminster,200
Ealing,146
Waltham Forest,44
Newham,181
Westminster,288
Sutton,150
Westminster,134
Greenwich,57
Brent,118
Westminster,194
Westminster,63
Barnet,105
Barnet,66
Tower Hamlets,137
Brent,40
Tower Hamlets,259
Southwark,101
Haringey,63
Lewisham,143
Tower Hamlets,134
Brent,113
Hammersmith and Fulham,134
Tower Hamlets,97
Hackney,248
Tower Hamlets,84
Westminster,286
Southwark,73
Tower Hamlets,60
Southwark,108
Camden,217
Lambeth,41
Ealing,137
Westminster,248
Lewisham,41
Tower Hamlets,269
Ealing,650
Tower Hamlets,267
Greenwich,40
Wandsworth,82
Croydon,31
Croydon,36
Wandsworth,61
Hackney,75
Westminster,306
Redbridge,90
Southwark,70
Westminster,792
Ealing,191
Islington,280
Kensington and Chelsea,464
Southwark,219
Islington,369
Islington,378
Islington,478
Islington,323
City of London,275
Hammersmith and Fulham,110
Westminster,333
Hackney,185
Southwark,75
Barnet,85
Ealing,50
Harrow,56
Wandsworth,51
Merton,70
Wandsworth,51
Kensington and Chelsea,315
Barnet,85
Brent,102
Hackney,64
Southwark,70
Lambeth,72
Lambeth,69
Westminster,353
Waltham Forest,46
Tower Hamlets,153
Enfield,189
Kensington and Chelsea,138
Westminster,38
Hackney,83
Ealing,154
Barnet,216
Bexley,30
Tower Hamlets,189
Westminster,248
Southwark,128
Wandsworth,140
Islington,153
Croydon,120
Kensington and Chelsea,322
Camden,296
Hammersmith and Fulham,328
Bromley,78
Kensington and Chelsea,206
Newham,267
Enfield,102
Hammersmith and Fulham,320
Richmond upon Thames,282
Hackney,381
Camden,285
Kensington and Chelsea,900
Hammersmith and Fulham,168
Hackney,290
Brent,164
Newham,134
Newham,200
Islington,126
Barnet,126
Barnet,195
Croydon,41
Richmond upon Thames,189
Westminster,206
Hounslow,65
Westminster,162
Westminster,81
Westminster,219
Wandsworth,186
Hillingdon,116
Camden,50
Waltham Forest,46
Haringey,110
Hackney,360
Wandsworth,315
Tower Hamlets,480
Southwark,72
Kensington and Chelsea,304
Kensington and Chelsea,320
Westminster,229
Westminster,500
Westminster,197
Westminster,288
Wandsworth,212
Kensington and Chelsea,198
Westminster,165
Camden,248
Bexley,32
Merton,54
Wandsworth,79
Westminster,613
Lambeth,143
Hammersmith and Fulham,114
Tower Hamlets,159
Wandsworth,117
Sutton,90
Haringey,68
Southwark,162
Croydon,60
Islington,78
Redbridge,60
Brent,36
Newham,381
Islington,215
Kensington and Chelsea,75
Hackney,154
Camden,435
Southwark,83
Westminster,214
Kensington and Chelsea,404
Kensington and Chelsea,422
Wandsworth,225
Hammersmith and Fulham,180
Westminster,180
Camden,125
Westminster,210
Westminster,160
Westminster,477
Harrow,33
Tower Hamlets,81
Westminster,58
Westminster,90
Barking and Dagenham,40
Ealing,293
Hackney,83
Newham,96
Barking and Dagenham,31
Barking and Dagenham,48
Hackney,141
Barnet,277
Haringey,47
Westminster,394
Westminster,643
Kensington and Chelsea,92
Kensington and Chelsea,75
Westminster,886
Westminster,825
Westminster,593
Westminster,343
Westminster,462
Haringey,144
Kensington and Chelsea,153
Enfield,138
Croydon,40
Hackney,445
Kensington and Chelsea,91
Merton,304
Kensington and Chelsea,76
Kensington and Chelsea,300
Kensington and Chelsea,300
Southwark,81
Islington,275
Lambeth,52
Kensington and Chelsea,262
Ealing,107
Kensington and Chelsea,162
Croydon,40
Southwark,82
Wandsworth,82
Barnet,225
Lewisham,140
Barnet,195
Tower Hamlets,134
Islington,285
Havering,246
Ealing,258
Redbridge,422
Kensington and Chelsea,515
Westminster,140
Brent,536
Westminster,212
Islington,83
Barnet,131
Islington,173
Southwark,134
Hammersmith and Fulham,120
Islington,241
Southwark,49
Hillingdon,128
Southwark,250
Tower Hamlets,74
Barnet,83
Kensington and Chelsea,168
Wandsworth,108
Kensington and Chelsea,190
Lewisham,140
Lewisham,166
Tower Hamlets,190
Lambeth,100
Redbridge,65
Haringey,74
Ealing,180
Westminster,496
Westminster,467
Westminster,431
Hammersmith and Fulham,136
Islington,53
Kensington and Chelsea,185
Kensington and Chelsea,1359
Kensington and Chelsea,179
Kensington and Chelsea,362
Kensington and Chelsea,323
Ealing,230
Kensington and Chelsea,549
Southwark,296
Westminster,248
Croydon,48
Hackney,224
Lambeth,35
Lambeth,148
Westminster,73
Sutton,68
Enfield,36
Lambeth,99
Hackney,265
Westminster,226
Tower Hamlets,132
Barking and Dagenham,110
Croydon,750
Lewisham,162
Camden,340
Kensington and Chelsea,358
Hounslow,129
Camden,338
Southwark,185
Newham,311
Westminster,213
Haringey,276
Westminster,549
Brent,63
Kensington and Chelsea,168
Westminster,139
Hillingdon,106
Westminster,122
Wandsworth,191
Islington,149
Hounslow,42
Westminster,118
Wandsworth,40
Westminster,407
Kensington and Chelsea,180
Kensington and Chelsea,89
Southwark,130
Croydon,314
Camden,139
Camden,182
Lambeth,83
Islington,110
Hackney,46
Hackney,330
Kensington and Chelsea,83
Kensington and Chelsea,160
Lambeth,125
Tower Hamlets,219
Westminster,201
Tower Hamlets,374
Enfield,35
Barnet,87
Islington,197
Kensington and Chelsea,220
Greenwich,36
Kensington and Chelsea,306
Croydon,50
Camden,551
Haringey,89
Islington,157
Southwark,167
Wandsworth,259
Kensington and Chelsea,231
Haringey,108
Southwark,129
Westminster,156
Kensington and Chelsea,348
Westminster,900
Kensington and Chelsea,221
Waltham Forest,186
Southwark,300
Haringey,130
Harrow,43
Lewisham,50
Southwark,129
Southwark,69
Southwark,125
Westminster,156
Wandsworth,437
Southwark,90
Barnet,128
Westminster,1000
Hammersmith and Fulham,78
Bexley,27
Bexley,28
Camden,101
Bexley,26
Hammersmith and Fulham,144
Westminster,147
Waltham Forest,123
Southwark,317
Kensington and Chelsea,209
Bexley,31
Kensington and Chelsea,258
Westminster,138
Camden,333
Tower Hamlets,85
Lambeth,285
Lambeth,219
Westminster,171
Tower Hamlets,184
Westminster,123
Southwark,180
Haringey,88
Hackney,368
Kensington and Chelsea,160
Islington,116
Camden,91
Wandsworth,240
Kensington and Chelsea,194
Hackney,144
Greenwich,63
Kingston upon Thames,150
Hackney,100
Hackney,117
Lambeth,117
Westminster,944
Croydon,80
Westminster,197
Lewisham,109
Greenwich,145
Greenwich,163
Wandsworth,456
Camden,136
Southwark,237
Lambeth,280
Richmond upon Thames,475
Kensington and Chelsea,203
Tower Hamlets,115
Hackney,205
Westminster,963
Westminster,809
Tower Hamlets,140
Ealing,155
Hackney,363
Tower Hamlets,209
Hackney,315
Barking and Dagenham,89
Westminster,400
Camden,120
Islington,115
Barking and Dagenham,35
Harrow,171
Ealing,184
Islington,209
Lambeth,74
Westminster,269
Kensington and Chelsea,290
Lewisham,103
Westminster,455
Hackney,190
Camden,161
Hillingdon,119
Brent,135
Westminster,224
Lambeth,68
Ealing,120
Lambeth,72
Waltham Forest,283
Kingston upon Thames,51
Hammersmith and Fulham,180
Tower Hamlets,56
Enfield,48
Lambeth,128
Wandsworth,125
Tower Hamlets,219
Barnet,153
Hounslow,112
Islington,226
Newham,70
Southwark,135
Hammersmith and Fulham,332
Hillingdon,64
Tower Hamlets,270
Wandsworth,40
Newham,100
Westminster,180
Hounslow,167
Tower Hamlets,98
Westminster,86
Tower Hamlets,77
Brent,62
Westminster,421
Westminster,55
Westminster,414
Hounslow,53
Westminster,467
Westminster,138
Hackney,59
Hackney,227
Westminster,235
Westminster,60
Westminster,376
Westminster,98
Bromley,101
Westminster,85
Barnet,70
Hammersmith and Fulham,513
Westminster,55
Westminster,50
Hammersmith and Fulham,900
Southwark,150
Tower Hamlets,41
Ealing,157
Tower Hamlets,35
Southwark,63
Kensington and Chelsea,947
Tower Hamlets,35
Tower Hamlets,37
Camden,250
Harrow,360
Kensington and Chelsea,412
Southwark,70
Hackney,99
Wandsworth,118
Lambeth,199
Kensington and Chelsea,198
Westminster,224
Tower Hamlets,45
Hackney,135
Tower Hamlets,52
Lewisham,139
Tower Hamlets,342
Tower Hamlets,45
Tower Hamlets,342
Ealing,65
Tower Hamlets,63
Tower Hamlets,342
Tower Hamlets,44
Lambeth,90
Hackney,113
Islington,69
Westminster,550
Tower Hamlets,98
Barnet,38
Newham,90
Tower Hamlets,117
Wandsworth,150
Redbridge,52
Tower Hamlets,60
Wandsworth,72
Newham,84
Wandsworth,72
Tower Hamlets,58
Wandsworth,83
Wandsworth,83
Wandsworth,83
Tower Hamlets,35
Hounslow,154
Wandsworth,76
Camden,380
Camden,150
Southwark,126
Southwark,150
Southwark,49
Kensington and Chelsea,228
Lambeth,175
Croydon,95
Lewisham,92
Islington,210
Camden,133
Islington,184
Newham,126
Westminster,300
Hounslow,62
Wandsworth,35
Hackney,445
Newham,130
Brent,208
Tower Hamlets,342
Lambeth,109
Newham,90
Westminster,630
Lewisham,72
Camden,125
Camden,228
Hackney,139
Waltham Forest,114
Camden,172
Southwark,222
Ealing,134
Islington,160
Waltham Forest,89
Southwark,65
Camden,190
Hackney,113
Wandsworth,251
Kensington and Chelsea,536
Lewisham,96
Camden,180
Camden,180
Newham,167
Camden,575
Westminster,166
Islington,135
Tower Hamlets,110
Havering,35
Westminster,356
Enfield,188
Hounslow,52
Bromley,88
Ealing,89
Westminster,431
Camden,122
Tower Hamlets,342
Kingston upon Thames,112
Hounslow,139
Lewisham,88
Haringey,41
Waltham Forest,85
Barnet,155
Westminster,397
Westminster,450
Hounslow,273
Kensington and Chelsea,254
Westminster,108
Westminster,190
Islington,690
Hackney,138
Barnet,120
Westminster,220
Hammersmith and Fulham,876
Westminster,440
Croydon,117
Westminster,108
Southwark,1078
Hammersmith and Fulham,147
Camden,123
Tower Hamlets,210
Westminster,248
Newham,41
Kensington and Chelsea,280
Tower Hamlets,112
Greenwich,169
Hammersmith and Fulham,119
Lambeth,309
Islington,50
Ealing,120
Waltham Forest,97
Newham,326
Lewisham,306
Camden,130
Islington,34
Lewisham,104
Southwark,45
Hackney,109
Lambeth,180
Waltham Forest,126
Lambeth,242
Tower Hamlets,50
Kensington and Chelsea,100
Waltham Forest,103
Bexley,140
Westminster,361
Lambeth,337
Hammersmith and Fulham,114
Westminster,644
Westminster,618
Hackney,60
Lambeth,200
Havering,36
Wandsworth,119
Newham,62
Kensington and Chelsea,156
Tower Hamlets,128
Greenwich,144
Lewisham,43
Hackney,177
Greenwich,225
Westminster,328
Kensington and Chelsea,72
Hackney,144
Hackney,370
Lambeth,350
Waltham Forest,152
Kensington and Chelsea,100
Kensington and Chelsea,90
Islington,99
Ealing,113
Islington,91
Lewisham,63
Islington,106
Lewisham,63
Westminster,233
Islington,126
Hackney,140
Waltham Forest,60
Lambeth,104
Islington,183
Greenwich,68
Redbridge,49
Hackney,125
Hackney,112
Westminster,159
Hackney,127
Newham,150
Lambeth,429
Hackney,165
Westminster,143
Tower Hamlets,106
Croydon,99
Westminster,177
Hackney,65
Southwark,130
Islington,309
Kensington and Chelsea,95
Camden,64
Kensington and Chelsea,269
Camden,65
City of London,181
Barnet,108
Westminster,175
Sutton,84
Brent,126
Islington,88
Westminster,144
Ealing,800
Hackney,45
Westminster,210
Lewisham,23
Westminster,340
Ealing,142
Westminster,405
Camden,200
Hammersmith and Fulham,185
Redbridge,39
Croydon,79
Redbridge,40
Tower Hamlets,144
Southwark,114
Hackney,250
Westminster,235
Westminster,235
Brent,142
Kensington and Chelsea,1000
Tower Hamlets,36
Lambeth,272
Newham,80
Hounslow,90
City of London,176
Kensington and Chelsea,791
Lewisham,49
Harrow,213
Ealing,37
Lewisham,45
Bromley,42
Lambeth,32
Croydon,160
Newham,80
Barking and Dagenham,127
Newham,90
Kensington and Chelsea,200
Hackney,54
Westminster,280
Lambeth,27
Southwark,49
Ealing,40
Tower Hamlets,180
Lambeth,30
Hammersmith and Fulham,40
Haringey,67
Westminster,325
Brent,80
Enfield,52
Havering,520
Havering,100
Havering,85
Croydon,143
Lambeth,170
Newham,240
Westminster,127
Westminster,273
Southwark,126
Southwark,240
Greenwich,81
Greenwich,59
Harrow,68
Newham,200
Westminster,612
Westminster,399
Westminster,283
Barnet,147
Newham,160
Newham,160
Tower Hamlets,33
Kensington and Chelsea,186
Kensington and Chelsea,195
Ealing,155
Tower Hamlets,181
Greenwich,138
Tower Hamlets,75
Waltham Forest,165
Camden,144
Westminster,421
Wandsworth,50
Islington,82
Tower Hamlets,150
Hillingdon,64
Hammersmith and Fulham,95
Newham,146
Westminster,352
Westminster,84
Tower Hamlets,42
Westminster,276
Lambeth,97
Tower Hamlets,79
Westminster,240
Haringey,95
Ealing,35
Islington,88
Southwark,144
Waltham Forest,29
Bromley,104
Merton,180
Islington,104
Lambeth,50
Harrow,69
Lambeth,122
Harrow,72
Westminster,164
Enfield,90
Southwark,126
Harrow,76
Harrow,74
Tower Hamlets,140
Kingston upon Thames,230
Southwark,36
Lambeth,162
Kensington and Chelsea,207
Lambeth,182
Brent,94
Westminster,170
Tower Hamlets,266
Westminster,156
Southwark,180
Camden,156
Islington,220
Westminster,960
Camden,267
Lambeth,476
Enfield,95
Bexley,1000
Barnet,113
Barnet,94
Barnet,101
Barnet,83
Barnet,88
Barnet,90
Barnet,86
Barnet,93
Tower Hamlets,81
Hackney,238
Wandsworth,76
Kensington and Chelsea,298
Bromley,43
Camden,166
Barnet,90
Camden,204
Islington,298
Westminster,299
Waltham Forest,63
Southwark,36
Westminster,458
Hackney,160
Westminster,159
Merton,53
Kensington and Chelsea,367
Barnet,45
Lambeth,296
Hackney,243
Westminster,626
Southwark,50
Lambeth,69
Hammersmith and Fulham,154
Tower Hamlets,67
Westminster,223
Hackney,117
Greenwich,92
Camden,145
Camden,150
Brent,45
Lambeth,58
Islington,63
Tower Hamlets,41
Newham,55
Enfield,100
Lambeth,153
Lewisham,125
Havering,141
Enfield,45
Westminster,208
Camden,111
Barnet,71
Westminster,77
Westminster,393
Islington,152
Islington,122
Tower Hamlets,282
Westminster,172
Enfield,72
Lambeth,90
Greenwich,92
Tower Hamlets,68
Greenwich,80
Merton,144
Kensington and Chelsea,220
Tower Hamlets,146
Kensington and Chelsea,181
Islington,220
Kensington and Chelsea,200
Kensington and Chelsea,180
Westminster,165
Lambeth,179
Ealing,63
Kensington and Chelsea,490
Haringey,120
Camden,160
Wandsworth,50
Islington,184
Westminster,168
Wandsworth,72
Havering,189
Southwark,325
Hackney,137
Westminster,528
Westminster,470
Westminster,529
Lambeth,59
Lambeth,38
Merton,40
Waltham Forest,86
Barnet,215
Westminster,160
Southwark,190
Kensington and Chelsea,1100
Camden,106
Camden,94
Camden,96
Westminster,84
Hackney,219
Waltham Forest,45
Islington,105
Tower Hamlets,143
Wandsworth,112
Westminster,560
Wandsworth,170
Lewisham,108
Tower Hamlets,207
Lewisham,105
Tower Hamlets,53
Redbridge,265
Lambeth,42
Kensington and Chelsea,59
Ealing,338
Kensington and Chelsea,72
Waltham Forest,117
Wandsworth,23
Hammersmith and Fulham,215
Westminster,83
Tower Hamlets,67
Tower Hamlets,107
Merton,45
Greenwich,125
Wandsworth,119
Kensington and Chelsea,210
Wandsworth,93
Kensington and Chelsea,99
Wandsworth,215
Richmond upon Thames,200
Bexley,33
Southwark,130
Sutton,75
Wandsworth,58
Bexley,43
Kensington and Chelsea,797
Redbridge,163
Southwark,153
Islington,133
Westminster,230
Bexley,120
Lewisham,150
Richmond upon Thames,113
Wandsworth,143
Wandsworth,112
Tower Hamlets,43
Camden,72
Lambeth,256
Westminster,164
Westminster,158
Westminster,158
Croydon,45
Redbridge,270
Newham,54
Westminster,163
Bromley,44
Tower Hamlets,72
Lambeth,173
Westminster,585
Kensington and Chelsea,713
Hackney,46
Southwark,92
Tower Hamlets,172
Southwark,100
Lambeth,161
Enfield,57
Tower Hamlets,81
Wandsworth,162
Wandsworth,55
Waltham Forest,63
Camden,125
Newham,40
Merton,101
Redbridge,37
Westminster,351
Westminster,255
Bromley,122
Richmond upon Thames,264
Tower Hamlets,186
Newham,133
Westminster,509
Hammersmith and Fulham,57
Hackney,67
Hackney,183
Kensington and Chelsea,247
Haringey,250
Newham,51
Westminster,148
Havering,70
Hackney,130
Southwark,46
Hounslow,90
Islington,80
Islington,135
Greenwich,45
Croydon,140
Greenwich,111
Wandsworth,113
Wandsworth,422
Brent,50
Harrow,266
Haringey,72
Merton,33
Wandsworth,250
Hammersmith and Fulham,168
Wandsworth,145
Brent,46
Tower Hamlets,60
Camden,177
Wandsworth,139
Kensington and Chelsea,51
Lewisham,63
Croydon,114
Enfield,100
Enfield,306
Richmond upon Thames,158
Barking and Dagenham,82
Newham,101
Westminster,176
Croydon,46
Westminster,266
Barnet,167
Camden,85
Lewisham,60
Brent,95
Wandsworth,337
Wandsworth,100
Merton,126
Westminster,1643
Westminster,202
Southwark,200
Hillingdon,59
Lewisham,86
Kensington and Chelsea,133
Westminster,116
Croydon,49
Harrow,163
Tower Hamlets,171
Bromley,37
Tower Hamlets,72
Waltham Forest,81
Haringey,76
Westminster,458
Islington,90
Richmond upon Thames,72
Hillingdon,59
Camden,667
Hackney,120
Hounslow,170
Hackney,320
Southwark,81
Islington,171
Tower Hamlets,186
Kensington and Chelsea,405
Hounslow,52
Westminster,64
Brent,93
Hammersmith and Fulham,113
Westminster,4484
Kensington and Chelsea,556
Westminster,4565
Westminster,3858
Haringey,70
Islington,81
Brent,105
Camden,57
Brent,117
Brent,107
Brent,38
Croydon,63
Barnet,79
Barnet,78
Kensington and Chelsea,369
Croydon,196
Croydon,196
Hammersmith and Fulham,150
Wandsworth,382
Westminster,317
Hammersmith and Fulham,135
Lambeth,65
Merton,87
Redbridge,486
Lambeth,25106
Hillingdon,351
Westminster,215
Islington,416
Brent,42
Brent,54
Brent,37
Brent,65
Brent,37
Southwark,95
Hammersmith and Fulham,36
Wandsworth,92
Hounslow,60
Greenwich,68
Tower Hamlets,71
Camden,1174
Camden,517
Tower Hamlets,43
Camden,1153
Camden,267
Greenwich,225
Hillingdon,111
Kensington and Chelsea,95
Camden,257
Wandsworth,441
Islington,77
Hounslow,115
Islington,1200
Islington,261
Ealing,160
Camden,225
Camden,600
Southwark,253
Camden,441
Enfield,50
Camden,648
Camden,139
Camden,583
Camden,583
Camden,467
Camden,519
Camden,1108
Camden,1183
Haringey,51
Sutton,42
Greenwich,165
Haringey,81
Camden,324
Hackney,110
Haringey,113
Islington,188
Lewisham,49
Ealing,55
Lewisham,171
Newham,120
Camden,4000
Brent,39
Wandsworth,31
Camden,294
Camden,330
Wandsworth,63
Islington,475
Lambeth,180
Southwark,68
Wandsworth,110
Barnet,238
Wandsworth,93
Lambeth,600
Hammersmith and Fulham,400
Lewisham,41
Tower Hamlets,104
Tower Hamlets,229
Hackney,163
Tower Hamlets,95
Lambeth,50
Barnet,96
Barnet,108
Bromley,36
Merton,355
Westminster,144
Hounslow,171
Camden,268
Islington,132
Westminster,245
Islington,140
Islington,104
Lewisham,72
Kingston upon Thames,161
Redbridge,31
Westminster,336
Hillingdon,93
Tower Hamlets,160
Tower Hamlets,89
Barnet,132
Wandsworth,209
Camden,285
Lambeth,117
Camden,378
Wandsworth,41
Wandsworth,52
Wandsworth,42
Tower Hamlets,63
Greenwich,76
Islington,115
Kensington and Chelsea,101
Islington,132
Islington,98
Islington,97
Islington,95
Hackney,62
Islington,140
Islington,129
Kensington and Chelsea,90
Westminster,143
Hammersmith and Fulham,81
Southwark,360
Camden,169
Waltham Forest,247
Tower Hamlets,90
Islington,137
Southwark,53
Enfield,47
Islington,133
Islington,1393
Islington,338
Croydon,110
Islington,310
Lambeth,158
Islington,291
Islington,278
Islington,292
Islington,1538
Havering,211
Merton,156
Barnet,36
Hackney,214
Kensington and Chelsea,35
Richmond upon Thames,147
Hackney,60
Wandsworth,43
Wandsworth,66
Camden,68
Westminster,375
Kensington and Chelsea,38
Kensington and Chelsea,42
Newham,117
Kensington and Chelsea,85
Kensington and Chelsea,93
Kensington and Chelsea,129
Kensington and Chelsea,129
Kensington and Chelsea,43
Camden,399
Hammersmith and Fulham,197
Newham,201
Islington,73
Islington,197
Islington,179
Westminster,443
Southwark,89
Lambeth,29
Hounslow,170
Newham,50
Southwark,324
Newham,54
Camden,231
Newham,54
Newham,50
Lambeth,26
Kensington and Chelsea,500
Hackney,53
Lambeth,26
Wandsworth,42
Haringey,100
Camden,107
Greenwich,145
Camden,144
Camden,176
Lambeth,29
Southwark,220
Lambeth,29
Lambeth,53
Camden,138
Westminster,406
Richmond upon Thames,261
Westminster,305
Brent,117
Wandsworth,41
Harrow,119
Bexley,156
Wandsworth,41
Kensington and Chelsea,144
Islington,212
Newham,150
Merton,82
Sutton,45
Tower Hamlets,169
Westminster,124
Westminster,10890
Lewisham,286
Waltham Forest,153
Waltham Forest,47
Tower Hamlets,175
Tower Hamlets,270
Westminster,135
Westminster,168
Tower Hamlets,134
Wandsworth,601
Lambeth,160
Wandsworth,63
Brent,48
Westminster,245
Camden,475
Kensington and Chelsea,85
Lambeth,102
Tower Hamlets,81
Islington,95
Hackney,197
Hammersmith and Fulham,270
Tower Hamlets,62
Southwark,58
Kensington and Chelsea,438
Barnet,227
Southwark,69
Barnet,191
Tower Hamlets,100
Barnet,147
Westminster,148
Barking and Dagenham,30
Bexley,34
Southwark,56
Kensington and Chelsea,108
Ealing,125
Kensington and Chelsea,359
Ealing,158
Barnet,400
Hammersmith and Fulham,81
Westminster,555
Southwark,160
Tower Hamlets,50
Tower Hamlets,70
City of London,188
Tower Hamlets,185
Tower Hamlets,190
Newham,193
Southwark,194
Barnet,150
Wandsworth,82
Richmond upon Thames,198
Hammersmith and Fulham,48
Bexley,29
Richmond upon Thames,206
Tower Hamlets,70
Brent,160
Redbridge,75
Tower Hamlets,102
Hammersmith and Fulham,256
Haringey,180
Newham,901
Waltham Forest,61
Croydon,40
Wandsworth,39
Newham,800
Greenwich,112
Barking and Dagenham,100
Kensington and Chelsea,119
Tower Hamlets,105
Islington,93
Ealing,108
Richmond upon Thames,74
Westminster,138
Southwark,90
Southwark,68
Bexley,38
Southwark,57
Wandsworth,136
Bexley,85
Lambeth,126
Camden,77
Lewisham,30
Ealing,91
Bromley,72
Merton,116
Lambeth,236
Croydon,56
Newham,800
Greenwich,238
Tower Hamlets,203
Newham,80
Richmond upon Thames,72
Westminster,98
Westminster,125
Westminster,107
Westminster,163
Kensington and Chelsea,82
Kensington and Chelsea,360
Barking and Dagenham,82
Westminster,108
Islington,261
Haringey,85
Tower Hamlets,261
Hounslow,184
Havering,251
Redbridge,138
Haringey,68
Ealing,83
Camden,221
Tower Hamlets,182
Merton,54
Barking and Dagenham,160
Sutton,115
Croydon,192
Hammersmith and Fulham,100
Lambeth,340
Wandsworth,48
Croydon,153
Wandsworth,51
Islington,129
Hounslow,66
Haringey,48
Haringey,68
Brent,47
Southwark,167
Wandsworth,33
Haringey,80
Brent,36
Ealing,108
Tower Hamlets,65
Kensington and Chelsea,130
Waltham Forest,158
Lambeth,220
Camden,384
Camden,515
Westminster,99
Barnet,80
Barking and Dagenham,300
Barking and Dagenham,171
Redbridge,125
Croydon,54
Southwark,77
Westminster,529
Wandsworth,296
Tower Hamlets,251
Tower Hamlets,47
Havering,113
Richmond upon Thames,294
Lambeth,83
Merton,450
Westminster,163
Southwark,176
Brent,230
Camden,147
Westminster,204
Waltham Forest,47
Tower Hamlets,388
Kensington and Chelsea,118
Lewisham,174
Tower Hamlets,144
Enfield,180
Camden,292
Wandsworth,51
Westminster,166
Barking and Dagenham,181
Tower Hamlets,90
Ealing,77
Wandsworth,33
Lewisham,56
Hackney,60
Haringey,42
Hammersmith and Fulham,175
Merton,252
Westminster,63
Redbridge,216
Westminster,642
Hammersmith and Fulham,56
Barking and Dagenham,68
Barnet,82
Barking and Dagenham,72
Barking and Dagenham,68
Newham,155
Richmond upon Thames,194
Haringey,55
Kensington and Chelsea,260
City of London,225
Wandsworth,200
Barnet,45
Kensington and Chelsea,210
Hammersmith and Fulham,538
Southwark,215
City of London,285
Lambeth,189
Lambeth,75
Lambeth,85
Westminster,239
Brent,46
Camden,556
Westminster,630
Tower Hamlets,40
City of London,285
Kensington and Chelsea,145
City of London,225
Haringey,298
Bromley,117
Westminster,218
Westminster,173
Tower Hamlets,60
Ealing,75
Greenwich,48
Ealing,204
Hounslow,38
Southwark,234
Westminster,359
Hackney,164
Hackney,242
Barking and Dagenham,77
Merton,45
Redbridge,89
Tower Hamlets,90
Westminster,176
Westminster,176
Westminster,203
Waltham Forest,48
Westminster,125
Hammersmith and Fulham,258
Westminster,545
Wandsworth,175
Waltham Forest,48
Westminster,132
Westminster,258
Hackney,70
Islington,144
Haringey,258
Bromley,75
Kensington and Chelsea,140
Lambeth,207
Hammersmith and Fulham,75
Brent,96
Wandsworth,243
Southwark,142
Southwark,179
Lambeth,351
Barnet,32
Westminster,346
Hackney,156
Islington,257
Tower Hamlets,168
Westminster,231
Wandsworth,57
Greenwich,237
Bexley,32
Westminster,372
Southwark,179
Barking and Dagenham,131
Camden,234
Havering,158
Southwark,135
Brent,314
Southwark,194
Westminster,403
Southwark,158
Merton,53
Croydon,92
Hillingdon,27
Westminster,240
Lewisham,51
Westminster,522
Hackney,489
Tower Hamlets,139
Tower Hamlets,462
Westminster,112
Kensington and Chelsea,702
Camden,66
Camden,50
Harrow,38
Lewisham,144
Wandsworth,171
Southwark,125
Tower Hamlets,207
Tower Hamlets,237
Kensington and Chelsea,242
Hounslow,60
Lewisham,111
Kensington and Chelsea,157
Kensington and Chelsea,157
Camden,155
Hackney,82
Lewisham,186
Haringey,179
Harrow,71
Westminster,156
Merton,64
Kensington and Chelsea,325
Islington,243
Barnet,86
Hillingdon,320
Tower Hamlets,40
Waltham Forest,91
Harrow,71
Harrow,71
Harrow,63
Harrow,64
Harrow,64
Harrow,64
Harrow,71
Harrow,65
Kensington and Chelsea,665
Hackney,100
Brent,81
Tower Hamlets,40
Wandsworth,140
Hackney,110
Barnet,120
Brent,92
Lambeth,275
Camden,202
Tower Hamlets,108
Tower Hamlets,40
Wandsworth,77
Croydon,85
Ealing,262
Bexley,37
Hammersmith and Fulham,148
Hackney,216
Westminster,125
Southwark,172
Waltham Forest,370
Barnet,67
Redbridge,80
Tower Hamlets,71
Hackney,180
Hackney,115
Tower Hamlets,47
Tower Hamlets,46
Tower Hamlets,48
Haringey,99
Camden,195
Croydon,160
Kensington and Chelsea,210
Tower Hamlets,359
Tower Hamlets,487
Westminster,112
Redbridge,297
Camden,338
Westminster,453
Hackney,136
Kensington and Chelsea,425
Merton,67
Tower Hamlets,213
Westminster,341
Haringey,130
Hillingdon,135
Hackney,135
Kensington and Chelsea,140
Kensington and Chelsea,68
Camden,135
Islington,105
Hackney,110
Islington,59
Hammersmith and Fulham,364
Barnet,104
Hounslow,64
Merton,149
Newham,34
Westminster,143
Croydon,38
Tower Hamlets,140
Camden,126
Westminster,155
Westminster,97
Kensington and Chelsea,199
Islington,108
Kensington and Chelsea,199
Camden,221
Westminster,122
Brent,45
Richmond upon Thames,299
Southwark,200
Kensington and Chelsea,190
Camden,176
Redbridge,43
Bromley,400
Lewisham,68
Tower Hamlets,270
Kensington and Chelsea,380
Tower Hamlets,255
Southwark,31
Waltham Forest,79
Waltham Forest,363
Tower Hamlets,65
Waltham Forest,128
Harrow,89
Hackney,63
Tower Hamlets,77
Newham,288
Tower Hamlets,77
Bexley,80
Waltham Forest,315
Wandsworth,48
Westminster,424
Tower Hamlets,49
Wandsworth,342
Haringey,160
Newham,42
Enfield,27
Westminster,257
Bromley,50
Southwark,132
Tower Hamlets,324
Tower Hamlets,91
Tower Hamlets,47
Camden,115
Camden,459
Hillingdon,32
Southwark,180
Westminster,510
Barnet,88
Camden,81
Hackney,87
Islington,154
Greenwich,27
Greenwich,27
Greenwich,25
Greenwich,24
Greenwich,68
Camden,51
Wandsworth,163
Hammersmith and Fulham,249
Tower Hamlets,165
Hammersmith and Fulham,88
Hammersmith and Fulham,88
Haringey,51
Ealing,81
Kensington and Chelsea,285
Islington,230
Waltham Forest,27
Brent,107
Lambeth,75
Southwark,43
Havering,128
Southwark,111
Westminster,316
Waltham Forest,199
Barnet,123
Ealing,124
Camden,343
Southwark,272
Waltham Forest,675
Redbridge,174
Redbridge,195
Redbridge,150
Redbridge,189
Ealing,78
Redbridge,121
Kensington and Chelsea,236
Hammersmith and Fulham,65
Tower Hamlets,257
Croydon,145
Brent,50
Islington,80
Westminster,135
Croydon,56
Haringey,379
City of London,180
Enfield,37
Waltham Forest,179
Hackney,260
Hackney,81
Croydon,91
Barnet,233
Westminster,900
Haringey,75
Islington,78
Tower Hamlets,206
Westminster,363
Lambeth,50
Haringey,148
Haringey,148
Haringey,138
Hammersmith and Fulham,146
Haringey,72
Southwark,144
Croydon,72
Greenwich,682
Kensington and Chelsea,74
Brent,126
Enfield,33
Westminster,145
Sutton,68
Hammersmith and Fulham,81
Brent,88
Hammersmith and Fulham,85
Camden,102
Camden,147
Lambeth,56
Lewisham,30
Sutton,112
Newham,92
Newham,99
Newham,105
Croydon,98
Camden,137
Westminster,140
Haringey,225
Wandsworth,209
Sutton,45
Barnet,71
Richmond upon Thames,200
Sutton,69
Lewisham,170
Kensington and Chelsea,270
Southwark,1133
Barking and Dagenham,913
Wandsworth,72
Westminster,359
Brent,65
Hackney,109
Westminster,300
Wandsworth,109
Barnet,236
Southwark,111
Bromley,86
Croydon,71
Merton,87
Westminster,509
Westminster,558
Lambeth,95
Hounslow,110
Hackney,1979
Westminster,114
Westminster,749
Camden,119
Southwark,180
Hammersmith and Fulham,50
Westminster,102
Westminster,98
Hackney,129
Waltham Forest,325
Tower Hamlets,245
Wandsworth,80
Westminster,108
Wandsworth,90
Hounslow,250
Camden,149
Westminster,193
Southwark,108
Lambeth,203
Southwark,69
Westminster,103
Camden,69
Islington,120
Brent,527
Westminster,352
Tower Hamlets,84
Kensington and Chelsea,522
Westminster,157
Westminster,171
Westminster,9680
Brent,77
Westminster,1650
Wandsworth,95
Hammersmith and Fulham,114
Wandsworth,297
Newham,100
Sutton,62
Westminster,893
Lambeth,58
Westminster,986
Westminster,251
Greenwich,40
Westminster,186
Westminster,1000
Westminster,260
Southwark,147
Hammersmith and Fulham,84
Camden,59
Lewisham,101
Bexley,66
Newham,54
Lambeth,102
Enfield,209
Croydon,40
Greenwich,150
Tower Hamlets,100
Wandsworth,219
Kensington and Chelsea,278
Camden,267
Camden,286
Ealing,179
Greenwich,55
Kensington and Chelsea,195
Camden,70
Hammersmith and Fulham,240
Newham,78
Westminster,724
Barnet,207
Islington,97
Waltham Forest,45
Kensington and Chelsea,399
Redbridge,45
Hackney,173
Bromley,160
Southwark,98
Greenwich,44
Wandsworth,225
Wandsworth,338
Wandsworth,534
Richmond upon Thames,242
Merton,41
Kensington and Chelsea,42
Southwark,92
Croydon,47
Lewisham,32
Islington,96
Hounslow,90
Waltham Forest,43
Kensington and Chelsea,409
Camden,377
Camden,208
Hackney,200
Harrow,58
Wandsworth,195
Westminster,135
Lewisham,49
Camden,320
Harrow,70
Enfield,99
Ealing,77
Ealing,65
Harrow,84
Kensington and Chelsea,536
Tower Hamlets,50
Newham,161
Waltham Forest,163
Harrow,98
Southwark,72
Southwark,54
Brent,56
Barnet,116
Westminster,150
Hackney,209
Waltham Forest,27
Newham,77
Camden,246
Hackney,80
Harrow,64
Kensington and Chelsea,241
Wandsworth,173
Ealing,158
Wandsworth,177
Tower Hamlets,200
Brent,63
Hounslow,80
Harrow,198
Camden,94
Lambeth,80
Kensington and Chelsea,741
Southwark,252
Enfield,228
Wandsworth,94
Newham,175
Merton,32
Tower Hamlets,200
Camden,106
Camden,106
Haringey,57
Wandsworth,283
Kensington and Chelsea,466
Wandsworth,699
Lambeth,451
Hackney,192
Southwark,90
Barking and Dagenham,160
Westminster,140
Camden,121
Hackney,153
Wandsworth,65
Wandsworth,258
Tower Hamlets,95
Newham,191
Newham,101
Barnet,97
Brent,47
Croydon,159
Wandsworth,227
Bromley,91
Southwark,182
Camden,100
Kensington and Chelsea,100
Camden,65
Wandsworth,169
Sutton,41
Southwark,242
Sutton,88
Croydon,97
Islington,197
Brent,72
Barnet,380
Westminster,113
Merton,35
Westminster,548
Harrow,72
Redbridge,41
Harrow,68
Lambeth,150
Hackney,176
Camden,683
Hackney,173
Hackney,142
Westminster,500
Hackney,136
Harrow,87
Lambeth,50
Tower Hamlets,200
Waltham Forest,58
Westminster,154
Redbridge,196
Westminster,117
Westminster,129
Bromley,347
Islington,192
Waltham Forest,47
Haringey,133
Southwark,130
Tower Hamlets,330
Westminster,308
Newham,49
Southwark,60
Brent,77
Brent,94
Greenwich,42
Southwark,82
Sutton,114
Islington,293
Camden,219
Hackney,86
Wandsworth,90
Hackney,115
Harrow,85
Harrow,100
Westminster,301
Camden,134
Greenwich,133
Richmond upon Thames,62
Westminster,342
Wandsworth,76
Barnet,44
Brent,135
Waltham Forest,36
Westminster,124
Hackney,58
Hackney,148
Hackney,130
Hackney,145
Lewisham,84
Ealing,133
Merton,154
Hackney,126
Hackney,124
Kensington and Chelsea,550
Brent,141
Westminster,215
Westminster,159
Brent,158
Kensington and Chelsea,71
Camden,426
Wandsworth,295
Tower Hamlets,56
Merton,67
Barnet,323
Islington,200
Barnet,90
Wandsworth,300
Southwark,108
Wandsworth,90
Hounslow,68
Southwark,98
Newham,54
Kensington and Chelsea,454
Westminster,99
Bromley,59
Westminster,560
Southwark,124
Wandsworth,168
Waltham Forest,103
Brent,50
Redbridge,120
Westminster,243
Wandsworth,365
Westminster,238
Brent,384
Ealing,655
Wandsworth,69
Westminster,256
Tower Hamlets,123
Havering,45
Westminster,170
Ealing,45
Barnet,297
Tower Hamlets,196
Tower Hamlets,379
Camden,308
Tower Hamlets,162
Islington,293
Islington,123
Tower Hamlets,105
Hackney,200
Camden,185
Havering,206
Ealing,153
Hammersmith and Fulham,260
Westminster,278
Brent,103
Westminster,476
Newham,225
Southwark,144
Hammersmith and Fulham,245
Tower Hamlets,72
Croydon,63
Redbridge,72
Southwark,69
Barnet,147
Westminster,302
Lambeth,186
Westminster,804
Newham,65
Brent,106
Ealing,324
Southwark,184
Camden,147
Tower Hamlets,124
Kensington and Chelsea,235
Newham,304
Camden,79
Islington,241
Islington,290
Hammersmith and Fulham,119
Kensington and Chelsea,244
Westminster,239
Hackney,72
Hounslow,54
Westminster,259
Greenwich,296
Hammersmith and Fulham,95
Newham,243
Newham,244
Newham,177
Ealing,95
Lewisham,84
Islington,161
Camden,232
Hackney,153
Westminster,372
Hackney,532
Camden,315
Camden,122
Camden,122
Camden,122
Camden,106
Camden,106
Camden,106
Westminster,308
Camden,106
Camden,122
Westminster,375
Harrow,219
Greenwich,76
Hackney,128
Brent,286
Westminster,3000
Lewisham,168
Merton,177
Camden,112
Hackney,64
Haringey,261
Camden,179
Camden,108
Westminster,171
Brent,46
Newham,51
Greenwich,158
Westminster,18
Southwark,477
Wandsworth,68
Camden,54
Southwark,450
Tower Hamlets,108
Camden,304
Camden,88
Tower Hamlets,186
Camden,45
Merton,292
Islington,136
Merton,105
Wandsworth,65
Wandsworth,65
Wandsworth,65
Wandsworth,65
Camden,155
Wandsworth,65
Wandsworth,65
Wandsworth,65
Wandsworth,59
Wandsworth,59
Wandsworth,71
Wandsworth,71
Islington,162
Merton,59
Merton,59
Merton,59
Merton,59
Wandsworth,53
Wandsworth,53
Wandsworth,53
Wandsworth,53
Wandsworth,53
Barnet,272
Camden,106
Croydon,209
Ealing,55
Camden,112
Haringey,131
Merton,200
Barnet,64
Barnet,111
Tower Hamlets,53
Hammersmith and Fulham,304
Westminster,270
Wandsworth,138
Wandsworth,180
Newham,90
Wandsworth,70
Westminster,221
Bexley,130
Westminster,250
Wandsworth,153
Lambeth,44
Redbridge,162
Camden,126
Westminster,492
Hackney,239
Westminster,414
Haringey,58
Camden,115
Lambeth,86
Lambeth,64
Tower Hamlets,540
Tower Hamlets,540
Tower Hamlets,540
Tower Hamlets,540
Southwark,88
Ealing,155
Kingston upon Thames,66
Lambeth,110
Kensington and Chelsea,1800
Lambeth,350
Tower Hamlets,363
Brent,41
Haringey,120
Wandsworth,135
Lambeth,164
Westminster,141
Islington,64
Barnet,286
Brent,694
Hackney,142
Islington,132
Brent,72
Bromley,53
Hammersmith and Fulham,86
Southwark,184
Southwark,68
Barnet,150
Kensington and Chelsea,285
Westminster,175
Kensington and Chelsea,360
Lambeth,314
Newham,192
Westminster,379
Tower Hamlets,1440
Westminster,350
Westminster,308
Westminster,214
Westminster,255
Westminster,358
Hammersmith and Fulham,50
Hammersmith and Fulham,75
Westminster,900
Barnet,171
Westminster,900
Camden,128
Westminster,900
Westminster,900
Bromley,68
Camden,158
Lambeth,90
Bromley,147
Southwark,35
Merton,144
Harrow,60
Hammersmith and Fulham,50
Westminster,236
Camden,900
Brent,438
Kingston upon Thames,54
Newham,66
Newham,64
Lambeth,119
Westminster,179
Wandsworth,138
Wandsworth,54
Bromley,162
Kensington and Chelsea,200
Southwark,221
Barnet,119
Wandsworth,51
Wandsworth,220
Wandsworth,135
Tower Hamlets,164
Hammersmith and Fulham,152
Kensington and Chelsea,435
Kensington and Chelsea,298
Lambeth,45
Greenwich,187
Westminster,224
Hackney,73
Islington,109
Wandsworth,54
Greenwich,36
Camden,171
Enfield,60
Islington,121
Tower Hamlets,117
Islington,166
Bromley,71
Westminster,613
Camden,1324
Westminster,2123
Kensington and Chelsea,405
Kensington and Chelsea,944
Southwark,91
Hackney,144
Brent,144
Camden,609
Barking and Dagenham,80
Tower Hamlets,65
Hammersmith and Fulham,122
Hammersmith and Fulham,122
Hammersmith and Fulham,122
Tower Hamlets,136
Hammersmith and Fulham,122
Camden,162
Westminster,126
Havering,155
Camden,603
Wandsworth,397
Merton,158
Camden,395
Tower Hamlets,100
Brent,114
Westminster,285
Wandsworth,380
Islington,150
Hackney,318
Camden,486
Newham,70
Richmond upon Thames,32
Westminster,530
Sutton,35
Wandsworth,60
Kensington and Chelsea,270
Tower Hamlets,10
Camden,441
Wandsworth,255
Haringey,144
Westminster,325
Westminster,412
Westminster,238
Westminster,241
Westminster,264
Westminster,282
Westminster,292
Westminster,147
Westminster,731
Westminster,493
Westminster,464
Westminster,445
Westminster,257
Westminster,214
Westminster,1250
Islington,156
Wandsworth,114
Lambeth,248
Lambeth,106
Hackney,230
Hackney,35
Waltham Forest,107
Merton,45
Hammersmith and Fulham,48
Richmond upon Thames,60
Westminster,463
Westminster,312
Hackney,150
Croydon,109
Kingston upon Thames,360
Kingston upon Thames,360
Lambeth,53
Lambeth,169
Brent,225
Hammersmith and Fulham,170
Newham,189
Haringey,126
Camden,90
Kensington and Chelsea,369
Croydon,89
Westminster,405
Southwark,68
Southwark,72
Kingston upon Thames,135
Hammersmith and Fulham,457
Newham,682
Westminster,113
Brent,100
Kensington and Chelsea,342
Ealing,68
Islington,215
Brent,119
Westminster,519
Kensington and Chelsea,342
Lewisham,180
Westminster,367
Barnet,81
Newham,237
Kensington and Chelsea,360
Southwark,112
Greenwich,49
Hammersmith and Fulham,149
Haringey,170
Bromley,140
Kensington and Chelsea,373
Southwark,134
Camden,110
Newham,117
Tower Hamlets,248
Wandsworth,72
Kensington and Chelsea,253
Kensington and Chelsea,303
Lambeth,65
Newham,39
Islington,119
Kensington and Chelsea,104
Newham,54
Wandsworth,135
Greenwich,51
Westminster,494
Hillingdon,48
Greenwich,50
Hammersmith and Fulham,51
Tower Hamlets,225
Richmond upon Thames,70
Richmond upon Thames,50
Wandsworth,354
Greenwich,49
Hackney,255
Wandsworth,3325
Camden,160
Westminster,285
Kensington and Chelsea,138
Merton,100
Islington,360
Kensington and Chelsea,176
Westminster,85
Haringey,95
Southwark,96
Wandsworth,171
Lambeth,175
Lambeth,369
Richmond upon Thames,75
Southwark,330
Tower Hamlets,235
Westminster,182
Camden,131
Waltham Forest,159
Southwark,135
Ealing,42
Tower Hamlets,69
Brent,201
Barnet,44
Redbridge,104
Kensington and Chelsea,72
Haringey,180
Hounslow,193
Brent,124
Kingston upon Thames,40
Hackney,55
Waltham Forest,158
Sutton,45
Lambeth,72
Southwark,53
Hackney,190
Westminster,279
Waltham Forest,40
Tower Hamlets,79
Haringey,199
Tower Hamlets,102
Camden,271
Hackney,125
Hackney,56
Kensington and Chelsea,350
Lambeth,248
Camden,171
Ealing,50
Kensington and Chelsea,1900
Ealing,122
Waltham Forest,34
Waltham Forest,124
Greenwich,83
Camden,154
Hackney,138
Kensington and Chelsea,168
Barnet,100
Hounslow,297
Kensington and Chelsea,176
Westminster,222
Tower Hamlets,283
Tower Hamlets,373
Barnet,109
Barking and Dagenham,49
Ealing,315
Westminster,131
Brent,109
Brent,55
Brent,67
Brent,90
Hammersmith and Fulham,214
Lewisham,117
Havering,43
Tower Hamlets,185
Islington,115
Westminster,120
Enfield,80
Waltham Forest,39
Wandsworth,191
Havering,36
Brent,45
Haringey,156
Haringey,57
Camden,241
Haringey,57
Westminster,438
Ealing,84
Tower Hamlets,77
Westminster,106
Westminster,115
Westminster,172
Westminster,138
Barnet,67
Lambeth,135
Tower Hamlets,225
Westminster,318
Camden,89
Barking and Dagenham,42
Westminster,435
Haringey,54
Haringey,54
Ealing,51
Tower Hamlets,135
Haringey,54
Islington,192
Haringey,53
Waltham Forest,141
Kensington and Chelsea,80
Richmond upon Thames,153
Islington,117
Camden,70
Newham,72
Southwark,227
Lambeth,163
Westminster,376
Harrow,64
Hammersmith and Fulham,144
Southwark,184
Hammersmith and Fulham,144
Ealing,102
Hammersmith and Fulham,224
Kensington and Chelsea,833
Hammersmith and Fulham,103
Hounslow,65
Kensington and Chelsea,274
Wandsworth,450
Hackney,40
Waltham Forest,128
Tower Hamlets,249
Hackney,126
Islington,133
Lambeth,55
Westminster,339
Westminster,281
Westminster,223
Westminster,419
Southwark,140
Richmond upon Thames,217
Kensington and Chelsea,83
Wandsworth,78
Kensington and Chelsea,417
Wandsworth,63
Lambeth,90
Hackney,148
Lambeth,70
Waltham Forest,149
City of London,192
Ealing,97
Westminster,481
Greenwich,140
Newham,172
Southwark,117
Ealing,95
Westminster,385
Westminster,476
Westminster,350
Camden,139
Camden,76
Ealing,167
Kensington and Chelsea,351
Westminster,307
Hackney,130
Camden,115
Westminster,387
Westminster,312
Lewisham,100
Camden,285
Camden,386
Westminster,313
Tower Hamlets,80
Kensington and Chelsea,438
Hackney,104
Tower Hamlets,221
Camden,433
Kensington and Chelsea,533
Brent,77
Islington,171
Tower Hamlets,178
Camden,262
Kensington and Chelsea,163
Westminster,307
Wandsworth,300
Barnet,51
Newham,163
Ealing,88
Barnet,83
Tower Hamlets,62
Barking and Dagenham,212
Hammersmith and Fulham,219
Southwark,184
Southwark,184
Southwark,184
Merton,50
Westminster,60
Ealing,227
Kensington and Chelsea,230
Kensington and Chelsea,181
Southwark,184
Camden,134
Tower Hamlets,217
Hillingdon,3000
Kensington and Chelsea,875
Westminster,175
Westminster,493
Westminster,529
Southwark,964
Westminster,529
Enfield,70
Islington,132
Hammersmith and Fulham,116
Tower Hamlets,248
Southwark,66
Camden,170
Camden,150
Hackney,280
Westminster,272
Westminster,433
Westminster,429
Greenwich,183
Newham,169
Kensington and Chelsea,90
Hillingdon,31
Barnet,139
Kensington and Chelsea,100
Greenwich,106
Tower Hamlets,145
Hammersmith and Fulham,53
Lewisham,126
Tower Hamlets,549
Ealing,360
Westminster,108
Westminster,243
Westminster,114
Westminster,68
Hackney,119
Southwark,86
Camden,222
Waltham Forest,48
Camden,237
Camden,237
Camden,237
Camden,222
Camden,222
Camden,237
Camden,237
Kensington and Chelsea,170
Camden,292
Camden,300
Camden,300
Camden,292
Islington,166
Camden,292
Camden,300
Camden,303
Camden,300
Camden,342
Camden,444
Camden,446
Southwark,128
Camden,298
Camden,298
Camden,298
Westminster,126
Camden,298
Camden,298
Camden,298
Camden,348
Camden,348
Camden,398
Camden,398
Camden,398
Camden,398
Tower Hamlets,232
Camden,398
Camden,454
Camden,510
Camden,447
Camden,844
Camden,844
Greenwich,71
Camden,146
Redbridge,100
Barnet,90
Havering,68
Southwark,52
Tower Hamlets,95
Lambeth,60
Westminster,222
Hackney,160
Enfield,228
Kensington and Chelsea,70
Islington,43
Harrow,279
Newham,160
Hackney,209
Waltham Forest,54
Wandsworth,450
Merton,38
Hammersmith and Fulham,79
Islington,120
Islington,123
Haringey,322
Islington,115
Merton,38
Brent,70
Harrow,35
Barnet,80
Barnet,116
Hounslow,175
City of London,269
Kensington and Chelsea,843
City of London,296
City of London,323
City of London,334
City of London,350
Brent,40
Lambeth,370
Wandsworth,695
Lambeth,145
Newham,41
Newham,260
Harrow,198
Lambeth,675
City of London,273
City of London,284
City of London,306
City of London,327
Wandsworth,190
Wandsworth,450
Hackney,59
Westminster,162
Camden,65
Ealing,120
Tower Hamlets,90
Kensington and Chelsea,177
Hounslow,38
Tower Hamlets,200
Southwark,130
Camden,144
Tower Hamlets,206
Camden,1304
Merton,95
Tower Hamlets,392
Islington,146
Camden,95
Kensington and Chelsea,175
Westminster,455
Greenwich,203
Westminster,443
Tower Hamlets,306
Kensington and Chelsea,222
Kensington and Chelsea,1018
Southwark,90
Islington,214
Tower Hamlets,295
Tower Hamlets,45
Ealing,90
Ealing,100
Harrow,323
Tower Hamlets,289
Tower Hamlets,204
Kensington and Chelsea,192
Kensington and Chelsea,200
Kensington and Chelsea,187
Merton,37
Kensington and Chelsea,600
Kensington and Chelsea,128
Wandsworth,174
Tower Hamlets,85
Enfield,173
Islington,165
City of London,185
Lewisham,33
Islington,111
Lewisham,180
Kensington and Chelsea,183
Wandsworth,63
Hackney,36
Enfield,161
Southwark,162
Enfield,172
Hackney,110
Greenwich,108
Newham,183
Greenwich,54
Westminster,418
Islington,70
Greenwich,95
Barnet,90
Hammersmith and Fulham,192
Greenwich,108
Tower Hamlets,422
Newham,77
Greenwich,104
Hammersmith and Fulham,451
Greenwich,104
Kensington and Chelsea,1035
Waltham Forest,56
Hammersmith and Fulham,195
Newham,35
Hackney,215
Ealing,75
Merton,488
Ealing,110
Islington,131
Westminster,2376
Islington,58
Islington,57
Haringey,60
Croydon,33
Brent,236
Hackney,192
Kensington and Chelsea,272
Westminster,143
Ealing,159
Camden,188
Lambeth,128
Lambeth,77
Sutton,114
Kensington and Chelsea,620
Tower Hamlets,176
Southwark,86
Hackney,57
Westminster,156
Hackney,54
Hackney,57
Hackney,57
Camden,237
Hackney,122
Brent,51
Westminster,284
Kingston upon Thames,45
Westminster,115
Southwark,133
Westminster,140
Lewisham,733
Westminster,127
Tower Hamlets,45
Brent,195
Camden,207
Greenwich,59
Southwark,122
Lewisham,73
Kensington and Chelsea,200
Hackney,144
Enfield,86
Camden,190
Brent,147
Brent,94
Kensington and Chelsea,164
Islington,155
Kensington and Chelsea,167
Kensington and Chelsea,176
Kensington and Chelsea,230
Kensington and Chelsea,235
Hammersmith and Fulham,332
Camden,91
Harrow,123
Hammersmith and Fulham,230
Westminster,342
Hammersmith and Fulham,270
Camden,273
Westminster,112
Tower Hamlets,173
Lewisham,60
Ealing,270
Sutton,105
Tower Hamlets,171
Westminster,326
Greenwich,238
Harrow,35
Kensington and Chelsea,742
Hounslow,90
Tower Hamlets,47
Westminster,213
Kensington and Chelsea,175
Ealing,94
Westminster,82
Westminster,553
Tower Hamlets,81
Ealing,82
Westminster,137
Lambeth,77
Tower Hamlets,53
Greenwich,76
Hounslow,91
City of London,239
Haringey,62
Hackney,99
Hounslow,89
Islington,296
Camden,121
Kensington and Chelsea,140
Merton,36
Hammersmith and Fulham,92
Ealing,160
Tower Hamlets,167
Hammersmith and Fulham,122
Tower Hamlets,46
Kensington and Chelsea,388
Tower Hamlets,48
Tower Hamlets,76
Tower Hamlets,54
Camden,300
Islington,163
Enfield,42
Barking and Dagenham,172
Tower Hamlets,36
Enfield,34
Newham,47
Wandsworth,117
Westminster,154
Kensington and Chelsea,324
Lambeth,100
Ealing,202
Redbridge,32
Lewisham,54
Waltham Forest,54
Tower Hamlets,76
Lambeth,426
Westminster,214
Wandsworth,92
Lambeth,164
Westminster,120
Wandsworth,195
Sutton,52
Lambeth,160
Sutton,60
Greenwich,135
Camden,66
Westminster,253
Hammersmith and Fulham,260
Bromley,240
Islington,94
Wandsworth,129
Merton,171
Lambeth,124
Westminster,109
Lambeth,75
Westminster,190
Hammersmith and Fulham,77
Kingston upon Thames,88
Kensington and Chelsea,477
Kensington and Chelsea,130
Merton,137
Greenwich,157
Islington,230
Brent,45
Hackney,95
Islington,101
Haringey,208
Westminster,5000
Tower Hamlets,349
Tower Hamlets,366
City of London,309
Hackney,198
Westminster,108
Brent,125
Brent,110
Kensington and Chelsea,261
Ealing,144
Westminster,216
Hammersmith and Fulham,110
Hackney,316
Lewisham,120
Greenwich,341
Westminster,288
Lambeth,270
Newham,196
Kensington and Chelsea,81
Westminster,318
Camden,205
Brent,38
Lewisham,40
Bromley,135
Camden,245
Kensington and Chelsea,220
Brent,230
Kensington and Chelsea,540
Brent,119
Brent,127
Brent,98
Wandsworth,316
Kensington and Chelsea,296
Ealing,83
Hackney,123
Westminster,277
Bexley,34
Brent,580
Greenwich,83
Tower Hamlets,45
Tower Hamlets,87
Islington,109
Lambeth,61
Barking and Dagenham,90
Hackney,214
Westminster,271
Lambeth,86
Lambeth,87
Southwark,72
Bexley,739
Waltham Forest,92
Southwark,66
Tower Hamlets,166
Hammersmith and Fulham,117
Tower Hamlets,300
Enfield,148
Tower Hamlets,338
Westminster,397
Southwark,252
Hillingdon,51
Wandsworth,350
Kensington and Chelsea,237
Ealing,79
Southwark,140
Kensington and Chelsea,166
Westminster,115
Richmond upon Thames,144
Westminster,266
Southwark,217
Hillingdon,221
Wandsworth,161
Tower Hamlets,300
Newham,268
Southwark,86
Hillingdon,336
Hounslow,44
Kensington and Chelsea,89
Ealing,89
Kensington and Chelsea,130
Westminster,453
Enfield,54
Southwark,58
Ealing,150
Wandsworth,45
Barking and Dagenham,32
Islington,84
Islington,68
Islington,92
Ealing,105
Greenwich,146
Camden,198
Greenwich,285
Haringey,38
Islington,280
Kensington and Chelsea,101
Westminster,187
Hounslow,87
Richmond upon Thames,85
Wandsworth,119
City of London,258
Southwark,54
City of London,236
Westminster,622
Westminster,134
Hammersmith and Fulham,39
Camden,198
Westminster,223
Richmond upon Thames,253
Westminster,45
Kensington and Chelsea,881
Kensington and Chelsea,328
Kensington and Chelsea,108
Kensington and Chelsea,1035
Camden,101
Newham,115
Ealing,176
Croydon,152
Lambeth,296
Ealing,88
Kensington and Chelsea,117
Westminster,500
Southwark,200
Haringey,40
Greenwich,35
Ealing,100
Ealing,70
Lambeth,266
Kensington and Chelsea,176
Tower Hamlets,39
Westminster,250
Hammersmith and Fulham,353
Lambeth,62
Tower Hamlets,50
Kensington and Chelsea,1025
Westminster,218
Hackney,120
Tower Hamlets,70
Tower Hamlets,119
Lewisham,94
Southwark,98
Newham,201
Newham,285
Lambeth,537
Wandsworth,670
Southwark,351
Kingston upon Thames,62
Tower Hamlets,303
Tower Hamlets,335
Barking and Dagenham,63
Southwark,68
Lambeth,80
Islington,218
Lambeth,386
Lambeth,124
Westminster,837
Kensington and Chelsea,40
Westminster,975
Ealing,95
Ealing,86
Ealing,59
Ealing,81
Islington,128
Lambeth,252
Lambeth,329
Lambeth,406
Ealing,85
Newham,120
Wandsworth,190
Newham,120
Richmond upon Thames,228
Westminster,1132
Westminster,150
Greenwich,99
Haringey,95
Lambeth,233
Hackney,148
Lambeth,213
Merton,180
Haringey,131
Lambeth,233
Lambeth,233
Southwark,45
Newham,43
Islington,105
Westminster,775
Islington,141
City of London,228
Kensington and Chelsea,360
City of London,320
City of London,206
City of London,217
Merton,405
Hackney,77
Westminster,203
Westminster,98
Westminster,70
Southwark,78
Havering,27
Westminster,148
Waltham Forest,243
Kingston upon Thames,189
Merton,59
Lambeth,145
Kensington and Chelsea,381
Southwark,149
Lambeth,126
Westminster,414
Hammersmith and Fulham,76
Tower Hamlets,220
Westminster,224
Lambeth,258
Westminster,385
Tower Hamlets,118
Westminster,431
Westminster,375
Lambeth,233
Westminster,355
Ealing,184
Westminster,408
Westminster,445
Westminster,512
Lambeth,233
Tower Hamlets,170
Tower Hamlets,142
Tower Hamlets,60
Lewisham,163
Westminster,535
Westminster,465
Tower Hamlets,116
Southwark,69
Lewisham,25
Sutton,43
Wandsworth,203
Tower Hamlets,215
Tower Hamlets,93
Westminster,94
Ealing,46
Westminster,68
Westminster,90
Richmond upon Thames,225
Tower Hamlets,95
Westminster,107
Bexley,41
Hackney,85
Newham,55
Westminster,122
Ealing,59
Southwark,86
Barnet,86
Hackney,176
Camden,176
Croydon,153
Lewisham,69
Kensington and Chelsea,113
Hackney,33
Lewisham,186
Hackney,509
Hackney,114
Croydon,117
Newham,64
Southwark,342
Havering,41
Hackney,127
Hackney,78
Kensington and Chelsea,190
Lambeth,136
Hackney,113
Sutton,35
Kensington and Chelsea,360
Sutton,122
Islington,146
Hillingdon,72
Westminster,116
Tower Hamlets,62
Tower Hamlets,107
Kensington and Chelsea,502
Hackney,117
Brent,104
Havering,172
Merton,213
Ealing,162
Ealing,139
Southwark,159
Westminster,259
Westminster,225
Kingston upon Thames,103
Greenwich,527
Bexley,197
Camden,147
Lambeth,45
Camden,90
Kensington and Chelsea,778
Hackney,166
Hammersmith and Fulham,192
Lambeth,55
Tower Hamlets,117
Brent,95
Lambeth,177
Tower Hamlets,108
Camden,239
Camden,131
Southwark,80
Westminster,949
Southwark,71
Merton,303
Hammersmith and Fulham,128
Hammersmith and Fulham,55
Waltham Forest,522
Waltham Forest,536
Hammersmith and Fulham,32
Brent,122
Southwark,63
Westminster,350
Westminster,409
Tower Hamlets,95
Lambeth,49
Lewisham,103
Camden,171
Merton,70
Haringey,54
Islington,95
Wandsworth,156
Kensington and Chelsea,185
Hammersmith and Fulham,136
Greenwich,120
Barking and Dagenham,257
Westminster,158
Westminster,139
Kensington and Chelsea,428
Newham,156
Tower Hamlets,95
Haringey,91
Ealing,270
Kensington and Chelsea,288
Tower Hamlets,58
Brent,205
Brent,189
Greenwich,237
Hammersmith and Fulham,53
Camden,180
Wandsworth,150
Waltham Forest,87
Westminster,78
Hackney,278
Lambeth,136
Enfield,45
Wandsworth,225
Greenwich,116
Newham,423
Lewisham,338
Westminster,183
Lewisham,54
Lambeth,178
Tower Hamlets,243
Tower Hamlets,48
Brent,43
Westminster,88
Newham,34
Redbridge,60
Islington,68
Waltham Forest,185
Haringey,83
Southwark,81
Barnet,102
Brent,140
Kensington and Chelsea,342
Enfield,215
Hammersmith and Fulham,135
Haringey,107
Haringey,117
Camden,350
Lewisham,109
Newham,334
Westminster,263
Westminster,300
Kensington and Chelsea,238
Tower Hamlets,235
Enfield,134
Tower Hamlets,44
Tower Hamlets,47
Camden,92
Hackney,117
Haringey,142
Hammersmith and Fulham,72
Lewisham,161
Enfield,79
Kingston upon Thames,268
Hounslow,1222
Hounslow,39
Barnet,53
Wandsworth,710
Lambeth,97
Camden,117
Barnet,150
Tower Hamlets,135
Brent,41
Redbridge,41
Southwark,165
Westminster,423
Westminster,397
Westminster,2302
Lambeth,84
Lambeth,87
Lambeth,78
Hammersmith and Fulham,394
Hammersmith and Fulham,238
Southwark,135
Hammersmith and Fulham,399
Hillingdon,24
Hammersmith and Fulham,285
Waltham Forest,113
Bexley,124
Sutton,44
Bromley,104
Redbridge,43
Southwark,92
Tower Hamlets,45
Ealing,125
Tower Hamlets,176
Lambeth,68
Islington,80
Croydon,135
Islington,149
Islington,80
Islington,80
Waltham Forest,153
Kensington and Chelsea,2303
Hackney,29
Tower Hamlets,170
Camden,276
Camden,260
Brent,29
Westminster,272
Westminster,600
Westminster,58
Kensington and Chelsea,198
Camden,293
Camden,439
Lewisham,117
Ealing,53
Ealing,45
Islington,91
Greenwich,149
Hammersmith and Fulham,101
Lewisham,52
Camden,144
Bexley,53
Camden,160
Kensington and Chelsea,582
Westminster,557
Lambeth,55
Barnet,168
Croydon,24
Tower Hamlets,74
Tower Hamlets,74
Westminster,172
Lambeth,99
Hammersmith and Fulham,271
Camden,218
Greenwich,297
Barnet,135
Greenwich,122
Camden,380
Waltham Forest,90
Camden,162
Camden,168
Kensington and Chelsea,383
Hammersmith and Fulham,136
Kensington and Chelsea,188
Hammersmith and Fulham,102
Southwark,63
Southwark,126
Southwark,126
Southwark,126
Southwark,135
Lewisham,78
Lewisham,109
Greenwich,24
Lambeth,54
Tower Hamlets,211
Islington,312
Westminster,66
Camden,460
Camden,140
Islington,65
Lewisham,27
Brent,136
Havering,38
Hounslow,35
Richmond upon Thames,270
Camden,66
Haringey,226
Bromley,81
Greenwich,113
Hammersmith and Fulham,158
Brent,30
Southwark,136
Brent,2000
Camden,103
Brent,213
Kingston upon Thames,55
Kensington and Chelsea,256
Tower Hamlets,172
Waltham Forest,39
Westminster,148
Southwark,148
Hammersmith and Fulham,77
Tower Hamlets,255
Tower Hamlets,140
Newham,44
Bromley,48
Bromley,50
Brent,162
Wandsworth,83
Hammersmith and Fulham,137
Westminster,379
Westminster,382
Bromley,56
Kingston upon Thames,134
Southwark,72
Westminster,753
Westminster,173
Redbridge,44
Redbridge,29
Islington,201
Tower Hamlets,32
Lambeth,150
Westminster,204
Kensington and Chelsea,137
Tower Hamlets,175
Westminster,300
Lambeth,105
Southwark,99
Kingston upon Thames,171
Kensington and Chelsea,671
Enfield,36
Kensington and Chelsea,386
Waltham Forest,43
Hounslow,301
Hammersmith and Fulham,314
Hammersmith and Fulham,195
Camden,73
Westminster,200
Southwark,87
Westminster,104
Westminster,206
Lewisham,140
Croydon,78
Richmond upon Thames,144
Kingston upon Thames,350
Westminster,225
Hackney,143
Brent,70
Southwark,111
Westminster,474
Islington,180
Southwark,42
Camden,78
Greenwich,135
Westminster,270
Greenwich,201
Tower Hamlets,176
Camden,109
Camden,53
Islington,63
Greenwich,205
Tower Hamlets,112
Wandsworth,105
Barnet,72
Hackney,63
Waltham Forest,167
Tower Hamlets,383
Westminster,447
City of London,102
Camden,191
Camden,114
Sutton,140
Camden,265
Camden,108
Camden,90
Camden,63
Haringey,259
Camden,89
Westminster,132
Camden,100
Richmond upon Thames,120
Westminster,122
Camden,97
Redbridge,45
Southwark,80
Ealing,350
Tower Hamlets,77
Hillingdon,62
Hammersmith and Fulham,138
Kensington and Chelsea,862
Hammersmith and Fulham,90
Kensington and Chelsea,535
Tower Hamlets,564
Waltham Forest,98
Kensington and Chelsea,612
Newham,211
Ealing,260
Hackney,410
Hammersmith and Fulham,232
Islington,395
Hackney,306
Lewisham,168
Westminster,96
Waltham Forest,72
Tower Hamlets,114
Camden,65
Newham,180
Greenwich,123
Barnet,153
Southwark,800
Newham,97
Westminster,251
Hackney,110
Westminster,125
Croydon,115
Greenwich,30
Westminster,443
Wandsworth,39
Hackney,133
Westminster,443
Southwark,238
Westminster,156
Ealing,32
Southwark,81
Westminster,147
Hackney,145
Croydon,400
Hammersmith and Fulham,99
Camden,230
Hammersmith and Fulham,79
Richmond upon Thames,125
Hammersmith and Fulham,743
Westminster,246
Islington,154
Tower Hamlets,404
Islington,110
Southwark,135
Haringey,136
Lewisham,42
Westminster,709
Haringey,113
Camden,114
Hackney,115
Islington,123
Westminster,606
Southwark,126
Southwark,126
Southwark,187
City of London,436
Westminster,518
Hackney,110
Hackney,143
Islington,262
Tower Hamlets,329
Hackney,143
Wandsworth,164
Islington,220
Southwark,183
Waltham Forest,143
Newham,206
Croydon,78
Westminster,493
Ealing,118
Redbridge,92
Tower Hamlets,47
Islington,640
Southwark,228
Lewisham,252
Westminster,212
Westminster,850
Westminster,383
Westminster,232
Kensington and Chelsea,100
Westminster,234
Lambeth,90
Ealing,256
Westminster,322
Waltham Forest,32
Kensington and Chelsea,175
Westminster,233
Tower Hamlets,141
Tower Hamlets,156
Tower Hamlets,182
Tower Hamlets,217
Southwark,176
Westminster,85
Westminster,218
Tower Hamlets,59
Bexley,51
Islington,374
Tower Hamlets,42
Tower Hamlets,45
Kensington and Chelsea,266
Westminster,77
Camden,149
Westminster,195
Westminster,81
Barnet,153
Enfield,72
Hackney,206
Islington,55
Westminster,186
Hackney,63
Barnet,240
Westminster,95
Hammersmith and Fulham,334
Westminster,77
Waltham Forest,96
Barnet,52
Barnet,47
Barnet,52
Southwark,147
Kingston upon Thames,64
Newham,255
Kensington and Chelsea,217
Camden,246
Westminster,503
Kensington and Chelsea,100
Kensington and Chelsea,115
Kensington and Chelsea,571
Kensington and Chelsea,500
Kensington and Chelsea,500
Kensington and Chelsea,500
Lambeth,46
City of London,100
Kensington and Chelsea,200
Kensington and Chelsea,571
Kensington and Chelsea,571
Kensington and Chelsea,571
Kensington and Chelsea,571
Kensington and Chelsea,571
Kensington and Chelsea,571
Kensington and Chelsea,571
City of London,500
City of London,500
City of London,500
City of London,500
City of London,500
Hounslow,128
Westminster,211
Kensington and Chelsea,259
Bexley,206
Barnet,135
Lambeth,80
Sutton,94
Westminster,47
Hammersmith and Fulham,305
Hammersmith and Fulham,90
Lambeth,213
Hammersmith and Fulham,78
Enfield,207
Lambeth,186
Islington,59
Hammersmith and Fulham,398
Hounslow,38
Islington,56
Camden,137
Barking and Dagenham,79
Hillingdon,44
Lambeth,65
Ealing,89
Southwark,124
Lambeth,233
Greenwich,41
Southwark,81
Southwark,102
Southwark,131
Southwark,72
Westminster,94
Westminster,87
Westminster,97
Wandsworth,34
Westminster,91
Westminster,82
Westminster,143
Westminster,236
Westminster,297
Ealing,29
Waltham Forest,110
Islington,138
Greenwich,80
Westminster,105
Westminster,99
Westminster,500
Westminster,95
Westminster,143
Westminster,88
Westminster,90
Westminster,85
Westminster,224
Westminster,311
Hammersmith and Fulham,125
Merton,300
Newham,177
Westminster,763
Camden,160
Westminster,746
Camden,243
Barnet,144
Hillingdon,301
Haringey,131
Tower Hamlets,42
Brent,33
Waltham Forest,63
Haringey,180
Westminster,181
Wandsworth,40
Camden,155
Camden,197
Brent,44
Tower Hamlets,241
Islington,146
Tower Hamlets,248
Tower Hamlets,166
Camden,52
Greenwich,63
Bexley,50
Wandsworth,113
Islington,64
Wandsworth,395
Tower Hamlets,180
Westminster,135
Lewisham,112
Haringey,43
Richmond upon Thames,166
Westminster,107
Barnet,56
Islington,78
Tower Hamlets,105
Southwark,142
Redbridge,28
Barnet,56
Tower Hamlets,229
Richmond upon Thames,110
Westminster,242
Westminster,143
Hounslow,65
Haringey,115
Waltham Forest,143
Havering,144
Kensington and Chelsea,218
Islington,170
Southwark,35
Hackney,117
Southwark,108
Camden,282
Kensington and Chelsea,135
Westminster,709
Lambeth,176
Greenwich,104
Southwark,119
Kensington and Chelsea,363
Tower Hamlets,234
Hillingdon,102
Westminster,640
Kensington and Chelsea,156
Lambeth,118
Barnet,150
Wandsworth,288
Wandsworth,121
Tower Hamlets,38
Southwark,222
Hammersmith and Fulham,77
Hammersmith and Fulham,270
Newham,135
Westminster,166
Westminster,121
Kensington and Chelsea,158
Hammersmith and Fulham,219
Ealing,78
Ealing,81
Hammersmith and Fulham,291
Camden,293
Westminster,255
Kensington and Chelsea,175
Lambeth,176
Lambeth,298
Havering,183
Southwark,246
Lambeth,160
Westminster,155
Hackney,403
Wandsworth,360
Tower Hamlets,198
Haringey,229
Hounslow,210
Hammersmith and Fulham,578
Barnet,66
Brent,78
Ealing,74
Ealing,34
Newham,72
Redbridge,191
Islington,371
Merton,192
Camden,173
Hillingdon,63
Bexley,92
Croydon,150
Barnet,34
Westminster,120
Camden,45
Westminster,198
Merton,600
Wandsworth,264
Kingston upon Thames,150
Westminster,247
Lambeth,161
Kensington and Chelsea,157
Camden,102
Islington,605
Kensington and Chelsea,748
Kensington and Chelsea,549
Kensington and Chelsea,63
Westminster,303
Westminster,182
Bromley,188
Barnet,188
Hackney,59
Hammersmith and Fulham,127
Hammersmith and Fulham,93
Hammersmith and Fulham,85
Hammersmith and Fulham,100
Tower Hamlets,200
Camden,460
Kensington and Chelsea,240
Camden,44
Westminster,144
Camden,510
Lambeth,90
Tower Hamlets,216
Westminster,216
Westminster,182
Lewisham,105
Westminster,57
Waltham Forest,97
Southwark,360
Barnet,64
Westminster,141
Lambeth,143
Westminster,296
Kensington and Chelsea,200
Hillingdon,63
Bexley,31
Westminster,242
Camden,560
Camden,467
Southwark,165
Kensington and Chelsea,253
Barnet,86
Camden,289
Camden,264
Hammersmith and Fulham,124
Barnet,244
Hounslow,55
Westminster,102
Hillingdon,51
Merton,320
Islington,331
Kensington and Chelsea,226
Westminster,751
Hillingdon,229
Newham,272
Southwark,96
Westminster,325
Tower Hamlets,107
Camden,185
Kensington and Chelsea,1000
Camden,394
Westminster,342
Westminster,177
Islington,238
Redbridge,138
Westminster,277
Ealing,77
Greenwich,83
Greenwich,83
Greenwich,83
Westminster,90
Richmond upon Thames,109
Kensington and Chelsea,57
Lambeth,59
Ealing,64
Haringey,136
Waltham Forest,230
Hackney,149
Barking and Dagenham,81
Wandsworth,187
Camden,279
Westminster,106
Kensington and Chelsea,242
Hammersmith and Fulham,285
Tower Hamlets,110
Sutton,39
Brent,30812
Haringey,140
Havering,101
Westminster,199
Tower Hamlets,159
Westminster,87
Westminster,50
Waltham Forest,94
Camden,240
Westminster,226
Newham,41
Wandsworth,230
Westminster,250
Tower Hamlets,135
Hounslow,167
Harrow,41
Havering,80
Lambeth,52
Camden,89
Westminster,226
Westminster,150
Havering,80
Kensington and Chelsea,135
Kensington and Chelsea,253
Kensington and Chelsea,172
Camden,240
Hackney,125
Tower Hamlets,32
Lambeth,84
Brent,172
Lambeth,66
Barking and Dagenham,134
Hackney,163
Islington,102
Camden,216
Westminster,104
Greenwich,105
Southwark,181
Hammersmith and Fulham,195
Southwark,298
Merton,54
Ealing,114
Lambeth,133
Kensington and Chelsea,191
Tower Hamlets,81
Tower Hamlets,149
Merton,145
Lambeth,71
Westminster,398
Waltham Forest,40
Hillingdon,58
Brent,204
Merton,38
Westminster,82
Brent,55
Lambeth,61
Harrow,32
Merton,225
Greenwich,40
Greenwich,47
Hillingdon,87
Camden,72
Tower Hamlets,360
Lambeth,69
Westminster,199
Lambeth,55
Lambeth,60
Tower Hamlets,271
Lambeth,75
Tower Hamlets,94
Tower Hamlets,140
Haringey,77
Kensington and Chelsea,198
Lambeth,45
Tower Hamlets,65
Lewisham,75
Hackney,250
Westminster,2363
Brent,90
Merton,112
Waltham Forest,43
Waltham Forest,180
Newham,47
Waltham Forest,43
Hammersmith and Fulham,215
Redbridge,86
Westminster,374
Barnet,98
Westminster,80
Kensington and Chelsea,297
Westminster,240
Wandsworth,2500
Enfield,215
Islington,45
Waltham Forest,172
Enfield,270
Hammersmith and Fulham,261
Camden,85
Barking and Dagenham,147
Redbridge,175
Havering,463
Ealing,146
Barnet,152
Brent,89
Westminster,114
Islington,57
Westminster,103
Westminster,138
Brent,153
Greenwich,57
Kensington and Chelsea,225
Waltham Forest,57
Islington,171
Islington,136
Bromley,215
Islington,117
Lewisham,160
Islington,119
Islington,126
Islington,114
Tower Hamlets,323
Kensington and Chelsea,153
Hackney,133
Camden,442
Hackney,91
Westminster,635
Lambeth,352
Kensington and Chelsea,377
Westminster,272
Sutton,77
Lewisham,41
Redbridge,160
Westminster,164
Hackney,32
Camden,69
Westminster,180
Hackney,131
Tower Hamlets,167
Islington,132
Southwark,77
Wandsworth,113
Ealing,48
Westminster,125
Lambeth,85
Tower Hamlets,378
Southwark,450
Waltham Forest,175
Westminster,272
Lewisham,150
Islington,62
Tower Hamlets,121
Bromley,37
Wandsworth,220
Redbridge,94
Lewisham,561
Kensington and Chelsea,120
Haringey,70
Lewisham,86
Barnet,43
Richmond upon Thames,450
Tower Hamlets,146
Newham,54
Wandsworth,154
Lambeth,120
Barnet,40
Barnet,61
Newham,133
Westminster,124
Tower Hamlets,78
Tower Hamlets,298
Wandsworth,290
Newham,161
Westminster,155
Sutton,40
Haringey,55
Havering,50
Kensington and Chelsea,150
Hackney,108
Brent,73
Merton,65
Kensington and Chelsea,237
Southwark,347
Southwark,234
Havering,28
Kensington and Chelsea,236
Hackney,81
Kensington and Chelsea,212
Brent,73
Tower Hamlets,90
Lambeth,270
Kensington and Chelsea,200
Enfield,183
Westminster,413
Waltham Forest,143
Hackney,95
Bexley,48
Lambeth,44
Hackney,90
Newham,59
Lambeth,312
Camden,206
Haringey,171
Enfield,64
Camden,158
Camden,126
Camden,194
Hammersmith and Fulham,135
Hammersmith and Fulham,327
Camden,93
Kensington and Chelsea,110
Tower Hamlets,150
Tower Hamlets,41
Camden,207
Camden,224
Camden,230
Camden,303
Camden,484
Hammersmith and Fulham,168
Kensington and Chelsea,293
Camden,528
Lambeth,121
Westminster,3223
Lambeth,176
Westminster,311
Westminster,581
Tower Hamlets,112
Camden,309
Wandsworth,180
Greenwich,87
Camden,328
Barnet,281
Westminster,144
Croydon,56
Croydon,56
Westminster,231
Kensington and Chelsea,326
Westminster,226
Kensington and Chelsea,70
Camden,312
Sutton,44
Brent,143
Islington,189
Bexley,56
Westminster,1332
Westminster,239
Newham,106
Westminster,1760
Kensington and Chelsea,304
Southwark,200
Barnet,165
Bromley,57
Kensington and Chelsea,140
Bromley,44
Tower Hamlets,164
Bromley,47
Bromley,39
Croydon,42
Tower Hamlets,46
Hammersmith and Fulham,171
Hammersmith and Fulham,145
Westminster,185
Barking and Dagenham,141
Havering,49
Kingston upon Thames,124
Lewisham,35
Lambeth,138
Wandsworth,133
Lambeth,147
Ealing,72
Hounslow,352
Barnet,77
Westminster,146
Newham,198
Greenwich,135
Southwark,108
Newham,85
Newham,250
Barking and Dagenham,183
Haringey,412
Westminster,119
Redbridge,60
Newham,81
Hackney,166
Kensington and Chelsea,93
Westminster,70
Wandsworth,96
Camden,180
Lambeth,90
Lambeth,72
Lambeth,72
Lambeth,72
Lambeth,81
Lambeth,162
Wandsworth,180
Havering,52
Hackney,109
Haringey,152
Redbridge,61
Haringey,63
Hackney,126
Waltham Forest,84
Ealing,45
Waltham Forest,114
Westminster,105
Richmond upon Thames,361
Islington,150
Greenwich,113
Hackney,171
Bromley,108
Hounslow,136
Newham,34
Camden,219
Westminster,70
Lewisham,167
Barnet,43
Westminster,119
Southwark,192
Sutton,136
Haringey,48
Hammersmith and Fulham,90
Newham,233
Lambeth,213
Haringey,58
Islington,129
Wandsworth,269
Lambeth,45
Hammersmith and Fulham,341
Wandsworth,210
Camden,120
Kensington and Chelsea,363
Westminster,407
Westminster,195
Kensington and Chelsea,300
Hackney,162
Hounslow,139
Islington,354
Barnet,187
Newham,156
Ealing,178
Lambeth,62
Tower Hamlets,192
Merton,137
Merton,84
Tower Hamlets,206
Barnet,127
Barnet,179
Tower Hamlets,158
Hackney,93
Ealing,97
Camden,96
Camden,97
Waltham Forest,45
Lambeth,52
Lambeth,63
Hackney,171
Bexley,138
Kensington and Chelsea,592
Hammersmith and Fulham,146
Croydon,51
Hammersmith and Fulham,236
Lewisham,57
Westminster,150
Kensington and Chelsea,129
Hounslow,13
Westminster,369
Lambeth,47
Kensington and Chelsea,206
Tower Hamlets,184
Hillingdon,90
Wandsworth,133
Ealing,52
Hackney,56
Islington,111
Hackney,108
Hackney,85
Camden,100
Camden,80
Enfield,57
Kensington and Chelsea,374
Tower Hamlets,412
Enfield,226
Merton,122
Hounslow,72
Islington,276
Tower Hamlets,171
Southwark,51
Westminster,213
Newham,78
Lewisham,174
Greenwich,139
Westminster,107
Merton,180
Islington,129
Merton,113
Enfield,32
Redbridge,72
Waltham Forest,315
Wandsworth,159
Tower Hamlets,106
Westminster,500
Westminster,500
Greenwich,68
Westminster,500
Westminster,1000
Islington,63
Hammersmith and Fulham,143
Westminster,275
Southwark,292
Hillingdon,79
Greenwich,36
Lambeth,107
Tower Hamlets,50
Westminster,176
Barnet,147
Hackney,162
Newham,135
Kensington and Chelsea,121
Southwark,500
Westminster,195
Hackney,57
Westminster,189
Wandsworth,59
Hammersmith and Fulham,60
Newham,168
Newham,249
Newham,143
Wandsworth,135
Hackney,174
Westminster,194
Merton,630
Wandsworth,120
Westminster,238
Newham,37
Ealing,88
Southwark,179
Westminster,164
Wandsworth,500
Sutton,114
Kensington and Chelsea,117
Tower Hamlets,67
Kensington and Chelsea,186
Greenwich,42
Wandsworth,119
Tower Hamlets,128
Kensington and Chelsea,186
Hammersmith and Fulham,228
Kensington and Chelsea,190
Wandsworth,77
Westminster,500
Kensington and Chelsea,199
Kensington and Chelsea,500
Tower Hamlets,55
Kensington and Chelsea,500
Southwark,70
Camden,500
Hammersmith and Fulham,274
Tower Hamlets,47
Kensington and Chelsea,500
Kensington and Chelsea,500
Tower Hamlets,49
Islington,271
Westminster,117
Waltham Forest,162
Bromley,63
Tower Hamlets,177
Tower Hamlets,90
Bromley,51
Bromley,63
Greenwich,43
Bromley,50
Bromley,51
Bromley,62
Southwark,180
Bromley,51
Bromley,53
Bromley,46
Barnet,70
Wandsworth,145
Kingston upon Thames,1000
Brent,140
Richmond upon Thames,125
Westminster,136
Westminster,140
Waltham Forest,177
Hammersmith and Fulham,127
Wandsworth,81
Brent,37
Westminster,123
Tower Hamlets,32
Westminster,121
Tower Hamlets,35
Tower Hamlets,31
Newham,111
Westminster,331
Merton,44
Camden,289
Bromley,140
Hounslow,52
Hammersmith and Fulham,278
Kensington and Chelsea,262
Redbridge,36
Sutton,121
Hackney,45
Ealing,936
Redbridge,37
Kensington and Chelsea,586
Hackney,297
Richmond upon Thames,241
Westminster,291
Tower Hamlets,37
Hounslow,130
Tower Hamlets,35
Westminster,169
Westminster,205
Islington,80
Wandsworth,85
Ealing,161
Richmond upon Thames,315
Wandsworth,600
Hackney,108
Westminster,444
Tower Hamlets,87
Westminster,338
Wandsworth,122
Barking and Dagenham,53
Brent,58
Kensington and Chelsea,188
Camden,500
Southwark,110
Hackney,135
Tower Hamlets,180
Kensington and Chelsea,360
Greenwich,44
Tower Hamlets,202
Camden,88
Wandsworth,81
Westminster,250
Tower Hamlets,117
Kensington and Chelsea,586
Brent,48
Barnet,72
Wandsworth,160
Kingston upon Thames,134
Hammersmith and Fulham,72
Wandsworth,405
Westminster,350
Hammersmith and Fulham,192
Newham,400
Hillingdon,215
Croydon,41
Camden,128
Camden,217
Lewisham,129
Newham,44
Wandsworth,98
Camden,388
Barnet,154
Kingston upon Thames,152
Wandsworth,216
Newham,44
Lambeth,126
Brent,200
Westminster,271
Wandsworth,397
Tower Hamlets,184
Merton,270
Newham,516
Westminster,110
Haringey,133
Islington,80
Camden,309
Haringey,63
Croydon,65
Bexley,1200
Newham,158
Tower Hamlets,103
Croydon,126
Wandsworth,75
Bexley,29
Brent,980
Camden,83
Tower Hamlets,240
Hammersmith and Fulham,320
Richmond upon Thames,121
Brent,31
Kensington and Chelsea,400
Bromley,59
City of London,408
Harrow,70
Westminster,222
Hounslow,104
Southwark,210
Tower Hamlets,53
Lewisham,165
Lambeth,130
Barnet,180
Brent,51
Barnet,130
Brent,50
Brent,67
Camden,174
Brent,55
Brent,99
Brent,60
Merton,108
Redbridge,133
Kensington and Chelsea,131
Lewisham,45
Hounslow,60
Richmond upon Thames,145
Barnet,285
Westminster,521
Westminster,77
Haringey,73
Tower Hamlets,288
Kensington and Chelsea,100
Barnet,140
Tower Hamlets,80
Tower Hamlets,224
Enfield,207
Tower Hamlets,67
Waltham Forest,49
Waltham Forest,96
Barking and Dagenham,350
Camden,442
Southwark,36
Merton,150
Enfield,58
Newham,109
Islington,103
Croydon,40
Waltham Forest,40
Islington,88
Greenwich,122
Islington,169
Lambeth,254
Lewisham,179
Newham,185
Waltham Forest,47
Wandsworth,232
Barnet,240
Southwark,68
Camden,333
Tower Hamlets,42
Hackney,270
Hammersmith and Fulham,295
Lambeth,43
Wandsworth,566
Havering,32
Tower Hamlets,72
Richmond upon Thames,121
Richmond upon Thames,125
Kensington and Chelsea,240
Ealing,90
Richmond upon Thames,155
Waltham Forest,45
Hackney,110
Hammersmith and Fulham,81
Newham,160
Southwark,51
Kensington and Chelsea,174
Kensington and Chelsea,128
Lambeth,55
Lambeth,99
Tower Hamlets,50
Westminster,144
Westminster,125
Richmond upon Thames,54
Tower Hamlets,219
Ealing,277
Greenwich,180
Barnet,121
Tower Hamlets,208
Kensington and Chelsea,90
Hackney,104
Hackney,117
Kensington and Chelsea,387
Richmond upon Thames,90
Lambeth,57
Hammersmith and Fulham,122
Ealing,144
Westminster,444
Camden,239
Camden,215
Camden,324
Wandsworth,48
Greenwich,67
Camden,79
Hounslow,24
Islington,64
Barnet,187
Kensington and Chelsea,300
Waltham Forest,99
Tower Hamlets,153
Westminster,54
Lambeth,233
Croydon,36
Hackney,152
Newham,225
Lambeth,108
Barnet,88
Camden,85
Lambeth,83
Lewisham,45
Ealing,77
Camden,400
Wandsworth,405
Croydon,232
Brent,170
Bromley,171
Redbridge,63
Ealing,67
Havering,43
Hammersmith and Fulham,77
Kensington and Chelsea,183
Redbridge,133
Havering,136
Wandsworth,50
Newham,32
Kensington and Chelsea,300
Haringey,66
Southwark,171
Greenwich,170
Tower Hamlets,101
Merton,234
Westminster,107
Westminster,571
Newham,196
Westminster,95
Ealing,72
Ealing,83
Lambeth,112
Wandsworth,162
Tower Hamlets,270
Barnet,499
Lewisham,43
Lewisham,40
Kensington and Chelsea,270
Islington,88
Greenwich,127
Wandsworth,180
Kingston upon Thames,36
Westminster,531
Islington,300
Kensington and Chelsea,363
Westminster,119
Westminster,149
Brent,57
Southwark,131
Kensington and Chelsea,236
Barnet,270
Tower Hamlets,140
Islington,187
Barking and Dagenham,288
Hammersmith and Fulham,57
Camden,166
Lewisham,89
Wandsworth,88
Kensington and Chelsea,240
Greenwich,50
Camden,107
Hillingdon,122
Kensington and Chelsea,221
Lambeth,35
Merton,53
Brent,81
Newham,187
Westminster,375
Wandsworth,619
Waltham Forest,50
Wandsworth,67
Westminster,97
Greenwich,101
Islington,86
Brent,74
Brent,74
Islington,528
Southwark,45
Kensington and Chelsea,200
Hounslow,44
Westminster,586
Kensington and Chelsea,231
Hounslow,155
Southwark,60
Hackney,113
Greenwich,78
Camden,300
Westminster,180
Kensington and Chelsea,238
Westminster,306
Westminster,161
Westminster,165
Lambeth,169
Westminster,173
Kensington and Chelsea,463
Ealing,126
Lambeth,101
Hackney,157
Westminster,188
Brent,47
Hounslow,57
Westminster,105
Lambeth,63
Brent,112
Hackney,54
Westminster,1500
Westminster,1435
Waltham Forest,146
Bromley,78
Barnet,71
Bromley,73
Islington,98
Islington,93
Kensington and Chelsea,993
Barnet,37
Camden,217
Enfield,35
Wandsworth,40
Camden,158
Westminster,181
Kensington and Chelsea,173
Greenwich,41
Camden,72
Tower Hamlets,174
Brent,59
Islington,64
Haringey,104
Hounslow,60
Kensington and Chelsea,232
Redbridge,518
Westminster,154
Westminster,143
Westminster,268
Westminster,170
Tower Hamlets,153
Southwark,137
Sutton,36
Ealing,73
Bexley,86
Haringey,47
Sutton,149
Harrow,69
Brent,167
Kensington and Chelsea,248
Waltham Forest,155
Newham,56
Greenwich,36
Redbridge,43
Lambeth,57
Hounslow,45
Islington,127
Hammersmith and Fulham,600
Kensington and Chelsea,677
Barking and Dagenham,74
Redbridge,64
Brent,65
Kensington and Chelsea,245
Barnet,320
Brent,181
Waltham Forest,54
Kensington and Chelsea,340
Kensington and Chelsea,59
Kensington and Chelsea,452
Kensington and Chelsea,356
Kensington and Chelsea,356
Kensington and Chelsea,500
Kensington and Chelsea,500
Kensington and Chelsea,500
Kensington and Chelsea,500
City of London,500
City of London,500
City of London,500
City of London,500
City of London,500
City of London,500
City of London,500
Camden,275
Lambeth,283
Westminster,223
Tower Hamlets,373
Bromley,303
Lambeth,480
Camden,219
Westminster,103
Hammersmith and Fulham,89
Tower Hamlets,165
Kensington and Chelsea,206
Westminster,465
Islington,296
Hackney,59
Merton,38
Hackney,75
Camden,232
Hackney,290
Kensington and Chelsea,99
Brent,176
Kensington and Chelsea,96
Hackney,158
Ealing,40
Hackney,94
Islington,268
Tower Hamlets,235
Hammersmith and Fulham,292
Wandsworth,219
Westminster,390
Kensington and Chelsea,637
Croydon,117
Ealing,129
Wandsworth,179
Barking and Dagenham,36
Lewisham,44
Waltham Forest,144
Greenwich,59
Islington,146
Lambeth,477
Waltham Forest,140
Merton,200
Westminster,258
Lambeth,228
Waltham Forest,79
Ealing,60
Kensington and Chelsea,270
Southwark,54
Brent,127
Lambeth,95
Wandsworth,295
Barnet,108
Kensington and Chelsea,2160
Kensington and Chelsea,1400
Kensington and Chelsea,1350
Kensington and Chelsea,1170
Kensington and Chelsea,474
Newham,212
City of London,750
Brent,240
Wandsworth,183
City of London,1350
Tower Hamlets,990
Westminster,1710
Westminster,246
Kensington and Chelsea,1800
Kensington and Chelsea,990
Newham,96
Wandsworth,65
Camden,141
Islington,249
Wandsworth,114
Wandsworth,95
Kensington and Chelsea,2700
Tower Hamlets,48
Kensington and Chelsea,1980
Brent,184
Kensington and Chelsea,1170
Brent,155
Westminster,1800
Brent,160
City of London,2055
City of London,473
Hammersmith and Fulham,243
Tower Hamlets,172
Hackney,234
Tower Hamlets,75
Islington,104
Ealing,90
Ealing,109
Bromley,90
Westminster,380
Greenwich,45
Lambeth,250
Westminster,170
Harrow,50
Westminster,350
Hammersmith and Fulham,69
Haringey,70
Southwark,39
Brent,86
Hackney,60
Hackney,63
Greenwich,55
Hackney,71
Hackney,58
Southwark,124
Islington,63
Richmond upon Thames,280
Lambeth,169
Hounslow,358
Camden,271
Wandsworth,300
Kensington and Chelsea,249
Kensington and Chelsea,460
Havering,36
Southwark,95
Westminster,930
Bexley,41
Waltham Forest,140
Kensington and Chelsea,120
Waltham Forest,136
Hammersmith and Fulham,400
Greenwich,236
Hounslow,51
Islington,93
Southwark,112
Camden,181
Newham,45
Hackney,142
Camden,96
Newham,32
Kensington and Chelsea,90
Newham,32
Wandsworth,360
Hackney,50
Hammersmith and Fulham,220
Westminster,1000
Westminster,1150
Hounslow,50
Harrow,95
Barnet,41
Kensington and Chelsea,283
Brent,116
Westminster,112
Westminster,375
Hammersmith and Fulham,128
Westminster,152
Croydon,136
Islington,880
Kensington and Chelsea,385
Camden,102
Camden,101
Camden,103
Camden,106
Camden,99
Camden,90
Richmond upon Thames,187
Islington,195
Islington,278
Kingston upon Thames,83
Kensington and Chelsea,91
Haringey,158
Kensington and Chelsea,85
Hackney,91
Kensington and Chelsea,360
Hackney,91
Hackney,87
Westminster,399
Hackney,94
Westminster,444
Lambeth,73
Camden,20
Hounslow,279
Merton,165
Greenwich,270
Tower Hamlets,227
Camden,135
Hounslow,300
Camden,117
Tower Hamlets,47
Merton,34
Hounslow,53
Barnet,175
Brent,60
Hammersmith and Fulham,111
Hillingdon,31
Islington,199
Westminster,121
Hackney,78
Southwark,270
Hackney,197
Richmond upon Thames,497
Lewisham,66
Kensington and Chelsea,128
Havering,36
Hackney,96
Hammersmith and Fulham,62
Camden,147
Islington,96
Southwark,191
Westminster,550
Redbridge,200
Islington,74
Enfield,91
Newham,67
Lewisham,59
Harrow,50
Hammersmith and Fulham,105
Kensington and Chelsea,52
Enfield,153
Brent,82
Bromley,117
Southwark,250
Southwark,176
Barnet,208
Tower Hamlets,207
Camden,108
Hackney,122
Newham,31
Hammersmith and Fulham,185
Harrow,35
Westminster,420
Merton,38
Kensington and Chelsea,129
Lambeth,332
Tower Hamlets,79
Lambeth,104
Camden,182
Kingston upon Thames,144
Newham,160
Havering,72
Barking and Dagenham,576
Lambeth,301
Merton,60
Westminster,198
Camden,188
Westminster,1500
Greenwich,33
Merton,63
Kensington and Chelsea,72
Hackney,277
Southwark,219
Westminster,400
Islington,207
Islington,79
Hammersmith and Fulham,253
Wandsworth,55
Camden,189
Bromley,45
Newham,109
Havering,64
Camden,165
Richmond upon Thames,245
Camden,238
Islington,124
Croydon,189
Brent,58
Tower Hamlets,125
Hackney,157
Lewisham,111
Hammersmith and Fulham,160
Camden,73
Tower Hamlets,52
Hounslow,146
Brent,56
Islington,152
Kensington and Chelsea,240
Kensington and Chelsea,214
Hammersmith and Fulham,200
Brent,59
Westminster,113
Westminster,261
Hounslow,161
Kensington and Chelsea,135
Wandsworth,356
Ealing,81
Ealing,60
Merton,220
Barking and Dagenham,108
Lambeth,400
Lewisham,93
Lewisham,50
Lambeth,69
Wandsworth,105
Kensington and Chelsea,122
Hammersmith and Fulham,236
Hackney,63
Lambeth,45
Kensington and Chelsea,462
Wandsworth,85
Southwark,38
Islington,151
Barnet,82
Kensington and Chelsea,170
Camden,180
Newham,153
Islington,249
Richmond upon Thames,59
Tower Hamlets,121
Lambeth,69
Lambeth,59
Lambeth,49
Haringey,166
Brent,135
Hackney,75
Haringey,222
Greenwich,45
Greenwich,48
Kensington and Chelsea,70
Tower Hamlets,274
Richmond upon Thames,855
Ealing,38
Newham,139
Brent,122
Lewisham,45
Lewisham,63
Hounslow,53
Islington,162
Haringey,279
Hounslow,62
Tower Hamlets,231
Croydon,136
Barnet,198
Haringey,178
Kensington and Chelsea,470
Brent,144
Newham,38
Westminster,63
Westminster,120
Croydon,35
Islington,380
Hackney,84
Westminster,392
Westminster,188
Islington,314
Brent,82
Hackney,112
Southwark,124
Hackney,136
Greenwich,189
Tower Hamlets,77
Croydon,55
Westminster,150
Kensington and Chelsea,118
Hammersmith and Fulham,222
Wandsworth,54
Newham,179
Hammersmith and Fulham,230
Wandsworth,42
Wandsworth,43
Redbridge,35
Newham,47
Hammersmith and Fulham,377
Westminster,90
Enfield,99
Brent,120
Tower Hamlets,114
Barnet,87
Islington,257
Kingston upon Thames,40
Southwark,200
Kingston upon Thames,40
Lambeth,421
Southwark,48
Westminster,184
Westminster,448
Westminster,448
Westminster,468
Kensington and Chelsea,119
Tower Hamlets,37
Islington,260
Westminster,183
Havering,206
Islington,171
Ealing,125
Greenwich,99
Westminster,438
Islington,180
Kensington and Chelsea,586
Hammersmith and Fulham,45
Hounslow,173
Lambeth,33
Waltham Forest,42
Hackney,247
Tower Hamlets,170
Camden,209
Hammersmith and Fulham,398
Newham,98
Hammersmith and Fulham,198
Brent,73
Brent,75
Greenwich,50
Newham,334
Merton,115
Hackney,177
Barnet,189
Harrow,49
Wandsworth,227
Kensington and Chelsea,379
Southwark,130
Brent,90
Redbridge,265
Haringey,106
Merton,44
Brent,90
Lambeth,160
Merton,34
Brent,126
Haringey,98
Brent,60
Brent,171
Wandsworth,53
Lambeth,307
Tower Hamlets,329
Havering,213
Newham,240
Brent,120
Brent,127
Redbridge,120
Croydon,41
Tower Hamlets,998
Kensington and Chelsea,275
Kensington and Chelsea,300
Kensington and Chelsea,285
Haringey,75
Hounslow,438
Bromley,65
Tower Hamlets,127
Bromley,64
Westminster,136
Westminster,56
Hammersmith and Fulham,95
Ealing,107
Brent,212
Lambeth,203
Islington,123
Bromley,95
Westminster,120
Waltham Forest,110
Lambeth,169
Newham,160
Tower Hamlets,416
Richmond upon Thames,309
Ealing,205
Kingston upon Thames,77
Bexley,353
Barnet,81
Haringey,33
Wandsworth,119
Hackney,233
Camden,199
Hackney,100
Camden,27
Camden,26
Camden,23
Camden,22
Camden,150
Kensington and Chelsea,404
Kensington and Chelsea,420
Kensington and Chelsea,349
Westminster,125
Westminster,206
Sutton,114
Merton,110
Islington,329
Brent,157
Westminster,355
Westminster,187
Hounslow,176
Hounslow,205
Westminster,360
Kensington and Chelsea,191
Islington,144
Kensington and Chelsea,305
Westminster,289
Tower Hamlets,242
Kensington and Chelsea,241
Southwark,57
Newham,850
Southwark,75
Haringey,62
Merton,473
Hammersmith and Fulham,135
Havering,36
Tower Hamlets,150
Havering,36
Redbridge,80
Hounslow,180
Kensington and Chelsea,222
Westminster,293
Southwark,125
Tower Hamlets,147
Westminster,900
Hackney,92
Hackney,492
Ealing,37
Hackney,828
Hillingdon,59
Wandsworth,135
Wandsworth,152
Hillingdon,59
Camden,286
Barnet,36
Hillingdon,59
Barnet,78
Wandsworth,134
Wandsworth,114
Wandsworth,148
Wandsworth,152
Westminster,174
Westminster,219
Southwark,140
Islington,75
Lambeth,199
Kensington and Chelsea,115
Newham,134
Greenwich,83
Westminster,164
Tower Hamlets,57
Merton,40
Hounslow,60
Redbridge,52
Merton,37
Hounslow,76
Hounslow,55
Camden,183
Kensington and Chelsea,214
Lambeth,229
Newham,330
Hackney,135
Richmond upon Thames,153
Hounslow,147
Bromley,88
Kensington and Chelsea,200
Wandsworth,70
Bexley,43
Greenwich,181
Greenwich,41
Kensington and Chelsea,1050
Lambeth,135
Hillingdon,99
Waltham Forest,121
Tower Hamlets,66
Wandsworth,60
Newham,512
Westminster,133
Westminster,247
Hackney,200
Westminster,315
Hammersmith and Fulham,230
Richmond upon Thames,143
Kingston upon Thames,76
Hillingdon,43
Kingston upon Thames,224
Sutton,76
Lewisham,43
Hillingdon,40
Kensington and Chelsea,1084
Camden,167
Havering,189
Hammersmith and Fulham,86
Tower Hamlets,87
Camden,158
Southwark,64
Islington,143
Barnet,76
Islington,193
Kensington and Chelsea,70
Westminster,200
Enfield,259
Wandsworth,151
Lambeth,243
Lewisham,135
Hackney,241
Camden,270
Haringey,230
Westminster,287
Bromley,55
Westminster,528
Southwark,54
Wandsworth,70
Brent,98
Barking and Dagenham,156
Tower Hamlets,212
Wandsworth,600
Camden,324
Westminster,504
Redbridge,229
Islington,59
Brent,59
Ealing,126
Lambeth,50
Newham,49
Kensington and Chelsea,222
Ealing,100
Kensington and Chelsea,300
Tower Hamlets,372
Camden,75
Greenwich,50
Richmond upon Thames,132
Tower Hamlets,198
Haringey,38
Camden,329
Havering,52
Hackney,130
Bexley,196
Hounslow,72
Southwark,59
Camden,112
Lewisham,151
Kensington and Chelsea,331
Camden,180
Kensington and Chelsea,262
Hackney,54
Kensington and Chelsea,137
Islington,507
Hounslow,35
Hounslow,35
Harrow,37
Camden,257
Camden,261
Camden,191
Hounslow,396
Kingston upon Thames,105
Kensington and Chelsea,208
Kensington and Chelsea,292
Kensington and Chelsea,225
Kensington and Chelsea,445
Westminster,468
Islington,144
Westminster,300
Camden,495
Lewisham,75
Islington,185
Havering,36
Hillingdon,146
Southwark,143
Haringey,193
Islington,135
Hounslow,58
Wandsworth,149
Wandsworth,254
Camden,350
Barking and Dagenham,184
Barking and Dagenham,156
Croydon,96
Westminster,658
Redbridge,117
Hammersmith and Fulham,180
Tower Hamlets,61
Newham,113
Islington,176
Tower Hamlets,66
Westminster,1600
Barking and Dagenham,41
Kensington and Chelsea,990
Southwark,405
Barking and Dagenham,153
Hammersmith and Fulham,204
Camden,159
Westminster,109
Hillingdon,50
Kensington and Chelsea,201
Southwark,260
Westminster,174
Wandsworth,160
Tower Hamlets,217
Lambeth,280
Kensington and Chelsea,258
Brent,105
Kensington and Chelsea,434
Newham,50
Camden,15000
Westminster,479
Ealing,140
Tower Hamlets,105
Kensington and Chelsea,306
Westminster,130
Wandsworth,97
Westminster,300
Islington,88
Hackney,256
Newham,295
Tower Hamlets,315
Newham,50
Hammersmith and Fulham,627
Lambeth,139
Westminster,311
Barnet,90
Tower Hamlets,26
Redbridge,39
City of London,90
Greenwich,145
Newham,155
Westminster,428
Southwark,54
Camden,228
Waltham Forest,179
Brent,190
Hammersmith and Fulham,148
Bexley,139
Westminster,470
Southwark,131
Islington,455
Brent,125
Westminster,258
Lambeth,540
Waltham Forest,140
Camden,335
Brent,73
Hackney,117
Hounslow,48
Wandsworth,321
Hammersmith and Fulham,275
Harrow,694
Southwark,108
Greenwich,29
Haringey,43
Hackney,115
Lambeth,174
Hammersmith and Fulham,133
Wandsworth,136
Hammersmith and Fulham,270
Lewisham,157
Barnet,103
Redbridge,78
Bromley,52
Wandsworth,215
Tower Hamlets,186
Havering,26
Wandsworth,197
Haringey,350
Tower Hamlets,374
Tower Hamlets,211
City of London,438
Westminster,549
City of London,464
City of London,637
City of London,785
City of London,420
Hammersmith and Fulham,67
Wandsworth,148
Hammersmith and Fulham,152
Barking and Dagenham,98
Waltham Forest,51
Enfield,176
Lambeth,50
Hammersmith and Fulham,53
Camden,337
Enfield,84
Kensington and Chelsea,31
Lewisham,52
Southwark,63
Westminster,138
Westminster,723
Westminster,432
Hammersmith and Fulham,87
Lewisham,1000
Lewisham,41
Hackney,135
Westminster,76
Waltham Forest,92
Westminster,137
Newham,154
Lambeth,247
Lewisham,138
Westminster,69
Islington,182
Westminster,274
Westminster,182
Southwark,110
Kingston upon Thames,105
Camden,49
Southwark,180
Westminster,300
Croydon,95
Kensington and Chelsea,335
Camden,315
Camden,189
Barnet,112
Westminster,219
Lambeth,140
Lambeth,426
Hammersmith and Fulham,133
Bromley,45
Kensington and Chelsea,622
Greenwich,206
Kensington and Chelsea,719
Westminster,125
Westminster,277
Brent,400
Waltham Forest,351
Hackney,176
Bexley,71
Haringey,450
Westminster,142
Camden,202
Islington,113
Tower Hamlets,144
Camden,146
Wandsworth,155
Croydon,35
Wandsworth,165
Hounslow,56
Southwark,133
Southwark,180
Merton,178
Ealing,252
Hammersmith and Fulham,134
Ealing,215
Tower Hamlets,160
Hackney,163
Barnet,1515
Islington,360
Wandsworth,370
Ealing,126
Lewisham,160
Barking and Dagenham,104
Greenwich,150
Tower Hamlets,260
Hammersmith and Fulham,81
Wandsworth,124
Islington,87
Greenwich,32
Westminster,517
Southwark,127
Southwark,120
Westminster,266
Greenwich,220
Wandsworth,255
Hammersmith and Fulham,168
Lambeth,36
Harrow,275
Harrow,37
Kensington and Chelsea,59
Westminster,347
Wandsworth,266
Lambeth,64
Lambeth,99
Haringey,164
Hackney,126
Islington,440
Tower Hamlets,235
Tower Hamlets,90
Newham,67
Hammersmith and Fulham,1484
Tower Hamlets,141
Haringey,193
Hackney,83
Southwark,80
Tower Hamlets,229
Hackney,89
Tower Hamlets,50
Hackney,81
Hackney,132
Hammersmith and Fulham,132
Tower Hamlets,35
Westminster,227
Tower Hamlets,33
Tower Hamlets,36
Lewisham,43
Camden,94
Kensington and Chelsea,320
Hackney,77
Southwark,120
Tower Hamlets,81
Islington,103
Waltham Forest,133
Westminster,489
Tower Hamlets,132
Ealing,121
Islington,140
Kensington and Chelsea,230
Hammersmith and Fulham,604
Westminster,317
Tower Hamlets,216
Lambeth,225
Tower Hamlets,107
Tower Hamlets,142
Ealing,248
Westminster,436
Croydon,49
Westminster,192
Tower Hamlets,157
Tower Hamlets,115
Wandsworth,95
Lewisham,98
Westminster,236
Tower Hamlets,39
Southwark,49
Kensington and Chelsea,288
Wandsworth,215
Islington,116
Westminster,394
Sutton,122
Lambeth,299
Hammersmith and Fulham,135
Camden,170
Westminster,489
Newham,77
Newham,50
Westminster,468
Westminster,963
Kensington and Chelsea,55
Wandsworth,198
Westminster,160
Kensington and Chelsea,4400
Kensington and Chelsea,533
Kensington and Chelsea,273
Westminster,6000
Newham,130
Lewisham,190
Waltham Forest,33
Tower Hamlets,75
Islington,294
Tower Hamlets,107
Hammersmith and Fulham,1000
Westminster,307
Camden,340
Barnet,200
Tower Hamlets,43
Bexley,32
Newham,88
Hackney,70
Hackney,695
Barnet,167
Wandsworth,112
Wandsworth,235
Islington,143
Hackney,209
Hackney,3000
Newham,56
Enfield,242
Hackney,3000
Westminster,565
Islington,199
Lambeth,65
Newham,83
Lambeth,163
Brent,78
Havering,90
Croydon,44
Newham,157
Sutton,72
Westminster,81
Camden,142
Bexley,44
Redbridge,230
Lambeth,103
Barking and Dagenham,35
Lambeth,57
Hackney,200
Newham,35
Merton,63
Greenwich,46
Harrow,68
Tower Hamlets,165
Lewisham,30
Camden,108
Camden,163
Camden,124
Islington,176
Westminster,334
Lewisham,31
Lewisham,129
Camden,111
Camden,116
Camden,170
Tower Hamlets,150
Southwark,66
Merton,105
Tower Hamlets,65
Barnet,78
Barnet,72
Barnet,60
Barnet,60
Bromley,112
Waltham Forest,44
Kensington and Chelsea,271
Enfield,48
Harrow,100
Tower Hamlets,75
Westminster,170
Greenwich,79
Wandsworth,237
Sutton,48
Hammersmith and Fulham,90
Ealing,70
Havering,285
Brent,68
Tower Hamlets,293
Brent,90
Barnet,173
Redbridge,41
Kingston upon Thames,42
Kingston upon Thames,350
Kensington and Chelsea,800
Kingston upon Thames,403
Kingston upon Thames,350
Tower Hamlets,323
Kingston upon Thames,350
Islington,185
Islington,196
Croydon,223
Camden,271
Tower Hamlets,73
Kensington and Chelsea,109
Hounslow,159
Islington,171
Lewisham,225
Kensington and Chelsea,190
Hackney,202
Hounslow,250
Islington,199
Kingston upon Thames,107
Waltham Forest,97
Camden,298
Newham,201
Lambeth,159
Kensington and Chelsea,194
Newham,72
Westminster,269
Camden,107
Greenwich,98
Tower Hamlets,99
Westminster,198
Westminster,133
Tower Hamlets,191
Westminster,333
Haringey,158
Enfield,146
Barnet,63
Merton,138
Richmond upon Thames,53
Kensington and Chelsea,912
Westminster,318
Brent,179
Ealing,38
Camden,197
Barking and Dagenham,141
Hammersmith and Fulham,135
Lambeth,213
Enfield,80
Westminster,213
Bromley,40
Newham,199
Kensington and Chelsea,177
Hackney,200
Wandsworth,250
Waltham Forest,140
Wandsworth,100
Newham,56
Westminster,238
Tower Hamlets,207
Barnet,60
Islington,132
Richmond upon Thames,332
Kensington and Chelsea,117
Wandsworth,118
Islington,72
Westminster,148
Greenwich,180
Westminster,182
Tower Hamlets,171
Camden,122
Islington,72
Lambeth,54
Westminster,72
Tower Hamlets,115
Newham,198
Enfield,91
Islington,65
Ealing,500
Kensington and Chelsea,200
Kingston upon Thames,75
Camden,988
Hammersmith and Fulham,404
Southwark,124
Lambeth,68
Westminster,225
Richmond upon Thames,99
Westminster,81
Richmond upon Thames,225
Kensington and Chelsea,261
Wandsworth,110
Westminster,405
Ealing,144
Southwark,512
Hammersmith and Fulham,123
Haringey,120
Westminster,222
Hammersmith and Fulham,217
Barking and Dagenham,185
Hackney,81
Islington,117
Tower Hamlets,184
Wandsworth,473
Kensington and Chelsea,180
Westminster,361
Hackney,53
Haringey,42
Westminster,475
Tower Hamlets,138
Hammersmith and Fulham,174
Kensington and Chelsea,131
Barnet,52
Hammersmith and Fulham,271
Greenwich,57
Bexley,162
Greenwich,317
Ealing,113
Wandsworth,325
Westminster,215
Hounslow,78
Westminster,243
Barking and Dagenham,136
Hackney,155
Kensington and Chelsea,404
Westminster,490
Richmond upon Thames,100
Hounslow,54
Westminster,31
Hackney,400
Barnet,121
Greenwich,22
Westminster,259
Lambeth,203
Tower Hamlets,190
Kensington and Chelsea,181
Tower Hamlets,50
Lewisham,103
Kensington and Chelsea,170
Kensington and Chelsea,205
Hammersmith and Fulham,136
Hackney,190
Hammersmith and Fulham,77
Waltham Forest,72
Westminster,1043
Camden,1043
Hammersmith and Fulham,97
Tower Hamlets,72
Hammersmith and Fulham,720
Tower Hamlets,87
Brent,98
Camden,62
Brent,66
Brent,66
Westminster,562
Greenwich,198
Redbridge,90
Westminster,856
Westminster,214
Harrow,118
Bromley,57
Islington,293
Camden,218
Westminster,338
Ealing,192
Southwark,143
Hackney,274
Hackney,200
Camden,384
Hackney,300
Richmond upon Thames,120
Lambeth,91
Camden,84
Waltham Forest,168
Westminster,480
Croydon,58
Tower Hamlets,158
Lambeth,93
Camden,204
Hammersmith and Fulham,60
Tower Hamlets,44
Lewisham,144
Tower Hamlets,111
Newham,107
Haringey,90
Wandsworth,182
Kensington and Chelsea,68
Tower Hamlets,99
Tower Hamlets,198
Kensington and Chelsea,908
Kensington and Chelsea,428
Hackney,254
Kensington and Chelsea,583
Islington,291
Kensington and Chelsea,177
Lewisham,117
Southwark,180
Islington,160
Harrow,25
Westminster,548
Brent,322
Hillingdon,126
Merton,181
Greenwich,129
Barnet,77
Westminster,393
Tower Hamlets,500
Southwark,473
Wandsworth,113
Camden,47
Lambeth,82
Westminster,90
Hammersmith and Fulham,99
Hackney,124
Hackney,130
Barnet,252
Hackney,141
Barnet,450
Wandsworth,158
Westminster,120
Camden,170
Camden,227
Redbridge,300
Hackney,156
Camden,229
Redbridge,100
Hammersmith and Fulham,192
Camden,360
Bromley,72
Hammersmith and Fulham,230
Hackney,184
Kensington and Chelsea,85
Camden,192
Westminster,111
Croydon,37
Hammersmith and Fulham,104
Croydon,96
Hammersmith and Fulham,220
Merton,225
Hammersmith and Fulham,220
Wandsworth,480
Lewisham,69
Newham,40
Hammersmith and Fulham,220
Waltham Forest,100
Hammersmith and Fulham,150
Hounslow,76
Kensington and Chelsea,225
Camden,81
Westminster,318
Lambeth,148
Westminster,403
Camden,214
Wandsworth,529
Camden,95
Richmond upon Thames,141
Camden,103
Camden,103
Tower Hamlets,157
Waltham Forest,207
Islington,1061
Haringey,513
Waltham Forest,31
Tower Hamlets,67
Lambeth,146
Wandsworth,387
Lewisham,183
Westminster,405
Kensington and Chelsea,200
Brent,156
Brent,97
Brent,152
Wandsworth,400
Westminster,153
Westminster,62
Hammersmith and Fulham,124
Kensington and Chelsea,417
Greenwich,40
Lambeth,450
Barnet,46
Greenwich,30
Hammersmith and Fulham,256
Kensington and Chelsea,403
Lambeth,49
Kensington and Chelsea,250
Kensington and Chelsea,179
Barnet,55
Croydon,60
Kensington and Chelsea,141
Waltham Forest,71
Brent,115
Hammersmith and Fulham,130
Haringey,46
Lewisham,136
Greenwich,227
Hackney,177
Brent,423
Islington,40
Newham,164
Brent,170
Haringey,213
Haringey,39
Hillingdon,164
Westminster,206
Tower Hamlets,170
Islington,47
Merton,190
Southwark,152
Redbridge,45
Hammersmith and Fulham,85
Hackney,135
Wandsworth,250
Southwark,154
Hammersmith and Fulham,112
Brent,49
Hammersmith and Fulham,101
Hammersmith and Fulham,101
Lambeth,61
Tower Hamlets,315
Havering,188
Brent,163
Bexley,47
Camden,182
Greenwich,82
Redbridge,45
Wandsworth,70
Richmond upon Thames,289
Wandsworth,198
Newham,216
Wandsworth,108
Westminster,66
Kensington and Chelsea,399
Hounslow,80
Hounslow,76
Wandsworth,253
Hackney,70
Islington,180
Hounslow,106
Southwark,208
Westminster,332
Merton,299
Camden,98
Wandsworth,185
Merton,36
Hounslow,52
Ealing,180
Westminster,296
Camden,211
Kensington and Chelsea,115
Tower Hamlets,115
Westminster,158
Lambeth,75
Islington,179
Hillingdon,89
Hammersmith and Fulham,328
Lambeth,342
Hammersmith and Fulham,142
Hackney,59
Westminster,755
Hillingdon,35
Newham,288
Southwark,163
Brent,164
Brent,185
Westminster,868
Hackney,324
Haringey,111
Richmond upon Thames,147
Hackney,149
Lewisham,95
Islington,180
Redbridge,72
Westminster,153
Tower Hamlets,135
Haringey,759
Lambeth,112
Lambeth,124
Lambeth,74
Tower Hamlets,206
Newham,146
Barnet,225
Westminster,71
Barnet,46
Lambeth,189
Hammersmith and Fulham,55
Westminster,156
Tower Hamlets,345
Kensington and Chelsea,117
Camden,151
Southwark,93
Brent,198
Tower Hamlets,40
Southwark,100
Camden,190
Newham,144
Westminster,500
Tower Hamlets,144
Southwark,81
Croydon,59
Tower Hamlets,118
Southwark,116
Richmond upon Thames,270
Greenwich,45
Newham,164
Brent,63
Camden,70
Southwark,115
Southwark,172
Richmond upon Thames,476
Kensington and Chelsea,383
Islington,200
Westminster,889
Richmond upon Thames,134
Ealing,55
Wandsworth,108
Kensington and Chelsea,151
Westminster,417
Southwark,126
Islington,200
Redbridge,125
Hackney,97
Wandsworth,76
Hounslow,521
Newham,99
Tower Hamlets,43
Southwark,60
Hammersmith and Fulham,42
Islington,95
Kensington and Chelsea,230
Hammersmith and Fulham,380
Hillingdon,447
Tower Hamlets,140
Lambeth,32
Islington,55
Newham,105
Westminster,108
Havering,191
Wandsworth,34
Haringey,117
Haringey,288
Redbridge,139
Camden,300
Waltham Forest,115
Kensington and Chelsea,649
Hackney,128
Westminster,276
Westminster,1125
Southwark,124
Kensington and Chelsea,1242
Lewisham,164
Croydon,174
Kensington and Chelsea,1062
Hounslow,135
Harrow,234
Merton,34
Hammersmith and Fulham,152
Havering,150
Ealing,87
Kensington and Chelsea,123
Westminster,704
Enfield,112
Kensington and Chelsea,913
Barnet,105
Barnet,135
Tower Hamlets,216
Hackney,884
Greenwich,181
Waltham Forest,74
Richmond upon Thames,54
Barnet,260
Merton,160
Westminster,500
Tower Hamlets,198
Islington,62
Enfield,58
Westminster,188
Southwark,125
Richmond upon Thames,90
Haringey,81
Haringey,32
Richmond upon Thames,221
Camden,175
Kingston upon Thames,130
Newham,145
Westminster,724
Kensington and Chelsea,159
Haringey,113
Islington,189
Ealing,39
Hammersmith and Fulham,129
Merton,96
Southwark,162
Westminster,450
Westminster,78
Kensington and Chelsea,149
Wandsworth,129
Merton,229
Haringey,48
Westminster,333
Brent,90
Bromley,58
Bromley,65
Westminster,85
Kensington and Chelsea,147
Wandsworth,154
Southwark,69
Hammersmith and Fulham,148
Bexley,155
Bexley,185
Camden,64
Waltham Forest,400
Lewisham,77
Hackney,117
Southwark,258
Lambeth,281
Southwark,248
Kensington and Chelsea,225
Brent,112
Kensington and Chelsea,118
Redbridge,103
Redbridge,100
Hillingdon,40
Southwark,225
Hackney,125
Haringey,110
Lewisham,143
Kensington and Chelsea,170
Tower Hamlets,148
Harrow,45
Sutton,450
Camden,108
Kensington and Chelsea,275
Redbridge,133
Lambeth,291
Camden,107
Kensington and Chelsea,131
Kensington and Chelsea,108
Hackney,90
Hammersmith and Fulham,155
Camden,222
Hammersmith and Fulham,345
Kensington and Chelsea,523
Hackney,280
Wandsworth,210
Barking and Dagenham,194
Hounslow,86
Camden,92
Camden,92
Hackney,36
Southwark,45
Wandsworth,59
Haringey,400
Westminster,118
Waltham Forest,86
Wandsworth,196
Greenwich,255
Tower Hamlets,205
Kensington and Chelsea,313
Islington,138
Lambeth,78
Ealing,185
Waltham Forest,41
Enfield,63
Enfield,52
Camden,248
Brent,86
Westminster,126
Islington,193
Lambeth,184
Havering,55
Haringey,105
Southwark,159
Sutton,119
Haringey,100
Wandsworth,116
Redbridge,80
Camden,147
Islington,98
Harrow,72
Newham,141
City of London,248
Camden,80
Southwark,192
Lambeth,230
Kensington and Chelsea,243
Newham,55
Westminster,368
Kingston upon Thames,172
Barnet,183
Waltham Forest,98
Haringey,177
Camden,67
Hounslow,60
Southwark,68
Lambeth,266
Southwark,85
Tower Hamlets,39
Camden,300
Camden,300
Havering,140
Hammersmith and Fulham,77
Newham,111
Westminster,496
Westminster,200
Camden,227
Hackney,87
Kingston upon Thames,76
Lambeth,36
Westminster,565
City of London,272
Kensington and Chelsea,294
Haringey,57
Lambeth,141
Wandsworth,234
Kensington and Chelsea,155
Hammersmith and Fulham,90
Hackney,248
Lambeth,136
Ealing,96
Hackney,214
Hammersmith and Fulham,157
Tower Hamlets,135
Hackney,262
Kensington and Chelsea,301
Brent,125
Newham,60
Hackney,158
Tower Hamlets,119
Tower Hamlets,299
Hillingdon,32
Westminster,306
Merton,143
Islington,133
Westminster,144
Hounslow,163
Merton,165
Westminster,289
Kensington and Chelsea,102
Kensington and Chelsea,388
Westminster,225
Westminster,714
Hackney,135
Lewisham,317
Lambeth,189
Southwark,90
Westminster,159
Richmond upon Thames,72
Havering,283
Newham,143
Sutton,169
Newham,163
Lambeth,338
Havering,128
Westminster,183
Wandsworth,180
Greenwich,50
Wandsworth,80
Lambeth,148
Enfield,35
Lambeth,40
Hammersmith and Fulham,267
Kensington and Chelsea,395
Tower Hamlets,250
Waltham Forest,135
Tower Hamlets,200
Brent,75
Barnet,43
Brent,112
Lambeth,53
Barnet,84
Haringey,166
Southwark,137
Haringey,68
Southwark,179
Southwark,144
Haringey,167
Lewisham,30
Hackney,136
Lambeth,203
Southwark,98
Haringey,97
Southwark,129
Southwark,125
Hackney,115
Hackney,96
Lewisham,104
Lewisham,175
Haringey,98
Hackney,120
Hackney,233
Kingston upon Thames,225
Islington,181
Hackney,121
Westminster,313
Richmond upon Thames,204
Camden,197
Hammersmith and Fulham,180
Newham,520
Hounslow,35
Waltham Forest,27
Westminster,261
Hillingdon,172
Bromley,52
Hillingdon,125
Bromley,52
Tower Hamlets,250
Islington,104
Brent,99
Camden,107
Camden,94
Bromley,52
Camden,173
Enfield,51
Haringey,136
Haringey,117
Camden,163
Camden,136
Islington,141
Bromley,52
Islington,350
Haringey,315
Haringey,97
Westminster,212
Enfield,51
Westminster,123
Tower Hamlets,495
Ealing,193
Enfield,27
Westminster,234
Westminster,279
Islington,145
Islington,117
Islington,274
Haringey,149
Brent,137
Bromley,99
Bromley,109
Merton,93
Hammersmith and Fulham,282
Lewisham,110
Ealing,68
Harrow,103
Brent,86
Southwark,736
Haringey,77
Hackney,138
Lambeth,174
Havering,77
Southwark,177
Havering,82
Bromley,109
Islington,167
Westminster,283
Tower Hamlets,65
Kensington and Chelsea,560
Tower Hamlets,330
Newham,180
Kensington and Chelsea,912
Newham,95
Lewisham,30
Lambeth,90
Westminster,130
Lewisham,200
Hammersmith and Fulham,55
Redbridge,36
Lewisham,109
Lewisham,80
Lewisham,71
Merton,411
Southwark,308
Waltham Forest,69
Richmond upon Thames,204
Haringey,27
Westminster,166
Westminster,428
Islington,351
Islington,329
Hillingdon,50
Hackney,146
Lewisham,41
Westminster,192
Westminster,292
Westminster,108
Camden,174
Barnet,60
Westminster,444
Camden,414
Barnet,182
Westminster,464
Westminster,385
Southwark,270
Ealing,68
Enfield,46
Kensington and Chelsea,354
Southwark,196
Lewisham,100
Westminster,145
Kensington and Chelsea,523
Hackney,153
Bromley,87
Southwark,64
Barnet,138
Hackney,180
Croydon,224
Islington,72
Camden,148
Tower Hamlets,76
Camden,73
Hackney,186
Croydon,54
Westminster,172
Brent,380
Westminster,332
Islington,248
Tower Hamlets,47
Merton,114
Sutton,59
Tower Hamlets,46
Greenwich,72
Hackney,298
Barking and Dagenham,273
Kensington and Chelsea,194
Hackney,191
Hackney,213
Merton,184
Camden,233
Camden,180
Tower Hamlets,163
Camden,414
Camden,126
Hackney,201
Camden,126
Hackney,210
Islington,394
Wandsworth,252
Brent,242
Wandsworth,117
Wandsworth,120
Croydon,75
Newham,53
Waltham Forest,50
Hammersmith and Fulham,95
Kensington and Chelsea,180
Wandsworth,113
Wandsworth,536
Camden,206
Westminster,109
Lambeth,683
Lambeth,41
Islington,153
Hackney,170
Westminster,286
Southwark,100
Hackney,675
Kingston upon Thames,45
Lewisham,180
Islington,150
Islington,160
Westminster,320
Waltham Forest,81
Barking and Dagenham,198
Tower Hamlets,43
Westminster,190
Waltham Forest,92
Hammersmith and Fulham,153
Islington,130
Kensington and Chelsea,215
Kensington and Chelsea,122
Lewisham,290
Westminster,388
Westminster,232
Southwark,70
Westminster,257
Richmond upon Thames,95
Westminster,35
Wandsworth,155
Hammersmith and Fulham,276
Merton,34
Southwark,77
Merton,113
Tower Hamlets,60
Islington,158
Barnet,260
Tower Hamlets,55
Tower Hamlets,173
Kensington and Chelsea,119
Tower Hamlets,106
Camden,190
Westminster,194
Redbridge,35
Redbridge,52
Hammersmith and Fulham,115
Tower Hamlets,146
Camden,115
Hackney,119
Lambeth,63
Tower Hamlets,383
Southwark,40
Kingston upon Thames,72
Tower Hamlets,50
Camden,336
Bexley,39
Westminster,153
Camden,170
Southwark,99
Tower Hamlets,45
Harrow,59
Kensington and Chelsea,99
Hammersmith and Fulham,162
Westminster,115
Westminster,100
Merton,135
Hammersmith and Fulham,1370
Kingston upon Thames,140
Hammersmith and Fulham,135
Haringey,137
Wandsworth,480
Newham,152
Wandsworth,523
Islington,111
Waltham Forest,36
Westminster,420
Westminster,213
Kensington and Chelsea,192
Hounslow,47
Westminster,180
Westminster,303
Brent,136
Barnet,45
Westminster,160
Waltham Forest,194
Brent,68
Camden,86
Kensington and Chelsea,198
Westminster,189
Greenwich,170
Ealing,60
Camden,177
Wandsworth,167
Barnet,97
Waltham Forest,123
Camden,166
Wandsworth,767
Waltham Forest,45
Greenwich,35
Greenwich,30
Haringey,40
Kensington and Chelsea,40
Southwark,228
Hammersmith and Fulham,96
Richmond upon Thames,300
Hammersmith and Fulham,63
Lambeth,174
Westminster,299
Merton,47
Hammersmith and Fulham,295
Hammersmith and Fulham,77
Islington,131
Lambeth,50
Lambeth,500
Camden,103
Newham,132
Westminster,1960
Southwark,160
Tower Hamlets,45
Waltham Forest,47
Tower Hamlets,39
Camden,384
Camden,391
Hounslow,240
Barking and Dagenham,74
Westminster,268
Lambeth,45
Kensington and Chelsea,139
Ealing,168
Southwark,105
Southwark,115
Waltham Forest,179
Brent,45
Greenwich,37
Westminster,153
Kensington and Chelsea,230
Islington,148
Merton,45
Croydon,119
Bexley,64
Ealing,400
Bromley,315
Wandsworth,172
Ealing,900
Hammersmith and Fulham,323
Westminster,111
Greenwich,336
Hounslow,719
Camden,92
Tower Hamlets,183
Southwark,285
Harrow,293
Wandsworth,153
Wandsworth,52
Harrow,41
Merton,306
Wandsworth,176
Westminster,192
Greenwich,160
Westminster,237
Barking and Dagenham,41
Kensington and Chelsea,126
Ealing,60
Hammersmith and Fulham,57
Camden,444
Camden,125
Kensington and Chelsea,216
Westminster,214
Westminster,298
Westminster,288
Westminster,241
Westminster,402
Westminster,99
Hackney,282
Islington,107
Lewisham,57
Islington,321
Islington,380
Barnet,249
Westminster,360
Westminster,194
Brent,110
Barnet,92
Kensington and Chelsea,160
Brent,140
Waltham Forest,204
Hackney,105
Tower Hamlets,384
Merton,174
Newham,53
Lambeth,224
Greenwich,250
Tower Hamlets,91
Tower Hamlets,90
Tower Hamlets,188
Kensington and Chelsea,218
Barking and Dagenham,279
Merton,105
Newham,221
Tower Hamlets,75
Kensington and Chelsea,340
Westminster,168
Lewisham,173
Barnet,54
Wandsworth,157
Kensington and Chelsea,100
Westminster,120
Newham,144
Newham,110
Barnet,250
Westminster,122
Camden,129
Westminster,207
Tower Hamlets,287
Camden,180
Hackney,90
Greenwich,45
Westminster,1320
Westminster,3300
Kensington and Chelsea,1440
Tower Hamlets,122
Westminster,2800
Greenwich,140
Enfield,115
Westminster,219
Ealing,180
Lewisham,118
Waltham Forest,82
Brent,500
Lambeth,361
Enfield,108
Westminster,251
Barnet,80
Brent,118
Brent,127
Brent,127
Camden,99
Croydon,60
Brent,500
Brent,500
Westminster,250
Brent,500
Brent,517
Brent,500
Brent,499
Brent,500
Brent,500
Brent,125
Hammersmith and Fulham,91
Hackney,114
Ealing,66
Greenwich,44
Barnet,119
Westminster,242
Newham,208
Lambeth,265
Lewisham,144
Westminster,134
Kensington and Chelsea,216
Ealing,119
Ealing,115
Havering,106
Westminster,80
Islington,150
Wandsworth,110
Wandsworth,111
Wandsworth,126
Kensington and Chelsea,547
Richmond upon Thames,140
Ealing,114
Merton,326
Camden,221
Croydon,69
Southwark,362
Southwark,261
Westminster,109
Newham,230
Hillingdon,61
Barnet,248
Bromley,79
Westminster,408
Enfield,162
Brent,185
Haringey,249
Barnet,238
Camden,350
Waltham Forest,88
Westminster,128
Bexley,115
Camden,285
Richmond upon Thames,400
Greenwich,232
Haringey,50
Lambeth,20000
Hounslow,47
Ealing,76
Newham,108
Brent,183
Redbridge,198
Tower Hamlets,284
Brent,252
Tower Hamlets,191
Tower Hamlets,876
Kensington and Chelsea,317
Hammersmith and Fulham,124
Haringey,900
Barnet,86
Hackney,180
Kensington and Chelsea,95
Camden,135
Bexley,160
Southwark,248
Southwark,248
Wandsworth,76
Southwark,60
Tower Hamlets,64
Newham,70
Tower Hamlets,260
Newham,101
Westminster,131
Ealing,89
Wandsworth,169
Hackney,225
Merton,100
Wandsworth,2700
Waltham Forest,90
Camden,309
Camden,243
Camden,385
Camden,385
Camden,243
Camden,309
Wandsworth,2700
Westminster,303
Kensington and Chelsea,500
Kensington and Chelsea,500
Kensington and Chelsea,500
Kensington and Chelsea,500
Haringey,175
Westminster,253
Wandsworth,1000
Hammersmith and Fulham,231
Greenwich,65
Westminster,234
Redbridge,44
Newham,29
Westminster,230
Westminster,359
Greenwich,47
Wandsworth,81
Southwark,55
Hackney,126
Wandsworth,357
Barnet,141
Kensington and Chelsea,689
Westminster,155
Greenwich,135
Islington,317
Southwark,107
Newham,82
Southwark,90
Haringey,157
Tower Hamlets,256
Brent,69
Southwark,60
Kensington and Chelsea,170
Merton,76
Camden,324
Tower Hamlets,378
Tower Hamlets,89
Croydon,440
Hackney,59
Tower Hamlets,70
Hammersmith and Fulham,395
Hackney,180
Hammersmith and Fulham,55
Southwark,138
Hammersmith and Fulham,59
Westminster,180
Westminster,243
Islington,133
Hillingdon,64
Hillingdon,71
Islington,112
Tower Hamlets,49
Brent,180
Westminster,714
Brent,326
Harrow,72
Hackney,360
Croydon,127
Barnet,135
Westminster,124
Waltham Forest,99
Hackney,315
Barnet,32
Westminster,180
Westminster,284
Ealing,87
Bromley,100
Greenwich,139
Tower Hamlets,108
Westminster,178
Enfield,75
Hackney,282
Haringey,114
Tower Hamlets,104
Newham,36
Sutton,97
Hackney,99
Redbridge,60
Wandsworth,93
Wandsworth,126
Westminster,274
Camden,277
Westminster,207
Hammersmith and Fulham,205
Tower Hamlets,72
Kensington and Chelsea,624
Hammersmith and Fulham,643
Enfield,53
Enfield,51
Enfield,52
Southwark,76
Enfield,45
Islington,206
Hackney,98
Greenwich,123
Sutton,130
Westminster,338
Hackney,125
Kingston upon Thames,190
Newham,126
Brent,230
Hammersmith and Fulham,69
Kensington and Chelsea,276
Westminster,218
Waltham Forest,119
Islington,204
Brent,490
Tower Hamlets,431
Tower Hamlets,450
Camden,251
Bromley,48
Hounslow,184
Kensington and Chelsea,260
Westminster,668
Islington,129
Westminster,341
Islington,99
Wandsworth,162
Kensington and Chelsea,149
Barnet,135
Wandsworth,275
Bromley,54
Westminster,302
Kensington and Chelsea,138
Kensington and Chelsea,168
Enfield,205
Westminster,1170
Southwark,224
City of London,146
Hammersmith and Fulham,88
Southwark,183
Westminster,75
Tower Hamlets,76
Wandsworth,148
Richmond upon Thames,81
Haringey,60
Hackney,102
Haringey,109
Westminster,226
Hackney,119
Tower Hamlets,252
Hammersmith and Fulham,147
Croydon,28
Harrow,72
Merton,146
Westminster,600
Wandsworth,166
Richmond upon Thames,243
Tower Hamlets,420
Lambeth,180
Croydon,167
Hillingdon,41
Lambeth,64
Barnet,252
Westminster,569
Westminster,441
Richmond upon Thames,100
Hounslow,74
Greenwich,151
Kingston upon Thames,45
Kensington and Chelsea,124
Lewisham,79
Redbridge,50
Hillingdon,43
Kensington and Chelsea,426
Redbridge,106
Richmond upon Thames,123
Havering,92
Southwark,229
Kensington and Chelsea,144
Westminster,242
Newham,218
Bromley,111
Islington,117
Greenwich,137
Haringey,43
Kensington and Chelsea,762
Hackney,130
Lewisham,225
Westminster,115
Camden,99
Harrow,113
Hackney,346
Hounslow,50
Lewisham,113
Ealing,57
Richmond upon Thames,1035
Newham,86
Kensington and Chelsea,250
Richmond upon Thames,163
Westminster,178
Westminster,168
Camden,274
Barking and Dagenham,39
Barnet,65
Wandsworth,102
Westminster,144
Islington,264
Westminster,500
Waltham Forest,27
Waltham Forest,33
Westminster,500
Kensington and Chelsea,336
Barnet,97
Newham,210
Westminster,360
Waltham Forest,20
Waltham Forest,48
Camden,50
Waltham Forest,44
Brent,521
Merton,158
Brent,348
Wandsworth,81
Hackney,102
Tower Hamlets,76
Croydon,144
Westminster,306
Havering,49
Kensington and Chelsea,398
Camden,133
Greenwich,100
Waltham Forest,160
Hackney,171
Tower Hamlets,106
Barnet,219
Tower Hamlets,136
Westminster,286
Waltham Forest,155
Southwark,138
Merton,135
Ealing,41
Lewisham,62
Tower Hamlets,85
Kensington and Chelsea,432
Hammersmith and Fulham,224
Newham,48
Barking and Dagenham,162
Wandsworth,335
Richmond upon Thames,68
Hackney,66
Richmond upon Thames,84
Merton,174
Ealing,60
Croydon,231
Brent,56
Lewisham,98
Westminster,68
Westminster,262
Wandsworth,350
Hammersmith and Fulham,99
Barnet,227
Hackney,70
Westminster,66
Haringey,190
Westminster,77
Lewisham,90
Greenwich,150
Hammersmith and Fulham,63
Hammersmith and Fulham,108
Camden,600
Croydon,25
Westminster,117
Brent,90
Westminster,270
Merton,207
Bexley,48
Hackney,86
Barnet,34
Wandsworth,626
Lambeth,380
Wandsworth,303
Wandsworth,379
Wandsworth,99
Wandsworth,372
Wandsworth,97
Kensington and Chelsea,378
Southwark,373
Hackney,185
Southwark,95
Newham,139
Tower Hamlets,64
Kensington and Chelsea,124
Lambeth,91
Westminster,142
Hackney,180
Hammersmith and Fulham,220
Westminster,400
Westminster,1085
Westminster,368
Ealing,48
Camden,126
Barking and Dagenham,40
Merton,193
Brent,197
Havering,56
Southwark,455
Havering,59
Hammersmith and Fulham,250
Southwark,178
Hammersmith and Fulham,306
Southwark,200
Lewisham,100
Tower Hamlets,81
Westminster,315
Barking and Dagenham,132
Hackney,247
Enfield,195
Newham,72
Kensington and Chelsea,157
Westminster,213
Wandsworth,61
Richmond upon Thames,170
Bexley,72
Wandsworth,55
Westminster,103
Enfield,70
Tower Hamlets,80
Lambeth,56
Hammersmith and Fulham,82
Wandsworth,90
Westminster,158
Westminster,149
Hammersmith and Fulham,59
Lewisham,27
Hammersmith and Fulham,76
Kensington and Chelsea,135
Ealing,57
Wandsworth,340
Islington,77
Barnet,50
Barnet,219
Wandsworth,238
Westminster,257
Tower Hamlets,91
Croydon,45
Hackney,222
Camden,500
Hillingdon,91
Wandsworth,81
Westminster,111
Greenwich,121
Barking and Dagenham,80
Islington,354
Barking and Dagenham,62
Lambeth,66
Hackney,192
Camden,114
Westminster,114
Southwark,134
Kensington and Chelsea,144
Kensington and Chelsea,108
Hounslow,48
Croydon,67
Islington,299
Hounslow,188
Westminster,184
Wandsworth,135
Camden,120
Westminster,126
Wandsworth,240
Wandsworth,59
Camden,101
Bromley,182
Brent,94
Islington,117
Camden,114
Tower Hamlets,82
Hackney,113
Lewisham,145
Camden,495
Southwark,10001
Harrow,32
Westminster,238
Ealing,88
Hackney,318
Camden,194
Newham,94
Camden,58
Newham,63
Kensington and Chelsea,531
Camden,58
Hammersmith and Fulham,161
Barking and Dagenham,30
Lewisham,65
Hammersmith and Fulham,232
Camden,162
Kensington and Chelsea,162
Kensington and Chelsea,202
Kensington and Chelsea,217
Kensington and Chelsea,183
Kensington and Chelsea,190
Kensington and Chelsea,562
Kensington and Chelsea,652
Westminster,1616
Wandsworth,120
Tower Hamlets,311
Haringey,78
Havering,59
Newham,189
Islington,116
Redbridge,38
Greenwich,68
Camden,71
Camden,53
Wandsworth,160
Southwark,39
Southwark,42
Camden,231
Camden,285
Camden,285
Lambeth,163
Havering,40
Waltham Forest,173
Greenwich,58
Brent,68
Wandsworth,48
Hammersmith and Fulham,162
Hackney,135
Wandsworth,43
Waltham Forest,203
Westminster,684
Westminster,280
Wandsworth,40
Islington,172
Hammersmith and Fulham,78
Bexley,214
Lewisham,96
Westminster,280
Westminster,533
Hammersmith and Fulham,72
Tower Hamlets,229
Greenwich,136
Kensington and Chelsea,880
Hammersmith and Fulham,72
Lewisham,124
Westminster,147
Southwark,124
Camden,431
Westminster,270
Bromley,133
Lewisham,129
Lewisham,102
Southwark,283
Kensington and Chelsea,249
Kensington and Chelsea,308
Haringey,117
Enfield,173
Southwark,218
Wandsworth,450
Westminster,291
Lambeth,85
Brent,53
Lambeth,391
Sutton,60
Westminster,85
Westminster,450
Hackney,263
Wandsworth,150
Southwark,51
Southwark,42
Waltham Forest,113
Lambeth,70
Tower Hamlets,75
Haringey,216
Brent,78
Lambeth,81
Camden,990
Lambeth,64
Lambeth,60
Westminster,164
Brent,151
Croydon,79
Westminster,137
Barnet,130
Westminster,242
Hounslow,99
Kingston upon Thames,109
Lewisham,95
Hounslow,99
Hammersmith and Fulham,244
Barnet,105
Camden,111
Westminster,198
Tower Hamlets,129
Barnet,110
Hackney,108
Newham,299
Kensington and Chelsea,262
Tower Hamlets,196
Islington,193
Southwark,194
Hackney,95
Westminster,249
Tower Hamlets,94
Westminster,3073
Islington,145
Westminster,146
Ealing,124
Merton,97
Wandsworth,113
Kensington and Chelsea,256
Enfield,172
Wandsworth,109
Wandsworth,117
Wandsworth,135
Kensington and Chelsea,208
Waltham Forest,92
Southwark,149
Kensington and Chelsea,531
Bexley,170
Hounslow,448
Westminster,171
Southwark,184
Lewisham,49
Tower Hamlets,264
Hammersmith and Fulham,160
Wandsworth,119
Tower Hamlets,115
Wandsworth,48
Haringey,112
Islington,225
Tower Hamlets,212
Camden,350
Barking and Dagenham,159
Croydon,105
Ealing,95
Southwark,117
Kingston upon Thames,225
Southwark,185
Islington,49
Kensington and Chelsea,2570
Westminster,305
Tower Hamlets,108
Lambeth,117
Tower Hamlets,193
Greenwich,547
Tower Hamlets,121
Southwark,61
Lewisham,165
Kensington and Chelsea,138
Southwark,165
Tower Hamlets,173
Camden,700
Kensington and Chelsea,303
Kensington and Chelsea,481
Camden,139
Barnet,503
Tower Hamlets,115
Croydon,260
Lambeth,81
Newham,97
Croydon,170
Lambeth,175
Brent,261
Haringey,59
Camden,243
Haringey,55
Wandsworth,266
Westminster,173
Kensington and Chelsea,144
Haringey,44
Westminster,1000
Richmond upon Thames,132
Greenwich,342
Bexley,128
Southwark,53
Westminster,47
Kensington and Chelsea,527
Islington,156
Hammersmith and Fulham,141
Southwark,427
Waltham Forest,518
Tower Hamlets,170
Waltham Forest,547
Hackney,194
Camden,304
Wandsworth,125
Lambeth,270
Camden,360
Kensington and Chelsea,117
Hounslow,210
Kensington and Chelsea,409
Kensington and Chelsea,156
Lambeth,159
Westminster,266
Islington,439
Westminster,81
Tower Hamlets,143
Westminster,126
Hillingdon,59
Westminster,100
Camden,179
Hackney,112
Camden,391
Westminster,379
Westminster,556
Westminster,358
Westminster,383
Westminster,329
Westminster,347
Westminster,357
Westminster,397
Wandsworth,48
Westminster,136
Islington,138
Wandsworth,38
Wandsworth,56
Wandsworth,71
Merton,117
Camden,168
Lewisham,59
Islington,129
Greenwich,40
Brent,212
Kensington and Chelsea,230
Tower Hamlets,196
Croydon,157
Westminster,1495
Richmond upon Thames,32
Tower Hamlets,150
Newham,68
Greenwich,131
Wandsworth,175
Haringey,86
Tower Hamlets,239
Islington,135
Waltham Forest,200
Kensington and Chelsea,1150
Haringey,180
Greenwich,72
Tower Hamlets,279
Lewisham,64
Redbridge,154
Lewisham,80
Lewisham,175
Lambeth,146
Kensington and Chelsea,370
Islington,44
Southwark,63
Merton,53
Westminster,204
Merton,36
Haringey,99
Hammersmith and Fulham,76
Southwark,311
Hammersmith and Fulham,162
Haringey,168
Bromley,102
Hackney,222
Newham,50
Wandsworth,95
Tower Hamlets,60
Southwark,109
Brent,103
Westminster,478
Hammersmith and Fulham,250
Kensington and Chelsea,322
Southwark,160
Merton,115
Haringey,108
Tower Hamlets,128
Tower Hamlets,89
Hammersmith and Fulham,121
Havering,86
Merton,47
Waltham Forest,191
Haringey,152
Merton,53
Greenwich,67
Newham,45
Kensington and Chelsea,344
Islington,250
Lewisham,100
Wandsworth,156
Ealing,61
Westminster,341
Kensington and Chelsea,238
Southwark,131
Islington,269
Kensington and Chelsea,550
Lewisham,113
Kensington and Chelsea,165
Lewisham,167
Kensington and Chelsea,550
Kensington and Chelsea,550
Newham,64
Islington,9660
Kingston upon Thames,27
Barnet,72
Kensington and Chelsea,192
Kensington and Chelsea,415
Hammersmith and Fulham,164
Tower Hamlets,177
Hackney,321
Tower Hamlets,54
Westminster,229
Lewisham,180
Islington,70
Wandsworth,127
Newham,366
Hillingdon,82
Hammersmith and Fulham,87
Camden,198
Wandsworth,26
Redbridge,130
Redbridge,130
Westminster,219
Ealing,49
Enfield,98
Hackney,155
Enfield,165
Enfield,95
Islington,165
Lewisham,53
Brent,161
Bexley,38
Lambeth,278
Haringey,122
Haringey,45
Ealing,524
Westminster,314
Greenwich,240
Lambeth,251
Richmond upon Thames,675
Tower Hamlets,342
Hillingdon,69
Tower Hamlets,95
Tower Hamlets,165
Kingston upon Thames,128
Wandsworth,343
Kensington and Chelsea,155
Lambeth,438
Kensington and Chelsea,126
Waltham Forest,94
Tower Hamlets,234
Westminster,91
Redbridge,189
Hammersmith and Fulham,180
Haringey,129
Harrow,59
Kensington and Chelsea,206
Havering,95
Islington,286
Lambeth,136
Lambeth,54
Harrow,59
Brent,64
Islington,150
Islington,163
Newham,240
Islington,250
Hillingdon,92
Wandsworth,346
Waltham Forest,92
Lewisham,60
Westminster,180
Southwark,174
Hillingdon,189
Islington,168
Waltham Forest,108
Kensington and Chelsea,139
Ealing,70
Wandsworth,90
Ealing,149
Westminster,216
Ealing,132
Barnet,250
Lambeth,317
Croydon,130
Croydon,30
Enfield,66
Harrow,33
Wandsworth,589
Westminster,50
Lambeth,110
Wandsworth,171
Westminster,172
Westminster,243
Wandsworth,427
Hackney,106
Islington,152
Southwark,320
Westminster,147
Redbridge,160
Hammersmith and Fulham,293
Haringey,146
Camden,192
Camden,123
Tower Hamlets,304
Islington,42
Merton,45
Hounslow,190
Westminster,285
Southwark,118
Lambeth,219
Tower Hamlets,342
Westminster,319
Tower Hamlets,361
Barnet,81
Barnet,73
Barnet,75
Westminster,299
Camden,218
Tower Hamlets,342
Croydon,86
Hackney,95
Lambeth,720
Lambeth,175
Lewisham,68
Barnet,63
Islington,113
Islington,189
Barnet,32
Camden,195
Tower Hamlets,257
Barking and Dagenham,40
Westminster,159
Tower Hamlets,126
Hackney,252
City of London,500
Haringey,132
Redbridge,262
Westminster,241
Enfield,75
Hackney,128
Islington,760
Tower Hamlets,65
Westminster,206
Kingston upon Thames,200
Islington,184
Lewisham,80
Tower Hamlets,342
Hounslow,54
Redbridge,272
Kensington and Chelsea,162
Haringey,360
Tower Hamlets,342
Tower Hamlets,72
Westminster,29
Merton,126
Tower Hamlets,361
Waltham Forest,167
Hammersmith and Fulham,179
Hackney,342
Hackney,77
Hackney,252
Hackney,342
Harrow,35
Islington,96
Tower Hamlets,396
Haringey,62
Tower Hamlets,62
Westminster,151
Westminster,137
Tower Hamlets,44
Camden,72
Camden,367
Tower Hamlets,133
Lambeth,131
Wandsworth,68
Hounslow,178
Lambeth,68
Kensington and Chelsea,159
Tower Hamlets,117
Waltham Forest,45
Hammersmith and Fulham,160
Hackney,342
Greenwich,458
Bexley,298
Richmond upon Thames,117
Enfield,156
Tower Hamlets,197
Hammersmith and Fulham,386
Camden,300
Tower Hamlets,220
Barking and Dagenham,85
Wandsworth,70
Islington,80
Lewisham,93
Hackney,112
Barking and Dagenham,48
Barnet,70
Hackney,167
Barnet,114
Westminster,605
Barnet,400
Haringey,500
Wandsworth,3082
Westminster,148
Islington,267
Kensington and Chelsea,929
Wandsworth,47
Hounslow,300
Westminster,416
Hammersmith and Fulham,80
Waltham Forest,55
City of London,158
Richmond upon Thames,496
Wandsworth,135
Westminster,112
Hammersmith and Fulham,155
Enfield,50
Tower Hamlets,248
Camden,144
Barnet,55
Camden,399
Waltham Forest,135
Westminster,187
Lewisham,127
Havering,59
Brent,975
Southwark,118
Bromley,184
Westminster,112
Enfield,46
Enfield,38
Lambeth,104
Southwark,220
Southwark,185
Westminster,176
Westminster,87
Tower Hamlets,51
Westminster,200
Ealing,288
Hillingdon,68
Hillingdon,61
Newham,48
Hillingdon,71
Westminster,280
Haringey,171
Hackney,100
Westminster,369
Kensington and Chelsea,280
Hillingdon,162
Tower Hamlets,122
Croydon,45
Barnet,113
Hammersmith and Fulham,369
Hounslow,71
Croydon,43
Croydon,44
Greenwich,171
Islington,135
Greenwich,75
Haringey,116
Camden,119
Merton,47
Camden,146
Tower Hamlets,73
Camden,131
Southwark,72
Kensington and Chelsea,170
Newham,43
Hammersmith and Fulham,110
Hillingdon,252
Barnet,141
Newham,248
Wandsworth,298
Southwark,263
Islington,92
Kensington and Chelsea,116
Hammersmith and Fulham,246
Camden,108
Camden,118
Barking and Dagenham,67
Newham,67
Waltham Forest,135
Merton,360
Wandsworth,158
Kensington and Chelsea,351
Kensington and Chelsea,333
Camden,261
Havering,196
Wandsworth,343
Hackney,117
Kingston upon Thames,72
Kensington and Chelsea,274
Camden,215
Camden,569
Camden,310
Croydon,104
Barking and Dagenham,32
Tower Hamlets,95
Wandsworth,35
Hammersmith and Fulham,97
Brent,162
Newham,51
Barking and Dagenham,40
Sutton,51
Hammersmith and Fulham,76
Bexley,45
Lambeth,54
Southwark,126
Islington,111
Richmond upon Thames,422
Islington,88
Ealing,68
Islington,241
Westminster,234
Enfield,165
Hackney,70
Islington,240
Wandsworth,38
Kensington and Chelsea,148
Kensington and Chelsea,140
Barking and Dagenham,59
Waltham Forest,190
Westminster,61
Westminster,186
Southwark,228
Newham,220
Kensington and Chelsea,158
Wandsworth,210
Camden,1127
Barking and Dagenham,69
Westminster,262
Camden,103
Havering,91
Westminster,419
Hackney,180
Islington,399
Waltham Forest,57
Camden,244
Brent,315
Richmond upon Thames,380
Barking and Dagenham,64
Hammersmith and Fulham,167
Westminster,65
Islington,134
Lewisham,90
Barking and Dagenham,60
Tower Hamlets,114
Westminster,66
Tower Hamlets,241
Ealing,235
Westminster,606
Redbridge,61
Wandsworth,450
Westminster,290
Tower Hamlets,82
Westminster,670
Kensington and Chelsea,174
Wandsworth,38
Tower Hamlets,80
Richmond upon Thames,66
Westminster,320
Kensington and Chelsea,185
Lewisham,91
Greenwich,80
Newham,36
Havering,108
Kensington and Chelsea,832
Ealing,78
Tower Hamlets,63
Lambeth,10307
Bexley,120
Camden,78
Lambeth,150
Westminster,221
Westminster,107
Westminster,61
Wandsworth,149
Westminster,45
Westminster,36
Westminster,222
Newham,201
Southwark,81
Westminster,630
Kensington and Chelsea,148
Tower Hamlets,206
Wandsworth,53
Hackney,324
Haringey,50
Camden,120
Westminster,632
Lambeth,233
Westminster,446
Camden,65
Waltham Forest,151
Lambeth,99
Kensington and Chelsea,71
Westminster,152
Hammersmith and Fulham,134
Westminster,233
Kensington and Chelsea,749
Wandsworth,48
Wandsworth,45
Wandsworth,47
Waltham Forest,67
Wandsworth,42
Wandsworth,40
Hackney,100
Bexley,30
Newham,293
Kensington and Chelsea,657
Waltham Forest,190
Lambeth,109
Lewisham,108
Brent,84
Wandsworth,140
Westminster,81
Westminster,153
Hammersmith and Fulham,175
Hackney,172
Lambeth,28000
City of London,134
Kensington and Chelsea,550
Westminster,3176
Camden,880
Kensington and Chelsea,550
Brent,68
Hammersmith and Fulham,160
Tower Hamlets,153
Lambeth,95
Westminster,114
Lambeth,52
Tower Hamlets,249
Hammersmith and Fulham,97
Kensington and Chelsea,188
Hounslow,69
Haringey,192
Hackney,153
Bexley,48
Hammersmith and Fulham,275
Camden,171
Lewisham,75
Haringey,105
Lewisham,108
Tower Hamlets,81
Hackney,226
Wandsworth,297
Kensington and Chelsea,191
Merton,76
Kensington and Chelsea,187
Kensington and Chelsea,708
Hammersmith and Fulham,292
Westminster,90
Camden,70
Westminster,360
Wandsworth,186
Hounslow,463
Hammersmith and Fulham,213
Lewisham,265
Westminster,78
Hounslow,720
Camden,207
Westminster,90
Lambeth,43
Hillingdon,182
Merton,105
Kensington and Chelsea,179
Tower Hamlets,604
Greenwich,169
Tower Hamlets,122
Sutton,45
Merton,113
Sutton,36
Wandsworth,61
Southwark,107
Southwark,87
Westminster,67
Southwark,72
Southwark,69
Westminster,350
Ealing,88
Camden,203
Southwark,72
Westminster,175
Lambeth,46
Kensington and Chelsea,555
Tower Hamlets,219
Camden,135
Lambeth,491
Newham,135
Hackney,117
Enfield,154
Westminster,545
Hammersmith and Fulham,131
Islington,147
Kensington and Chelsea,126
Kensington and Chelsea,549
Camden,157
Islington,143
Brent,309
Brent,203
Islington,153
Islington,91
Ealing,119
Brent,209
Lewisham,126
Waltham Forest,88
Westminster,243
Ealing,126
Kensington and Chelsea,200
Westminster,280
Tower Hamlets,54
Havering,40
Wandsworth,162
Southwark,167
Westminster,158
Camden,68
Lambeth,83
Kensington and Chelsea,520
Croydon,58
Westminster,256
Islington,225
Hackney,156
Hackney,178
Wandsworth,152
Wandsworth,367
Hackney,214
Camden,135
Westminster,278
Hackney,158
Bromley,32
Barnet,117
Westminster,2250
Greenwich,50
Hammersmith and Fulham,144
Barnet,112
Newham,45
Hackney,85
Southwark,104
Hackney,259
Southwark,70
Barking and Dagenham,36
Westminster,70
Hammersmith and Fulham,297
Waltham Forest,125
Kensington and Chelsea,201
Waltham Forest,48
Barnet,126
Westminster,198
Hounslow,67
Tower Hamlets,150
Kensington and Chelsea,202
Hammersmith and Fulham,98
Brent,30
Westminster,104
Brent,65
Ealing,65
Waltham Forest,49
Brent,189
Kensington and Chelsea,271
Camden,142
Ealing,65
Hammersmith and Fulham,82
Southwark,202
Tower Hamlets,123
Westminster,400
Tower Hamlets,268
Hillingdon,74
Westminster,160
Hillingdon,70
Camden,82
Kensington and Chelsea,108
Lambeth,108
Hillingdon,66
Hillingdon,70
Westminster,81
Hillingdon,71
Hillingdon,71
Wandsworth,203
Hackney,138
Westminster,96
Lambeth,450
Lambeth,54
Westminster,1182
Westminster,800
Westminster,800
Westminster,800
Barnet,45
Westminster,197
Waltham Forest,74
Waltham Forest,48
Westminster,119
Lambeth,184
Lambeth,190
Westminster,823
Newham,381
Wandsworth,475
Newham,342
Kensington and Chelsea,863
Newham,170
Westminster,750
Newham,202
Kensington and Chelsea,502
Westminster,141
Westminster,184
Lewisham,103
Camden,176
Southwark,220
Tower Hamlets,225
Waltham Forest,25
Hackney,94
Westminster,164
Tower Hamlets,279
Wandsworth,150
Tower Hamlets,151
Waltham Forest,75
Islington,239
Westminster,127
Barnet,43
Newham,85
Brent,157
Bexley,41
Islington,354
Barnet,100
Barking and Dagenham,33
Hackney,222
Islington,291
Westminster,171
Westminster,345
Tower Hamlets,96
Westminster,200
Barnet,68
Enfield,575
Haringey,82
Lewisham,63
Brent,405
Newham,50
Westminster,128
Brent,193
Islington,71
Barking and Dagenham,200
Harrow,84
Kensington and Chelsea,648
Kensington and Chelsea,700
Lewisham,63
Camden,500
Kensington and Chelsea,121
Hackney,152
Islington,500
Brent,196
Islington,207
Hammersmith and Fulham,216
Kingston upon Thames,180
Bromley,99
Kensington and Chelsea,111
Merton,111
City of London,468
Lambeth,43
Hackney,86
Tower Hamlets,363
Tower Hamlets,333
Sutton,62
Islington,523
Islington,117
Camden,162
Hounslow,30
Southwark,68
Westminster,180
Richmond upon Thames,206
Lambeth,54
Southwark,287
City of London,184
Lambeth,76
Lambeth,50
Islington,152
Kingston upon Thames,154
Wandsworth,83
Haringey,117
Westminster,229
Brent,213
Wandsworth,182
Lewisham,179
Hammersmith and Fulham,79
Redbridge,36
Lewisham,143
Hammersmith and Fulham,81
Lambeth,187
Lambeth,183
Islington,58
Tower Hamlets,152
Islington,47
Southwark,94
Westminster,175
Westminster,1640
Camden,183
Lewisham,107
Camden,194
Westminster,295
Westminster,89
Hammersmith and Fulham,128
Hillingdon,98
Westminster,84
Kingston upon Thames,139
Newham,50
Kensington and Chelsea,287
Ealing,72
Brent,167
Newham,50
Waltham Forest,48
Kensington and Chelsea,200
Westminster,190
Ealing,128
Westminster,15143
Waltham Forest,49
Hounslow,185
Newham,128
Barnet,80
Southwark,135
Westminster,94
Hammersmith and Fulham,180
Barnet,180
Havering,209
Tower Hamlets,66
Kensington and Chelsea,126
Barking and Dagenham,171
Westminster,63
Hammersmith and Fulham,213
Islington,165
Wandsworth,73
Southwark,54
Islington,35
Brent,200
Islington,209
City of London,155
Tower Hamlets,413
Richmond upon Thames,411
Newham,152
Hounslow,61
Brent,51
Tower Hamlets,99
Barnet,81
Tower Hamlets,172
Camden,241
Wandsworth,112
Greenwich,211
Haringey,36
Kensington and Chelsea,96
Kensington and Chelsea,240
Kensington and Chelsea,202
Hammersmith and Fulham,100
Barking and Dagenham,171
Hackney,144
Hammersmith and Fulham,155
Hounslow,27
Hammersmith and Fulham,140
Tower Hamlets,164
Hammersmith and Fulham,104
Camden,198
Westminster,389
Camden,177
Camden,169
Camden,174
Camden,155
Southwark,175
Tower Hamlets,166
Haringey,43
Greenwich,33
Tower Hamlets,184
Camden,74
Westminster,157
Westminster,103
Hackney,139
Kensington and Chelsea,361
Sutton,43
Islington,167
Southwark,149
Ealing,60
Camden,47
Ealing,116
Ealing,100
Hammersmith and Fulham,180
Hammersmith and Fulham,90
Haringey,64
Haringey,60
Haringey,60
Haringey,60
Greenwich,133
Wandsworth,127
Westminster,169
Ealing,111
Wandsworth,61
Ealing,465
Lewisham,95
Waltham Forest,176
Ealing,75
Camden,36
Camden,226
Lambeth,117
Sutton,105
Westminster,1304
Harrow,30
Lambeth,69
Richmond upon Thames,117
Hounslow,43
Kensington and Chelsea,425
Barnet,119
Kensington and Chelsea,117
Lewisham,101
Newham,50
Bromley,60
Hackney,342
Barnet,49
Westminster,350
Wandsworth,360
Westminster,205
Westminster,324
Haringey,45
Hammersmith and Fulham,100
Hillingdon,55
Southwark,423
Redbridge,92
Wandsworth,268
Waltham Forest,94
Camden,150
Kingston upon Thames,143
Camden,345
Barking and Dagenham,80
Kensington and Chelsea,1239
Barnet,70
Newham,71
Newham,72
Merton,103
Croydon,150
Westminster,127
Wandsworth,89
Barnet,62
Enfield,36
Westminster,920
Kensington and Chelsea,200
Brent,160
Brent,36
Brent,80
Westminster,68
Westminster,286
Ealing,261
Wandsworth,252
Newham,220
Camden,131
Lambeth,30000
Kensington and Chelsea,339
Kensington and Chelsea,138
Greenwich,54
Southwark,62
Brent,63
Brent,83
Brent,48
Barnet,126
Brent,55
Tower Hamlets,77
Bromley,168
Hounslow,75
Redbridge,54
Southwark,111
Hounslow,186
Hackney,50
Westminster,209
Hammersmith and Fulham,126
Westminster,189
Ealing,82
Hackney,48
Westminster,106
Haringey,38
Lewisham,177
Sutton,68
Brent,122
Kingston upon Thames,50
Tower Hamlets,108
Lewisham,51
Lewisham,73
Southwark,416
Islington,126
Redbridge,45
Hounslow,100
Southwark,57
Camden,270
Hammersmith and Fulham,130
Camden,279
Tower Hamlets,275
Westminster,214
Camden,262
Westminster,126
Westminster,127
Westminster,9389
Tower Hamlets,138
Westminster,738
Islington,121
Kensington and Chelsea,600
Hackney,119
Lambeth,675
Lambeth,540
Lambeth,625
Camden,202
Kensington and Chelsea,796
Lambeth,98
Camden,214
Camden,258
Lambeth,108
Southwark,187
Bromley,130
Enfield,125
Brent,60
Hackney,211
Kensington and Chelsea,220
Lewisham,109
Tower Hamlets,50
Newham,192
Ealing,75
Camden,196
Ealing,52
Westminster,93
Hammersmith and Fulham,247
Kensington and Chelsea,143
Camden,946
Westminster,310
Camden,700
Southwark,160
Westminster,536
Westminster,492
Sutton,36
Westminster,31
Kensington and Chelsea,1000
Haringey,77
Camden,158
Redbridge,87
Camden,251
Bromley,90
Lambeth,113
Camden,428
Camden,301
Camden,275
Westminster,179
Westminster,401
Brent,44
Lambeth,384
Westminster,171
Lambeth,320
Westminster,196
Lambeth,244
Islington,43
Camden,154
Westminster,64
Hammersmith and Fulham,120
Westminster,187
Camden,156
Camden,164
Westminster,429
Westminster,1792
Haringey,87
Tower Hamlets,135
Wandsworth,75
Tower Hamlets,63
Islington,126
Hammersmith and Fulham,151
Westminster,467
Hammersmith and Fulham,150
Sutton,40
Camden,362
Camden,200
Lewisham,53
Wandsworth,50
Croydon,184
Tower Hamlets,43
Kensington and Chelsea,189
Redbridge,46
Hackney,110
Tower Hamlets,346
Lambeth,128
Kensington and Chelsea,684
Southwark,171
Southwark,640
Wandsworth,395
Camden,101
Camden,402
Hillingdon,63
Camden,289
Havering,29
Camden,291
Camden,323
Camden,365
Wandsworth,175
Camden,242
Camden,74
Westminster,371
Kensington and Chelsea,351
Camden,348
Camden,158
Kensington and Chelsea,334
Southwark,220
Newham,180
Hackney,189
Westminster,305
Camden,176
Newham,128
Westminster,422
Hackney,190
Kensington and Chelsea,153
Wandsworth,126
Wandsworth,788
Merton,96
Tower Hamlets,133
Westminster,274
Camden,259
Camden,334
Camden,311
Camden,250
Hammersmith and Fulham,172
Westminster,252
Greenwich,225
Hillingdon,38
Brent,42
Brent,62
Southwark,172
Camden,46
Camden,284
Redbridge,71
Redbridge,109
Westminster,120
Harrow,400
Camden,38
Wandsworth,160
Kensington and Chelsea,140
Merton,255
Hackney,81
Haringey,53
Redbridge,196
Southwark,137
Barnet,435
Kensington and Chelsea,112
Brent,51
Barking and Dagenham,207
Hammersmith and Fulham,116
Waltham Forest,24
Hackney,342
Barnet,118
Brent,215
Lambeth,78
Lewisham,114
Croydon,90
Lambeth,63
Croydon,61
Lambeth,63
Westminster,255
Tower Hamlets,131
Greenwich,119
Hackney,102
Lewisham,43
Lewisham,43
Camden,238
Camden,95
Kensington and Chelsea,110
Westminster,1687
Brent,130
Hammersmith and Fulham,219
Richmond upon Thames,175
Kensington and Chelsea,136
Greenwich,49
Westminster,149
Camden,269
Tower Hamlets,138
Wandsworth,50
Westminster,304
Tower Hamlets,197
Bexley,38
Westminster,314
Newham,119
Kensington and Chelsea,81
Barking and Dagenham,54
Southwark,190
Kensington and Chelsea,163
Enfield,48
Croydon,43
Tower Hamlets,195
Islington,320
Merton,32
Lewisham,119
Ealing,123
Hillingdon,141
Lambeth,152
Kensington and Chelsea,180
Southwark,111
Waltham Forest,77
Merton,50
Haringey,423
Tower Hamlets,76
Hillingdon,120
Croydon,55
Kensington and Chelsea,310
Hackney,150
Croydon,65
Westminster,359
Hackney,122
Croydon,150
Islington,128
Islington,194
Tower Hamlets,104
Croydon,64
Hammersmith and Fulham,234
Merton,180
Lambeth,262
Wandsworth,35
Wandsworth,70
Hounslow,55
Lewisham,109
Newham,34
Hackney,163
Barnet,148
Barnet,45
Brent,64
Tower Hamlets,242
Islington,80
Westminster,171
Islington,104
Lambeth,66
Southwark,130
Richmond upon Thames,67
Hammersmith and Fulham,86
Camden,106
Southwark,59
Brent,106
Brent,90
Brent,63
Hackney,237
Camden,219
Brent,105
Camden,261
Westminster,633
Southwark,269
Barking and Dagenham,253
Southwark,108
Waltham Forest,83
Brent,72
Newham,176
Westminster,159
Westminster,196
Newham,167
Greenwich,101
Brent,498
Islington,200
Hammersmith and Fulham,159
Southwark,92
Lambeth,67
Camden,212
Camden,213
Camden,210
Waltham Forest,117
Camden,366
Hammersmith and Fulham,116
Westminster,83
Wandsworth,341
Bexley,40
Islington,100
Brent,50
Hounslow,153
Lewisham,62
Hounslow,108
Westminster,187
Camden,76
Hackney,81
Croydon,63
Westminster,159
Brent,44
Haringey,429
Waltham Forest,81
Greenwich,140
Wandsworth,198
Wandsworth,210
Bromley,65
Brent,50
Kensington and Chelsea,249
Southwark,117
Waltham Forest,84
Barnet,65
Barnet,55
Barnet,67
Haringey,110
Lambeth,159
Lambeth,438
Tower Hamlets,99
Haringey,81
Westminster,67
Camden,53
Westminster,47
Merton,126
Camden,58
Hackney,155
Ealing,99
Southwark,155
Waltham Forest,99
Waltham Forest,39
Westminster,353
Tower Hamlets,362
Tower Hamlets,376
Tower Hamlets,348
Tower Hamlets,502
Camden,101
Westminster,150
Islington,47
Wandsworth,124
Kensington and Chelsea,330
Westminster,269
Wandsworth,110
Hackney,206
Tower Hamlets,196
Wandsworth,131
Westminster,472
Barnet,79
Wandsworth,90
Wandsworth,92
Hackney,206
Croydon,111
Wandsworth,89
Croydon,26
Islington,126
Greenwich,163
Kensington and Chelsea,213
Waltham Forest,75
Southwark,70
Hackney,193
Southwark,127
Newham,216
Southwark,113
Hackney,224
Islington,257
Lambeth,57
Ealing,95
Kensington and Chelsea,345
Tower Hamlets,48
Havering,36
Camden,140
Hillingdon,111
Camden,80
Wandsworth,68
Kensington and Chelsea,203
Westminster,249
Hounslow,90
Bromley,360
Brent,62
Barnet,102
Lambeth,49
Barnet,107
Croydon,35
Barnet,131
Islington,64
Hounslow,48
Islington,606
Lambeth,215
Bexley,33
Hackney,206
Westminster,175
Ealing,139
Islington,195
Lewisham,195
Kensington and Chelsea,554
Westminster,33
Ealing,50
Westminster,98
Kensington and Chelsea,128
Southwark,75
Lewisham,58
Hammersmith and Fulham,63
Lewisham,38
Lewisham,60
Lewisham,33
Hammersmith and Fulham,212
Tower Hamlets,304
Westminster,756
Kensington and Chelsea,168
Tower Hamlets,61
Tower Hamlets,201
Tower Hamlets,63
Tower Hamlets,261
Hackney,44
Hammersmith and Fulham,805
Croydon,49
Brent,223
Camden,195
Westminster,110
Redbridge,49
Waltham Forest,137
Hounslow,174
Camden,147
Islington,8918
Barnet,41
Barking and Dagenham,45
Southwark,78
Haringey,59
Camden,508
Hackney,175
Kensington and Chelsea,173
Lambeth,54
Westminster,203
Enfield,56
Newham,90
Westminster,151
Waltham Forest,76
Hackney,270
Lewisham,75
Havering,72
Westminster,371
Camden,94
Westminster,75
Camden,85
Hackney,90
Hackney,96
Tower Hamlets,135
Hackney,218
Tower Hamlets,158
Wandsworth,305
Brent,54
Westminster,124
Hounslow,145
Hackney,214
Brent,73
Barnet,59
Hackney,84
Barnet,50
Westminster,163
Waltham Forest,35
Camden,77
Greenwich,92
Southwark,140
Croydon,89
Barking and Dagenham,62
Camden,172
Barnet,139
Westminster,103
Barnet,117
Westminster,695
Newham,76
Tower Hamlets,229
Bexley,33
Newham,213
Tower Hamlets,140
Croydon,102
Enfield,87
Tower Hamlets,147
Tower Hamlets,138
Westminster,94
Lambeth,104
Westminster,640
Tower Hamlets,135
Brent,288
Westminster,129
Hackney,141
Kingston upon Thames,47
Hackney,107
Kensington and Chelsea,226
Croydon,179
Croydon,35
Hammersmith and Fulham,92
Westminster,504
Hackney,201
Hackney,98
Lewisham,75
Lambeth,162
Southwark,120
Lambeth,132
Westminster,103
Richmond upon Thames,117
Merton,206
Wandsworth,108
Lambeth,41
Lambeth,164
Tower Hamlets,136
Southwark,138
Croydon,44
Waltham Forest,40
Barnet,52
Southwark,270
Barking and Dagenham,150
Lambeth,400
Southwark,177
Havering,45
Redbridge,441
Westminster,509
Brent,205
Camden,176
Camden,174
Tower Hamlets,122
Hounslow,125
Islington,45
Lambeth,46
Hammersmith and Fulham,110
Wandsworth,239
Hammersmith and Fulham,93
Camden,194
Lewisham,48
Ealing,118
Tower Hamlets,60
Tower Hamlets,50
Ealing,36
Islington,101
Hounslow,57
Hammersmith and Fulham,370
Lambeth,242
Wandsworth,160
Newham,144
Hackney,107
Enfield,76
Enfield,53
Islington,372
Westminster,238
Ealing,52
Westminster,396
Lewisham,180
Brent,77
Bromley,39
Islington,131
Hammersmith and Fulham,62
Islington,215
Tower Hamlets,45
Wandsworth,192
Hammersmith and Fulham,680
Islington,173
Waltham Forest,145
Islington,161
Westminster,205
Kensington and Chelsea,308
Westminster,239
Westminster,249
Lewisham,319
Merton,50
Lambeth,30
Tower Hamlets,233
Brent,61
Haringey,65
Newham,46
Camden,111
Islington,136
Bromley,40
Kensington and Chelsea,341
Westminster,179
Greenwich,93
Bexley,29
Kingston upon Thames,55
Richmond upon Thames,46
Hackney,64
Lambeth,382
Greenwich,280
Greenwich,67
Kensington and Chelsea,156
Barnet,210
Lambeth,119
Lewisham,63
Hammersmith and Fulham,92
Ealing,139
Greenwich,90
Hillingdon,44
Hammersmith and Fulham,121
Ealing,159
Islington,161
Islington,214
Camden,174
Westminster,227
Haringey,41
Havering,58
Sutton,177
Islington,56
Islington,260
Hounslow,173
Kensington and Chelsea,500
Kensington and Chelsea,500
Westminster,183
Kensington and Chelsea,225
Lambeth,27
Wandsworth,106
Wandsworth,101
Southwark,252
City of London,500
Havering,150
Westminster,360
Westminster,340
Hackney,105
City of London,500
Westminster,120
Kensington and Chelsea,329
Merton,395
Lambeth,148
Camden,258
Hillingdon,402
Wandsworth,144
Tower Hamlets,198
Westminster,170
Ealing,172
Hammersmith and Fulham,282
Waltham Forest,130
Ealing,174
Tower Hamlets,65
Lambeth,153
Brent,147
Havering,38
Westminster,176
Hammersmith and Fulham,514
Camden,129
Redbridge,33
Westminster,103
Westminster,103
Westminster,234
Southwark,57
Kensington and Chelsea,456
Camden,70
Westminster,57
Ealing,286
Southwark,143
Westminster,69
Kensington and Chelsea,68
Hackney,167
Hackney,217
Southwark,180
Waltham Forest,64
Hackney,217
Kensington and Chelsea,318
Brent,514
Hounslow,98
Hounslow,98
Hounslow,98
Hounslow,164
Hounslow,98
Havering,144
Westminster,140
Wandsworth,192
Hammersmith and Fulham,200
Southwark,75
Wandsworth,150
Westminster,1000
Lewisham,92
Ealing,180
Lambeth,68
Croydon,42
Newham,160
Tower Hamlets,86
Lewisham,36
Hammersmith and Fulham,98
Westminster,367
Newham,33
Barnet,142
Brent,171
Greenwich,87
Waltham Forest,41
Brent,101
Waltham Forest,39
Greenwich,153
Camden,345
Haringey,50
Greenwich,60
Waltham Forest,98
Brent,186
Tower Hamlets,264
Hackney,320
Islington,153
Barnet,227
Southwark,243
Camden,500
Camden,153
Westminster,109
Hammersmith and Fulham,178
Hackney,78
Ealing,78
Merton,160
Southwark,124
Southwark,149
Hackney,105
Islington,96
Southwark,128
Camden,188
Hammersmith and Fulham,235
Bexley,40
Ealing,64
Enfield,225
Harrow,47
Barking and Dagenham,35
Lewisham,72
Haringey,90
Southwark,149
Tower Hamlets,204
Kensington and Chelsea,227
Wandsworth,71
Lambeth,133
Bexley,193
Wandsworth,227
Hounslow,94
Lewisham,135
Lambeth,47
Hounslow,94
Hounslow,116
Southwark,55
Islington,103
Westminster,193
Westminster,166
Kensington and Chelsea,288
Barnet,87
Barnet,56
Barnet,60
Islington,83
Westminster,364
Westminster,833
Wandsworth,95
Kensington and Chelsea,166
Westminster,485
Southwark,75
Brent,250
Camden,117
Wandsworth,160
Redbridge,108
Westminster,252
Hillingdon,41
Greenwich,54
Brent,110
Southwark,250
Lewisham,68
Lambeth,180
Waltham Forest,59
Waltham Forest,41
Islington,76
Hackney,283
Lewisham,100
Waltham Forest,43
Kensington and Chelsea,319
Waltham Forest,43
Hackney,80
Havering,38
Haringey,177
Harrow,53
Newham,162
Redbridge,78
Lewisham,51
Wandsworth,130
Hillingdon,36
Wandsworth,151
Merton,55
Kensington and Chelsea,323
Bexley,53
Tower Hamlets,114
Barnet,60
Camden,56
Barnet,78
Brent,72
Waltham Forest,45
Westminster,1300
Kensington and Chelsea,1500
Camden,81
Wandsworth,49
Waltham Forest,65
Waltham Forest,120
Hackney,76
Waltham Forest,240
Ealing,70
Croydon,126
Havering,150
Kingston upon Thames,53
Wandsworth,67
Hammersmith and Fulham,266
Wandsworth,193
Brent,42
Havering,36
Tower Hamlets,64
Newham,203
Hammersmith and Fulham,204
Newham,118
Lewisham,34
Lambeth,91
Ealing,36
Hackney,117
Wandsworth,135
Camden,51
Newham,146
Lambeth,96
Westminster,250
Tower Hamlets,47
Tower Hamlets,88
Enfield,129
Lambeth,78
Haringey,270
Tower Hamlets,38
Hackney,344
Kingston upon Thames,46
Greenwich,68
Tower Hamlets,176
Camden,257
Islington,111
Croydon,39
Richmond upon Thames,252
Waltham Forest,65
Haringey,140
Newham,192
Southwark,225
Havering,219
Brent,78
Islington,97
Newham,196
Westminster,214
Ealing,83
Hounslow,129
Westminster,149
Hounslow,177
Kensington and Chelsea,450
Islington,183
Lambeth,193
Hackney,70
Lambeth,201
Westminster,435
Lambeth,201
Brent,56
Camden,75
Barnet,80
Wandsworth,56
Lambeth,201
Bromley,52
Bromley,52
Bromley,52
Lambeth,201
Lambeth,201
Richmond upon Thames,650
Tower Hamlets,201
Hammersmith and Fulham,112
Westminster,385
Camden,170
Southwark,135
Waltham Forest,75
Lambeth,62
Islington,196
Kensington and Chelsea,162
Westminster,50
Westminster,60
Southwark,141
Camden,71
Southwark,628
Lambeth,120
Westminster,257
Islington,51
Westminster,378
Westminster,62
Camden,207
Southwark,273
Greenwich,340
Tower Hamlets,117
Hackney,382
Hackney,382
Hackney,304
Kensington and Chelsea,298
Kensington and Chelsea,230
Camden,187
Kensington and Chelsea,307
Hounslow,56
Tower Hamlets,51
Southwark,400
Camden,221
Merton,57
Southwark,350
Haringey,158
Hackney,412
Redbridge,115
Westminster,108
Wandsworth,716
Kensington and Chelsea,147
Tower Hamlets,195
Southwark,222
Westminster,192
Tower Hamlets,81
Wandsworth,187
Sutton,41
Tower Hamlets,107
Kensington and Chelsea,100
Harrow,41
Lambeth,433
City of London,124
Kensington and Chelsea,788
Wandsworth,270
Waltham Forest,167
Camden,218
City of London,424
Westminster,172
Westminster,375
Westminster,300
Waltham Forest,48
Hammersmith and Fulham,385
Southwark,186
Southwark,618
Lambeth,90
Tower Hamlets,360
Islington,154
Hammersmith and Fulham,164
Sutton,99
Newham,70
Croydon,41
Camden,153
Westminster,315
Hillingdon,99
Hammersmith and Fulham,153
Haringey,131
Barnet,65
Tower Hamlets,320
Hillingdon,125
Kensington and Chelsea,411
Westminster,850
Camden,111
Barnet,156
Islington,98
Camden,81
Newham,247
Lambeth,157
Kensington and Chelsea,117
Lambeth,181
Brent,84
Barking and Dagenham,36
Southwark,51
Kensington and Chelsea,173
Kensington and Chelsea,147
Kensington and Chelsea,1200
Newham,177
Haringey,266
Barnet,175
Wandsworth,100
Barnet,188
Westminster,483
Ealing,153
Tower Hamlets,164
Camden,296
Tower Hamlets,208
Lambeth,147
Westminster,325
Tower Hamlets,335
Islington,166
Southwark,67
Camden,170
Westminster,718
Islington,186
Camden,225
Westminster,116
Richmond upon Thames,198
Westminster,196
Islington,242
Camden,316
Camden,290
Hammersmith and Fulham,333
Brent,253
Newham,187
Hackney,334
Tower Hamlets,162
Westminster,31
Kensington and Chelsea,960
Ealing,63
Hackney,226
Kensington and Chelsea,400
Haringey,99
Kensington and Chelsea,358
Kensington and Chelsea,400
Camden,124
Camden,248
Westminster,261
Ealing,100
Hillingdon,100
Kensington and Chelsea,481
Greenwich,344
Hillingdon,100
Croydon,68
Ealing,250
Camden,48
Kensington and Chelsea,147
Southwark,148
Tower Hamlets,112
Kensington and Chelsea,150
Westminster,43
Camden,179
Southwark,118
Bexley,80
Hackney,235
Barking and Dagenham,25
Southwark,450
Redbridge,180
Hammersmith and Fulham,55
Hammersmith and Fulham,285
Camden,260
Newham,55
Newham,65
Croydon,121
Newham,65
Lambeth,90
Camden,288
City of London,198
Westminster,218
Westminster,177
Waltham Forest,178
Redbridge,27
Lewisham,54
Camden,233
Croydon,104
Lewisham,54
Hammersmith and Fulham,68
Camden,271
Wandsworth,182
Wandsworth,363
Greenwich,153
Croydon,128
Hackney,180
Hammersmith and Fulham,77
Greenwich,88
Newham,122
Wandsworth,48
Merton,60
Hackney,209
Wandsworth,235
Greenwich,238
Greenwich,40
Bexley,213
Westminster,222
Camden,81
Barnet,51
Westminster,127
Westminster,828
Islington,135
Hackney,60
Wandsworth,146
Hammersmith and Fulham,59
Southwark,328
Hammersmith and Fulham,424
Kensington and Chelsea,686
Barnet,131
Wandsworth,550
Camden,108
Lambeth,120
Westminster,468
Islington,95
City of London,201
Kensington and Chelsea,167
Westminster,479
Haringey,125
Harrow,72
Wandsworth,90
City of London,703
City of London,1269
City of London,760
Islington,319
Croydon,47
Wandsworth,473
Westminster,158
Ealing,220
Tower Hamlets,103
Sutton,54
Kensington and Chelsea,313
Lambeth,85
Enfield,54
Westminster,205
Lambeth,69
Lambeth,118
Newham,28
Westminster,240
Southwark,252
Brent,224
Camden,219
Redbridge,90
Westminster,227
Southwark,114
Kensington and Chelsea,165
Southwark,76
Camden,97
Southwark,63
Westminster,189
Merton,128
Croydon,32
Southwark,64
Camden,143
Ealing,52
Southwark,64
Westminster,111
Harrow,103
Islington,171
Hammersmith and Fulham,76
Islington,932
Southwark,72
Westminster,141
Wandsworth,213
Camden,130
Southwark,172
Waltham Forest,43
Ealing,95
Westminster,115
Camden,150
Lambeth,160
Newham,56
Redbridge,46
Ealing,49
Westminster,218
Newham,117
Tower Hamlets,161
Camden,81
Merton,99
Westminster,90
Lewisham,106
Islington,125
Islington,243
Tower Hamlets,490
Islington,221
Islington,115
Hackney,144
Camden,330
Westminster,144
Newham,160
Westminster,306
Lambeth,162
Wandsworth,1000
Hackney,96
Kensington and Chelsea,141
Islington,198
Hackney,309
Ealing,165
Wandsworth,170
Westminster,157
Barnet,126
Haringey,264
Southwark,141
Kensington and Chelsea,390
Croydon,55
Hammersmith and Fulham,220
Tower Hamlets,76
Lewisham,138
Ealing,144
Westminster,158
Kensington and Chelsea,170
Southwark,81
Westminster,30
City of London,163
Westminster,333
Camden,72
Southwark,113
Tower Hamlets,155
Kensington and Chelsea,413
Kingston upon Thames,54
Wandsworth,199
Wandsworth,196
Lambeth,37
Barnet,137
Tower Hamlets,141
Wandsworth,301
Camden,480
Hillingdon,36
Brent,88
Westminster,604
Redbridge,41
Barnet,155
Tower Hamlets,365
Tower Hamlets,59
Hounslow,136
Barnet,215
Kensington and Chelsea,234
Wandsworth,207
Barnet,121
Newham,88
Ealing,47
Westminster,155
Ealing,43
Wandsworth,204
Tower Hamlets,2240
Hammersmith and Fulham,94
Croydon,115
Tower Hamlets,324
Newham,53
Southwark,51
Croydon,33
Tower Hamlets,171
Islington,97
Hammersmith and Fulham,151
Sutton,57
Ealing,375
Islington,101
Islington,65
Camden,250
Camden,269
Brent,140
Merton,270
Kensington and Chelsea,930
Wandsworth,50
Wandsworth,55
Kensington and Chelsea,119
Islington,209
Kensington and Chelsea,119
Haringey,86
Islington,93
Kensington and Chelsea,193
Ealing,88
Kensington and Chelsea,87
Hounslow,165
Havering,48
Southwark,242
Islington,38
Havering,176
Islington,201
Westminster,352
Brent,66
Sutton,100
Southwark,1530
City of London,1530
City of London,2000
Bexley,79
Bexley,120
Hammersmith and Fulham,107
Islington,180
City of London,2000
Lewisham,79
City of London,791
City of London,1530
City of London,1080
Barnet,85
Wandsworth,153
Islington,446
Tower Hamlets,9999
Westminster,178
Lewisham,180
Southwark,87
Redbridge,145
Westminster,603
Wandsworth,54
Lambeth,331
Ealing,122
Newham,232
Redbridge,56
Brent,40
Islington,300
Ealing,47
Croydon,50
Barnet,34
Westminster,184
Barnet,33
Greenwich,213
Bromley,286
Wandsworth,225
Lambeth,141
Wandsworth,175
Wandsworth,112
Lambeth,179
Waltham Forest,7
Lambeth,292
Lewisham,73
Hackney,77
Camden,94
Hackney,153
Islington,59
Westminster,288
Hackney,149
Newham,84
Westminster,129
Tower Hamlets,99
Croydon,38
Haringey,200
Lambeth,225
Hammersmith and Fulham,414
Southwark,61
Camden,166
Hackney,236
Brent,155
Lambeth,55
Islington,191
Camden,170
Croydon,34
Croydon,52
Hackney,72
Camden,129
Southwark,37
Southwark,102
Brent,165
Camden,109
Greenwich,58
Greenwich,59
Kensington and Chelsea,129
Hounslow,91
Hammersmith and Fulham,262
Kensington and Chelsea,158
Hillingdon,38
Barnet,113
Newham,132
Brent,45
Islington,107
Westminster,88
Hackney,123
Waltham Forest,51
Wandsworth,287
Hammersmith and Fulham,90
Tower Hamlets,134
Lambeth,249
Wandsworth,118
Westminster,242
Southwark,120
Islington,157
Tower Hamlets,63
Lambeth,104
Camden,75
Kensington and Chelsea,460
Tower Hamlets,63
Hammersmith and Fulham,173
Kensington and Chelsea,413
Islington,113
Tower Hamlets,237
Ealing,72
Ealing,72
Ealing,74
Lambeth,234
Wandsworth,400
Ealing,108
Ealing,102
Waltham Forest,108
Wandsworth,180
Kingston upon Thames,72
Westminster,138
Hounslow,120
Hounslow,90
Camden,198
Southwark,127
Richmond upon Thames,86
Lewisham,139
Waltham Forest,60
Ealing,181
Ealing,176
Croydon,70
Croydon,148
Tower Hamlets,260
Camden,129
Tower Hamlets,157
Brent,109
Greenwich,120
Hammersmith and Fulham,95
Newham,50
Westminster,279
Hackney,165
Tower Hamlets,60
Lambeth,140
Newham,169
Merton,489
Croydon,48
Tower Hamlets,209
Westminster,900
Wandsworth,430
Westminster,80
Newham,137
Wandsworth,180
Southwark,138
Southwark,146
Southwark,170
Hackney,129
Southwark,135
Ealing,120
Hammersmith and Fulham,72
Camden,162
Lewisham,56
Lambeth,66
Barking and Dagenham,203
Barking and Dagenham,39
Lewisham,91
Tower Hamlets,50
Croydon,32
Newham,250
Southwark,134
Barking and Dagenham,50
Barking and Dagenham,44
Barking and Dagenham,44
Barking and Dagenham,64
Southwark,100
Hammersmith and Fulham,570
Tower Hamlets,202
Bromley,67
Camden,162
Lambeth,45
Lambeth,78
Tower Hamlets,87
Westminster,300
Camden,252
Kingston upon Thames,134
Hounslow,63
Brent,500
Westminster,188
Westminster,700
Kensington and Chelsea,200
Kensington and Chelsea,500
Kensington and Chelsea,1000
Westminster,666
Lambeth,110
Hammersmith and Fulham,700
Westminster,336
Westminster,332
Tower Hamlets,48
Kensington and Chelsea,342
Kensington and Chelsea,167
Kensington and Chelsea,233
Westminster,233
Camden,110
Wandsworth,135
Lambeth,215
Bexley,34
Enfield,198
Westminster,171
Westminster,380
Islington,122
Newham,102
Westminster,151
Newham,100
Newham,261
Lambeth,215
Havering,140
Westminster,168
Hackney,413
Tower Hamlets,63
Sutton,45
Tower Hamlets,104
Camden,265
Barnet,65
Croydon,167
Hillingdon,96
Camden,424
Southwark,60
Greenwich,229
Bexley,140
Tower Hamlets,85
Southwark,52
Westminster,217
Camden,230
Camden,81
Newham,48
Haringey,200
Camden,175
Tower Hamlets,225
Kensington and Chelsea,86
Kensington and Chelsea,244
Westminster,263
Westminster,411
Wandsworth,255
Islington,141
Camden,181
Lambeth,136
Kensington and Chelsea,179
Westminster,159
Southwark,229
Southwark,330
Southwark,732
Ealing,59
Barking and Dagenham,253
Camden,81
Camden,188
Camden,308
Havering,36
Tower Hamlets,238
Westminster,63
Camden,79
Hounslow,58
Hammersmith and Fulham,726
Westminster,164
Lambeth,75
Hammersmith and Fulham,171
Havering,43
Kensington and Chelsea,108
Wandsworth,65
Camden,720
Westminster,839
Westminster,252
Camden,163
Greenwich,248
Tower Hamlets,341
Westminster,358
Ealing,102
Lambeth,97
Lewisham,57
Tower Hamlets,96
Lewisham,93
Newham,115
Brent,30
Lewisham,71
Barking and Dagenham,130
Enfield,35
Ealing,33
Ealing,33
Ealing,29
Ealing,33
Westminster,1164
Westminster,106
Brent,106
Islington,209
Camden,180
Haringey,147
Hounslow,71
Southwark,101
Hammersmith and Fulham,277
Camden,44
Ealing,63
Westminster,62
Westminster,98
Tower Hamlets,103
Westminster,284
Hammersmith and Fulham,285
Kensington and Chelsea,356
Wandsworth,120
Kensington and Chelsea,104
Islington,273
Islington,108
Brent,76
Lewisham,115
Barnet,146
Ealing,32
Islington,292
Hammersmith and Fulham,245
Southwark,409
Lewisham,54
Kensington and Chelsea,312
Greenwich,326
Kensington and Chelsea,176
Ealing,162
Ealing,135
Hounslow,69
Tower Hamlets,116
Tower Hamlets,111
Kingston upon Thames,153
Ealing,103
Westminster,194
Kensington and Chelsea,130
Barnet,49
Kensington and Chelsea,90
Bromley,73
Harrow,31
Lambeth,285
Hackney,96
Westminster,301
Brent,106
Wandsworth,220
Wandsworth,68
Wandsworth,67
Hillingdon,126
Redbridge,272
Brent,96
Barnet,388
Kensington and Chelsea,140
Wandsworth,172
Islington,296
Kensington and Chelsea,750
Hackney,100
Newham,115
Camden,262
Westminster,133
Greenwich,93
Camden,246
Barking and Dagenham,147
Wandsworth,146
Barnet,51
Hackney,63
Kensington and Chelsea,449
Tower Hamlets,432
Camden,103
Hammersmith and Fulham,154
Tower Hamlets,262
Barnet,126
Camden,81
Hounslow,115
Haringey,239
Lambeth,75
Tower Hamlets,178
Kensington and Chelsea,99
Tower Hamlets,160
Westminster,315
Havering,63
Camden,175
Southwark,41
Kensington and Chelsea,160
Westminster,193
Kensington and Chelsea,90
Southwark,42
Southwark,39
Westminster,232
Westminster,251
Hammersmith and Fulham,97
Westminster,294
Barnet,49
Hackney,150
Newham,59
Lewisham,425
Lewisham,85
Camden,117
Southwark,39
Barking and Dagenham,34
Southwark,40
Islington,315
Southwark,41
Southwark,39
Hillingdon,50
Southwark,44
Islington,176
Newham,71
Wandsworth,44
Hackney,600
Redbridge,139
Croydon,33
Waltham Forest,158
Camden,175
Westminster,400
Westminster,370
Barnet,50
Camden,93
Ealing,192
Greenwich,120
Haringey,162
Barnet,90
Lewisham,222
Islington,115
Ealing,88
Westminster,174
Enfield,41
Lambeth,223
Kensington and Chelsea,157
Westminster,600
Westminster,233
Westminster,165
Westminster,165
Hackney,114
Tower Hamlets,650
Southwark,353
Westminster,341
Hammersmith and Fulham,159
Camden,212
Waltham Forest,68
Waltham Forest,76
Redbridge,227
Southwark,242
Greenwich,142
Brent,74
Westminster,208
Ealing,99
Camden,175
City of London,246
Tower Hamlets,81
Tower Hamlets,90
Westminster,125
Westminster,171
Tower Hamlets,149
Westminster,285
Tower Hamlets,251
Southwark,129
Croydon,270
Westminster,175
Wandsworth,42
Wandsworth,41
Wandsworth,39
Waltham Forest,149
Westminster,307
Wandsworth,130
Kensington and Chelsea,270
Westminster,89
Westminster,274
Lewisham,160
Ealing,196
Tower Hamlets,163
Haringey,99
Kensington and Chelsea,195
Croydon,105
Camden,48
Westminster,467
Merton,131
Camden,52
Westminster,201
Camden,48
Hackney,189
Camden,53
Newham,107
Ealing,32
Ealing,37
Ealing,31
Lambeth,83
Brent,145
Westminster,307
Newham,226
Southwark,87
Islington,218
Tower Hamlets,201
Lewisham,65
Brent,198
Kensington and Chelsea,144
Westminster,58
Islington,7034
Hackney,225
Hillingdon,160
Kensington and Chelsea,162
Newham,63
Haringey,60
Merton,158
Westminster,132
Kensington and Chelsea,210
Camden,218
Bromley,56
Westminster,219
Tower Hamlets,171
Hillingdon,93
Tower Hamlets,107
Barnet,139
Hillingdon,49
Redbridge,28
Hounslow,116
Islington,95
Lambeth,52
Barnet,183
Camden,391
Camden,108
Tower Hamlets,181
Kensington and Chelsea,361
Brent,100
Westminster,316
Greenwich,274
Enfield,47
Southwark,73
Croydon,135
Haringey,47
Barnet,97
Hounslow,63
Kensington and Chelsea,85
Tower Hamlets,79
Westminster,224
Camden,275
Hounslow,81
Wandsworth,175
Westminster,248
Tower Hamlets,86
Greenwich,172
Lambeth,39
Southwark,90
Wandsworth,45
Harrow,54
Havering,68
Camden,66
Hillingdon,61
Westminster,405
Westminster,374
Hackney,69
Redbridge,130
Camden,208
Tower Hamlets,151
Newham,114
Bexley,102
Westminster,411
Westminster,141
Lambeth,131
Kensington and Chelsea,116
Richmond upon Thames,174
Lambeth,51
Merton,380
Hackney,121
Barnet,56
Southwark,73
Islington,59
Westminster,179
Islington,189
Southwark,70
Brent,161
Bromley,64
Westminster,84
Brent,96
Southwark,48
Westminster,395
Hammersmith and Fulham,63
Tower Hamlets,259
Lambeth,61
Kensington and Chelsea,253
Ealing,157
Redbridge,76
Kensington and Chelsea,265
Hammersmith and Fulham,46
Waltham Forest,78
Westminster,166
Westminster,383
Havering,57
Waltham Forest,41
Barnet,88
Barnet,150
Lambeth,80
Westminster,146
Barking and Dagenham,50
Islington,135
Camden,132
City of London,60
Hounslow,103
Newham,95
Tower Hamlets,325
Hackney,225
Tower Hamlets,59
Lambeth,102
Kensington and Chelsea,965
Wandsworth,198
Hackney,136
Tower Hamlets,106
Waltham Forest,54
Tower Hamlets,63
Barking and Dagenham,271
Newham,160
Wandsworth,144
Greenwich,125
Westminster,94
Waltham Forest,80
Southwark,45
Greenwich,51
Southwark,79
Southwark,51
Croydon,36
Newham,63
Lambeth,219
Southwark,64
Lambeth,135
Bexley,30
Southwark,70
Islington,115
Kingston upon Thames,54
Southwark,89
Hounslow,300
Lambeth,228
Richmond upon Thames,29
Wandsworth,101
Westminster,102
Tower Hamlets,53
Lambeth,181
Lewisham,168
Hackney,148
Southwark,73
Brent,203
Ealing,87
Newham,146
Lewisham,51
Hackney,95
Kensington and Chelsea,350
Kensington and Chelsea,90
Southwark,200
Tower Hamlets,138
Southwark,45
Brent,122
Southwark,156
Kensington and Chelsea,136
Westminster,419
Westminster,195
Waltham Forest,450
Hackney,104
Kensington and Chelsea,95
Wandsworth,75
Kensington and Chelsea,143
Kensington and Chelsea,215
Westminster,165
Barnet,165
Kensington and Chelsea,1526
Hackney,134
Camden,33
Camden,199
Tower Hamlets,48
Westminster,439
Kensington and Chelsea,210
Tower Hamlets,250
Kensington and Chelsea,289
Kensington and Chelsea,239
Hammersmith and Fulham,72
Southwark,108
Camden,553
Wandsworth,129
Westminster,86
Southwark,175
Islington,104
Kensington and Chelsea,450
Tower Hamlets,384
Tower Hamlets,42
Westminster,171
Barnet,180
Ealing,117
Havering,81
Ealing,82
Ealing,82
Ealing,82
Westminster,279
Southwark,315
Westminster,119
Hackney,113
Kensington and Chelsea,117
Lambeth,86
Croydon,73
Westminster,115
Lambeth,187
Camden,117
Tower Hamlets,160
Lewisham,36
Croydon,30
Tower Hamlets,210
Lambeth,64
Tower Hamlets,267
Barnet,379
Merton,75
Kensington and Chelsea,547
Tower Hamlets,136
Hammersmith and Fulham,72
Wandsworth,195
Islington,59
Westminster,205
Westminster,446
Tower Hamlets,162
Islington,137
Westminster,133
Hammersmith and Fulham,149
Hammersmith and Fulham,152
Bexley,135
Hillingdon,96
Southwark,77
Kensington and Chelsea,177
Richmond upon Thames,351
Newham,317
Tower Hamlets,216
Tower Hamlets,179
Hackney,108
Enfield,120
Islington,96
Tower Hamlets,135
Hackney,40
Tower Hamlets,211
Hammersmith and Fulham,135
Southwark,65
Kensington and Chelsea,206
Camden,178
Camden,226
Barnet,69
Westminster,123
Hillingdon,37
Tower Hamlets,83
Tower Hamlets,170
Lewisham,94
Lambeth,160
Greenwich,104
Croydon,59
Croydon,54
Camden,95
Westminster,89
Brent,247
Brent,267
Brent,267
Brent,239
Tower Hamlets,194
Kensington and Chelsea,73
Kensington and Chelsea,380
Redbridge,39
Croydon,42
Tower Hamlets,87
Westminster,254
Westminster,214
Lambeth,65
Haringey,54
Waltham Forest,82
Waltham Forest,60
Waltham Forest,89
Westminster,249
Hackney,63
Camden,123
Westminster,181
Croydon,50
Haringey,68
Camden,115
Redbridge,75
Kensington and Chelsea,230
Camden,277
Westminster,451
Southwark,325
Hackney,98
Ealing,90
Brent,69
Kensington and Chelsea,190
Islington,141
Southwark,251
Lambeth,61
Barking and Dagenham,89
Haringey,60
Ealing,82
Lambeth,46
Ealing,82
Ealing,82
Ealing,82
Lambeth,60
Bexley,36
Ealing,83
Lambeth,48
Ealing,81
Tower Hamlets,168
Ealing,81
Brent,62
Camden,99
Lambeth,135
Greenwich,80
Lambeth,319
Hounslow,165
Camden,81
Kensington and Chelsea,326
Lambeth,135
Harrow,81
Lambeth,121
Lambeth,121
Lambeth,106
Lambeth,106
Havering,180
Wandsworth,91
Richmond upon Thames,900
Waltham Forest,169
Lambeth,120
Lambeth,120
Tower Hamlets,94
Hammersmith and Fulham,89
Kingston upon Thames,146
Westminster,137
Lambeth,110
Lambeth,129
Lambeth,110
Lambeth,129
Newham,176
Tower Hamlets,183
Kensington and Chelsea,500
Hillingdon,63
Hillingdon,63
Hillingdon,63
Hillingdon,63
Greenwich,98
Kensington and Chelsea,162
Barnet,242
Hackney,219
Westminster,1069
Camden,209
Tower Hamlets,136
Camden,276
Westminster,458
Tower Hamlets,254
Kensington and Chelsea,196
Havering,145
Ealing,185
Westminster,450
Kensington and Chelsea,418
Camden,239
Westminster,84
Lambeth,137
Kensington and Chelsea,200
Hounslow,80
Southwark,987
Hackney,230
Lambeth,130
Hackney,68
Hackney,91
Hackney,91
Camden,275
Redbridge,228
Islington,59
Westminster,285
Lambeth,240
Redbridge,152
Redbridge,78
Hammersmith and Fulham,190
Wandsworth,401
Merton,428
Wandsworth,50
Islington,70
Lewisham,34
Redbridge,155
Barnet,150
Camden,50
Barnet,50
Islington,252
Westminster,124
Westminster,96
Westminster,236
Westminster,130
Barnet,93
Hammersmith and Fulham,187
Redbridge,39
Barnet,113
Barking and Dagenham,225
Wandsworth,186
Enfield,72
Enfield,53
Hammersmith and Fulham,144
Waltham Forest,54
Westminster,125
Tower Hamlets,216
Waltham Forest,54
Hackney,90
Westminster,92
Southwark,81
Newham,231
Waltham Forest,151
Harrow,39
Newham,81
Camden,76
Hackney,138
Hackney,193
Islington,192
Hackney,172
Lambeth,180
Westminster,87
Haringey,238
Lewisham,143
Ealing,54
Lambeth,194
City of London,228
Lewisham,122
Westminster,158
Waltham Forest,95
Westminster,89
Southwark,203
Camden,65
Hackney,239
Brent,122
Haringey,123
Wandsworth,115
Barking and Dagenham,36
Westminster,96
Westminster,114
Westminster,114
Westminster,87
Newham,250
Westminster,1650
Merton,219
Westminster,3000
Westminster,284
Wandsworth,60
Barnet,198
Tower Hamlets,157
Tower Hamlets,191
Islington,243
Tower Hamlets,111
Newham,192
Hackney,228
Lambeth,67
Camden,81
Tower Hamlets,166
Hackney,87
Hillingdon,65
Ealing,29
Ealing,108
Southwark,62
Croydon,87
Lambeth,282
Islington,130
Westminster,245
Westminster,60
Ealing,82
Southwark,45
Ealing,83
Westminster,114
Barking and Dagenham,140
Brent,240
Westminster,155
Newham,120
Hammersmith and Fulham,243
Newham,149
Lambeth,101
Lambeth,101
Lambeth,150
Havering,218
Kensington and Chelsea,405
Croydon,45
Merton,173
Lambeth,68
Haringey,105
Camden,157
Haringey,405
Kingston upon Thames,157
Southwark,60
Westminster,189
Southwark,960
Westminster,175
Kensington and Chelsea,229
Kensington and Chelsea,121
Barnet,227
Lambeth,63
Hammersmith and Fulham,730
Camden,188
Camden,188
Camden,235
Camden,191
Camden,191
Camden,237
Hackney,192
Barnet,285
Southwark,45
Tower Hamlets,160
Wandsworth,45
Wandsworth,161
Islington,209
Richmond upon Thames,378
Westminster,378
Kensington and Chelsea,309
Southwark,161
Westminster,98
Wandsworth,126
Barnet,99
Islington,280
Westminster,270
Tower Hamlets,162
Lewisham,60
Southwark,120
Kensington and Chelsea,377
Southwark,45
Westminster,336
Hillingdon,130
Hillingdon,138
Southwark,45
Hillingdon,138
Southwark,45
Hillingdon,37
Hillingdon,12
Hillingdon,36
Westminster,200
Hillingdon,138
Westminster,96
Hillingdon,138
Lewisham,148
Westminster,96
Bexley,126
Westminster,96
Westminster,96
Lambeth,108
Westminster,114
Westminster,112
Newham,81
Islington,63
Hounslow,124
Newham,54
Newham,81
Tower Hamlets,71
Westminster,292
Lewisham,90
Lewisham,63
Westminster,334
Newham,178
Lambeth,85
Westminster,145
Westminster,248
Newham,124
Kensington and Chelsea,305
Westminster,507
Westminster,463
Southwark,52
Tower Hamlets,323
Southwark,45
Westminster,367
Southwark,52
Southwark,52
Southwark,52
Westminster,389
Southwark,52
Southwark,180
Havering,26
Southwark,52
Southwark,52
Ealing,250
Southwark,52
Southwark,52
Southwark,45
Newham,135
Lambeth,72
Southwark,45
Croydon,431
Westminster,408
Hackney,98
Barnet,245
Hackney,187
Tower Hamlets,178
Tower Hamlets,174
Westminster,94
Lambeth,44
Hackney,81
Southwark,179
Westminster,96
Barnet,95
Islington,104
Redbridge,156
Wandsworth,108
Brent,50
Westminster,100
Brent,1000
Westminster,87
Wandsworth,83
Westminster,114
Barnet,160
Westminster,197
Westminster,99
Tower Hamlets,67
Camden,155
Brent,300
Hackney,187
Barking and Dagenham,185
Redbridge,78
Kensington and Chelsea,70
Westminster,381
Brent,342
Islington,454
Hackney,75
Westminster,3222
Hackney,95
Hackney,95
Hackney,70
Waltham Forest,123
Hackney,114
Hackney,73
Hackney,118
Brent,115
Camden,73
Westminster,284
Westminster,136
Bromley,162
Tower Hamlets,253
Merton,198
Hounslow,80
Southwark,62
Southwark,59
Southwark,60
Westminster,139
Wandsworth,180
Southwark,52
Southwark,52
Southwark,45
Southwark,45
Camden,129
Wandsworth,157
Southwark,45
Barnet,70
Brent,52
Southwark,86
Lambeth,92
Camden,393
Southwark,86
City of London,385
Camden,282
Camden,341
Southwark,86
Southwark,99
Southwark,99
Southwark,86
Croydon,121
Southwark,99
Southwark,87
Kensington and Chelsea,214
Westminster,376
Westminster,273
Wandsworth,32
Westminster,221
Westminster,93
Kensington and Chelsea,140
Bexley,27
Islington,114
Tower Hamlets,215
Hounslow,32
Islington,161
Bexley,61
Wandsworth,124
Southwark,743
Camden,117
Westminster,261
Kensington and Chelsea,216
Tower Hamlets,41
Westminster,594
Westminster,384
Kensington and Chelsea,1000
Brent,321
Tower Hamlets,210
Kensington and Chelsea,143
Hackney,144
Haringey,45
Kensington and Chelsea,130
Hounslow,147
Enfield,64
Kensington and Chelsea,277
Kensington and Chelsea,466
Wandsworth,127
Tower Hamlets,38
Westminster,122
Westminster,357
Camden,675
Kensington and Chelsea,242
Lewisham,39
Waltham Forest,78
Hammersmith and Fulham,158
Westminster,117
Wandsworth,122
Kensington and Chelsea,1210
Ealing,80
Westminster,111
Brent,187
Camden,85
Greenwich,265
Tower Hamlets,137
Brent,65
Tower Hamlets,59
Westminster,302
Lambeth,290
Croydon,116
Wandsworth,293
Camden,83
Islington,167
Merton,45
Barnet,34
Camden,240
Westminster,184
Tower Hamlets,102
Lambeth,111
Lewisham,140
Southwark,64
Southwark,63
Lambeth,60
Tower Hamlets,39
Ealing,68
Tower Hamlets,33
Tower Hamlets,57
Tower Hamlets,45
Barking and Dagenham,67
Westminster,123
Brent,38
Westminster,142
Wandsworth,100
Barking and Dagenham,100
Ealing,279
Brent,81
Camden,143
Tower Hamlets,122
Greenwich,135
Wandsworth,133
Greenwich,169
Redbridge,45
Southwark,133
Westminster,150
Wandsworth,85
Westminster,155
Wandsworth,54
Wandsworth,132
Camden,220
Havering,32
Wandsworth,121
Ealing,80
Wandsworth,81
Newham,80
Westminster,150
Harrow,181
Westminster,250
Tower Hamlets,211
Tower Hamlets,47
Bexley,38
Lambeth,104
Harrow,39
Lambeth,137
Hammersmith and Fulham,108
Lambeth,137
Westminster,277
Ealing,72
Southwark,53
Hackney,108
Brent,99
Westminster,261
Hackney,207
Croydon,54
Camden,405
Camden,424
Kensington and Chelsea,172
Southwark,323
Lambeth,91
Tower Hamlets,59
Westminster,171
Bexley,40
Southwark,191
Hammersmith and Fulham,196
Haringey,6924
Camden,229
Wandsworth,129
Southwark,118
Westminster,55
Kensington and Chelsea,67
Westminster,72
Camden,100
Tower Hamlets,132
Hillingdon,67
Kensington and Chelsea,91
Westminster,296
Westminster,294
Westminster,294
Wandsworth,250
Newham,136
Hillingdon,145
Hillingdon,120
Westminster,152
Hackney,162
Enfield,43
Lambeth,97
Hounslow,38
Lewisham,75
Westminster,232
Lambeth,93
Havering,60
Tower Hamlets,288
Wandsworth,234
Brent,49
Hackney,35
Kensington and Chelsea,290
Richmond upon Thames,217
Brent,400
Hounslow,290
Haringey,221
Southwark,87
Kensington and Chelsea,168
Westminster,394
Southwark,86
Hackney,489
Camden,290
Westminster,340
Richmond upon Thames,750
Brent,493
Lewisham,100
Brent,48
Camden,98
Barnet,231
Wandsworth,463
Hammersmith and Fulham,126
Tower Hamlets,45
Haringey,57
Hackney,270
Westminster,288
Wandsworth,95
Westminster,237
Southwark,60
Tower Hamlets,342
Westminster,672
Newham,93
Lambeth,125
Kensington and Chelsea,237
Hammersmith and Fulham,52
Camden,180
Westminster,341
Westminster,343
Westminster,318
Lambeth,55
Barnet,130
Newham,166
Islington,97
Islington,102
Wandsworth,699
Haringey,142
Kensington and Chelsea,4000
Camden,126
Westminster,27
Brent,137
Haringey,56
Hackney,113
Kensington and Chelsea,90
Brent,186
Bromley,27
Barnet,121
Westminster,260
Lambeth,280
Westminster,309
Tower Hamlets,265
Kensington and Chelsea,500
Brent,45
Croydon,260
Westminster,441
Southwark,45
Ealing,260
Islington,172
Bromley,230
Westminster,121
Westminster,193
Southwark,66
Southwark,225
Tower Hamlets,250
Southwark,225
Southwark,225
Southwark,164
Havering,259
Westminster,900
Kensington and Chelsea,196
Hackney,180
Islington,72
Greenwich,113
Wandsworth,152
Wandsworth,304
Harrow,63
Barnet,164
Kensington and Chelsea,124
Kensington and Chelsea,173
Kensington and Chelsea,152
Hammersmith and Fulham,211
Wandsworth,77
Redbridge,26
Brent,233
Southwark,45
Southwark,45
Southwark,45
Southwark,45
Southwark,52
Croydon,119
Southwark,45
Brent,107
Southwark,52
Southwark,45
Barnet,55
Southwark,52
Southwark,45
Kensington and Chelsea,457
Southwark,45
Tower Hamlets,218
Southwark,45
Westminster,261
Southwark,45
Hackney,145
Lewisham,128
Southwark,52
Southwark,52
Southwark,45
Camden,352
Southwark,45
Southwark,45
Southwark,45
Southwark,23
Camden,240
Southwark,52
Southwark,45
Havering,114
Southwark,52
Westminster,1148
Southwark,45
Southwark,52
Westminster,442
Southwark,45
Westminster,442
Southwark,52
Westminster,520
Southwark,45
Southwark,45
Kensington and Chelsea,250
Southwark,45
Westminster,630
Southwark,45
Southwark,45
Southwark,45
Newham,188
Southwark,45
Bromley,167
Barnet,134
Southwark,52
Brent,50
Southwark,45
Southwark,52
Southwark,45
Tower Hamlets,187
Greenwich,152
Brent,47
Redbridge,100
Hackney,80
Islington,411
Southwark,64
City of London,171
Merton,239
Southwark,477
Brent,46
Tower Hamlets,141
Sutton,130
Tower Hamlets,160
Bexley,30
Redbridge,50
Ealing,96
Southwark,45
City of London,212
Merton,88
Southwark,45
Southwark,45
Southwark,52
Kensington and Chelsea,390
Southwark,45
Lambeth,82
Southwark,52
Southwark,52
Newham,51
Southwark,45
Lambeth,402
Southwark,45
Southwark,45
Wandsworth,333
Barnet,74
Southwark,45
Southwark,45
Southwark,45
Southwark,45
Brent,84
Southwark,52
Southwark,45
Southwark,45
Southwark,45
Lambeth,613
Southwark,45
Southwark,52
Sutton,54
Kensington and Chelsea,923
Westminster,249
Wandsworth,159
Tower Hamlets,48
Kensington and Chelsea,673
Sutton,54
Hackney,148
Sutton,54
Lewisham,720
Tower Hamlets,250
Camden,79
Camden,192
Camden,79
Camden,79
Hounslow,90
Lambeth,41
Tower Hamlets,136
Islington,48
Haringey,102
Redbridge,107
Haringey,135
Tower Hamlets,138
Tower Hamlets,49
Hammersmith and Fulham,360
Westminster,325
Croydon,102
Wandsworth,42
Camden,72
Islington,52
Westminster,138
Barnet,35
Kensington and Chelsea,429
Greenwich,50
Kensington and Chelsea,347
Lewisham,88
Hackney,85
Camden,400
Tower Hamlets,122
Kensington and Chelsea,208
Islington,128
Hammersmith and Fulham,800
Lewisham,251
Tower Hamlets,77
Westminster,312
Wandsworth,36
Barnet,39
Westminster,291
Barnet,40
Newham,149
Barnet,44
Lewisham,71
Southwark,72
Camden,170
Lewisham,68
Tower Hamlets,76
Westminster,1286
Redbridge,83
Tower Hamlets,62
Tower Hamlets,72
Lambeth,147
Islington,147
Hammersmith and Fulham,220
Islington,112
Islington,116
Westminster,229
Wandsworth,183
Hackney,80
Tower Hamlets,57
Islington,164
Kensington and Chelsea,170
Camden,164
Camden,164
Camden,164
Lewisham,35
Wandsworth,83
Brent,43
Barnet,302
Brent,40
Westminster,157
Islington,195
Islington,116
Islington,125
Bexley,162
Lambeth,130
Islington,160
Westminster,70
Islington,121
Camden,194
Islington,225
Merton,66
Haringey,89
Wandsworth,75
Hammersmith and Fulham,297
Camden,215
Wandsworth,154
Ealing,83
Barnet,90
Hammersmith and Fulham,101
Haringey,42
Ealing,184
Newham,132
Islington,109
Islington,117
Enfield,289
Ealing,69
Lambeth,315
Westminster,56
Westminster,269
Westminster,500
Westminster,184
Kensington and Chelsea,127
Kensington and Chelsea,230
Merton,95
Ealing,76
Redbridge,118
Haringey,37
Islington,107
Tower Hamlets,78
Haringey,81
Westminster,411
Westminster,378
Bexley,56
Lambeth,31
Islington,117
Greenwich,87
Westminster,73
Westminster,180
Westminster,249
Lambeth,103
Westminster,146
Wandsworth,75
Lambeth,103
Southwark,90
Kensington and Chelsea,157
Camden,113
Lambeth,29
Islington,129
Islington,123
Lambeth,26
Haringey,65
Wandsworth,128
Hammersmith and Fulham,323
Tower Hamlets,55
Islington,110
Lambeth,81
Islington,148
Lambeth,30
Enfield,41
Wandsworth,520
Greenwich,144
Lambeth,27
Islington,112
Hammersmith and Fulham,279
Waltham Forest,143
Lambeth,202
Tower Hamlets,252
Kingston upon Thames,220
Westminster,120
Tower Hamlets,173
Waltham Forest,35
Westminster,120
Lambeth,180
Kensington and Chelsea,135
Kensington and Chelsea,554
Kensington and Chelsea,225
Hounslow,470
Ealing,108
Islington,124
Camden,217
Camden,337
Newham,86
Islington,119
Westminster,281
Kensington and Chelsea,672
Westminster,194
Tower Hamlets,54
Camden,361
Wandsworth,79
Ealing,106
Kensington and Chelsea,610
Hackney,40
Ealing,147
Camden,53
Wandsworth,39
Lambeth,162
Hammersmith and Fulham,105
Bromley,81
Islington,116
Southwark,439
Kensington and Chelsea,1223
Southwark,61
Brent,136
Tower Hamlets,41
Croydon,151
Ealing,100
Hillingdon,120
Ealing,110
Merton,128
Kensington and Chelsea,473
Brent,187
Redbridge,194
Tower Hamlets,270
Haringey,150
Hackney,68
Sutton,90
Enfield,32
Waltham Forest,157
Hackney,81
Camden,861
Tower Hamlets,117
Camden,45
Merton,68
Westminster,237
Islington,179
Enfield,48
Westminster,319
Westminster,86
Tower Hamlets,255
Tower Hamlets,63
Tower Hamlets,202
Westminster,1134
Westminster,344
Westminster,95
Islington,164
City of London,242
Southwark,77
Tower Hamlets,263
Westminster,97
Lambeth,116
Kensington and Chelsea,2000
Ealing,68
Wandsworth,108
Merton,38
Hackney,133
Lewisham,37
Westminster,208
Hackney,190
Islington,900
Camden,335
Brent,2133
Islington,900
Havering,32
Hammersmith and Fulham,54
Tower Hamlets,198
Westminster,1222
Westminster,1223
Westminster,1222
Westminster,2122
Westminster,2333
Greenwich,151
Kensington and Chelsea,920
Lambeth,280
Greenwich,259
Newham,226
Southwark,88
Kensington and Chelsea,900
Ealing,72
Redbridge,89
Croydon,48
Hackney,162
Hammersmith and Fulham,145
Croydon,89
Islington,65
Tower Hamlets,222
Kensington and Chelsea,653
Croydon,92
Southwark,90
Westminster,214
Camden,111
Camden,110
Camden,121
Camden,91
Camden,221
Hackney,180
Camden,86
Barking and Dagenham,103
Bromley,42
Camden,175
Hackney,75
Camden,143
Southwark,150
Westminster,378
Westminster,98
Hammersmith and Fulham,161
Camden,121
Southwark,79
Merton,355
Haringey,179
Islington,46
Bexley,45
Westminster,76
Westminster,247
Camden,157
Camden,137
Westminster,320
Camden,72
Ealing,95
Camden,35
Westminster,98
Camden,122
Wandsworth,68
Camden,92
Lambeth,70
Enfield,73
Wandsworth,164
Westminster,450
Brent,108
Lewisham,77
Westminster,166
Hammersmith and Fulham,113
Kensington and Chelsea,485
Westminster,178
Kensington and Chelsea,94
Hackney,150
Kensington and Chelsea,125
Westminster,1260
Kensington and Chelsea,159
Tower Hamlets,115
Sutton,153
Lewisham,119
Camden,89
Tower Hamlets,155
Barking and Dagenham,125
Camden,129
Kensington and Chelsea,150
Brent,255
Southwark,80
Merton,49
Camden,198
Merton,90
Wandsworth,162
Kensington and Chelsea,120
Islington,196
Wandsworth,166
Greenwich,9999
Westminster,614
Ealing,171
Wandsworth,116
Kensington and Chelsea,264
Southwark,134
Havering,37
Havering,30
Ealing,64
Havering,37
Lambeth,118
Brent,80
Westminster,101
Southwark,160
Tower Hamlets,104
Hackney,40
Hackney,143
Ealing,35
Haringey,36
Westminster,125
Lambeth,314
Hammersmith and Fulham,538
Westminster,68
Kensington and Chelsea,538
Hackney,47
Bexley,56
Wandsworth,77
Camden,148
Southwark,271
Westminster,122
Kensington and Chelsea,1071
Greenwich,109
Bromley,85
Ealing,108
Islington,194
Richmond upon Thames,160
Southwark,69
Ealing,125
Wandsworth,106
Tower Hamlets,115
Hammersmith and Fulham,50
Merton,32
Islington,89
Hackney,89
Tower Hamlets,41
Camden,135
Tower Hamlets,92
Lewisham,122
Camden,102
Hackney,180
Hammersmith and Fulham,88
Southwark,107
Bromley,75
Southwark,274
Wandsworth,189
Hackney,66
Islington,25
Hillingdon,50
Bromley,172
Haringey,92
Haringey,90
Wandsworth,48
Richmond upon Thames,72
Bexley,571
Lambeth,111
Islington,161
Sutton,42
Lambeth,63
Merton,136
Lewisham,126
Westminster,338
Westminster,846
Lewisham,106
Westminster,238
Westminster,485
Westminster,499
Westminster,556
Wandsworth,73
Westminster,613
Westminster,125
Westminster,499
Camden,226
Westminster,532
Westminster,137
Haringey,91
Westminster,451
Waltham Forest,171
Hackney,59
Westminster,125
Westminster,1518
Westminster,376
Westminster,429
Lambeth,46
Westminster,532
Ealing,39
Westminster,532
Camden,249
Westminster,452
Westminster,760
Lambeth,238
Wandsworth,37
Westminster,532
Westminster,514
Hounslow,195
Islington,124
Bexley,48
Westminster,617
Hillingdon,50
Hackney,111
Islington,146
Lewisham,113
Ealing,102
Westminster,265
Newham,285
Barnet,200
Newham,104
Lambeth,63
Southwark,71
Westminster,132
Southwark,71
Havering,37
Bromley,245
Southwark,70
Ealing,40
Camden,112
Hounslow,61
Lambeth,56
Enfield,48
Lambeth,187
Enfield,43
Kensington and Chelsea,124
Kensington and Chelsea,1210
Lambeth,51
Lambeth,46
Hackney,90
Kingston upon Thames,139
Tower Hamlets,252
Lambeth,45
Westminster,56
Waltham Forest,76
Haringey,117
Haringey,60
Kensington and Chelsea,720
Westminster,134
Wandsworth,126
Camden,239
Barnet,126
Lambeth,189
Southwark,30
Lambeth,1020
Westminster,114
Hammersmith and Fulham,180
Kingston upon Thames,281
Kensington and Chelsea,496
Ealing,134
Westminster,247
Newham,304
Lambeth,44
Westminster,599
Westminster,461
Lewisham,105
Greenwich,113
Westminster,865
Islington,128
Sutton,39
Wandsworth,219
Tower Hamlets,57
Westminster,96
Hammersmith and Fulham,56
Tower Hamlets,44
Westminster,166
Camden,164
Newham,80
Camden,106
Kensington and Chelsea,143
Croydon,29
Haringey,113
Enfield,171
Kensington and Chelsea,175
Merton,67
Camden,188
Hammersmith and Fulham,144
Ealing,41
Hackney,56
Tower Hamlets,141
Kensington and Chelsea,172
Kensington and Chelsea,232
Kensington and Chelsea,167
Kensington and Chelsea,141
Kensington and Chelsea,188
Westminster,224
Richmond upon Thames,232
Westminster,900
Southwark,100
Lambeth,193
Kensington and Chelsea,162
Greenwich,116
Newham,340
Wandsworth,175
Southwark,250
Brent,62
Hammersmith and Fulham,134
Southwark,146
Richmond upon Thames,205
Tower Hamlets,70
Kensington and Chelsea,401
Lewisham,53
Camden,87
Westminster,149
Westminster,176
Brent,405
Westminster,472
Newham,90
Lambeth,326
Kensington and Chelsea,244
Southwark,354
Camden,105
Lambeth,57
Westminster,550
Hackney,84
Tower Hamlets,301
Kensington and Chelsea,114
Tower Hamlets,102
Tower Hamlets,101
Kensington and Chelsea,1059
Newham,98
Kensington and Chelsea,134
Newham,186
Camden,78
Camden,292
Camden,75
Lambeth,68
Kensington and Chelsea,35
Newham,44
Camden,119
Lambeth,96
Croydon,68
Barking and Dagenham,50
Ealing,54
Westminster,550
Croydon,134
Barking and Dagenham,37
Lambeth,67
Ealing,176
Kensington and Chelsea,514
Camden,268
Southwark,113
City of London,4517
Hammersmith and Fulham,63
Harrow,68
Brent,170
Kensington and Chelsea,105
Wandsworth,340
Kensington and Chelsea,188
Southwark,218
Westminster,468
Tower Hamlets,72
Southwark,72
Islington,147
Lambeth,50
Southwark,72
Westminster,275
Southwark,498
Hackney,143
Hammersmith and Fulham,91
Haringey,193
Tower Hamlets,90
Lewisham,74
Wandsworth,102
Islington,294
Kensington and Chelsea,258
Tower Hamlets,117
Hammersmith and Fulham,199
Camden,74
Islington,94
Redbridge,80
Redbridge,89
Westminster,483
Lambeth,240
Lewisham,180
Westminster,695
Waltham Forest,101
Westminster,208
Tower Hamlets,32
Camden,123
Westminster,83
Tower Hamlets,203
Tower Hamlets,172
Islington,165
Westminster,183
Hackney,116
Kensington and Chelsea,217
Tower Hamlets,167
Croydon,81
Sutton,99
Newham,114
Haringey,212
Westminster,175
Hackney,231
Islington,155
Westminster,437
Brent,124
Tower Hamlets,501
Westminster,334
Havering,3600
Croydon,62
Hillingdon,541
Hackney,186
Ealing,38
Ealing,43
Lewisham,430
Lewisham,90
Westminster,315
Lewisham,82
Camden,75
Camden,98
Lambeth,86
Newham,60
Lewisham,50
Lambeth,352
Wandsworth,42
Newham,124
Newham,248
Tower Hamlets,142
Lewisham,74
Islington,200
Lewisham,65
Islington,45
Kensington and Chelsea,50
Enfield,46
Hammersmith and Fulham,366
Southwark,343
Merton,233
Haringey,108
Tower Hamlets,242
Islington,65
Havering,33
Westminster,311
Enfield,168
Bexley,140
Westminster,350
Haringey,72
Havering,30
Westminster,401
Hammersmith and Fulham,226
City of London,121
Havering,33
Richmond upon Thames,135
Haringey,161
Havering,28
Havering,9999
Croydon,29
Croydon,216
Newham,110
Kensington and Chelsea,225
Kingston upon Thames,56
Hounslow,169
Tower Hamlets,132
Wandsworth,102
Hounslow,96
Haringey,90
Sutton,37
Tower Hamlets,94
Sutton,33
Hackney,110
Westminster,189
Camden,188
Camden,186
Hammersmith and Fulham,99
Southwark,205
Kensington and Chelsea,175
Kingston upon Thames,73
Islington,59
Newham,246
Camden,102
Newham,111
Redbridge,117
Camden,90
Camden,190
Wandsworth,260
Hounslow,90
Camden,338
Brent,69
Wandsworth,79
Westminster,102
Hillingdon,34
Waltham Forest,495
Hammersmith and Fulham,156
Ealing,392
Hammersmith and Fulham,228
Hammersmith and Fulham,198
Camden,168
Kensington and Chelsea,144
Kensington and Chelsea,514
Kensington and Chelsea,616
Kensington and Chelsea,137
Kensington and Chelsea,149
Kensington and Chelsea,182
Kensington and Chelsea,174
Westminster,171
Ealing,700
Westminster,204
Westminster,135
Westminster,108
Ealing,700
Westminster,124
Redbridge,166
Southwark,132
Westminster,124
Redbridge,260
Redbridge,124
Redbridge,99
Westminster,332
Ealing,743
Ealing,1300
Harrow,85
Westminster,306
Westminster,180
Barking and Dagenham,182
Tower Hamlets,158
Southwark,164
Westminster,164
Waltham Forest,39
Waltham Forest,52
Waltham Forest,28
Westminster,210
Hammersmith and Fulham,303
Redbridge,112
Lewisham,46
Tower Hamlets,101
Westminster,188
Westminster,429
Westminster,168
Richmond upon Thames,72
Hammersmith and Fulham,117
Kensington and Chelsea,398
Hackney,116
Ealing,90
Merton,52
Camden,113
Newham,130
Kensington and Chelsea,97
Westminster,170
Westminster,78
Southwark,80
Islington,136
Westminster,101
Westminster,535
Westminster,75
Camden,234
Westminster,33
Westminster,158
Brent,55
Westminster,193
Southwark,76
Westminster,141
Wandsworth,146
Hackney,160
Hackney,169
Islington,221
Lewisham,540
Wandsworth,68
Haringey,90
Hillingdon,98
Southwark,71
Kensington and Chelsea,104
Tower Hamlets,342
Westminster,779
Southwark,111
Westminster,805
Tower Hamlets,45
Camden,184
Tower Hamlets,321
Westminster,292
Ealing,75
Hackney,91
Redbridge,75
Ealing,52
Ealing,48
Ealing,51
Ealing,46
Ealing,75
Ealing,70
Hackney,75
Ealing,70
Ealing,99
Hounslow,72
Ealing,70
Ealing,70
Kingston upon Thames,44
Sutton,69
Barking and Dagenham,100
Lambeth,220
Tower Hamlets,79
Southwark,75
Southwark,86
Southwark,62
Southwark,63
Southwark,89
Southwark,67
Merton,220
Lewisham,53
Hillingdon,54
Ealing,61
Brent,98
Tower Hamlets,74
Westminster,296
Westminster,296
Bromley,85
Westminster,252
Westminster,189
Westminster,399
Westminster,149
Southwark,163
Hammersmith and Fulham,232
Camden,223
Redbridge,36
Tower Hamlets,45
Westminster,370
Kensington and Chelsea,364
Westminster,217
Southwark,280
Southwark,185
Harrow,157
Lewisham,106
Westminster,231
Harrow,100
Bexley,69
Greenwich,136
Enfield,206
Lewisham,20
Hammersmith and Fulham,391
Wandsworth,345
Southwark,135
Ealing,72
Ealing,81
Wandsworth,62
Barnet,140
Tower Hamlets,351
Greenwich,135
Westminster,365
Wandsworth,130
Kensington and Chelsea,100
Westminster,149
Waltham Forest,80
Southwark,192
Ealing,160
City of London,200
Westminster,203
Camden,123
Westminster,203
Brent,94
Bexley,40
Waltham Forest,36
Westminster,523
Haringey,296
Waltham Forest,156
Westminster,200
Camden,290
Kensington and Chelsea,200
Havering,77
Greenwich,217
City of London,191
Waltham Forest,96
Hackney,52
Southwark,92
City of London,224
Greenwich,155
Hammersmith and Fulham,48
Hackney,232
Camden,335
Westminster,190
Richmond upon Thames,63
Westminster,227
Southwark,61
Camden,91
Richmond upon Thames,263
Southwark,226
Croydon,72
Westminster,364
Tower Hamlets,37
Islington,85
Southwark,101
Hounslow,80
Bexley,55
Hammersmith and Fulham,41
Newham,131
Bromley,221
Tower Hamlets,69
Haringey,170
Greenwich,52
Barnet,264
Redbridge,209
Islington,118
Lewisham,135
Hammersmith and Fulham,218
Westminster,187
Camden,185
Westminster,187
Southwark,134
Islington,187
Bexley,55
Lambeth,50
Wandsworth,165
Westminster,206
Wandsworth,65
Kensington and Chelsea,251
Kensington and Chelsea,315
Redbridge,72
Croydon,380
Hillingdon,34
Westminster,98
Tower Hamlets,70
Islington,162
Tower Hamlets,71
Hackney,194
Kensington and Chelsea,171
Tower Hamlets,170
Lewisham,140
Southwark,245
Tower Hamlets,149
Kensington and Chelsea,292
Islington,200
Wandsworth,383
Camden,120
Waltham Forest,149
Tower Hamlets,198
Hackney,264
Westminster,903
Haringey,136
Croydon,35
Croydon,35
Southwark,115
Richmond upon Thames,40
Hackney,76
Hammersmith and Fulham,140
Croydon,100
Bexley,60
Lewisham,68
Croydon,98
Camden,35
Croydon,160
Islington,140
Barnet,141
Hackney,41
Hackney,78
Wandsworth,118
Merton,23
Kensington and Chelsea,70
Kensington and Chelsea,80
Kensington and Chelsea,250
Camden,176
Camden,90
Barnet,162
Westminster,493
Croydon,36
Westminster,500
Southwark,179
Haringey,400
Southwark,250
Southwark,482
Southwark,176
Greenwich,155
Lewisham,97
Lambeth,204
Haringey,63
Lambeth,112
Camden,68
Islington,49
Croydon,63
Southwark,133
Newham,95
Islington,170
Camden,199
Southwark,104
Southwark,108
Tower Hamlets,225
Redbridge,33
Barnet,186
Kensington and Chelsea,204
Bromley,80
Westminster,13
Camden,131
Camden,52
Waltham Forest,80
Redbridge,96
Hillingdon,26
Brent,122
Hillingdon,39
Hackney,201
Merton,196
Tower Hamlets,99
Southwark,94
Wandsworth,65
Hackney,91
Greenwich,181
Westminster,240
Hammersmith and Fulham,1201
Tower Hamlets,41
Lambeth,103
Tower Hamlets,41
Kensington and Chelsea,1294
Westminster,280
Ealing,104
Lewisham,112
Hackney,75
Kensington and Chelsea,927
Merton,65
Islington,103
Camden,190
Hackney,257
Camden,165
Waltham Forest,53
Camden,180
Camden,180
Greenwich,128
Camden,180
Camden,210
Wandsworth,160
Westminster,390
Camden,210
Hammersmith and Fulham,114
Islington,142
Camden,216
Sutton,118
Lewisham,75
Hackney,126
Westminster,248
Camden,64
Camden,180
Ealing,55
Kensington and Chelsea,1300
Lambeth,211
Tower Hamlets,76
Ealing,55
Wandsworth,285
Camden,67
Havering,278
Camden,153
Islington,323
Westminster,203
Kensington and Chelsea,150
Kensington and Chelsea,131
Tower Hamlets,48
Westminster,203
Brent,225
Hammersmith and Fulham,111
Lambeth,259
Lambeth,85
Westminster,205
Southwark,81
Westminster,104
Newham,190
Islington,162
Westminster,30
Wandsworth,67
Brent,78
Kensington and Chelsea,1330
Tower Hamlets,41
Kensington and Chelsea,496
Southwark,125
Westminster,97
Bexley,106
Tower Hamlets,217
Southwark,119
Hammersmith and Fulham,242
Bexley,186
Hackney,99
Tower Hamlets,51
Westminster,95
Tower Hamlets,157
Southwark,216
Barnet,313
Sutton,161
Kensington and Chelsea,315
Camden,58
Camden,43
Camden,68
Harrow,57
Camden,33
Westminster,180
Camden,428
Westminster,26
Ealing,108
Westminster,72
Tower Hamlets,286
Wandsworth,499
Haringey,98
Tower Hamlets,198
Kensington and Chelsea,107
Kensington and Chelsea,102
Kensington and Chelsea,134
Southwark,237
Tower Hamlets,135
Kensington and Chelsea,160
Camden,234
Kensington and Chelsea,129
Camden,235
Camden,248
Camden,329
Kensington and Chelsea,122
Camden,303
Camden,465
Westminster,195
Westminster,295
Westminster,248
Westminster,309
Westminster,386
Barking and Dagenham,134
Bromley,180
Barking and Dagenham,113
Barking and Dagenham,113
Ealing,82
Wandsworth,91
Tower Hamlets,163
Hammersmith and Fulham,379
Ealing,82
Barnet,55
Tower Hamlets,183
Hackney,109
Kensington and Chelsea,542
Islington,65
Tower Hamlets,168
Barnet,79
Hackney,183
Camden,372
Barnet,44
Waltham Forest,246
Wandsworth,170
Kensington and Chelsea,616
Southwark,108
Lambeth,300
Haringey,34
Lambeth,410
Westminster,91
Hackney,147
Kensington and Chelsea,244
Westminster,95
Westminster,89
Westminster,171
Tower Hamlets,44
Westminster,498
Croydon,35
Lambeth,180
Westminster,265
Hackney,185
Kensington and Chelsea,761
Southwark,273
Ealing,64
Barnet,75
Camden,160
Kensington and Chelsea,140
Camden,162
Ealing,96
Westminster,472
Westminster,459
Barnet,159
Wandsworth,45
Tower Hamlets,179
Waltham Forest,47
Croydon,53
Kensington and Chelsea,170
Camden,141
Redbridge,70
Lambeth,90
Westminster,31
Wandsworth,105
Wandsworth,89
Hackney,70
Camden,198
Westminster,75
Southwark,138
Camden,240
Westminster,200
Lambeth,519
Camden,124
Croydon,40
Westminster,155
Newham,198
Westminster,614
Kingston upon Thames,75
Lewisham,67
Tower Hamlets,156
Camden,90
Camden,90
Brent,178
Barnet,51
Westminster,41
Greenwich,161
Lewisham,167
Redbridge,32
Hackney,276
Greenwich,88
Islington,152
Islington,108
Tower Hamlets,77
Southwark,41
Hammersmith and Fulham,118
Hammersmith and Fulham,192
Newham,300
Newham,300
Hackney,290
Hackney,205
Hackney,195
Brent,255
Hackney,184
Brent,251
Lambeth,234
Brent,184
Brent,400
Westminster,108
Hackney,167
Wandsworth,387
Southwark,72
Westminster,117
Kensington and Chelsea,140
Brent,330
Westminster,264
Camden,335
Camden,240
Hackney,192
Haringey,126
Camden,241
Westminster,126
Westminster,334
Westminster,192
Westminster,395
Westminster,223
Camden,196
Islington,232
Westminster,356
Westminster,284
Camden,146
Westminster,180
Westminster,305
Westminster,323
Lambeth,50
Hammersmith and Fulham,81
Lewisham,95
Westminster,178
Westminster,320
Tower Hamlets,78
Westminster,115
Newham,240
Lewisham,28
Hillingdon,36
Westminster,209
Kensington and Chelsea,125
Hackney,83
Camden,116
Hackney,150
Westminster,490
Islington,112
Kensington and Chelsea,51
Croydon,108
Tower Hamlets,294
Hackney,405
Westminster,69
Waltham Forest,159
Bexley,40
Waltham Forest,45
Southwark,135
Westminster,139
Tower Hamlets,80
Westminster,109
Westminster,118
Waltham Forest,180
Islington,92
Hammersmith and Fulham,88
Lewisham,182
Westminster,200
Westminster,600
Westminster,686
City of London,9000
Newham,179
Enfield,112
Brent,101
Enfield,171
Haringey,45
Southwark,168
Hackney,143
Islington,196
Brent,212
Westminster,217
Southwark,69
Wandsworth,200
Kensington and Chelsea,2000
Camden,137
Ealing,318
Lewisham,48
Brent,38
Greenwich,54
Kensington and Chelsea,249
Ealing,285
Hammersmith and Fulham,90
Southwark,66
Kensington and Chelsea,220
Camden,195
Brent,180
Haringey,126
Newham,183
Westminster,180
Lewisham,25
Hackney,111
Waltham Forest,35
Hackney,180
Tower Hamlets,204
Waltham Forest,219
Bromley,58
Tower Hamlets,21
Brent,103
Ealing,69
Westminster,146
Hammersmith and Fulham,63
Richmond upon Thames,150
Waltham Forest,220
Southwark,144
Lambeth,64
Barnet,93
Southwark,338
Hounslow,298
Hackney,126
Lambeth,107
Islington,120
Tower Hamlets,150
Hackney,89
Kensington and Chelsea,267
Lewisham,131
Southwark,89
Tower Hamlets,107
Haringey,70
Tower Hamlets,275
Barnet,237
Wandsworth,60
Westminster,550
Haringey,140
Westminster,80
Islington,155
Brent,208
Camden,284
Westminster,4500
Brent,100
Southwark,90
Tower Hamlets,39
Haringey,56
Waltham Forest,198
Haringey,66
Haringey,56
Ealing,41
Haringey,189
Merton,92
Tower Hamlets,121
Hammersmith and Fulham,75
Camden,423
Westminster,250
Camden,695
Tower Hamlets,178
Westminster,395
Wandsworth,155
Southwark,112
Islington,167
Ealing,154
Newham,152
Hammersmith and Fulham,352
Waltham Forest,30
Tower Hamlets,126
Kensington and Chelsea,153
Waltham Forest,155
Kensington and Chelsea,375
Southwark,86
Richmond upon Thames,101
Croydon,80
Croydon,143
Wandsworth,112
Hackney,163
Lambeth,33
Tower Hamlets,248
Brent,24
Hackney,125
Hackney,73
Harrow,74
Islington,101
Kensington and Chelsea,622
Southwark,344
Lewisham,64
Westminster,97
Wandsworth,166
Westminster,377
Westminster,184
Lewisham,124
Hounslow,32
Hammersmith and Fulham,35
Wandsworth,525
Redbridge,60
Newham,67
Hammersmith and Fulham,196
Camden,488
Hillingdon,68
Lewisham,125
Barking and Dagenham,265
Hackney,220
Richmond upon Thames,80
Westminster,74
Hounslow,90
Lewisham,108
Hillingdon,79
Westminster,230
Hackney,140
Westminster,316
Camden,371
Newham,100
Westminster,257
Camden,574
Redbridge,100
Tower Hamlets,342
Bromley,36
Wandsworth,450
Merton,76
Kensington and Chelsea,179
Kensington and Chelsea,177
Wandsworth,103
Havering,108
Bexley,85
Merton,321
Tower Hamlets,184
Southwark,153
Lambeth,263
Brent,180
Greenwich,59
Tower Hamlets,47
Haringey,50
Westminster,629
Enfield,47
Brent,530
Hammersmith and Fulham,250
Hammersmith and Fulham,171
Hillingdon,162
Westminster,155
Westminster,321
Camden,105
Bromley,123
Hounslow,99
Lambeth,28
Tower Hamlets,135
Westminster,258
Barking and Dagenham,204
Southwark,212
Lewisham,95
Enfield,32
Camden,149
Barnet,65
Westminster,120
Southwark,191
Tower Hamlets,290
Redbridge,85
Lewisham,312
Hackney,77
Islington,120
Wandsworth,201
Hammersmith and Fulham,53
Wandsworth,144
Barking and Dagenham,65
Kensington and Chelsea,236
Haringey,122
Lewisham,72
Haringey,120
Kensington and Chelsea,277
Redbridge,900
Westminster,119
Bexley,204
Redbridge,60
Enfield,31
Kensington and Chelsea,738
Camden,117
Newham,135
Wandsworth,129
Westminster,206
Camden,259
Newham,19
Newham,72
Kensington and Chelsea,72
Kensington and Chelsea,72
Kensington and Chelsea,76
Kensington and Chelsea,76
Kensington and Chelsea,94
Westminster,118
Westminster,118
Kensington and Chelsea,425
Hammersmith and Fulham,235
Enfield,114
Greenwich,62
Enfield,40
Wandsworth,135
Lambeth,94
Islington,180
Lewisham,66
Hounslow,34
Westminster,452
Camden,59
Newham,49
Southwark,317
Waltham Forest,120
Camden,355
Hackney,135
Tower Hamlets,164
Westminster,220
Hounslow,106
Hackney,250
Hammersmith and Fulham,82
Ealing,50
Ealing,40
Hammersmith and Fulham,97
Barnet,99
Haringey,57
Wandsworth,220
Westminster,90
Harrow,126
Croydon,132
Tower Hamlets,78
Bromley,40
Wandsworth,179
Lambeth,40
Barnet,187
Wandsworth,188
Ealing,81
Wandsworth,160
Wandsworth,238
Wandsworth,171
Wandsworth,160
Wandsworth,207
Westminster,234
Kensington and Chelsea,191
Merton,228
Bromley,60
Lewisham,162
Barking and Dagenham,341
Lambeth,68
Tower Hamlets,41
Enfield,50
Camden,59
Islington,225
Hackney,63
Tower Hamlets,143
Barnet,59
Ealing,76
Islington,109
Kensington and Chelsea,188
Waltham Forest,61
Merton,70
Waltham Forest,62
Westminster,154
Hammersmith and Fulham,49
Bexley,70
Camden,309
Tower Hamlets,60
Tower Hamlets,39
Islington,317
Greenwich,68
Richmond upon Thames,76
Newham,58
Lambeth,27
Hammersmith and Fulham,306
Haringey,51
Hackney,75
Camden,251
Redbridge,106
Westminster,270
Southwark,78
Westminster,207
Hammersmith and Fulham,86
Tower Hamlets,61
Hackney,108
Hammersmith and Fulham,252
Kensington and Chelsea,412
Hackney,72
Lewisham,63
Tower Hamlets,33
Westminster,148
Havering,78
Havering,33
Sutton,267
Westminster,214
Tower Hamlets,55
Barnet,146
Tower Hamlets,46
Hounslow,26
Westminster,206
Hammersmith and Fulham,495
Westminster,668
Lambeth,73
Kingston upon Thames,198
Kensington and Chelsea,108
Wandsworth,500
Waltham Forest,321
Wandsworth,543
Kensington and Chelsea,276
Wandsworth,550
Westminster,286
Camden,138
Ealing,75
Wandsworth,136
Hackney,90
Southwark,80
Hackney,62
Ealing,84
Redbridge,45
Southwark,246
Bromley,45
Enfield,113
Camden,90
Westminster,680
Camden,360
Lambeth,129
Islington,170
Camden,44
Barnet,93
Southwark,101
Westminster,295
Newham,84
Westminster,261
Lambeth,39
Croydon,81
Hillingdon,63
Hammersmith and Fulham,428
Southwark,192
Enfield,46
Southwark,182
Southwark,81
Wandsworth,162
Wandsworth,383
Hammersmith and Fulham,108
Kensington and Chelsea,283
Tower Hamlets,152
Westminster,236
Kensington and Chelsea,409
Southwark,150
Westminster,221
Southwark,150
Kensington and Chelsea,129
Hounslow,128
Lambeth,321
Hackney,198
Kensington and Chelsea,150
Greenwich,190
Hammersmith and Fulham,160
Wandsworth,249
Westminster,259
Lambeth,58
Lambeth,159
Camden,120
Southwark,145
Southwark,146
Westminster,154
Lewisham,170
Waltham Forest,71
Ealing,113
Greenwich,167
Southwark,149
Southwark,150
Southwark,150
Islington,153
Lewisham,189
Barnet,135
Haringey,152
Newham,57
Hillingdon,45
Barnet,40
Hackney,63
Kensington and Chelsea,273
Barnet,43
Barnet,49
Southwark,72
Hammersmith and Fulham,176
Camden,810
Greenwich,50
Lewisham,50
Newham,73
Tower Hamlets,225
Newham,159
Hackney,62
Westminster,218
Tower Hamlets,158
Greenwich,164
Southwark,207
Southwark,224
Kensington and Chelsea,342
Kensington and Chelsea,716
Newham,123
Ealing,383
Tower Hamlets,156
Bromley,82
Southwark,187
Westminster,147
Tower Hamlets,112
Kensington and Chelsea,500
Havering,135
Lambeth,80
Westminster,121
Greenwich,135
Newham,173
Sutton,156
Westminster,75
Bromley,65
Tower Hamlets,260
Newham,29
Westminster,138
Richmond upon Thames,190
Hammersmith and Fulham,55
Sutton,83
Westminster,85
Southwark,210
Newham,38
Newham,30
Westminster,119
Newham,153
Camden,113
Brent,193
Wandsworth,52
Brent,190
Brent,172
Haringey,117
Newham,307
Hackney,135
Hillingdon,126
Kensington and Chelsea,131
Wandsworth,300
Greenwich,120
Hackney,225
Waltham Forest,59
Southwark,135
Camden,125
Hammersmith and Fulham,170
Wandsworth,187
Wandsworth,200
Wandsworth,154
Richmond upon Thames,317
Hackney,179
Westminster,144
Hammersmith and Fulham,283
Kensington and Chelsea,215
Hackney,136
Islington,129
Tower Hamlets,140
Hackney,266
Kingston upon Thames,161
Tower Hamlets,215
Islington,102
Westminster,124
Kensington and Chelsea,2058
Westminster,660
Waltham Forest,143
Westminster,474
Kensington and Chelsea,600
Lewisham,169
Newham,206
Barnet,150
Greenwich,238
Newham,270
Brent,120
Hackney,143
Kensington and Chelsea,900
Merton,99
Hackney,164
Hackney,178
Greenwich,550
Merton,59
Hackney,144
Lambeth,239
Camden,235
Islington,214
Barnet,460
Kensington and Chelsea,224
Hackney,223
Westminster,153
Hammersmith and Fulham,58
Hammersmith and Fulham,53
Hammersmith and Fulham,56
Hammersmith and Fulham,56
Croydon,147
Kensington and Chelsea,300
Islington,167
Tower Hamlets,192
Croydon,186
Westminster,201
Lewisham,102
Ealing,129
Southwark,106
Hounslow,115
Greenwich,263
Bromley,191
Newham,245
Kingston upon Thames,105
Islington,218
Westminster,447
Barking and Dagenham,116
Wandsworth,159
Islington,306
Hackney,90
Bexley,30
Bexley,24
Haringey,133
Camden,104
Hackney,300
Southwark,99
Islington,178
Lambeth,173
Kensington and Chelsea,333
Islington,153
Kensington and Chelsea,320
Barnet,92
Lambeth,147
Lambeth,58000
Westminster,170
Kensington and Chelsea,198
Kensington and Chelsea,224
Tower Hamlets,157
Tower Hamlets,108
Southwark,134
Camden,117
Greenwich,273
Islington,289
Barking and Dagenham,118
Camden,105
Barnet,130
Greenwich,72
Bromley,83
Newham,150
Camden,246
Westminster,64
Hammersmith and Fulham,314
Islington,221
Camden,112
Enfield,179
Westminster,711
Camden,228
Westminster,179
Newham,35
Westminster,630
Tower Hamlets,142
Lewisham,40
Wandsworth,63
Barnet,82
Havering,40
Westminster,160
Westminster,260
Waltham Forest,29
Westminster,400
Southwark,155
Brent,219
Westminster,328
Lambeth,152
Ealing,36
Wandsworth,95
Westminster,208
Islington,90
Sutton,88
Ealing,235
Haringey,66
Westminster,222
Westminster,230
Ealing,191
Westminster,68
Brent,50
Ealing,151
Redbridge,27
Westminster,30
Brent,52
Tower Hamlets,150
Brent,55
Brent,52
Hackney,164
Lambeth,228
Brent,96
Brent,166
Tower Hamlets,210
Tower Hamlets,165
Brent,55
Hackney,180
Islington,238
Hackney,127
Westminster,29
Barnet,100
Haringey,195
Tower Hamlets,40
Camden,103
City of London,351
Camden,68
Haringey,54
Tower Hamlets,99
Tower Hamlets,83
Barnet,45
Tower Hamlets,65
Tower Hamlets,67
Tower Hamlets,61
Tower Hamlets,80
Tower Hamlets,70
Westminster,152
Barnet,117
Camden,300
Hammersmith and Fulham,108
Barnet,46
Hackney,99
Southwark,181
Camden,97
Kensington and Chelsea,119
Kingston upon Thames,180
Kingston upon Thames,89
Westminster,304
Haringey,37
Brent,154
Camden,52
Barnet,93
Wandsworth,64
Sutton,65
Greenwich,126
Tower Hamlets,169
Hackney,135
Tower Hamlets,144
Barnet,150
Tower Hamlets,155
Lambeth,146
Hammersmith and Fulham,248
Hammersmith and Fulham,166
Tower Hamlets,188
Brent,53
Greenwich,104
Ealing,288
Bromley,129
Westminster,188
Kensington and Chelsea,108
Hackney,86
Ealing,54
Camden,102
Camden,91
Hounslow,543
Kensington and Chelsea,72
Harrow,60
Kensington and Chelsea,95
Hackney,225
Kensington and Chelsea,72
Kensington and Chelsea,103
Kensington and Chelsea,72
Tower Hamlets,59
Havering,156
Wandsworth,166
Westminster,200
Westminster,167
Westminster,336
Tower Hamlets,176
Hammersmith and Fulham,194
Brent,54
Hammersmith and Fulham,159
Enfield,151
Westminster,398
Lewisham,48
Southwark,106
Wandsworth,200
Westminster,57
Enfield,44
Kensington and Chelsea,189
Richmond upon Thames,77
Redbridge,131
Southwark,135
Wandsworth,54
Brent,119
Wandsworth,167
Bromley,44
Wandsworth,72
Waltham Forest,92
Islington,43
Wandsworth,252
Southwark,98
Lambeth,242
Camden,94
Camden,88
Camden,204
Southwark,165
Hackney,225
Barnet,128
City of London,133
Barnet,128
Camden,228
Merton,172
Hounslow,111
Southwark,56
Lambeth,234
Southwark,57
Barking and Dagenham,72
Wandsworth,251
Croydon,81
Ealing,155
Westminster,200
Islington,202
Newham,167
Southwark,198
Newham,148
Hammersmith and Fulham,101
Harrow,45
Westminster,135
Barnet,192
Westminster,180
Wandsworth,99
Ealing,170
Kensington and Chelsea,69
Westminster,340
Barnet,135
Islington,160
Hackney,160
Kensington and Chelsea,740
Haringey,69
Haringey,63
Westminster,103
Wandsworth,338
Hammersmith and Fulham,161
Haringey,62
Westminster,265
Islington,143
Redbridge,47
Greenwich,107
Barnet,116
Haringey,65
Hammersmith and Fulham,378
Barnet,160
Camden,184
Wandsworth,44
Islington,149
Merton,119
Merton,220
Brent,180
Brent,386
Kensington and Chelsea,195
Barnet,117
Ealing,143
Barnet,59
Tower Hamlets,183
Hackney,36
Kensington and Chelsea,350
Greenwich,28
Tower Hamlets,199
Bexley,91
Croydon,261
Tower Hamlets,186
Enfield,120
Islington,188
Tower Hamlets,162
Kensington and Chelsea,292
Westminster,280
Westminster,235
Harrow,41
Brent,133
Westminster,661
Camden,186
Merton,184
Haringey,46
Westminster,229
Hammersmith and Fulham,226
Greenwich,150
Camden,414
Merton,208
Southwark,224
Westminster,252
Camden,204
Greenwich,187
Newham,33
Hackney,171
Hammersmith and Fulham,232
Westminster,333
Hillingdon,40
Camden,405
Westminster,318
Camden,57
Westminster,368
Hammersmith and Fulham,860
Kensington and Chelsea,123
Kensington and Chelsea,215
Camden,62
Tower Hamlets,342
Waltham Forest,116
Brent,45
Waltham Forest,48
Hammersmith and Fulham,95
Barking and Dagenham,32
Lambeth,107
Hackney,130
Croydon,35
Tower Hamlets,1022
Redbridge,248
Camden,116
Camden,113
Lewisham,108
Westminster,115
Westminster,159
Hammersmith and Fulham,177
Redbridge,120
Hillingdon,119
Kensington and Chelsea,195
Richmond upon Thames,57
Westminster,144
Richmond upon Thames,60
Camden,210
Southwark,428
Ealing,269
Croydon,130
Wandsworth,104
Southwark,93
Haringey,85
Hackney,152
Southwark,187
Southwark,358
Southwark,140
Westminster,392
Barking and Dagenham,129
Havering,50
Ealing,61
Wandsworth,177
Islington,78
Lambeth,32
Hammersmith and Fulham,24
Tower Hamlets,163
Lambeth,33
Lambeth,35
Wandsworth,139
Islington,149
Newham,210
Lambeth,57
Hammersmith and Fulham,270
Brent,315
Hackney,40
Wandsworth,241
Lambeth,167
Richmond upon Thames,233
Camden,104
Camden,109
Kensington and Chelsea,618
Kensington and Chelsea,618
Ealing,164
Harrow,32
Barnet,87
Hammersmith and Fulham,327
Hillingdon,37
Wandsworth,207
Westminster,229
Westminster,120
Westminster,296
Kensington and Chelsea,278
Haringey,42
Camden,82
Southwark,56
Newham,225
Haringey,43
Brent,160
Hackney,144
Hammersmith and Fulham,117
Lambeth,203
Hammersmith and Fulham,221
Hammersmith and Fulham,241
Wandsworth,191
Hammersmith and Fulham,204
Islington,228
Lambeth,480
Kensington and Chelsea,196
Camden,86
Camden,558
Ealing,200
Wandsworth,205
Wandsworth,195
Southwark,180
Camden,422
Islington,59
Westminster,285
Barnet,85
Bromley,139
Haringey,78
City of London,200
Kensington and Chelsea,175
Wandsworth,170
Southwark,126
Lambeth,232
Hammersmith and Fulham,201
Hammersmith and Fulham,246
Barnet,130
Newham,90
Newham,90
Tower Hamlets,148
Kensington and Chelsea,245
Southwark,164
Barking and Dagenham,109
Kensington and Chelsea,176
Greenwich,99
Camden,117
Brent,135
Lambeth,162
Haringey,78
Haringey,126
Kensington and Chelsea,557
Westminster,73
Westminster,78
Westminster,64
Westminster,64
Kensington and Chelsea,248
Kensington and Chelsea,338
Westminster,101
Hackney,232
Kensington and Chelsea,479
Islington,174
Tower Hamlets,80
Southwark,284
Southwark,214
Southwark,63
Westminster,285
Camden,444
Wandsworth,208
Tower Hamlets,170
Southwark,184
Islington,171
Camden,196
Islington,286
Lambeth,172
Tower Hamlets,68
Tower Hamlets,242
Camden,108
Tower Hamlets,162
Islington,85
Tower Hamlets,30
Islington,221
Islington,146
Camden,1024
City of London,259
Tower Hamlets,172
Westminster,237
Islington,180
Lewisham,130
Islington,250
Newham,200
Lambeth,180
Brent,166
Tower Hamlets,174
Newham,287
Hackney,244
Tower Hamlets,49
Westminster,182
Enfield,63
Newham,73
Wandsworth,82
Newham,42
Islington,147
Camden,103
Islington,241
Kensington and Chelsea,99
Croydon,81
Southwark,143
Merton,30
Southwark,202
Newham,146
Westminster,182
Merton,44
Camden,262
Hounslow,45
Newham,117
Barnet,77
Newham,33
Lambeth,161
Waltham Forest,51
Bexley,120
Kensington and Chelsea,270
Barnet,74
Southwark,67
Southwark,67
Sutton,63
Haringey,102
Hammersmith and Fulham,132
Camden,116
Camden,78
Southwark,232
Westminster,770
Southwark,225
Ealing,76
Hackney,193
Hammersmith and Fulham,296
Kensington and Chelsea,333
Southwark,70
Barnet,126
Bromley,62
Croydon,236
Barking and Dagenham,62
Hackney,46
Tower Hamlets,245
Hillingdon,31
Tower Hamlets,213
Lewisham,156
Hackney,35
Brent,39
Haringey,550
Redbridge,30
Havering,54
Bromley,26
Greenwich,71
Hackney,158
Tower Hamlets,90
Southwark,166
Havering,201
Southwark,136
Bromley,71
Waltham Forest,159
Brent,129
Croydon,35
Haringey,54
Hillingdon,49
Hammersmith and Fulham,79
Westminster,228
Lambeth,90
Newham,110
Westminster,319
Tower Hamlets,54
City of London,151
Camden,114
Westminster,295
Haringey,142
Hammersmith and Fulham,79
Tower Hamlets,68
Brent,237
Westminster,495
Enfield,58
Havering,146
Hammersmith and Fulham,165
Hackney,162
Hackney,280
Tower Hamlets,189
Tower Hamlets,85
Richmond upon Thames,281
Barking and Dagenham,30
Sutton,69
Ealing,47
Newham,115
Haringey,203
Tower Hamlets,66
Kensington and Chelsea,600
Haringey,99
Camden,359
Waltham Forest,149
Lambeth,222
Camden,100
Kensington and Chelsea,354
Westminster,217
Hackney,163
Waltham Forest,60
Croydon,48
Hounslow,50
Islington,198
Lambeth,161
Bromley,153
Hackney,198
Islington,135
Kensington and Chelsea,163
Camden,132
Hackney,171
Newham,167
Newham,200
Harrow,240
Westminster,147
Hackney,71
Haringey,297
Southwark,298
Richmond upon Thames,95
Wandsworth,41
Hammersmith and Fulham,100
Kensington and Chelsea,265
Croydon,48
Westminster,116
Bexley,139
Westminster,374
Westminster,288
Tower Hamlets,70
Bexley,92
Lewisham,143
Camden,63
Barking and Dagenham,205
Wandsworth,375
Westminster,472
Camden,92
Southwark,153
Tower Hamlets,117
Kensington and Chelsea,202
Tower Hamlets,192
Kensington and Chelsea,222
Westminster,581
Tower Hamlets,80
Westminster,159
Camden,106
Brent,187
Newham,220
Hackney,86
Westminster,163
Redbridge,65
Westminster,115
Islington,195
Kensington and Chelsea,216
Westminster,627
Enfield,108
Barnet,194
Wandsworth,57
Newham,141
Westminster,131
Westminster,111
Westminster,114
Westminster,112
Barnet,68
Westminster,55
Waltham Forest,158
Islington,85
Hammersmith and Fulham,308
Southwark,233
Tower Hamlets,140
Islington,97
Tower Hamlets,97
Kensington and Chelsea,122
Kensington and Chelsea,93
Kensington and Chelsea,132
Kensington and Chelsea,343
Kensington and Chelsea,415
Tower Hamlets,101
Islington,126
Haringey,117
Lambeth,75
Tower Hamlets,108
Hackney,144
Brent,81
Islington,92
Westminster,269
Tower Hamlets,100
Kensington and Chelsea,163
Lambeth,316
Westminster,180
Camden,91
Islington,61
Tower Hamlets,82
Camden,89
Camden,90
Hackney,36
Islington,97
Islington,92
Tower Hamlets,72
Westminster,47
Kensington and Chelsea,158
Tower Hamlets,186
Wandsworth,142
Southwark,47
Westminster,158
Hounslow,230
Hackney,320
Westminster,486
Westminster,319
Kensington and Chelsea,383
Westminster,37
Islington,65
Brent,236
Islington,447
Hackney,117
Waltham Forest,76
Tower Hamlets,44
Westminster,105
Westminster,100
Westminster,131
Hillingdon,32
Westminster,210
Lewisham,133
Hammersmith and Fulham,252
Southwark,138
Westminster,144
Harrow,31
Southwark,54
Westminster,145
Southwark,49
Kensington and Chelsea,200
Merton,106
Lambeth,76
Waltham Forest,143
Hackney,211
Hackney,88
Kensington and Chelsea,279
Greenwich,216
Croydon,45
Barking and Dagenham,177
Southwark,94
Westminster,536
Southwark,94
Brent,36
Tower Hamlets,58
Islington,270
Havering,91
Hammersmith and Fulham,176
Hammersmith and Fulham,88
Hammersmith and Fulham,86
Bromley,83
Havering,68
Greenwich,1218
Tower Hamlets,250
Camden,197
Camden,218
Camden,260
Westminster,264
Camden,98
Lambeth,141
Barnet,157
Westminster,134
Waltham Forest,181
Hackney,54
Sutton,118
Haringey,48
Wandsworth,146
Hackney,342
Hammersmith and Fulham,130
Greenwich,36
Lambeth,65
Enfield,36
Haringey,61
Tower Hamlets,73
Newham,60
Westminster,417
Westminster,71
Newham,114
Westminster,247
Islington,145
Islington,285
Westminster,215
Westminster,92
Westminster,276
Islington,81
Westminster,225
Tower Hamlets,205
Westminster,266
Westminster,553
Croydon,198
Westminster,390
Bexley,174
Hammersmith and Fulham,238
Hounslow,244
Ealing,144
Tower Hamlets,235
Kensington and Chelsea,255
Wandsworth,50
Hackney,67
Bexley,42
Southwark,89
Islington,163
Camden,158
Westminster,283
Barking and Dagenham,64
Westminster,390
Islington,59
Hammersmith and Fulham,181
Brent,196
Barnet,129
Brent,161
Islington,189
Westminster,648
Southwark,56
Harrow,43
Camden,285
Newham,111
Islington,57
Camden,98
Bexley,154
Westminster,344
Barnet,71
Lambeth,69
Southwark,391
Barnet,389
Ealing,43
Lambeth,69
Richmond upon Thames,240
Islington,120
Newham,77
Brent,225
Barking and Dagenham,128
Lewisham,130
Wandsworth,300
Waltham Forest,136
Kensington and Chelsea,270
Richmond upon Thames,103
Camden,45
Waltham Forest,154
Greenwich,135
Hillingdon,50
Hackney,41
Redbridge,179
Hammersmith and Fulham,233
Hillingdon,37
Croydon,32
Croydon,90
Barnet,113
Barnet,179
Hackney,111
Southwark,100
Southwark,66
Brent,220
Southwark,66
Lambeth,68
Islington,193
Southwark,159
Havering,162
Westminster,218
Tower Hamlets,205
Lewisham,105
Westminster,94
Westminster,160
Bexley,187
Greenwich,40
Westminster,171
Westminster,322
Barnet,187
Westminster,324
Barking and Dagenham,37
Southwark,198
Bexley,149
Newham,190
Wandsworth,40
Westminster,288
Haringey,128
Camden,69
Barnet,195
Barnet,108
Haringey,93
Camden,306
Hammersmith and Fulham,37
Islington,96
Southwark,200
Newham,177
Kensington and Chelsea,225
Westminster,126
Islington,253
Southwark,53
Tower Hamlets,41
Islington,80
Camden,72
Islington,217
Ealing,80
Wandsworth,304
Brent,117
Hammersmith and Fulham,97
Westminster,149
Westminster,80
Ealing,630
Camden,81
Brent,53
Croydon,29
Hounslow,80
Merton,38
Tower Hamlets,133
Redbridge,500
Tower Hamlets,336
Newham,75
Barking and Dagenham,156
Redbridge,108
Hammersmith and Fulham,100
Hammersmith and Fulham,135
Redbridge,143
Tower Hamlets,68
Westminster,111
Kensington and Chelsea,161
Harrow,43
Southwark,292
Haringey,25
Croydon,35
Southwark,55
Tower Hamlets,116
Ealing,113
Wandsworth,140
Kensington and Chelsea,125
Lambeth,69
Tower Hamlets,50
Tower Hamlets,137
Hammersmith and Fulham,216
Brent,99
Lambeth,82
Hammersmith and Fulham,411
Brent,459
Westminster,330
Wandsworth,98
Barnet,125
Camden,98
Haringey,44
Haringey,74
Wandsworth,69
Hounslow,216
Barking and Dagenham,190
Newham,70
Southwark,120
Westminster,347
Westminster,506
Waltham Forest,183
Barking and Dagenham,170
Lambeth,168
Hackney,79
Newham,116
Islington,111
Lewisham,100
Islington,87
Westminster,91
Westminster,136
City of London,196
Tower Hamlets,180
Greenwich,202
Westminster,194
Wandsworth,180
Islington,52
Islington,119
Merton,366
Southwark,46
Hackney,142
Islington,80
Croydon,97
Southwark,107
Kensington and Chelsea,180
Camden,81
Southwark,49
Southwark,52
Southwark,51
Lambeth,56
Kensington and Chelsea,325
Barking and Dagenham,33
Lewisham,53
Greenwich,108
Haringey,59
Haringey,91
Haringey,52
Haringey,71
Ealing,89
Hounslow,57
Barking and Dagenham,36
Hammersmith and Fulham,102
Hackney,59
Lambeth,382
Newham,153
Ealing,100
Kensington and Chelsea,204
Redbridge,39
Lewisham,243
Wandsworth,208
Camden,318
Camden,201
Lambeth,219
Camden,205
Tower Hamlets,304
Lambeth,369
Westminster,126
Greenwich,69
Redbridge,124
Lambeth,265
Ealing,33
Ealing,51
Lewisham,148
Westminster,137
Westminster,151
Waltham Forest,63
Islington,410
Waltham Forest,113
Lambeth,80
Hackney,180
Enfield,141
Southwark,86
Westminster,188
Hammersmith and Fulham,294
Ealing,234
Enfield,65
Waltham Forest,144
Croydon,69
Islington,129
Tower Hamlets,149
Lambeth,50
Tower Hamlets,200
Richmond upon Thames,343
Barnet,50
Westminster,126
Camden,97
Islington,139
Islington,79
Haringey,86
Islington,124
Westminster,109
Tower Hamlets,72
Camden,191
Richmond upon Thames,59
Hillingdon,58
Brent,466
Southwark,158
Hounslow,95
Harrow,387
Southwark,121
Croydon,26
Brent,64
Barnet,192
City of London,131
Hammersmith and Fulham,88
Islington,32
Westminster,351
Kingston upon Thames,135
Hounslow,65
Lambeth,60
Lambeth,137
Kensington and Chelsea,369
Kensington and Chelsea,623
Brent,68
Westminster,170
Camden,210
Havering,66
Newham,86
Westminster,753
Brent,85
Havering,44
Westminster,800
Greenwich,258
Brent,314
Brent,255
Westminster,348
Westminster,516
Greenwich,304
Greenwich,403
Haringey,875
Tower Hamlets,64
Brent,127
Hammersmith and Fulham,220
Camden,237
Greenwich,222
Hackney,145
Hackney,110
Hackney,114
Hackney,114
Enfield,320
Brent,117
Barking and Dagenham,117
Enfield,400
Wandsworth,142
Haringey,171
Southwark,158
Tower Hamlets,301
Westminster,132
Camden,104
Westminster,225
Islington,76
Harrow,70
Tower Hamlets,68
Westminster,110
Barking and Dagenham,249
Barnet,47
Brent,221
Islington,92
Westminster,144
Westminster,169
Westminster,228
Ealing,36
Lambeth,187
Westminster,228
Westminster,144
Westminster,169
Lambeth,495
Kensington and Chelsea,386
Haringey,49
Bromley,503
Hammersmith and Fulham,100
Westminster,255
Wandsworth,138
Lambeth,68
Wandsworth,132
Kensington and Chelsea,285
Waltham Forest,48
Wandsworth,126
Lewisham,149
Southwark,159
Redbridge,286
Kensington and Chelsea,92
Merton,53
Hammersmith and Fulham,102
Tower Hamlets,156
Kensington and Chelsea,98
Westminster,470
Camden,213
Kensington and Chelsea,165
Southwark,60
Haringey,74
Islington,176
Islington,293
Camden,137
Lewisham,166
Lambeth,278
Camden,120
Wandsworth,300
Kensington and Chelsea,360
Southwark,212
Kensington and Chelsea,450
Redbridge,32
Westminster,315
Tower Hamlets,42
Lambeth,85
Barking and Dagenham,43
Croydon,37
Merton,113
Lewisham,44
Haringey,124
Newham,24
Westminster,245
Bexley,270
Kensington and Chelsea,90
Croydon,35
Newham,123
Kensington and Chelsea,195
Kensington and Chelsea,191
Wandsworth,162
Newham,112
Newham,106
Southwark,188
Newham,200
Camden,284
Haringey,141
Kensington and Chelsea,125
Tower Hamlets,111
Redbridge,63
Newham,68
Westminster,204
Redbridge,99
Harrow,36
Kingston upon Thames,195
Westminster,526
Haringey,60
Bexley,64
Lambeth,193
Lewisham,76
Hackney,50
Havering,48
Lambeth,239
Redbridge,137
Havering,211
Westminster,195
Enfield,55
Hackney,81
Westminster,98
Westminster,71
Westminster,160
Westminster,387
Ealing,106
Tower Hamlets,168
Barking and Dagenham,79
Haringey,111
Bexley,108
Lambeth,133
Lambeth,80
Westminster,504
Tower Hamlets,98
Merton,180
Barnet,59
Harrow,106
Haringey,112
Brent,129
Westminster,160
Haringey,95
Wandsworth,286
Wandsworth,79
Barking and Dagenham,133
Kensington and Chelsea,289
Wandsworth,352
Barnet,90
Enfield,108
Hackney,141
Westminster,150
Southwark,138
Southwark,70
Bexley,131
Croydon,50
Tower Hamlets,190
Wandsworth,48
Ealing,91
Hackney,153
Ealing,254
Hackney,314
Hackney,105
Hackney,360
Kensington and Chelsea,300
Islington,91
Lambeth,68
Tower Hamlets,54
Kensington and Chelsea,411
Camden,154
Islington,83
Camden,72
Islington,150
Islington,75
Brent,39
Westminster,323
Tower Hamlets,42
Kensington and Chelsea,142
Lambeth,52
Barnet,60
Newham,99
Islington,108
Tower Hamlets,117
Westminster,528
Kensington and Chelsea,200
Westminster,639
Westminster,4811
Haringey,42
Westminster,729
Kensington and Chelsea,190
Kensington and Chelsea,207
Kensington and Chelsea,173
Kensington and Chelsea,221
Kensington and Chelsea,204
Tower Hamlets,243
Kensington and Chelsea,210
Islington,89
Brent,100
Tower Hamlets,219
Waltham Forest,144
Camden,239
Hammersmith and Fulham,79
Camden,360
Hammersmith and Fulham,304
Westminster,60
Westminster,39
Hackney,66
Westminster,20
Sutton,113
Westminster,308
Richmond upon Thames,191
Tower Hamlets,91
Lambeth,108
Newham,106
Barnet,125
Camden,464
Westminster,108
Tower Hamlets,84
Haringey,50
Westminster,700
Camden,99
Haringey,124
Westminster,182
Westminster,690
Islington,126
Westminster,188
Islington,88
Wandsworth,173
Camden,104
Kensington and Chelsea,415
Westminster,81
Camden,138
Hackney,149
Newham,213
Hackney,216
Wandsworth,255
Brent,111
Haringey,77
Islington,91
Croydon,85
Lambeth,72
Kensington and Chelsea,810
Islington,162
Kensington and Chelsea,526
City of London,304
City of London,334
Westminster,289
Hammersmith and Fulham,220
Wandsworth,526
Lambeth,120
Westminster,130
Hackney,99
Merton,94
Richmond upon Thames,74
Merton,192
Lewisham,121
Tower Hamlets,320
Kensington and Chelsea,199
Hammersmith and Fulham,98
Kensington and Chelsea,207
Kensington and Chelsea,210
Kensington and Chelsea,270
Islington,86
Havering,39
Westminster,2022
Brent,394
Barnet,176
Tower Hamlets,72
Hackney,55
Hammersmith and Fulham,165
Barnet,139
Kensington and Chelsea,296
Westminster,210
Redbridge,123
Hammersmith and Fulham,72
Hackney,155
Croydon,129
Lambeth,64
Hackney,195
Lewisham,155
Barnet,139
Lambeth,186
Wandsworth,118
Barnet,103
City of London,272
Camden,262
Richmond upon Thames,111
Westminster,98
Haringey,81
Kingston upon Thames,122
Westminster,1000
Kensington and Chelsea,300
Westminster,1000
Croydon,491
Westminster,1000
Westminster,250
Kensington and Chelsea,227
Westminster,1000
Kensington and Chelsea,212
Westminster,1000
Kensington and Chelsea,176
Islington,421
Westminster,517
Tower Hamlets,99
Ealing,133
Camden,500
Westminster,1000
Westminster,500
Westminster,500
Greenwich,126
Bexley,1300
Islington,64
Greenwich,186
Westminster,176
Westminster,400
Camden,109
Haringey,95
Newham,212
Tower Hamlets,65
Westminster,270
Westminster,100
Hackney,226
Hackney,70
Haringey,79
Brent,152
Kensington and Chelsea,410
Southwark,110
Westminster,801
Southwark,70
Richmond upon Thames,88
Wandsworth,359
Westminster,178
Lewisham,100
Southwark,61
Haringey,92
Hammersmith and Fulham,111
Hammersmith and Fulham,123
Southwark,103
Lewisham,30
Southwark,165
Wandsworth,191
Islington,126
Wandsworth,36
Islington,169
Islington,323
Islington,312
Hammersmith and Fulham,210
Islington,448
Islington,496
Islington,565
Islington,566
Southwark,170
Barnet,63
Croydon,33
Bromley,82
Kensington and Chelsea,226
Southwark,159
Brent,203
Southwark,53
Haringey,152
Kensington and Chelsea,219
Lambeth,160
Greenwich,180
Ealing,83
Merton,110
Waltham Forest,311
Haringey,83
Greenwich,209
Camden,153
Westminster,440
Lambeth,92
Lewisham,54
Islington,157
Southwark,127
Brent,450
Westminster,231
Westminster,350
Tower Hamlets,178
Kensington and Chelsea,835
Waltham Forest,44
Kensington and Chelsea,140
Bexley,54
Havering,90
Lambeth,69
Westminster,100
Enfield,42
Barnet,289
Ealing,35
Harrow,37
Newham,63
Newham,123
Westminster,162
Hammersmith and Fulham,143
City of London,226
Greenwich,133
Lambeth,6391
Lambeth,66189
Croydon,45
Croydon,43
Lambeth,60
Newham,51
Kensington and Chelsea,270
Croydon,60
Croydon,52
Ealing,107
Ealing,360
Kensington and Chelsea,72
Redbridge,152
Waltham Forest,206
Southwark,115
Hackney,114
Hillingdon,64
Wandsworth,200
Hillingdon,93
Lambeth,68
Newham,135
Westminster,375
Westminster,375
Lambeth,69
Brent,344
Westminster,375
Westminster,140
Westminster,375
Westminster,431
Kensington and Chelsea,313
Tower Hamlets,120
Tower Hamlets,282
Greenwich,191
Tower Hamlets,268
Redbridge,34
Tower Hamlets,314
Ealing,94
Tower Hamlets,195
Brent,232
Merton,110
Ealing,62
Kensington and Chelsea,84
Haringey,92
Greenwich,77
Ealing,64
Haringey,90
Ealing,59
Ealing,66
Islington,87
Ealing,63
Ealing,64
Ealing,65
Camden,200
Hackney,43
Greenwich,168
Lambeth,230
Hammersmith and Fulham,205
Newham,42
Tower Hamlets,175
Hammersmith and Fulham,110
Islington,114
Tower Hamlets,160
Hackney,174
Lewisham,40
Kensington and Chelsea,373
Redbridge,107
Hillingdon,180
Wandsworth,78
Greenwich,52
Barnet,96
Hounslow,73
Barnet,42
Kensington and Chelsea,907
Hillingdon,55
Wandsworth,202
Haringey,30
Tower Hamlets,198
Islington,74
Harrow,45
Southwark,50
Wandsworth,98
Harrow,36
Westminster,455
Tower Hamlets,309
Newham,83
Wandsworth,186
Hackney,66
Haringey,93
Tower Hamlets,51
Wandsworth,148
Islington,57
Croydon,40
Wandsworth,234
Redbridge,100
Greenwich,45
Greenwich,170
Harrow,51
Brent,60
Hackney,176
Kensington and Chelsea,222
Hammersmith and Fulham,405
Barnet,89
Lambeth,142
Merton,181
Harrow,45
Westminster,196
Westminster,335
Barnet,165
Harrow,31
Camden,127
Westminster,216
Tower Hamlets,468
Wandsworth,63
Westminster,92
Westminster,110
Enfield,38
Westminster,415
Newham,69
Westminster,88
Tower Hamlets,92
Croydon,83
Westminster,110
Hounslow,40
Islington,350
Croydon,183
Lewisham,88
Tower Hamlets,375
Westminster,397
Wandsworth,198
Hammersmith and Fulham,228
Wandsworth,168
Wandsworth,251
Wandsworth,180
Wandsworth,168
Islington,160
Harrow,34
Camden,572
Tower Hamlets,40
Lambeth,150
Croydon,207
Islington,97
Islington,88
Islington,94
Islington,112
Islington,91
Wandsworth,218
Westminster,147
Greenwich,96
Tower Hamlets,73
Newham,80
Camden,70
Southwark,240
Tower Hamlets,80
Greenwich,139
Tower Hamlets,73
Lambeth,270
Hounslow,290
Hackney,66
Kensington and Chelsea,422
Hammersmith and Fulham,810
Islington,180
Westminster,91
Haringey,91
Hackney,221
Haringey,86
Richmond upon Thames,121
Westminster,1098
Haringey,79
Haringey,114
Haringey,82
Barnet,89
Haringey,82
Kensington and Chelsea,52
Richmond upon Thames,143
Richmond upon Thames,125
Richmond upon Thames,121
Enfield,119
Barnet,106
Enfield,119
Hounslow,201
Hackney,160
Barnet,260
Hillingdon,36
Camden,385
Camden,304
Camden,219
Camden,331
Westminster,159
Camden,223
Westminster,400
Hillingdon,32
Islington,263
Islington,219
Hackney,252
City of London,191
City of London,278
City of London,278
Westminster,282
Camden,198
City of London,219
Tower Hamlets,110
Southwark,433
Westminster,270
Camden,302
Westminster,99
Westminster,104
Newham,173
Westminster,85
Hammersmith and Fulham,225
Tower Hamlets,250
Hammersmith and Fulham,227
Westminster,245
Ealing,112
Hammersmith and Fulham,138
Ealing,100
Harrow,96
Lambeth,142
Merton,126
Ealing,112
Waltham Forest,46
Merton,173
Westminster,60
Ealing,152
Hackney,245
Haringey,45
Tower Hamlets,72
Kensington and Chelsea,246
Greenwich,150
Greenwich,271
Hounslow,90
Westminster,168
Brent,45
Brent,56
Brent,38
Southwark,35
Barnet,93
Haringey,92
Westminster,264
Haringey,88
Islington,146
Brent,37
Southwark,460
Camden,190
Brent,300
Islington,132
Sutton,82
Kensington and Chelsea,1800
Hammersmith and Fulham,160
Brent,124
Redbridge,96
Westminster,156
Hammersmith and Fulham,55
Newham,107
Wandsworth,137
Haringey,90
Barking and Dagenham,41
Hackney,150
Kensington and Chelsea,752
Westminster,1131
Haringey,107
Hounslow,129
Tower Hamlets,195
Islington,46
Hammersmith and Fulham,176
Hackney,112
Hackney,105
Camden,272
Redbridge,135
Newham,91
Hackney,139
Lewisham,83
Hounslow,113
Tower Hamlets,46
Westminster,173
Lambeth,58
Kensington and Chelsea,150
Hounslow,103
Kensington and Chelsea,500
Camden,165
Hackney,47
Hackney,199
Hackney,46
Lambeth,162
Tower Hamlets,194
Greenwich,250
Tower Hamlets,231
Merton,46
Westminster,216
Ealing,48
Westminster,253
Hackney,60
Hackney,192
Westminster,85
Brent,114
Brent,45
Camden,268
Camden,12000
Kensington and Chelsea,200
Kensington and Chelsea,201
Westminster,95
Westminster,187
Hounslow,70
Brent,114
Westminster,503
Tower Hamlets,242
Westminster,536
Hackney,215
Barnet,166
Southwark,70
Southwark,81
Haringey,129
Westminster,216
Hackney,196
Brent,106
Barnet,160
Ealing,42
Ealing,42
Lambeth,158
Brent,113
Brent,160
Islington,110
Islington,92
Kensington and Chelsea,360
Camden,180
Camden,180
Islington,114
Brent,117
Waltham Forest,80
Hackney,146
Newham,120
Westminster,373
Tower Hamlets,164
Westminster,336
Wandsworth,221
Westminster,236
Tower Hamlets,84
Newham,40
Lambeth,178
Greenwich,179
Westminster,379
Hillingdon,253
Westminster,359
Waltham Forest,50
Westminster,193
Westminster,354
Haringey,69
Westminster,250
Westminster,187
Tower Hamlets,194
Westminster,443
Westminster,388
Southwark,338
Southwark,60
Tower Hamlets,151
Bromley,81
Camden,135
Redbridge,125
Hammersmith and Fulham,35
Hounslow,42
Hackney,274
Brent,132
Hammersmith and Fulham,40
Barking and Dagenham,104
Hammersmith and Fulham,35
Westminster,170
Kensington and Chelsea,220
Westminster,58
Waltham Forest,81
Islington,110
Islington,140
Newham,177
Southwark,517
Lambeth,62
Hackney,344
Southwark,124
Southwark,119
Camden,220
Camden,56
Westminster,215
Tower Hamlets,62
Croydon,27
Tower Hamlets,238
Ealing,104
Southwark,203
Wandsworth,83
Hammersmith and Fulham,151
Lambeth,180
Enfield,125
Enfield,114
Ealing,197
Greenwich,61
Islington,90
Brent,100
Waltham Forest,157
Westminster,660
Croydon,94
Islington,136
Westminster,494
City of London,172
Southwark,256
Merton,50
Westminster,173
Camden,335
Merton,40
Greenwich,333
Hammersmith and Fulham,583
Kensington and Chelsea,159
Wandsworth,151
Barking and Dagenham,179
Brent,42
Westminster,250
Westminster,97
Tower Hamlets,76
Westminster,233
Westminster,445
Havering,47
Southwark,48
Hounslow,86
Waltham Forest,128
Barnet,82
Westminster,578
Westminster,143
Westminster,27
Westminster,368
Westminster,343
Tower Hamlets,160
Hillingdon,49
Tower Hamlets,90
Tower Hamlets,189
Westminster,203
Southwark,128
Ealing,154
Wandsworth,144
Tower Hamlets,205
Lambeth,135
Westminster,752
Barnet,74
Hammersmith and Fulham,216
Kensington and Chelsea,185
Westminster,137
Barking and Dagenham,91
Greenwich,102
Bromley,147
Croydon,105
Tower Hamlets,80
Barnet,65
Ealing,131
Merton,63
Kensington and Chelsea,178
Lambeth,130
Westminster,344
Tower Hamlets,234
Tower Hamlets,270
Barnet,153
Hackney,116
Westminster,190
Kensington and Chelsea,412
Hammersmith and Fulham,233
Westminster,305
Westminster,281
Westminster,311
Westminster,283
Barnet,200
Islington,442
Tower Hamlets,76
Barking and Dagenham,109
Camden,158
Newham,106
Lewisham,323
Lambeth,48
Harrow,123
Hammersmith and Fulham,130
Barnet,107
Merton,64
Kingston upon Thames,139
Kensington and Chelsea,168
Westminster,303
Southwark,232
Haringey,129
Tower Hamlets,166
Ealing,132
Tower Hamlets,131
Islington,97
Redbridge,138
Camden,96
Camden,226
Bexley,100
Kensington and Chelsea,80
Westminster,88
Westminster,315
Westminster,184
Ealing,158
Croydon,95
Camden,165
Camden,145
Haringey,65
Islington,251
Haringey,197
Camden,214
Ealing,45
Bromley,181
Westminster,55
Bromley,147
Wandsworth,145
Islington,113
Kensington and Chelsea,144
Kensington and Chelsea,396
Kensington and Chelsea,220
Westminster,214
Barking and Dagenham,234
Kingston upon Thames,72
Greenwich,226
Brent,91
City of London,189
Hillingdon,144
Hammersmith and Fulham,172
Hillingdon,124
Tower Hamlets,202
Ealing,480
Barnet,65
Islington,160
Barnet,72
Westminster,124
Merton,44
Hillingdon,133
Kensington and Chelsea,416
Hammersmith and Fulham,168
Hackney,191
Waltham Forest,146
Westminster,185
Croydon,160
Kensington and Chelsea,267
Lewisham,36
Camden,72
Hackney,52
Hackney,55
Wandsworth,64
Wandsworth,64
Wandsworth,55
Hackney,84
Wandsworth,55
Kingston upon Thames,175
Westminster,175
Newham,59
Hackney,79
Hackney,63
Barnet,70
Barnet,99
Brent,85
Camden,82
Kensington and Chelsea,227
Harrow,145
Southwark,50
Hammersmith and Fulham,155
Camden,180
Bromley,261
Southwark,197
Westminster,132
Camden,153
Newham,80
Camden,144
Camden,162
Wandsworth,205
Ealing,159
Merton,139
Hackney,223
Kensington and Chelsea,1899
Camden,199
Westminster,485
Hammersmith and Fulham,141
Camden,239
Kensington and Chelsea,663
Kensington and Chelsea,945
Hackney,252
Tower Hamlets,52
Tower Hamlets,137
Wandsworth,186
Westminster,605
Barnet,115
Hackney,68
Hammersmith and Fulham,74
Westminster,166
Barnet,4800
Bexley,94
Barnet,145
Lewisham,99
Newham,120
Westminster,308
Southwark,71
Wandsworth,55
Richmond upon Thames,407
Croydon,155
Merton,162
Islington,128
Barnet,83
Waltham Forest,60
Newham,130
Southwark,167
Havering,479
Greenwich,219
Hammersmith and Fulham,238
Haringey,198
Hackney,208
Bexley,25
Camden,212
Westminster,638
Brent,45
Lewisham,21
Hounslow,149
Barnet,83
Camden,88
Westminster,180
Newham,167
Barnet,158
Hammersmith and Fulham,107
Hammersmith and Fulham,76
Merton,44
Westminster,1818
Wandsworth,68
Tower Hamlets,131
Tower Hamlets,220
Andreea,-0.03456
Camden,210
Hammersmith and Fulham,63
Camden,96
Lewisham,193
Westminster,451
Westminster,419
Newham,68
Hammersmith and Fulham,114
Hounslow,138
Lambeth,56
Kensington and Chelsea,304
Havering,42
Brent,92
Camden,697
Lambeth,128
Westminster,780
Westminster,159
Kensington and Chelsea,84
Westminster,123
Westminster,123
Westminster,122
Westminster,130
Westminster,140
Hammersmith and Fulham,499
Wandsworth,149
Westminster,337
Camden,158
Lewisham,65
Islington,168
Bromley,80
Southwark,198
Islington,137
Newham,80
Lambeth,54
Lambeth,54
Tower Hamlets,86
Sutton,99
Camden,120
Lambeth,54
Newham,79
Lambeth,55
Lambeth,83
Lambeth,55
Lambeth,55
Havering,25
Camden,36
Ealing,56
Westminster,131
Wandsworth,50
Kensington and Chelsea,478
Haringey,60
Tower Hamlets,142
Tower Hamlets,48
Camden,60
Southwark,136
Lambeth,58
Enfield,80
Tower Hamlets,150
Southwark,75
Harrow,36
Tower Hamlets,172
Brent,130
Southwark,223
Croydon,53
Croydon,63
Croydon,66
Brent,89
Brent,92
Brent,89
Lambeth,112
Kensington and Chelsea,288
Kensington and Chelsea,173
Kensington and Chelsea,192
Newham,158
Kensington and Chelsea,127
Wandsworth,132
Haringey,40
Newham,82
Merton,134
Haringey,135
Havering,46
Barnet,27
Haringey,71
Hounslow,34
Barnet,180
Haringey,122
Lewisham,190
Merton,252
Brent,148
Westminster,225
Hackney,48
Kensington and Chelsea,112
Enfield,50
Newham,104
Greenwich,53
Havering,126
Haringey,102
Haringey,45
Barnet,190
Barking and Dagenham,47
Southwark,147
Southwark,230
Hackney,46
Newham,174
Southwark,125
Bexley,33
Kensington and Chelsea,243
Barnet,142
Tower Hamlets,67
Hounslow,129
Tower Hamlets,70
Waltham Forest,90
Tower Hamlets,70
Hounslow,63
Lambeth,39
Bromley,151
Lewisham,56
Southwark,201
Brent,100
Southwark,110
Bromley,90
Southwark,304
Ealing,168
Richmond upon Thames,34
Wandsworth,180
Hounslow,86
Westminster,89
Greenwich,115
Lambeth,231
Westminster,149
Southwark,87
Westminster,340
Southwark,115
Hammersmith and Fulham,19
Richmond upon Thames,68
Southwark,54
Tower Hamlets,198
Tower Hamlets,235
Kensington and Chelsea,187
Islington,137
Hammersmith and Fulham,101
Southwark,66
Croydon,201
Southwark,95
Barking and Dagenham,50
Hammersmith and Fulham,119
Tower Hamlets,322
Westminster,30
Waltham Forest,158
Brent,172
Hammersmith and Fulham,20
Enfield,30
Greenwich,80
Tower Hamlets,135
Waltham Forest,45
Barking and Dagenham,135
Tower Hamlets,83
Redbridge,119
Ealing,315
Newham,400
Kensington and Chelsea,180
Tower Hamlets,130
Merton,496
Greenwich,320
Havering,168
Ealing,200
Brent,81
Islington,95
Westminster,422
Westminster,112
Islington,138
Waltham Forest,132
Islington,137
Enfield,90
Westminster,60
Islington,137
Camden,65
Enfield,119
Lambeth,674
Lewisham,94
Lambeth,666
Lambeth,689
Lambeth,769
Tower Hamlets,90
Newham,81
Ealing,56
Lambeth,761
Newham,64
Brent,32
Lambeth,666
Enfield,190
Tower Hamlets,193
Brent,245
Islington,72
Tower Hamlets,108
Southwark,200
Islington,69
Islington,75
Haringey,41
Greenwich,260
Camden,215
Southwark,185
Westminster,140
Hounslow,45
Hackney,50
Richmond upon Thames,765
Newham,90
Hackney,77
Tower Hamlets,160
Tower Hamlets,50
Croydon,35
Westminster,266
Hackney,49
Kensington and Chelsea,455
City of London,208
Hackney,56
City of London,192
City of London,215
Merton,132
City of London,208
Hammersmith and Fulham,65
Hammersmith and Fulham,18
Kensington and Chelsea,289
Havering,86
Hammersmith and Fulham,270
Kensington and Chelsea,336
Greenwich,35
Merton,293
Islington,68
Redbridge,68
Islington,61
Islington,65
Islington,69
Islington,68
Tower Hamlets,103
Kensington and Chelsea,600
Westminster,719
Bexley,45
Wandsworth,88
Hammersmith and Fulham,119
Lewisham,153
Havering,32
Southwark,118
Havering,228
Wandsworth,287
Westminster,162
Wandsworth,118
Croydon,135
Southwark,68
Ealing,48
Hackney,46
Hillingdon,495
Southwark,61
Haringey,143
Southwark,60
Southwark,73
Southwark,68
Bromley,105
Bromley,43
Barnet,114
Barnet,114
Westminster,41
Islington,171
Westminster,250
Barnet,45
Westminster,1382
Westminster,342
Westminster,174
Hounslow,126
Camden,302
Westminster,155
Westminster,122
Greenwich,155
Greenwich,123
Merton,219
Tower Hamlets,178
Islington,133
Newham,49
Lambeth,674
Westminster,261
Kensington and Chelsea,957
Enfield,41
Newham,226
Islington,220
Ealing,139
Redbridge,107
Islington,170
Hammersmith and Fulham,405
Southwark,162
Hackney,235
Southwark,88
Westminster,68
Harrow,148
Brent,50
Hammersmith and Fulham,208
Greenwich,210
Hammersmith and Fulham,110
Hammersmith and Fulham,112
Hammersmith and Fulham,140
Waltham Forest,64
Southwark,49
Islington,330
Camden,479
Kensington and Chelsea,160
Enfield,40
Tower Hamlets,89
Hackney,59
Kensington and Chelsea,79
Hackney,46
Bromley,41
Bromley,64
Croydon,54
Southwark,328
Southwark,155
Hammersmith and Fulham,216
Westminster,222
Lewisham,162
Hounslow,58
Barnet,202
Haringey,51
Richmond upon Thames,323
Hammersmith and Fulham,108
Tower Hamlets,157
Hackney,184
Westminster,64
Tower Hamlets,257
Barking and Dagenham,144
Islington,125
Islington,218
Hammersmith and Fulham,416
Southwark,47
Westminster,205
Enfield,99
Hackney,47
Richmond upon Thames,63
Hackney,367
Wandsworth,180
Southwark,91
Waltham Forest,79
Hammersmith and Fulham,176
Barnet,184
Tower Hamlets,164
Westminster,177
Greenwich,193
Tower Hamlets,81
Haringey,89
Southwark,42
Westminster,152
Westminster,85
Hammersmith and Fulham,168
Tower Hamlets,260
Southwark,71
Westminster,119
Newham,122
Newham,159
Southwark,52
Westminster,158
Westminster,180
Camden,60
Brent,129
Lambeth,104
Westminster,418
Croydon,45
Westminster,518
Hackney,83
Lambeth,140
Southwark,80
Southwark,42
Southwark,42
Harrow,352
Haringey,133
Southwark,178
Camden,104
Islington,300
Hammersmith and Fulham,198
Wandsworth,118
Southwark,30
Kensington and Chelsea,235
Westminster,584
Ealing,57
Camden,61
Camden,144
Westminster,90
Wandsworth,675
Westminster,359
Hackney,68
Lambeth,150
Lewisham,141
Tower Hamlets,165
Tower Hamlets,300
Merton,352
Croydon,53
Tower Hamlets,35
Haringey,38
Barnet,108
Barnet,108
Tower Hamlets,60
Richmond upon Thames,643
Hounslow,142
Camden,117
Hounslow,155
Camden,250
Camden,96
Tower Hamlets,57
Barking and Dagenham,45
Hackney,50
Sutton,51
Haringey,257
Lewisham,182
Camden,86
Camden,90
Camden,77
Hillingdon,48
Kensington and Chelsea,523
Wandsworth,140
Wandsworth,45
Tower Hamlets,199
Westminster,183
Islington,101
Hammersmith and Fulham,45
Hammersmith and Fulham,162
Hammersmith and Fulham,216
Enfield,150
Westminster,84
Westminster,370
Redbridge,109
Islington,170
Croydon,31
Hackney,97
Lewisham,54
Wandsworth,160
Barnet,112
Tower Hamlets,90
Southwark,39
Hackney,45
Redbridge,90
Islington,232
Tower Hamlets,71
Westminster,125
Newham,118
Redbridge,120
Lewisham,67
Westminster,292
Westminster,15
Lewisham,96
Islington,149
Westminster,24
Westminster,24
Lambeth,219
Westminster,28
Westminster,28
Barnet,216
Lewisham,96
Havering,94
Lewisham,96
Westminster,262
Hackney,73
Tower Hamlets,120
Richmond upon Thames,130
Tower Hamlets,105
Kensington and Chelsea,64
Hackney,121
Haringey,99
Croydon,283
Hackney,44
Westminster,106
Hammersmith and Fulham,720
Camden,65
Barnet,135
Enfield,163
Camden,165
Wandsworth,87
Westminster,127
Wandsworth,110
Westminster,258
Tower Hamlets,85
Westminster,367
Bexley,104
Hammersmith and Fulham,131
Tower Hamlets,52
Croydon,100
Hammersmith and Fulham,350
Merton,89
Westminster,77
Merton,84
Merton,59
Westminster,113
Westminster,140
Barking and Dagenham,48
Barking and Dagenham,44
Barking and Dagenham,37
Tower Hamlets,63
Tower Hamlets,93
Sutton,43
Westminster,101
Camden,293
Waltham Forest,106
Tower Hamlets,193
Lewisham,171
Camden,377
Hackney,221
Brent,132
Ealing,134
Hackney,97
Southwark,138
Lambeth,63
Croydon,156
Haringey,79
Lambeth,351
Westminster,187
Westminster,97
Wandsworth,76
Tower Hamlets,102
Lewisham,120
Barnet,47
Westminster,475
Tower Hamlets,157
Camden,84
Lambeth,234
Islington,266
Camden,110
Camden,125
Camden,110
Wandsworth,70
Westminster,541
Waltham Forest,100
Redbridge,122
Camden,200
Wandsworth,73
Camden,1008
Barnet,47
Barnet,59
Ealing,116
Southwark,47
Southwark,51
Barking and Dagenham,38
Southwark,51
Barking and Dagenham,38
Barking and Dagenham,43
Brent,96
Barking and Dagenham,64
Barking and Dagenham,55
Ealing,203
Westminster,173
Barnet,257
Hackney,135
Southwark,67
Southwark,124
Lambeth,110
Greenwich,223
Hammersmith and Fulham,36
Lewisham,90
Bexley,89
Hackney,64
Waltham Forest,74
Greenwich,136
Westminster,676
Westminster,81
Westminster,326
Newham,58
Enfield,71
Kensington and Chelsea,294
Camden,69
Westminster,900
Brent,239
Westminster,105
Southwark,158
Haringey,100
Haringey,133
Barking and Dagenham,175
Lambeth,85
City of London,191
Hammersmith and Fulham,191
Westminster,64
Merton,63
Lewisham,52
Kensington and Chelsea,259
Westminster,194
City of London,95
Westminster,181
Lambeth,291
Tower Hamlets,140
Hackney,87
Camden,502
Westminster,344
Islington,178
Tower Hamlets,124
Lambeth,87
Islington,66
Tower Hamlets,43
Southwark,45
Redbridge,38
Enfield,177
Westminster,224
Wandsworth,250
Tower Hamlets,318
Kensington and Chelsea,400
Westminster,272
Westminster,430
Waltham Forest,131
Kensington and Chelsea,400
Lambeth,99
Wandsworth,40
Ealing,72
Kensington and Chelsea,770
Waltham Forest,48
Merton,105
Barking and Dagenham,37
Westminster,330
Westminster,220
Westminster,302
Westminster,477
Westminster,171
Greenwich,19
Kensington and Chelsea,305
Richmond upon Thames,397
Newham,103
Brent,214
Croydon,149
Camden,135
Enfield,52
Westminster,206
Hackney,82
Westminster,102
Tower Hamlets,162
Barnet,370
Islington,39
City of London,444
Kensington and Chelsea,281
Lambeth,80
Hackney,345
Hounslow,396
Kensington and Chelsea,235
Croydon,59
Lambeth,209
Kensington and Chelsea,450
Croydon,125
Islington,128
Newham,186
Richmond upon Thames,368
Camden,111
Lambeth,247
Brent,134
Camden,420
Hammersmith and Fulham,99
Camden,165
Camden,49
Westminster,240
Camden,8537
Westminster,174
Westminster,187
Lambeth,77
Westminster,140
Southwark,7677
Kensington and Chelsea,252
Hackney,127
Lewisham,110
Kensington and Chelsea,450
Islington,36
Tower Hamlets,59
Lambeth,182
Croydon,82
Tower Hamlets,56
Tower Hamlets,58
Westminster,348
Harrow,40
Waltham Forest,54
Hackney,144
Barking and Dagenham,48
Hackney,150
Barking and Dagenham,43
Hackney,143
Barking and Dagenham,45
Hammersmith and Fulham,318
Hackney,71
Islington,63
Kensington and Chelsea,425
Waltham Forest,44
Hackney,122
Hammersmith and Fulham,81
Hackney,140
Barking and Dagenham,118
Barking and Dagenham,38
Westminster,474
Tower Hamlets,173
Hackney,133
Hackney,209
Hackney,72
Tower Hamlets,203
Kensington and Chelsea,245
Westminster,270
Havering,117
Westminster,51
Bexley,43
Barnet,57
Westminster,146
Wandsworth,78
Barnet,326
Islington,122
Havering,117
Lewisham,107
Lambeth,291
Newham,81
Hackney,209
Southwark,293
Ealing,271
Newham,233
Southwark,54
Westminster,829
Southwark,71
Southwark,84
Camden,113
Camden,67
Camden,219
Westminster,526
Camden,277
Hammersmith and Fulham,182
Wandsworth,205
Westminster,33
Tower Hamlets,105
Greenwich,163
Greenwich,50
Westminster,120
Richmond upon Thames,91
Haringey,74
Wandsworth,200
Wandsworth,79
Islington,116
Islington,134
Ealing,95
Westminster,400
Southwark,206
Enfield,189
Hammersmith and Fulham,88
Wandsworth,362
Barnet,93
Kingston upon Thames,117
Hillingdon,102
Newham,36
Hackney,306
Camden,163
Havering,92
Barking and Dagenham,55
Wandsworth,83
Tower Hamlets,213
Southwark,42
Haringey,226
Kensington and Chelsea,250
Southwark,30
Lambeth,58
Southwark,444
Tower Hamlets,70
Kingston upon Thames,123
Tower Hamlets,229
Camden,208
Hammersmith and Fulham,128
Westminster,225
Tower Hamlets,65
Hackney,199
Westminster,332
Redbridge,108
Tower Hamlets,51
Hackney,330
Redbridge,64
Wandsworth,145
Enfield,63
Lambeth,74
Newham,228
Kensington and Chelsea,172
Southwark,221
Camden,156
Waltham Forest,81
Tower Hamlets,153
Kensington and Chelsea,340
Southwark,79
Barnet,155
Wandsworth,58
Tower Hamlets,198
Hackney,210
Kensington and Chelsea,145
Camden,171
Kensington and Chelsea,62
Westminster,293
Camden,137
Westminster,308
Westminster,193
Westminster,282
Westminster,276
Lambeth,81
Kingston upon Thames,128
Lambeth,205
Hackney,90
Hackney,90
Westminster,100
Lewisham,130
Islington,64
Newham,166
Westminster,250
Westminster,375
Westminster,175
Westminster,175
Westminster,175
Camden,364
Haringey,35
Newham,68
Hackney,133
Westminster,62
Westminster,39
Westminster,26
Westminster,22
Croydon,45
Westminster,186
Westminster,207
Kensington and Chelsea,71
Kensington and Chelsea,306
Hammersmith and Fulham,74
Camden,130
Ealing,181
Lambeth,117
Wandsworth,136
Haringey,62
Hackney,91
Barking and Dagenham,76
Westminster,188
Hammersmith and Fulham,72
Lambeth,39
Hackney,50
Camden,187
Lewisham,142
Richmond upon Thames,115
Westminster,875
Brent,96
Westminster,382
Bromley,415
Camden,220
Kensington and Chelsea,358
Kensington and Chelsea,374
Lambeth,167
Greenwich,33
Barnet,212
Sutton,62
Camden,51
Westminster,63
Lambeth,166
Lambeth,55
Tower Hamlets,64
Wandsworth,158
Brent,59
Westminster,216
Lambeth,41
Brent,152
Barnet,113
Kensington and Chelsea,283
Newham,39
Wandsworth,357
Kensington and Chelsea,415
Southwark,171
Lambeth,70
Westminster,81
Brent,115
Islington,168
Harrow,150
Lewisham,103
Hackney,160
Tower Hamlets,90
Tower Hamlets,90
Tower Hamlets,90
Merton,58
Hackney,115
Camden,72
Islington,140
Hammersmith and Fulham,519
Lambeth,59
Westminster,350
Wandsworth,200
Islington,408
Bromley,44
Brent,52
Westminster,270
Westminster,205
Southwark,99
Camden,86
Kensington and Chelsea,416
Richmond upon Thames,45
Kensington and Chelsea,120
Newham,75
Enfield,80
Westminster,261
Lambeth,236
Waltham Forest,110
Westminster,540
Westminster,305
Hillingdon,78
Barking and Dagenham,264
Wandsworth,250
Islington,261
Camden,54
Camden,101
Camden,59
Hammersmith and Fulham,108
Westminster,162
Westminster,204
Wandsworth,243
Hounslow,205
Redbridge,66
Westminster,217
Ealing,244
Lewisham,84
Westminster,128
Ealing,200
Lambeth,135
Barnet,119
Tower Hamlets,187
Islington,174
Hammersmith and Fulham,165
Lambeth,120
Hammersmith and Fulham,121
Barnet,81
Tower Hamlets,284
Haringey,65
Westminster,276
Hackney,38
Islington,132
Hammersmith and Fulham,188
Barnet,89
Hounslow,68
Westminster,153
Harrow,39
Hounslow,168
Southwark,435
Westminster,110
Lambeth,145
Westminster,136
Westminster,126
Westminster,126
Westminster,591
Croydon,166
Ealing,30
Newham,266
Camden,289
Camden,249
Haringey,45
Croydon,329
Islington,68
Tower Hamlets,70
Lambeth,54
Lewisham,80
Tower Hamlets,386
Hammersmith and Fulham,130
Ealing,41
Wandsworth,108
Merton,206
Westminster,180
Westminster,180
Westminster,150
Kensington and Chelsea,170
Southwark,8000
Croydon,135
Brent,800
Camden,280
Westminster,187
Lewisham,88
Tower Hamlets,140
Hounslow,489
Westminster,153
Ealing,136
Greenwich,149
Camden,378
Kensington and Chelsea,223
Bromley,132
Brent,54
Southwark,36
Southwark,29
Westminster,204
Southwark,157
Southwark,190
Southwark,354
Wandsworth,16
Wandsworth,17
Wandsworth,29
Newham,1328
Islington,236
Wandsworth,30
Wandsworth,54
Camden,288
Wandsworth,146
Westminster,128
Wandsworth,190
Greenwich,116
Southwark,57
Camden,174
Barnet,162
Hammersmith and Fulham,98
Hammersmith and Fulham,107
Hammersmith and Fulham,126
Southwark,162
Kensington and Chelsea,195
Wandsworth,440
Islington,171
Lambeth,41
Hammersmith and Fulham,372
Camden,203
Redbridge,61
Merton,47
Greenwich,70
Barking and Dagenham,109
Hounslow,495
Kensington and Chelsea,140
Islington,191
Merton,111
Camden,62
Lewisham,108
Harrow,33
Brent,114
Hackney,150
Westminster,132
Westminster,21
Westminster,22
Westminster,30
Westminster,23
Westminster,29
Westminster,86
Southwark,96
Westminster,192
Westminster,73
Kensington and Chelsea,225
Westminster,29
Westminster,29
Westminster,22
Westminster,30
Westminster,188
Westminster,258
Westminster,328
Brent,161
Westminster,84
Wandsworth,68
Lewisham,198
Kingston upon Thames,144
Lambeth,30
Lambeth,29
Lambeth,29
Lambeth,30
Greenwich,40
Lambeth,29
Tower Hamlets,58
Lambeth,145
Waltham Forest,131
Enfield,180
Tower Hamlets,185
Camden,34
Ealing,312
Camden,30
Camden,31
Camden,33
Camden,131
Hammersmith and Fulham,111
Westminster,84
Tower Hamlets,152
Hammersmith and Fulham,84
Hammersmith and Fulham,112
Hammersmith and Fulham,107
Hammersmith and Fulham,90
Hammersmith and Fulham,118
Westminster,70
Brent,114
Barnet,109
Westminster,84
Westminster,467
Newham,39
Westminster,118
Hackney,110
Kensington and Chelsea,135
Westminster,80
Haringey,185
Brent,59
Newham,82
Hounslow,160
Hackney,85
Redbridge,61
Westminster,170
City of London,211
Camden,376
Westminster,377
Wandsworth,67
Camden,113
Brent,167
Brent,187
Westminster,90
Enfield,240
Westminster,147
Hammersmith and Fulham,131
Hammersmith and Fulham,1280
Camden,44
Lewisham,50
Brent,161
Brent,39
Westminster,243
Camden,96
Westminster,305
Kensington and Chelsea,428
Camden,140
Barnet,144
Westminster,70
Barnet,118
Hillingdon,70
Kensington and Chelsea,150
Westminster,195
Hackney,198
Lambeth,176
Greenwich,111
Hillingdon,60
Wandsworth,60
Merton,157
Hounslow,183
Newham,125
Sutton,120
Newham,199
Hounslow,39
Lambeth,48
Lewisham,103
Tower Hamlets,333
Haringey,48
Westminster,266
Ealing,70
Kensington and Chelsea,167
Lewisham,113
Kensington and Chelsea,159
Kensington and Chelsea,157
Kensington and Chelsea,167
Kensington and Chelsea,159
Kensington and Chelsea,157
Tower Hamlets,150
Hounslow,35
Westminster,196
Westminster,203
Tower Hamlets,193
Haringey,65
Westminster,265
Brent,282
Hackney,260
Kensington and Chelsea,261
Lambeth,138
Harrow,133
Tower Hamlets,44
Hackney,270
Barking and Dagenham,170
Merton,106
Westminster,380
Southwark,66
Lewisham,28
Southwark,3585
Hammersmith and Fulham,94
Hackney,74
Westminster,177
Ealing,28
Croydon,49
Tower Hamlets,280
Westminster,650
Brent,161
Barnet,106
Wandsworth,33
Brent,96
Camden,220
Southwark,94
Haringey,66
Tower Hamlets,221
Southwark,190
Hounslow,192
Sutton,192
Redbridge,86
Enfield,56
Greenwich,187
Islington,306
Islington,325
Brent,169
Westminster,288
Newham,84
Kensington and Chelsea,490
Tower Hamlets,69
City of London,344
City of London,1055
Camden,143
Hammersmith and Fulham,158
Westminster,262
Islington,78
Brent,408
Waltham Forest,270
Brent,86
Tower Hamlets,342
Brent,113
Brent,103
Harrow,157
Hammersmith and Fulham,123
Brent,96
Camden,335
Croydon,64
Westminster,382
Southwark,150
Tower Hamlets,61
Wandsworth,380
City of London,362
Brent,101
Hackney,340
Brent,96
Wandsworth,363
Wandsworth,33
Westminster,312
Hackney,289
Barnet,50
Haringey,92
Westminster,366
Enfield,75
Camden,39
Hackney,104
Kensington and Chelsea,59
Newham,120
Hammersmith and Fulham,414
Harrow,38
Hammersmith and Fulham,127
Tower Hamlets,78
Hammersmith and Fulham,170
Kensington and Chelsea,148
Tower Hamlets,123
Croydon,32
Southwark,136
Hackney,273
Camden,277
Ealing,103
Camden,110
Southwark,115
Camden,129
Camden,149
Waltham Forest,189
Kingston upon Thames,652
Hackney,95
Southwark,300
Camden,49
Brent,219
Barnet,100
Enfield,126
Greenwich,81
Croydon,156
Hillingdon,50
Barnet,108
Havering,59
Wandsworth,192
Tower Hamlets,159
Westminster,207
Croydon,168
Westminster,616
Brent,161
Hounslow,63
Westminster,414
Westminster,407
Westminster,581
Bromley,138
Tower Hamlets,219
Tower Hamlets,185
Lambeth,121
Westminster,281
Lambeth,45
Lambeth,83
Kensington and Chelsea,504
Camden,114
Camden,224
Newham,329
Bromley,45
Waltham Forest,66
Greenwich,129
Islington,92
Westminster,240
Westminster,326
Kensington and Chelsea,353
Kensington and Chelsea,259
Westminster,115
Westminster,67
Camden,229
Haringey,56
Hounslow,89
Westminster,233
Southwark,77
Westminster,217
Kensington and Chelsea,257
Kensington and Chelsea,349
Lewisham,181
Islington,108
Brent,201
Lambeth,438
Tower Hamlets,249
Westminster,398
Kensington and Chelsea,128
Westminster,422
Westminster,386
Westminster,531
Islington,107
Greenwich,68
Barnet,88
Brent,185
Brent,125
Kensington and Chelsea,223
Kensington and Chelsea,660
Hackney,175
Waltham Forest,98
Waltham Forest,103
Hammersmith and Fulham,141
Waltham Forest,54
Hackney,81
Barnet,100
Tower Hamlets,128
Kensington and Chelsea,201
Havering,97
Newham,135
Kensington and Chelsea,234
Islington,96
Tower Hamlets,45
Newham,37
Newham,153
Islington,97
Hammersmith and Fulham,104
Southwark,219
Westminster,200
Camden,95
Lewisham,227
Westminster,377
Tower Hamlets,175
Newham,77
Harrow,238
Camden,147
Hackney,157
Southwark,114
Wandsworth,156
Westminster,352
Southwark,41
Kingston upon Thames,44
Merton,73
Merton,92
Newham,148
Brent,71
Southwark,48
Southwark,45
Southwark,42
Brent,188
Wandsworth,337
Westminster,317
Camden,440
Westminster,390
Camden,350
Barnet,150
Wandsworth,68
Kensington and Chelsea,51
Westminster,260
Hackney,128
Hammersmith and Fulham,105
Newham,121
Hammersmith and Fulham,161
Tower Hamlets,220
Westminster,358
Westminster,364
Islington,258
Haringey,180
Hammersmith and Fulham,333
Westminster,240
City of London,169
Kensington and Chelsea,342
Camden,155
Southwark,119
Islington,98
Brent,214
Islington,165
Hounslow,86
Tower Hamlets,200
Lambeth,112
Hackney,126
Westminster,72
Waltham Forest,104
Waltham Forest,110
Waltham Forest,67
Islington,72
Camden,102
Hammersmith and Fulham,62
Tower Hamlets,187
Lambeth,198
Camden,104
Newham,35
Hammersmith and Fulham,114
Ealing,137
Greenwich,89
Kensington and Chelsea,290
Westminster,376
Westminster,172
Hackney,92
Hammersmith and Fulham,60
Havering,34
Tower Hamlets,92
Camden,59
Kensington and Chelsea,388
Lewisham,128
Havering,34
Hammersmith and Fulham,270
Hammersmith and Fulham,244
Lambeth,30
Hounslow,167
Hackney,66
Islington,315
Tower Hamlets,90
Hammersmith and Fulham,128
Hillingdon,66
Camden,61
Barnet,88
Camden,61
Camden,52
Camden,52
Lambeth,260
Islington,306
Islington,390
Westminster,221
City of London,557
Kensington and Chelsea,236
Kensington and Chelsea,322
Hackney,213
Havering,37
Wandsworth,336
Havering,29
Barking and Dagenham,306
Westminster,100
Southwark,64
Hammersmith and Fulham,167
Croydon,177
Haringey,27
Southwark,64
Bexley,76
Sutton,140
Barnet,66
Camden,58
Southwark,100
Southwark,180
Ealing,56
Westminster,1011
Southwark,496
Kensington and Chelsea,212
Merton,40
Newham,128
Westminster,372
Merton,78
Hammersmith and Fulham,61
Lambeth,25
Tower Hamlets,250
Newham,84
Hammersmith and Fulham,245
Southwark,99
Greenwich,145
Hammersmith and Fulham,250
Haringey,212
Richmond upon Thames,220
Croydon,92
Croydon,154
Hackney,384
Wandsworth,119
Haringey,200
Wandsworth,296
Wandsworth,570
Hillingdon,113
Hackney,284
Wandsworth,440
Camden,994
Barnet,90
Islington,317
Southwark,388
Islington,260
Camden,210
Hammersmith and Fulham,380
Hackney,625
Bromley,148
Camden,116
Westminster,638
Westminster,686
Westminster,543
Kensington and Chelsea,708
Westminster,154
Westminster,214
Camden,256
Westminster,141
Tower Hamlets,332
City of London,544
Wandsworth,160
Kensington and Chelsea,300
Kensington and Chelsea,352
Hackney,55
Waltham Forest,56
Hackney,183
Camden,106
Hackney,35
Barking and Dagenham,32
Camden,105
Lewisham,253
Tower Hamlets,183
Tower Hamlets,282
Tower Hamlets,171
Westminster,169
Westminster,210
Greenwich,83
Westminster,141
Barnet,63
Newham,138
Westminster,288
Wandsworth,80
Tower Hamlets,525
Haringey,289
Westminster,186
Ealing,220
Bromley,129
Westminster,1075
Hackney,164
Westminster,738
Westminster,479
Richmond upon Thames,432
Waltham Forest,56
Tower Hamlets,261
Bexley,66
Kensington and Chelsea,130
Hackney,76
Islington,348
Haringey,79
Hammersmith and Fulham,450
Westminster,285
Newham,273
Tower Hamlets,350
Hillingdon,191
Kensington and Chelsea,495
Newham,270
Westminster,618
Westminster,296
Kensington and Chelsea,692
Tower Hamlets,471
Newham,48
Newham,38
Newham,37
Kensington and Chelsea,572
Camden,96
Westminster,273
Brent,64
Barnet,167
Ealing,75
Richmond upon Thames,672
City of London,241
Westminster,130
Westminster,155
Westminster,255
Westminster,155
Westminster,160
Westminster,189
Westminster,126
Westminster,114
Havering,30
Brent,184
Wandsworth,603
Brent,79
Tower Hamlets,162
Westminster,224
Westminster,191
Hackney,80
Camden,421
Kensington and Chelsea,135
Haringey,47
Haringey,64
Sutton,80
Hackney,68
Tower Hamlets,90
Tower Hamlets,66
Westminster,601
Hammersmith and Fulham,129
Kensington and Chelsea,97
Hounslow,72
Kensington and Chelsea,83
Camden,118
Kensington and Chelsea,159
Tower Hamlets,95
Brent,85
Brent,54
Westminster,602
Islington,94
Brent,38
Westminster,259
Camden,253
City of London,100
Hammersmith and Fulham,197
Westminster,597
Westminster,161
Camden,111
Croydon,41
Tower Hamlets,63
Tower Hamlets,97
Brent,126
Hackney,399
Barnet,107
Tower Hamlets,69
Camden,488
Wandsworth,312
Westminster,144
Islington,252
Tower Hamlets,39
Kensington and Chelsea,180
Westminster,197
Tower Hamlets,491
Westminster,194
Richmond upon Thames,90
Westminster,204
Redbridge,156
Newham,136
Brent,144
Hillingdon,42
Waltham Forest,270
Kingston upon Thames,37
Camden,110
Westminster,317
Westminster,314
Westminster,429
Westminster,463
Westminster,230
Westminster,190
Westminster,230
Westminster,392
Westminster,339
Westminster,236
Lambeth,141
Southwark,118
Hackney,70
Greenwich,204
Southwark,220
Brent,43
Kensington and Chelsea,211
Islington,198
Camden,88
Lambeth,135
Lewisham,95
Hammersmith and Fulham,150
Greenwich,160
Camden,74
Bromley,158
Waltham Forest,35
Tower Hamlets,55
Kensington and Chelsea,922
Barnet,177
Kingston upon Thames,49
Hackney,59
Hackney,67
Southwark,123
Barnet,59
Westminster,271
Islington,499
Camden,122
Southwark,67
Barking and Dagenham,124
Redbridge,52
Croydon,36
Newham,185
Newham,213
Islington,309
Ealing,56
Newham,28
Hammersmith and Fulham,78
Camden,99
Lambeth,247
Sutton,218
Westminster,431
Croydon,44
Haringey,105
Westminster,360
Westminster,253
Islington,186
Ealing,46
Westminster,252
Westminster,135
Westminster,215
Kensington and Chelsea,129
Lambeth,40
Newham,220
Newham,240
Barking and Dagenham,42
Kensington and Chelsea,109
Camden,264
Hammersmith and Fulham,300
Westminster,162
Westminster,62
Ealing,151
Richmond upon Thames,272
Newham,47
Hounslow,53
Lewisham,85
Camden,162
Camden,196
Camden,178
Lambeth,222
Brent,247
Tower Hamlets,173
Wandsworth,58
Barnet,56
Southwark,263
Westminster,224
Camden,103
Southwark,239
Westminster,555
Wandsworth,55
Wandsworth,166
Westminster,908
Tower Hamlets,171
Camden,108
Westminster,114
Wandsworth,58
Southwark,99
Wandsworth,49
Wandsworth,55
Westminster,190
Wandsworth,49
Croydon,174
Islington,68
Tower Hamlets,56
Haringey,297
Lambeth,150
Islington,215
Newham,212
Islington,107
Islington,110
Lambeth,189
Barnet,319
Wandsworth,230
Greenwich,197
Brent,296
Westminster,172
Kensington and Chelsea,178
Hammersmith and Fulham,315
Camden,96
Kensington and Chelsea,320
Southwark,257
Croydon,34
Barking and Dagenham,98
Newham,229
Newham,192
Wandsworth,194
Camden,104
City of London,366
Camden,270
Wandsworth,289
Lambeth,302
Southwark,198
Westminster,239
Camden,175
Westminster,483
Barnet,62
Lewisham,126
Hammersmith and Fulham,114
Westminster,187
Hackney,277
Haringey,170
Newham,68
Merton,50
Kensington and Chelsea,286
Hounslow,188
Tower Hamlets,231
Waltham Forest,130
Camden,106
Westminster,226
Tower Hamlets,115
Waltham Forest,153
Lambeth,353
Camden,148
Wandsworth,38
Camden,252
Tower Hamlets,143
Westminster,245
Southwark,132
Wandsworth,129
Hackney,113
Westminster,403
Southwark,131
Lewisham,54
Lambeth,344
Ealing,225
Islington,57
Lambeth,332
Greenwich,201
Westminster,144
Waltham Forest,140
Southwark,73
Lambeth,348
Islington,160
Haringey,72
Lewisham,111
Newham,196
Newham,209
Brent,289
Merton,164
Islington,444
Barnet,250
Camden,160
Camden,173
Camden,140
Camden,112
Camden,128
Camden,160
Camden,128
Camden,170
Tower Hamlets,170
Westminster,293
Lambeth,328
Westminster,105
Lambeth,376
Westminster,144
Wandsworth,270
Kensington and Chelsea,55
Southwark,360
Westminster,314
Westminster,487
Islington,53
Westminster,164
Kensington and Chelsea,204
Hammersmith and Fulham,336
Islington,60
Hackney,419
Islington,54
Islington,74
Islington,56
Islington,49
Waltham Forest,162
Westminster,138
Kensington and Chelsea,848
Westminster,144
Westminster,132
Westminster,141
Wandsworth,192
Westminster,135
Islington,45
Lewisham,240
Kensington and Chelsea,425
Hammersmith and Fulham,99
Kensington and Chelsea,155
Brent,285
Newham,110
Hammersmith and Fulham,104
Tower Hamlets,112
Kensington and Chelsea,117
Newham,109
Westminster,310
Hillingdon,41
Tower Hamlets,110
Havering,141
Merton,179
Hillingdon,60
Westminster,268
Kensington and Chelsea,689
Hillingdon,70
Hammersmith and Fulham,144
Tower Hamlets,241
Haringey,113
Lambeth,161
Camden,176
Ealing,133
Sutton,38
Ealing,248
Islington,169
Westminster,399
Brent,40
Ealing,116
Haringey,302
Westminster,162
Hammersmith and Fulham,117
Tower Hamlets,169
Kensington and Chelsea,865
Harrow,89
Hackney,139
Kensington and Chelsea,300
Hounslow,80
Lambeth,216
Lambeth,155
Brent,63
Kensington and Chelsea,300
Barnet,338
Kensington and Chelsea,621
Brent,43
Kensington and Chelsea,1374
Kensington and Chelsea,1527
Ealing,247
Westminster,396
Camden,274
Merton,29
Hackney,166
Barnet,191
Westminster,200
Southwark,60
Hammersmith and Fulham,178
Camden,180
Lambeth,103
Croydon,112
Hackney,145
Waltham Forest,40
Bexley,76
Barnet,572
Lewisham,120
Westminster,385
Westminster,500
Hackney,92
Wandsworth,62
Wandsworth,58
Hackney,81
Greenwich,82
Haringey,43
Southwark,5000
Kensington and Chelsea,209
Tower Hamlets,138
Croydon,85
Ealing,80
Tower Hamlets,148
Kingston upon Thames,85
Tower Hamlets,151
Southwark,50
Southwark,264
Southwark,314
Haringey,46
Southwark,274
Barnet,57
Hammersmith and Fulham,264
Southwark,266
Bexley,67
Lambeth,54
Islington,206
Lewisham,350
Kensington and Chelsea,206
Enfield,50
Greenwich,164
Westminster,572
Barnet,100
Westminster,175
Southwark,234
Westminster,249
Camden,130
Westminster,321
Southwark,260
Hounslow,157
Richmond upon Thames,42
Westminster,322
Lambeth,138
Southwark,324
Westminster,298
Kensington and Chelsea,149
Tower Hamlets,245
Hillingdon,71
Tower Hamlets,357
Hammersmith and Fulham,187
Enfield,87
Enfield,91
Westminster,419
Wandsworth,177
Enfield,65
Croydon,72
Brent,400
Westminster,298
Richmond upon Thames,155
Westminster,269
Lambeth,296
Newham,129
Hammersmith and Fulham,438
Brent,76
Westminster,230
Kensington and Chelsea,208
Lambeth,173
Brent,81
Camden,262
Brent,96
Brent,88
Hackney,179
Brent,81
Kensington and Chelsea,852
Greenwich,177
Merton,168
Hammersmith and Fulham,123
Kensington and Chelsea,99
Ealing,209
Ealing,127
Barnet,89
Barnet,128
Barnet,95
Westminster,264
Westminster,207
City of London,518
Westminster,489
Kensington and Chelsea,99
Hammersmith and Fulham,135
Richmond upon Thames,298
Greenwich,74
Kensington and Chelsea,341
Waltham Forest,90
Greenwich,178
Lewisham,79
Camden,129
Lewisham,31
Islington,97
Lambeth,90
Waltham Forest,114
Tower Hamlets,124
Lambeth,55
Hackney,118
Islington,100
Camden,236
Waltham Forest,139
Brent,342
Westminster,528
Waltham Forest,40
Ealing,150
Hammersmith and Fulham,108
Westminster,334
Ealing,100
Haringey,135
Kensington and Chelsea,681
Wandsworth,133
Kensington and Chelsea,80
Southwark,297
Lambeth,141
Hammersmith and Fulham,113
Hammersmith and Fulham,211
Harrow,31
Barnet,129
Barnet,123
Barnet,123
Westminster,248
Enfield,230
Lewisham,45
Hammersmith and Fulham,138
Tower Hamlets,198
Newham,52
Islington,42
Hammersmith and Fulham,87
Wandsworth,194
Wandsworth,298
Westminster,1188
Lambeth,174
Islington,84
Wandsworth,168
Wandsworth,169
Wandsworth,194
Wandsworth,131
Wandsworth,121
Southwark,109
City of London,340
Tower Hamlets,340
Westminster,505
Barnet,100
Tower Hamlets,341
Barnet,100
Barnet,100
Richmond upon Thames,59
Camden,147
Camden,228
Barnet,128
Wandsworth,140
Barnet,128
Redbridge,115
Barnet,128
Barnet,89
Barnet,89
Barnet,89
Southwark,399
Brent,33
Westminster,380
Newham,340
Lewisham,35
Brent,55
Newham,328
Tower Hamlets,141
Kensington and Chelsea,70
Kensington and Chelsea,60
Kensington and Chelsea,57
Kensington and Chelsea,57
Havering,39
Westminster,228
Haringey,196
Havering,36
Brent,65
Bromley,73
Lambeth,224
Lewisham,123
Westminster,227
Barnet,129
Barnet,95
Barnet,95
Hackney,91
Barnet,95
Camden,163
Westminster,110
Hackney,57
Kensington and Chelsea,692
Islington,206
Kensington and Chelsea,692
Barnet,117
Barnet,117
Waltham Forest,72
Bexley,50
Islington,138
Hackney,101
Enfield,64
Ealing,48
Lewisham,158
Lewisham,165
Barnet,131
Camden,295
Westminster,55
Hackney,177
Newham,51
Waltham Forest,80
Haringey,85
Hackney,219
Lewisham,150
Westminster,617
Camden,168
Westminster,564
Westminster,478
City of London,318
Kensington and Chelsea,213
Westminster,257
Islington,93
Southwark,580
Lewisham,95
Islington,92
Hammersmith and Fulham,204
Islington,108
Tower Hamlets,296
Greenwich,158
Hammersmith and Fulham,201
Westminster,215
Tower Hamlets,386
Croydon,143
Barnet,191
Barnet,191
Lambeth,257
Westminster,708
Lewisham,95
Southwark,133
Lewisham,158
Islington,559
Lewisham,165
Camden,52
Camden,179
Camden,314
Westminster,364
Wandsworth,64
Islington,116
Camden,294
Tower Hamlets,208
Islington,112
Westminster,214
Wandsworth,72
Westminster,182
Haringey,50
Westminster,766
Brent,67
Hammersmith and Fulham,137
Brent,38
Westminster,310
Haringey,40
Waltham Forest,72
Westminster,464
Islington,187
Camden,64
Barnet,72
Barnet,179
Westminster,133
Camden,165
Tower Hamlets,195
Redbridge,37
Southwark,372
Camden,165
Wandsworth,280
Camden,765
Camden,348
Haringey,276
Southwark,370
Newham,45
Westminster,135
Richmond upon Thames,45
Kensington and Chelsea,175
Lambeth,77
Southwark,227
Westminster,521
Wandsworth,54
Tower Hamlets,318
Camden,195
Lewisham,99
Hounslow,185
Tower Hamlets,373
Kensington and Chelsea,60
Wandsworth,181
Tower Hamlets,231
Westminster,329
Newham,109
Hammersmith and Fulham,148
Kensington and Chelsea,176
City of London,279
Westminster,919
Tower Hamlets,132
Hackney,328
Southwark,316
Newham,128
Waltham Forest,43
Westminster,346
Westminster,346
Westminster,257
Newham,414
Greenwich,241
Westminster,280
Lambeth,178
Tower Hamlets,224
Southwark,61
City of London,332
Camden,344
Tower Hamlets,326
Lambeth,135
Westminster,297
Hillingdon,60
Camden,157
Islington,216
Southwark,160
Islington,209
Lambeth,55
Hammersmith and Fulham,351
Newham,131
Bromley,123
Westminster,391
Newham,222
Hammersmith and Fulham,199
Waltham Forest,46
Kensington and Chelsea,212
Kensington and Chelsea,108
Haringey,57
Lewisham,158
Newham,76
Hammersmith and Fulham,37
Lewisham,150
Lewisham,95
Westminster,165
Westminster,99
Westminster,99
Hackney,141
Westminster,99
Westminster,99
Harrow,147
Newham,200
Islington,116
Kensington and Chelsea,171
Tower Hamlets,64
Harrow,180
Westminster,99
Hackney,176
Lewisham,110
Westminster,99
Westminster,228
Wandsworth,201
Brent,67
Islington,339
Westminster,148
Lewisham,100
Camden,287
Wandsworth,221
Westminster,143
Westminster,445
Lambeth,139
Kensington and Chelsea,143
Lambeth,111
Islington,186
Kensington and Chelsea,172
Westminster,338
Lewisham,145
Westminster,358
Camden,82
Hammersmith and Fulham,100
Camden,175
Haringey,35
Croydon,52
Westminster,89
Lambeth,283
Ealing,185
Croydon,54
Westminster,243
Camden,119
Camden,165
Barnet,78
Camden,132
Camden,165
Camden,165
Camden,165
Wandsworth,180
Greenwich,195
Haringey,50
Westminster,165
Westminster,99
Westminster,99
Hackney,452
Westminster,99
Westminster,99
Westminster,99
Westminster,125
Lewisham,36
Westminster,228
Islington,280
Wandsworth,99
Tower Hamlets,114
Camden,310
Kensington and Chelsea,332
Tower Hamlets,191
Southwark,340
Westminster,192
Camden,240
Barking and Dagenham,32
Westminster,348
Tower Hamlets,148
Camden,241
Westminster,120
Camden,67
City of London,342
Havering,96
Hounslow,53
Hounslow,50
Camden,181
Havering,150
Enfield,68
Hackney,140
Southwark,54
Southwark,292
Westminster,111
Westminster,105
Southwark,101
Westminster,460
Westminster,196
Lewisham,62
Kensington and Chelsea,245
Barnet,56
Tower Hamlets,76
Waltham Forest,105
Southwark,151
Haringey,125
Westminster,445
Kensington and Chelsea,108
Richmond upon Thames,56
Westminster,100
Tower Hamlets,189
Lambeth,49
Hackney,94
Southwark,41
Barnet,270
Barnet,286
Barking and Dagenham,52
Tower Hamlets,234
Lambeth,75
Hackney,198
Islington,292
Hammersmith and Fulham,675
Wandsworth,232
Hackney,107
Merton,125
Lewisham,90
Merton,25
Westminster,104
Westminster,104
Westminster,104
Westminster,104
Westminster,104
Westminster,103
Camden,317
Camden,143
Redbridge,32
Redbridge,33
Camden,148
Kensington and Chelsea,41
Southwark,75
Tower Hamlets,262
Hackney,127
Kensington and Chelsea,185
Wandsworth,104
Tower Hamlets,281
Tower Hamlets,64
Islington,255
Barnet,166
Hillingdon,50
Lambeth,110
Hounslow,57
Lewisham,162
Hounslow,43
Hounslow,62
Kensington and Chelsea,399
Tower Hamlets,135
Ealing,125
Islington,362
Islington,222
Southwark,34
Kensington and Chelsea,236
Tower Hamlets,328
Camden,492
Lambeth,69
Lambeth,79
Hammersmith and Fulham,79
Hammersmith and Fulham,79
Camden,51
Brent,72
Kensington and Chelsea,283
Camden,64
Wandsworth,67
Camden,69
Tower Hamlets,137
Brent,83
Brent,59
Brent,68
Barking and Dagenham,120
Waltham Forest,44
Westminster,340
Westminster,128
Westminster,675
Newham,45
Islington,176
Newham,28
Newham,35
Camden,64
Camden,184
Tower Hamlets,85
Camden,232
Camden,240
Tower Hamlets,238
Waltham Forest,75
Croydon,49
Lewisham,146
Hounslow,62
Southwark,213
Richmond upon Thames,164
Southwark,56
Bexley,173
Kensington and Chelsea,291
Camden,240
Hackney,194
Bromley,174
Lambeth,262
Harrow,91
Kensington and Chelsea,202
Brent,193
Newham,115
Ealing,240
Islington,95
Waltham Forest,51
Bromley,256
Lambeth,218
Camden,148
Kensington and Chelsea,177
Islington,479
Southwark,524
Hackney,150
Kensington and Chelsea,207
Richmond upon Thames,359
Hammersmith and Fulham,330
Westminster,332
Tower Hamlets,104
Kensington and Chelsea,163
Westminster,302
Waltham Forest,88
Barnet,105
Tower Hamlets,141
Harrow,176
Croydon,88
Harrow,28
Islington,150
Westminster,334
Camden,194
Hounslow,225
Westminster,125
Hackney,188
Wandsworth,73
Camden,135
Islington,106
Kensington and Chelsea,701
Islington,75
Croydon,144
Lewisham,96
Westminster,500
Southwark,202
Camden,190
Kensington and Chelsea,1003
Wandsworth,304
Kingston upon Thames,285
Camden,132
Kingston upon Thames,95
Kensington and Chelsea,167
Hackney,191
Greenwich,143
Tower Hamlets,184
Westminster,254
Wandsworth,113
Waltham Forest,62
Newham,121
Westminster,65
Richmond upon Thames,246
Camden,255
Kensington and Chelsea,313
Camden,121
Kensington and Chelsea,308
Sutton,144
Southwark,124
Bromley,52
Kingston upon Thames,40
Camden,231
Lambeth,194
Camden,187
Lambeth,230
Waltham Forest,43
Croydon,113
Westminster,164
Ealing,144
Southwark,131
Islington,87
Wandsworth,152
Islington,61
Islington,62
Southwark,177
Westminster,129
Haringey,92
Camden,285
Hackney,98
Lambeth,230
Haringey,350
Kensington and Chelsea,585
Newham,55
Westminster,300
Camden,206
Lambeth,161
Wandsworth,137
Croydon,105
Camden,238
Wandsworth,117
Westminster,119
Brent,137
Wandsworth,155
Westminster,270
Westminster,180
Westminster,308
Westminster,360
Hackney,81
Westminster,450
Wandsworth,163
Kensington and Chelsea,266
Hackney,161
Westminster,910
Waltham Forest,128
Kensington and Chelsea,92
Westminster,690
Islington,130
Waltham Forest,128
Waltham Forest,128
Waltham Forest,128
Hackney,204
Westminster,254
Waltham Forest,140
Waltham Forest,140
Waltham Forest,140
Waltham Forest,158
Waltham Forest,140
Waltham Forest,158
Waltham Forest,158
Waltham Forest,158
Waltham Forest,158
Waltham Forest,158
Waltham Forest,158
Camden,72
Waltham Forest,145
Islington,151
Waltham Forest,279
Waltham Forest,279
Waltham Forest,145
Waltham Forest,145
Waltham Forest,145
Waltham Forest,145
Waltham Forest,145
Waltham Forest,188
Lambeth,250
Kensington and Chelsea,869
Kensington and Chelsea,216
Croydon,38
Kensington and Chelsea,1700
Tower Hamlets,200
Hackney,40
Brent,161
Southwark,137
Kingston upon Thames,80
Lambeth,142
Kensington and Chelsea,64
Haringey,95
Newham,182
Westminster,446
Islington,111
Westminster,324
Islington,266
Camden,147
Wandsworth,176
Southwark,70
Southwark,56
Southwark,78
Southwark,85
Southwark,56
Southwark,65
Barnet,66
Hackney,185
Islington,145
Camden,79
Kensington and Chelsea,244
Brent,154
Merton,114
Camden,85
Hackney,57
Westminster,515
Waltham Forest,43
Hammersmith and Fulham,292
Croydon,35
Newham,36
Croydon,143
Camden,91
Enfield,45
Westminster,214
Kensington and Chelsea,313
Kensington and Chelsea,486
Camden,78
Bromley,64
Camden,92
Hammersmith and Fulham,32
Hillingdon,172
Hackney,186
Wandsworth,59
Hackney,158
Kensington and Chelsea,290
Hackney,160
City of London,141
Newham,55
Islington,123
Hackney,86
Kensington and Chelsea,198
Enfield,61
Camden,292
Camden,280
Barnet,31
Camden,275
Tower Hamlets,117
Lambeth,52
Hackney,110
Barnet,47
Lewisham,214
Hackney,117
Barking and Dagenham,225
Kensington and Chelsea,276
Haringey,73
Camden,474
Richmond upon Thames,165
Waltham Forest,37
Redbridge,34
Haringey,129
Newham,288
Kensington and Chelsea,273
Havering,29
Croydon,114
Camden,75
Hillingdon,143
Lewisham,36
Newham,233
Lambeth,50
Lambeth,62
Newham,220
Tower Hamlets,200
Haringey,308
Kingston upon Thames,200
Harrow,68
Kensington and Chelsea,219
Wandsworth,220
Newham,77
Islington,123
Lambeth,242
Brent,137
Merton,86
Brent,211
Hackney,232
Tower Hamlets,140
Tower Hamlets,59
Hammersmith and Fulham,112
Waltham Forest,33
Sutton,115
Wandsworth,93
Hackney,243
Tower Hamlets,160
Barnet,55
Lambeth,115
Islington,119
Camden,194
Greenwich,80
Wandsworth,44
Camden,194
Wandsworth,197
Hammersmith and Fulham,79
Barnet,38
Haringey,144
Barnet,141
Barnet,216
Tower Hamlets,192
Barnet,77
Barnet,95
Barnet,108
Merton,230
Westminster,518
Hackney,255
Brent,62
Lambeth,64
Westminster,60
Westminster,57
Westminster,57
Westminster,60
Barnet,72
Westminster,364
Haringey,136
Hackney,221
Kensington and Chelsea,95
Havering,90
Westminster,213
Kensington and Chelsea,464
Southwark,177
Kensington and Chelsea,597
Barnet,148
Richmond upon Thames,211
Barnet,153
Kensington and Chelsea,725
Kensington and Chelsea,924
Tower Hamlets,180
Wandsworth,177
Camden,89
Kensington and Chelsea,270
Hammersmith and Fulham,162
Wandsworth,43
Kensington and Chelsea,216
Croydon,134
Hackney,124
Kensington and Chelsea,643
Ealing,75
Southwark,650
Hackney,406
Westminster,465
Westminster,41
Islington,38
Hackney,132
Lambeth,169
Bromley,183
Sutton,81
Islington,124
Hammersmith and Fulham,212
Islington,42
Westminster,151
Lambeth,142
Islington,42
Islington,39
Islington,44
Hounslow,162
Hammersmith and Fulham,189
Brent,97
Westminster,142
Hackney,131
Haringey,92
Tower Hamlets,36
Southwark,399
Wandsworth,180
Westminster,367
Wandsworth,245
Haringey,86
Westminster,46
Camden,171
Kensington and Chelsea,57
Redbridge,35
Haringey,70
Lambeth,55
Lewisham,31
Wandsworth,150
Merton,136
Newham,48
Bexley,52
Lambeth,60
Lambeth,55
Lambeth,56
Hillingdon,60
Tower Hamlets,61
Lambeth,242
Kensington and Chelsea,506
Hillingdon,40
Westminster,228
Kensington and Chelsea,209
Greenwich,46
Southwark,113
Westminster,217
Tower Hamlets,44
Tower Hamlets,64
Tower Hamlets,44
Westminster,106
Lambeth,53
Brent,76
Westminster,211
Brent,559
Southwark,168
Barnet,54
Westminster,319
Hillingdon,57
Wandsworth,48
Islington,90
Kensington and Chelsea,215
Southwark,208
Westminster,197
Hammersmith and Fulham,228
Islington,95
Lambeth,132
Hammersmith and Fulham,237
Ealing,40
Harrow,39
Waltham Forest,40
Hackney,149
Lambeth,141
Sutton,50
Kensington and Chelsea,180
Westminster,434
Kensington and Chelsea,137
Hammersmith and Fulham,48
Camden,134
Bromley,258
Westminster,280
Westminster,280
Westminster,220
Islington,65
Westminster,140
Hammersmith and Fulham,100
Hammersmith and Fulham,115
Westminster,203
Westminster,394
Haringey,184
Westminster,201
Hammersmith and Fulham,99
Hammersmith and Fulham,126
Hammersmith and Fulham,116
Hammersmith and Fulham,100
Bexley,139
Westminster,202
Kensington and Chelsea,564
Newham,56
Tower Hamlets,500
Croydon,44
Kingston upon Thames,539
Tower Hamlets,193
Hackney,56
Merton,198
Barnet,250
Westminster,290
Tower Hamlets,145
Brent,271
Camden,300
Hammersmith and Fulham,627
Barnet,318
Camden,195
Redbridge,169
Tower Hamlets,193
Tower Hamlets,117
Southwark,105
Camden,119
Lewisham,212
Tower Hamlets,74
Westminster,321
Kingston upon Thames,267
Islington,433
Barnet,197
Kensington and Chelsea,90
Camden,98
Bexley,50
Camden,131
Hammersmith and Fulham,304
Tower Hamlets,252
Camden,115
Kingston upon Thames,75
Southwark,45
Westminster,164
Camden,88
Westminster,528
Bromley,127
Hammersmith and Fulham,99
Hammersmith and Fulham,97
Kensington and Chelsea,195
Hammersmith and Fulham,98
Hammersmith and Fulham,115
Hammersmith and Fulham,103
Hammersmith and Fulham,126
City of London,176
Westminster,88
Tower Hamlets,85
City of London,176
Kensington and Chelsea,218
Islington,94
Tower Hamlets,207
Lambeth,42
Hammersmith and Fulham,270
Redbridge,106
Tower Hamlets,145
Hammersmith and Fulham,122
Hammersmith and Fulham,100
Hammersmith and Fulham,101
Hammersmith and Fulham,132
City of London,176
Hammersmith and Fulham,190
Kensington and Chelsea,169
Kensington and Chelsea,163
Kensington and Chelsea,150
Islington,115
City of London,176
Westminster,258
City of London,176
Hackney,320
Sutton,45
Kensington and Chelsea,230
City of London,178
Hammersmith and Fulham,112
Brent,35
Tower Hamlets,61
Hammersmith and Fulham,47
Lewisham,128
Hammersmith and Fulham,51
Wandsworth,234
Camden,58
Tower Hamlets,108
Camden,68
Islington,180
Hammersmith and Fulham,57
Hammersmith and Fulham,300
Lambeth,134
Camden,55
Hammersmith and Fulham,243
Kingston upon Thames,40
Tower Hamlets,218
Wandsworth,132
Havering,101
Wandsworth,35
Camden,65
Camden,270
Westminster,640
Westminster,188
Haringey,160
Tower Hamlets,173
Hammersmith and Fulham,387
Camden,185
Croydon,35
Croydon,35
Merton,230
Camden,270
Hackney,68
Greenwich,55
Hammersmith and Fulham,108
Hammersmith and Fulham,103
Greenwich,867
Camden,185
Westminster,411
Camden,270
Havering,38
Camden,485
Camden,332
Greenwich,53
Kensington and Chelsea,173
Westminster,1140
Westminster,374
Westminster,178
Westminster,239
Croydon,35
Southwark,239
Hackney,113
Westminster,236
Lewisham,90
Westminster,210
Hackney,80
Westminster,149
Wandsworth,86
Richmond upon Thames,535
Hackney,133
Wandsworth,155
Westminster,140
Kensington and Chelsea,240
Ealing,62
Brent,124
Kensington and Chelsea,189
Barnet,98
Merton,108
Camden,207
Camden,152
Enfield,366
Bromley,23
Wandsworth,192
Redbridge,45
Merton,61
Haringey,252
Islington,148
Richmond upon Thames,148
Southwark,80
Kensington and Chelsea,232
Camden,124
Lewisham,77
Hackney,177
Redbridge,78
Waltham Forest,55
Camden,158
Southwark,533
Camden,150
Camden,152
Kensington and Chelsea,104
Croydon,42
Camden,166
Wandsworth,171
Islington,350
Waltham Forest,228
Southwark,138
Wandsworth,83
Merton,170
Kensington and Chelsea,138
Westminster,143
Lambeth,252
Barnet,52
Greenwich,257
Havering,45
Barnet,74
Bexley,120
Camden,277
Islington,160
Wandsworth,350
Bexley,133
Lewisham,115
Lambeth,90
Camden,137
Hackney,65
Camden,164
Camden,151
Hammersmith and Fulham,129
Harrow,140
Lewisham,41
Tower Hamlets,135
Hounslow,72
Brent,92
Islington,278
Greenwich,217
Lambeth,45
Islington,211
Newham,209
Haringey,54
Camden,298
Barking and Dagenham,187
Greenwich,150
Westminster,148
Westminster,360
Tower Hamlets,56
Southwark,99
Hackney,72
Lewisham,193
Brent,54
Westminster,138
Brent,67
Brent,64
Brent,60
Croydon,35
Brent,65
Brent,63
Croydon,108
Hounslow,152
Hammersmith and Fulham,182
Islington,230
Barking and Dagenham,146
Westminster,111
Westminster,104
Westminster,119
Westminster,102
Westminster,130
Westminster,71
Westminster,93
Westminster,68
Westminster,126
Westminster,116
Westminster,80
Westminster,110
Hammersmith and Fulham,151
Lambeth,100
Lambeth,94
Tower Hamlets,232
Tower Hamlets,206
Hackney,169
Hammersmith and Fulham,82
Westminster,208
Tower Hamlets,90
Barnet,510
Westminster,149
Westminster,207
Camden,84
Westminster,252
Islington,117
Camden,251
Southwark,181
Islington,137
Camden,200
Westminster,265
Westminster,274
Hammersmith and Fulham,159
Camden,320
Westminster,570
Brent,325
Islington,137
Newham,95
Westminster,480
Islington,137
Westminster,201
Islington,137
Camden,184
Lewisham,325
Camden,207
Hammersmith and Fulham,123
City of London,208
Greenwich,187
Islington,79
Wandsworth,144
City of London,189
Ealing,174
Southwark,233
City of London,189
Camden,214
Redbridge,69
City of London,189
City of London,189
Harrow,119
Camden,90
Barnet,176
Brent,99
Newham,85
Tower Hamlets,408
Westminster,444
Harrow,133
Brent,71
Brent,72
Redbridge,303
Westminster,99
Kingston upon Thames,55
Islington,336
Southwark,48
Croydon,50
Islington,28
Newham,206
Islington,208
Westminster,147
Newham,154
Brent,177
Hounslow,210
Westminster,230
Camden,300
Kensington and Chelsea,110
Southwark,62
Westminster,374
Harrow,172
Croydon,112
Kensington and Chelsea,1461
Westminster,343
Hammersmith and Fulham,216
Westminster,98
Brent,108
Croydon,247
Haringey,40
Croydon,32
Westminster,173
Havering,32
Lambeth,112
Hammersmith and Fulham,106
Barking and Dagenham,126
Havering,28
Havering,35
Westminster,270
Barnet,78
Westminster,90
Newham,200
Havering,32
Islington,186
Southwark,152
Hillingdon,174
Camden,215
Hammersmith and Fulham,130
Southwark,40
Haringey,212
Islington,72
Hammersmith and Fulham,120
Tower Hamlets,159
Barnet,97
Camden,43
Brent,208
Redbridge,78
Westminster,810
Newham,189
Newham,195
Hackney,85
Ealing,171
Tower Hamlets,220
Camden,97
Westminster,711
Hackney,472
Newham,213
Ealing,76
Southwark,53
Westminster,89
Haringey,105
Greenwich,142
Southwark,87
Ealing,79
Tower Hamlets,148
Wandsworth,79
Camden,143
Westminster,103
Tower Hamlets,75
Barnet,183
Islington,342
Sutton,220
Haringey,108
Camden,301
Camden,259
Camden,294
Westminster,146
Camden,207
Camden,259
Camden,243
Kensington and Chelsea,67
Hackney,216
Kingston upon Thames,40
Hammersmith and Fulham,134
Haringey,85
Kensington and Chelsea,158
Camden,224
Brent,123
Westminster,108
Kensington and Chelsea,139
Bromley,32
Greenwich,296
Havering,63
Kensington and Chelsea,103
Lewisham,177
Camden,89
Kensington and Chelsea,188
Bromley,94
Greenwich,40
Kensington and Chelsea,278
Camden,175
Westminster,228
Brent,310
Westminster,693
Westminster,336
Tower Hamlets,255
Bromley,215
Havering,35
Westminster,598
Lambeth,392
Lewisham,201
City of London,439
Hackney,117
Newham,211
Barnet,65
Hackney,300
Waltham Forest,60
Hackney,90
Tower Hamlets,99
Hackney,142
Ealing,258
Croydon,129
Newham,196
Lewisham,133
Hounslow,45
Westminster,121
Westminster,137
Kingston upon Thames,162
Sutton,36
Westminster,154
Hackney,112
Redbridge,33
Newham,95
Kensington and Chelsea,344
Hackney,73
Tower Hamlets,148
Brent,72
Croydon,98
Barnet,90
Westminster,215
Westminster,256
Kensington and Chelsea,380
Westminster,302
Brent,50
Westminster,572
Kensington and Chelsea,332
Hackney,98
Kensington and Chelsea,249
Westminster,479
Hackney,167
Westminster,200
Haringey,57
Lambeth,61
Hackney,86
Islington,62
Westminster,135
Kensington and Chelsea,248
Croydon,77
Hounslow,94
Tower Hamlets,236
Hammersmith and Fulham,168
Kensington and Chelsea,247
Westminster,11952
Westminster,63
Harrow,79
Camden,170
Kingston upon Thames,300
Kensington and Chelsea,259
Tower Hamlets,60
Islington,126
Wandsworth,41
Wandsworth,54
Islington,165
Southwark,113
Westminster,117
Westminster,64
Hammersmith and Fulham,191
Havering,39
Wandsworth,252
Brent,36
Brent,125
Barnet,150
Brent,125
Croydon,35
Croydon,40
Wandsworth,330
Southwark,68
Haringey,54
Islington,240
Hackney,190
Brent,174
Westminster,84
Camden,83
Merton,171
Camden,87
Westminster,202
Camden,55
Camden,59
Camden,59
Newham,119
Camden,64
Lewisham,92
Camden,87
Kensington and Chelsea,159
Kensington and Chelsea,188
Kensington and Chelsea,153
Westminster,282
Richmond upon Thames,72
Camden,149
Newham,113
Westminster,204
Westminster,137
Barnet,44
Westminster,156
Camden,181
Westminster,287
Lambeth,95
Westminster,157
Lewisham,95
Westminster,295
Westminster,212
Westminster,269
Westminster,156
Westminster,222
Lewisham,95
Lewisham,95
Hammersmith and Fulham,336
Newham,59
Lewisham,158
Tower Hamlets,195
Camden,232
Camden,251
Tower Hamlets,112
Barking and Dagenham,138
Kensington and Chelsea,160
Southwark,32
Hackney,103
Westminster,368
Westminster,380
Westminster,622
Lambeth,297
Kensington and Chelsea,899
Hackney,57
Ealing,163
Kensington and Chelsea,546
Kensington and Chelsea,225
Camden,156
Newham,135
Westminster,99
Islington,169
Ealing,41
Tower Hamlets,81
Tower Hamlets,72
Tower Hamlets,63
Tower Hamlets,252
Hackney,185
Hackney,59
Southwark,60
Greenwich,90
Hackney,50
Lambeth,51
Richmond upon Thames,45
Lambeth,46
Camden,48
Waltham Forest,130
Waltham Forest,136
Croydon,39
Richmond upon Thames,162
Barnet,270
Tower Hamlets,96
Barking and Dagenham,49
Barnet,250
Haringey,24
Hackney,60
Merton,150
Croydon,212
Waltham Forest,34
Westminster,66
Islington,399
Wandsworth,257
Barnet,172
Newham,144
Camden,431
Westminster,924
Westminster,277
Hammersmith and Fulham,176
Westminster,759
Barking and Dagenham,27
Southwark,237
Lewisham,180
Westminster,525
Westminster,147
Camden,185
Ealing,54
Tower Hamlets,62
Tower Hamlets,145
Newham,177
Camden,135
Kensington and Chelsea,133
Newham,53
Lewisham,127
Hackney,900
Hammersmith and Fulham,152
Camden,64
Hammersmith and Fulham,46
Kensington and Chelsea,209
Bexley,150
Tower Hamlets,40
Hammersmith and Fulham,129
Westminster,67
Havering,170
Westminster,78
Kensington and Chelsea,139
Westminster,64
Wandsworth,112
Tower Hamlets,137
Brent,192
Islington,44
Westminster,115
Tower Hamlets,160
Wandsworth,53
Kensington and Chelsea,280
Kensington and Chelsea,272
Hammersmith and Fulham,167
Enfield,123
Camden,68
Bexley,126
Merton,91
Hounslow,86
Lewisham,20
Kensington and Chelsea,158
Hackney,224
Hackney,131
Greenwich,52
Hounslow,160
Camden,45
Camden,283
Hackney,59
Tower Hamlets,100
Lewisham,131
Hackney,180
Hounslow,342
Southwark,50
Hammersmith and Fulham,200
Brent,162
Islington,106
Southwark,191
Bexley,233
Hounslow,387
Tower Hamlets,166
Hounslow,60
Lambeth,129
Croydon,137
Southwark,282
Barking and Dagenham,63
Islington,95
Wandsworth,120
Tower Hamlets,135
Ealing,169
Wandsworth,380
Southwark,48
Westminster,160
Camden,145
Camden,143
Barnet,141
Camden,143
Ealing,202
Hounslow,143
Barking and Dagenham,135
Barnet,92
Hammersmith and Fulham,103
Merton,233
Westminster,790
Brent,117
Hackney,143
Ealing,49
Westminster,390
Tower Hamlets,158
Westminster,429
Westminster,549
Haringey,50
Wandsworth,33
Westminster,391
Westminster,250
Croydon,52
Brent,428
Richmond upon Thames,49
Haringey,123
Lewisham,40
Hounslow,385
Kensington and Chelsea,190
Haringey,42
Wandsworth,159
Brent,77
Kensington and Chelsea,194
Brent,75
Camden,206
Westminster,146
Tower Hamlets,310
Bromley,56
Barnet,165
Southwark,300
Barnet,155
Hackney,228
Westminster,816
Southwark,343
Lewisham,70
Westminster,99
Southwark,50
Westminster,140
Westminster,95
Brent,105
Kensington and Chelsea,141
Islington,116
Newham,179
Kingston upon Thames,118
Hackney,113
Kensington and Chelsea,200
Enfield,53
Barnet,80
Haringey,43
Merton,177
Ealing,159
Haringey,270
Bexley,126
Southwark,132
Southwark,225
Kensington and Chelsea,139
Enfield,45
Haringey,147
Westminster,195
Wandsworth,66
Kensington and Chelsea,295
Kensington and Chelsea,140
Hammersmith and Fulham,167
Lambeth,401
Hounslow,132
Wandsworth,232
Kensington and Chelsea,216
Haringey,40
Croydon,70
Waltham Forest,90
Greenwich,260
Westminster,102
Westminster,135
Westminster,145
Lambeth,135
Haringey,31
Tower Hamlets,46
Tower Hamlets,44
Haringey,36
Lambeth,45
Hackney,166
Waltham Forest,108
Hackney,88
Hillingdon,183
Wandsworth,86
Lewisham,212
Southwark,104
Camden,131
Westminster,125
Hackney,115
Croydon,81
Westminster,357
Kensington and Chelsea,214
Southwark,180
Hackney,236
Kensington and Chelsea,998
Southwark,96
Kensington and Chelsea,224
Brent,333
Tower Hamlets,185
Tower Hamlets,70
Camden,218
Lewisham,190
Camden,153
Merton,119
Newham,224
Westminster,168
Hackney,87
Redbridge,35
Lambeth,269
Westminster,115
Newham,217
Wandsworth,189
Hackney,92
Southwark,137
Westminster,1040
Tower Hamlets,374
City of London,396
Kensington and Chelsea,74
City of London,340
City of London,528
Sutton,58
Bromley,141
Ealing,120
Enfield,55
Newham,197
Newham,120
Kensington and Chelsea,125
Tower Hamlets,104
Redbridge,52
Haringey,113
Westminster,113
Hackney,198
Westminster,315
Hackney,109
Haringey,159
Wandsworth,275
Hammersmith and Fulham,371
Westminster,64
Hammersmith and Fulham,529
Hackney,94
Southwark,86
Southwark,86
Newham,228
Lambeth,45
Havering,80
Barnet,57
Camden,208
Lambeth,85
Tower Hamlets,54
Islington,343
Lambeth,299
Westminster,127
Hillingdon,60
Wandsworth,10004
Lewisham,93
Westminster,434
Wandsworth,180
Camden,47
Greenwich,45
Ealing,45
Westminster,694
Hammersmith and Fulham,113
Islington,262
Camden,53
Barnet,210
Ealing,110
Tower Hamlets,127
Hackney,59
Barnet,130
Westminster,320
Kensington and Chelsea,51
Croydon,160
Tower Hamlets,34
Lambeth,177
Hackney,58
Barnet,183
Camden,175
Hillingdon,236
Tower Hamlets,150
Tower Hamlets,298
Westminster,589
Southwark,392
Newham,304
City of London,565
Tower Hamlets,118
Hammersmith and Fulham,111
Tower Hamlets,1250
Westminster,129
Hammersmith and Fulham,80
Waltham Forest,183
Kensington and Chelsea,165
Lambeth,162
Kensington and Chelsea,204
Tower Hamlets,314
Westminster,836
Camden,321
Sutton,83
Barking and Dagenham,225
Camden,152
Camden,145
Brent,41
Lewisham,45
Newham,206
Hammersmith and Fulham,850
Camden,323
Camden,324
Camden,331
Camden,307
Camden,368
Camden,346
Camden,362
Brent,67
Brent,73
Enfield,46
Hackney,273
Kingston upon Thames,113
Lewisham,34
Westminster,103
Westminster,49
Islington,86
Southwark,50
Richmond upon Thames,115
Barnet,152
Croydon,113
Southwark,230
Kensington and Chelsea,368
Tower Hamlets,40
Hackney,136
Bromley,190
Greenwich,127
Westminster,205
Hillingdon,26
Hammersmith and Fulham,133
Hammersmith and Fulham,127
Newham,138
Camden,218
Greenwich,163
Camden,226
Haringey,49
Barnet,200
Tower Hamlets,71
Lambeth,180
Barnet,135
Tower Hamlets,71
Camden,123
Westminster,236
Lambeth,63
Barnet,186
Lambeth,63
Lambeth,63
Kensington and Chelsea,1115
Kensington and Chelsea,243
Tower Hamlets,61
Tower Hamlets,75
Kensington and Chelsea,183
Hackney,100
Westminster,154
Westminster,218
Croydon,82
Hounslow,135
Westminster,528
Hackney,228
Haringey,90
Wandsworth,42
Hammersmith and Fulham,250
Westminster,181
Croydon,96
Lambeth,224
Kensington and Chelsea,197
Hackney,140
Lambeth,124
Newham,52
Westminster,356
Kensington and Chelsea,547
Brent,171
City of London,253
Newham,72
Wandsworth,165
Tower Hamlets,400
Waltham Forest,40
Croydon,201
Southwark,63
Newham,121
Croydon,52
Kensington and Chelsea,153
Camden,148
Kensington and Chelsea,158
Hackney,144
Kensington and Chelsea,138
Islington,152
Ealing,650
Lambeth,180
Ealing,96
Westminster,304
Hounslow,199
Islington,249
Camden,47
Islington,246
Greenwich,95
Hackney,74
Hillingdon,336
Barnet,49
Hounslow,124
Southwark,305
Tower Hamlets,225
City of London,440
Westminster,479
Westminster,175
Redbridge,49
Ealing,38
Kensington and Chelsea,68
Hackney,45
Westminster,55
Westminster,162
Westminster,53
Lambeth,124
Islington,159
Camden,55
Enfield,45
Westminster,310
Newham,50
Lewisham,37
Kensington and Chelsea,1429
Croydon,35
Hammersmith and Fulham,225
Croydon,35
Bromley,139
Lewisham,152
Kensington and Chelsea,98
Southwark,180
Hackney,126
Croydon,200
Hillingdon,40
Ealing,153
Westminster,117
City of London,146
Croydon,202
Hillingdon,37
Brent,52
Croydon,202
Southwark,68
Barking and Dagenham,45
Lewisham,67
Enfield,41
Lewisham,38
Tower Hamlets,207
Westminster,188
Southwark,129
Tower Hamlets,95
Tower Hamlets,72
Camden,154
Brent,128
Kensington and Chelsea,270
Barnet,117
Merton,54
Tower Hamlets,70
Wandsworth,119
Tower Hamlets,68
Camden,285
Haringey,49
Haringey,214
Haringey,45
Westminster,88
Camden,115
Newham,222
Hackney,149
Hammersmith and Fulham,99
Wandsworth,125
Waltham Forest,41
Wandsworth,295
Haringey,58
Westminster,243
Hackney,69
Redbridge,44
Tower Hamlets,167
Tower Hamlets,128
Bexley,185
Redbridge,42
Lambeth,43
Tower Hamlets,180
Wandsworth,216
Wandsworth,80
Camden,252
Havering,78
Tower Hamlets,32
Westminster,342
Hackney,148
Westminster,185
Tower Hamlets,41
Brent,78
Tower Hamlets,34
Tower Hamlets,148
Tower Hamlets,32
Westminster,1008
Lambeth,97
Kensington and Chelsea,180
Haringey,141
Lambeth,156
Hammersmith and Fulham,293
Camden,279
Hammersmith and Fulham,89
Wandsworth,118
Newham,148
Wandsworth,180
Redbridge,293
Tower Hamlets,161
Southwark,336
Wandsworth,248
Southwark,351
Lambeth,63
Lambeth,63
Camden,282
Westminster,325
Camden,66
Kensington and Chelsea,240
Kensington and Chelsea,294
Westminster,1714
Westminster,837
Westminster,197
Tower Hamlets,368
Westminster,399
Hackney,180
Westminster,100
Bromley,143
Richmond upon Thames,40
Barking and Dagenham,41
Haringey,108
Kensington and Chelsea,198
Barking and Dagenham,41
Barking and Dagenham,41
Tower Hamlets,84
Westminster,1020
Tower Hamlets,79
Ealing,120
Kensington and Chelsea,938
Kensington and Chelsea,990
Westminster,77
Westminster,137
Southwark,136
City of London,154
Westminster,229
Lambeth,40
Islington,89
Kensington and Chelsea,440
Hackney,320
Hammersmith and Fulham,330
Barnet,46
Westminster,184
Westminster,227
Kensington and Chelsea,186
Islington,138
Brent,189
Southwark,221
Islington,89
Newham,121
Newham,63
Harrow,23
Hounslow,35
Tower Hamlets,205
Islington,78
Richmond upon Thames,238
Harrow,122
Lambeth,85
Westminster,377
Sutton,149
Westminster,160
Sutton,155
Hounslow,35
Camden,231
Lambeth,191
Hackney,62
Islington,113
Tower Hamlets,50
Kensington and Chelsea,157
Camden,60
Tower Hamlets,34
Camden,64
Westminster,135
Tower Hamlets,34
Hammersmith and Fulham,137
Bromley,130
Tower Hamlets,34
Kensington and Chelsea,153
Westminster,685
Tower Hamlets,32
Waltham Forest,155
Hammersmith and Fulham,133
Westminster,479
Tower Hamlets,11952
Camden,129
Camden,110
City of London,380
Redbridge,58
Camden,126
Camden,110
Southwark,34
Waltham Forest,100
Southwark,210
Newham,56
Newham,56
Barnet,107
Tower Hamlets,155
Westminster,523
Southwark,310
Lambeth,140
Islington,134
Southwark,134
Camden,57
Southwark,59
Tower Hamlets,82
Kensington and Chelsea,770
Camden,240
Kensington and Chelsea,619
Tower Hamlets,65
Lewisham,154
Camden,133
Wandsworth,368
Wandsworth,356
Lambeth,679
Newham,199
Tower Hamlets,227
Merton,240
Tower Hamlets,176
Kensington and Chelsea,193
Kensington and Chelsea,100
Southwark,265
Westminster,76
Kensington and Chelsea,82
Kensington and Chelsea,118
Kensington and Chelsea,61
Kensington and Chelsea,91
Kensington and Chelsea,67
Kensington and Chelsea,69
Bexley,166
Kensington and Chelsea,270
Southwark,61
Barking and Dagenham,42
Hackney,180
Newham,483
Brent,107
Ealing,42
Merton,52
Tower Hamlets,116
Tower Hamlets,187
Lewisham,60
Tower Hamlets,88
Lewisham,54
Southwark,54
Barnet,411
Westminster,137
Kensington and Chelsea,163
Westminster,202
Camden,182
Sutton,117
Westminster,567
Camden,132
Southwark,133
Westminster,775
Lambeth,47
Westminster,540
Westminster,694
Westminster,544
Kensington and Chelsea,447
Kensington and Chelsea,508
Ealing,130
Hillingdon,189
Harrow,131
Waltham Forest,32
Brent,72
Camden,150
Westminster,100
Southwark,126
Newham,141
Croydon,65
Kensington and Chelsea,376
Kensington and Chelsea,216
Westminster,548
Kensington and Chelsea,190
Kensington and Chelsea,424
Newham,152
Westminster,211
Camden,211
Tower Hamlets,90
Hackney,90
Brent,79
Brent,89
Ealing,133
Kensington and Chelsea,477
Islington,158
Newham,166
Westminster,180
Tower Hamlets,159
Westminster,591
Islington,57
Kensington and Chelsea,315
Camden,127
Tower Hamlets,98
Kensington and Chelsea,256
Islington,99
Bromley,102
Westminster,674
Westminster,188
Croydon,30
Hounslow,152
Westminster,310
Lambeth,116
Brent,218
Westminster,250
Newham,38
Westminster,230
Camden,212
Westminster,392
Islington,508
Westminster,659
Lambeth,336
Kensington and Chelsea,485
Lambeth,436
Kensington and Chelsea,123
Kensington and Chelsea,280
Camden,162
Southwark,113
Tower Hamlets,212
Brent,41
Haringey,254
Tower Hamlets,212
Southwark,51
Waltham Forest,72
Islington,121
Kensington and Chelsea,371
Kensington and Chelsea,69
Westminster,60
Newham,58
Southwark,114
Southwark,400
Hammersmith and Fulham,276
Richmond upon Thames,94
Southwark,1080
Lewisham,1308
Westminster,237
Camden,145
Kensington and Chelsea,90
Kensington and Chelsea,799
Croydon,153
Kensington and Chelsea,136
Tower Hamlets,96
Hounslow,133
Westminster,219
Westminster,96
Kingston upon Thames,198
Haringey,190
Tower Hamlets,170
Greenwich,132
Greenwich,438
Newham,207
Camden,320
Southwark,371
Hackney,197
Waltham Forest,184
Lewisham,169
Westminster,1338
Greenwich,163
Westminster,422
Newham,327
Waltham Forest,65
Tower Hamlets,318
Enfield,174
Southwark,230
Lewisham,191
Hackney,260
Lambeth,219
Islington,192
Newham,541
Kensington and Chelsea,225
Kensington and Chelsea,289
Westminster,408
Tower Hamlets,118
Southwark,405
Camden,122
Haringey,171
Westminster,511
Wandsworth,223
Westminster,187
Westminster,485
Westminster,428
Newham,198
Newham,199
Havering,96
Brent,155
Brent,160
Hounslow,34
Barnet,100
Haringey,92
Lambeth,68
Kensington and Chelsea,291
Hackney,55
Hackney,88
Westminster,627
Westminster,484
Westminster,989
Camden,249
Westminster,851
Barnet,159
Croydon,246
Westminster,189
Barnet,191
Havering,116
Hounslow,65
Brent,97
Croydon,71
Southwark,240
Barking and Dagenham,102
Kensington and Chelsea,213
Hammersmith and Fulham,225
Lambeth,54
Camden,180
Richmond upon Thames,84
Camden,112
Lambeth,147
Wandsworth,54
Waltham Forest,63
Southwark,165
Lambeth,666
Islington,118
Islington,48
Tower Hamlets,274
Barnet,81
Hackney,162
Barnet,48
Brent,232
Westminster,1590
Westminster,1780
Westminster,227
Lambeth,103
Kensington and Chelsea,91
Hammersmith and Fulham,86
Barnet,135
Kensington and Chelsea,583
Kensington and Chelsea,700
Westminster,330
Westminster,799
Kensington and Chelsea,970
Ealing,108
Kensington and Chelsea,298
Kensington and Chelsea,378
Kensington and Chelsea,430
Kensington and Chelsea,266
Barnet,1800
Islington,231
Kensington and Chelsea,407
Kensington and Chelsea,605
Bromley,111
Kensington and Chelsea,1063
Waltham Forest,35
Tower Hamlets,93
Brent,36
Greenwich,41
Lewisham,94
Hammersmith and Fulham,98
Camden,425
Brent,274
Southwark,62
Tower Hamlets,99
Westminster,288
Westminster,84
Kensington and Chelsea,61
Westminster,89
Westminster,89
Westminster,89
Haringey,239
Brent,158
Newham,196
Westminster,112
Hackney,100
Southwark,500
Hammersmith and Fulham,273
Wandsworth,54
Islington,1120
Haringey,112
Barnet,92
Islington,180
Tower Hamlets,89
Merton,263
Kensington and Chelsea,240
Islington,271
Haringey,80
Barnet,270
Westminster,295
Sutton,334
Wandsworth,199
Camden,151
Islington,50
Hammersmith and Fulham,328
Redbridge,83
Tower Hamlets,190
Hackney,126
Camden,163
Croydon,50
Newham,233
Barnet,208
Islington,108
Lambeth,53
Camden,231
Newham,283
Barking and Dagenham,103
Tower Hamlets,47
Hackney,120
Tower Hamlets,247
Sutton,184
Wandsworth,50
Camden,268
Brent,290
Hillingdon,383
Enfield,420
Lewisham,176
Kensington and Chelsea,840
Kensington and Chelsea,763
Camden,152
Newham,400
Lambeth,403
Newham,262
Greenwich,150
Barnet,700
Hammersmith and Fulham,240
Brent,100
Ealing,95
Lambeth,43
Brent,333
Brent,135
Tower Hamlets,369
Havering,270
Lewisham,162
Kensington and Chelsea,507
Islington,151
Lambeth,253
Tower Hamlets,94
Southwark,115
Camden,361
Kensington and Chelsea,180
Southwark,420
Enfield,50
Tower Hamlets,38
Lambeth,211
Hammersmith and Fulham,317
Merton,43
Tower Hamlets,39
Bromley,145
Westminster,156
Tower Hamlets,38
Westminster,249
Tower Hamlets,38
Southwark,108
Tower Hamlets,109
Kensington and Chelsea,266
Southwark,161
Kensington and Chelsea,657
Westminster,714
Westminster,924
Westminster,1231
Westminster,2156
Westminster,1114
Westminster,123
Westminster,113
Westminster,108
Westminster,450
Ealing,328
Tower Hamlets,200
Tower Hamlets,200
Ealing,62
Lambeth,950
Westminster,362
Hammersmith and Fulham,245
Tower Hamlets,325
Hackney,153
Hackney,51
Southwark,198
Westminster,134
Lambeth,444
Wandsworth,220
Westminster,372
Southwark,170
Westminster,700
Ealing,71
Kensington and Chelsea,358
Wandsworth,358
Westminster,265
Kensington and Chelsea,239
Redbridge,120
Barnet,40
Camden,24
Islington,236
Camden,237
Camden,215
Westminster,121
Westminster,165
Greenwich,95
Hillingdon,60
Hillingdon,60
Bexley,193
Southwark,220
Southwark,129
Southwark,213
Southwark,205
Barnet,333
Tower Hamlets,101
Tower Hamlets,324
Westminster,588
Kensington and Chelsea,164
Kensington and Chelsea,186
Kensington and Chelsea,259
Kensington and Chelsea,219
Kensington and Chelsea,240
Kensington and Chelsea,372
Kensington and Chelsea,428
Camden,58
Lambeth,54
Barking and Dagenham,37
Tower Hamlets,129
Kingston upon Thames,36
Hackney,114
City of London,252
Lambeth,50
Harrow,131
Barnet,130
Harrow,131
Brent,73
Barnet,153
Hammersmith and Fulham,357
Westminster,378
Tower Hamlets,203
Kensington and Chelsea,473
Kensington and Chelsea,484
Kensington and Chelsea,539
Kensington and Chelsea,1249
Sutton,83
Barnet,52
Brent,36
Lewisham,79
Wandsworth,452
Westminster,156
Westminster,72
Westminster,485
Redbridge,48
Newham,189
Camden,425
Waltham Forest,133
Westminster,201
Lewisham,162
Islington,169
Hackney,59
Lambeth,127
Greenwich,188
Wandsworth,286
Ealing,251
Camden,268
Southwark,302
Camden,83
Westminster,140
Westminster,125
Westminster,170
Westminster,105
Ealing,128
Newham,126
Wandsworth,290
Westminster,536
Southwark,108
Richmond upon Thames,110
Islington,288
Brent,197
Waltham Forest,119
Islington,244
Westminster,252
Brent,121
Westminster,177
Hammersmith and Fulham,50
City of London,179
Hounslow,113
Westminster,329
Camden,90
Westminster,216
Hackney,32
Tower Hamlets,258
Brent,77
Brent,52
Ealing,259
Tower Hamlets,89
Tower Hamlets,85
Westminster,110
Westminster,120
Westminster,160
Westminster,170
Westminster,180
Westminster,140
Westminster,180
Westminster,200
Westminster,210
Westminster,160
Westminster,180
Westminster,220
Westminster,275
Westminster,137
Tower Hamlets,350
Southwark,142
Haringey,97
Lewisham,60
Southwark,44
Havering,130
Hounslow,180
Wandsworth,187
Hammersmith and Fulham,345
Kensington and Chelsea,81
Kensington and Chelsea,344
Hammersmith and Fulham,364
Kensington and Chelsea,622
Kensington and Chelsea,157
Westminster,728
Westminster,164
Wandsworth,136
Lewisham,146
Kensington and Chelsea,311
Lambeth,68
Barking and Dagenham,174
Hounslow,231
Westminster,318
Ealing,142
Hounslow,185
Westminster,132
City of London,177
Westminster,201
Lambeth,66
Westminster,306
Merton,100
Ealing,49
Newham,341
Hammersmith and Fulham,652
Brent,156
Barnet,205
Newham,352
Tower Hamlets,160
Hammersmith and Fulham,253
Camden,185
Kensington and Chelsea,395
Merton,80
Westminster,113
Kensington and Chelsea,245
Westminster,493
Camden,180
Barnet,157
Barnet,687
Kensington and Chelsea,425
Camden,525
Kensington and Chelsea,275
Ealing,184
Kensington and Chelsea,560
Lewisham,151
Kensington and Chelsea,410
City of London,283
Kensington and Chelsea,580
Kensington and Chelsea,430
Westminster,1920
Kensington and Chelsea,580
Kensington and Chelsea,430
Kensington and Chelsea,445
Kensington and Chelsea,295
Kensington and Chelsea,375
Kensington and Chelsea,375
Enfield,128
Kensington and Chelsea,395
Westminster,528
Kensington and Chelsea,385
Kensington and Chelsea,405
Westminster,195
Greenwich,108
Kensington and Chelsea,256
Kensington and Chelsea,400
Kensington and Chelsea,405
Kensington and Chelsea,425
Kensington and Chelsea,460
Kensington and Chelsea,510
Westminster,146
Tower Hamlets,245
Kensington and Chelsea,255
Merton,180
Westminster,90
Croydon,105
Islington,183
Westminster,125
Kensington and Chelsea,904
Camden,178
Barnet,71
Barnet,62
Barnet,63
Barnet,72
Barnet,71
Barnet,54
Barnet,61
Camden,238
Westminster,63
Kensington and Chelsea,85
Brent,98
Barnet,164
Greenwich,90
Wandsworth,686
Southwark,592
Southwark,316
Havering,36
Camden,61
Sutton,158
Brent,99
Merton,64
Hillingdon,190
Wandsworth,360
Brent,112
Brent,141
Tower Hamlets,136
Wandsworth,200
Barnet,131
Tower Hamlets,35
Barnet,195
Westminster,209
Barking and Dagenham,196
Newham,248
Bexley,87
Harrow,382
Tower Hamlets,109
Harrow,63
Kensington and Chelsea,244
Ealing,63
Hammersmith and Fulham,253
Newham,221
Lambeth,105
Hounslow,156
Hounslow,134
Brent,110
Brent,108
Lambeth,82
Merton,167
Westminster,98
Brent,132
Camden,108
Lambeth,102
Waltham Forest,147
Westminster,165
Kensington and Chelsea,221
Lambeth,102
Hounslow,186
Westminster,95
Lambeth,115
Hounslow,125
Hammersmith and Fulham,126
Bromley,41
Lambeth,120
Islington,175
Islington,207
Lambeth,106
Westminster,225
Barking and Dagenham,30
Greenwich,55
Lewisham,180
Camden,61
Newham,212
Tower Hamlets,50
Newham,116
Islington,508
Islington,255
Wandsworth,222
Westminster,129
Tower Hamlets,375
Ealing,32
Kensington and Chelsea,390
Westminster,162
Kensington and Chelsea,6924
Hackney,130
Bromley,210
Bromley,6924
Kensington and Chelsea,6924
Kensington and Chelsea,6924
Croydon,6924
Kensington and Chelsea,6924
Kensington and Chelsea,6924
Bromley,210
Islington,108
Enfield,47
Barnet,111
Merton,150
Wandsworth,218
Ealing,85
Camden,81
Bromley,197
Tower Hamlets,47
Redbridge,66
Kensington and Chelsea,365
Lambeth,744
Westminster,75
Hammersmith and Fulham,77
Brent,63
Lambeth,475
Westminster,277
Kensington and Chelsea,459
Hounslow,32
Tower Hamlets,144
Tower Hamlets,74
Lewisham,230
Brent,41
Lewisham,159
Tower Hamlets,244
Southwark,42
Westminster,192
Southwark,42
Lewisham,135
City of London,799
Westminster,177
Westminster,224
Westminster,211
Tower Hamlets,203
Barnet,63
Lewisham,95
Brent,320
Islington,112
Hackney,158
Hammersmith and Fulham,72
Barnet,328
Hackney,1014
Greenwich,62
Hammersmith and Fulham,69
Newham,72
Kensington and Chelsea,287
Barnet,118
Ealing,97
Waltham Forest,84
Westminster,415
Brent,37
Hackney,131
Camden,231
Wandsworth,232
Lewisham,208
Westminster,144
Westminster,163
Southwark,231
Waltham Forest,56
Haringey,150
Hammersmith and Fulham,217
Barnet,99
Ealing,103
Westminster,148
Enfield,68
Brent,153
Lambeth,122
Barnet,180
City of London,144
Ealing,67
Richmond upon Thames,206
Bromley,291
Waltham Forest,34
Kensington and Chelsea,164
Tower Hamlets,154
Newham,351
Tower Hamlets,80
Waltham Forest,139
Islington,83
Havering,90
Haringey,110
Wandsworth,61
Kensington and Chelsea,990
Westminster,118
Brent,223
Ealing,137
Richmond upon Thames,100
Camden,30
Camden,27
Islington,129
Wandsworth,120
City of London,350
Waltham Forest,70
City of London,475
Westminster,131
Westminster,107
Westminster,170
Hammersmith and Fulham,304
Hammersmith and Fulham,134
Enfield,50
Merton,225
Hillingdon,48
Kingston upon Thames,238
Lewisham,176
Greenwich,1020
Westminster,299
Tower Hamlets,51
Westminster,107
Wandsworth,167
Brent,127
Kensington and Chelsea,220
Camden,234
Camden,276
Hillingdon,137
Camden,840
Hillingdon,93
Hillingdon,81
Hillingdon,98
Hillingdon,108
Hillingdon,69
Hillingdon,93
Hillingdon,84
Hillingdon,71
Haringey,54
Lambeth,48
Wandsworth,177
Lambeth,54
Westminster,166
Lambeth,125
Richmond upon Thames,194
Wandsworth,46
Wandsworth,163
Lambeth,73
Greenwich,211
Westminster,650
Tower Hamlets,55
Camden,362
Lambeth,200
Westminster,191
Tower Hamlets,65
Kensington and Chelsea,328
Barnet,92
Greenwich,281
Barking and Dagenham,122
Harrow,108
Kensington and Chelsea,325
Camden,86
Wandsworth,310
Hammersmith and Fulham,222
Islington,101
Hackney,115
Westminster,87
Islington,165
Tower Hamlets,150
Westminster,308
Barking and Dagenham,162
Bexley,40
Camden,101
Camden,197
Westminster,223
Hammersmith and Fulham,210
Barking and Dagenham,672
Newham,283
Hammersmith and Fulham,300
Ealing,108
Hammersmith and Fulham,186
Tower Hamlets,348
Richmond upon Thames,200
Camden,282
Tower Hamlets,1085147
City of London,275
Camden,257
Southwark,540
Islington,250
Tower Hamlets,218
Tower Hamlets,1279
Tower Hamlets,353
Camden,230
Kensington and Chelsea,196
Westminster,110
Southwark,252
Tower Hamlets,89
Camden,374
Islington,192
Kensington and Chelsea,95
Kensington and Chelsea,113
Bexley,46
Islington,429
Hackney,132
Enfield,36
Hackney,118
Tower Hamlets,132
Richmond upon Thames,185
Waltham Forest,91
Kensington and Chelsea,361
Islington,136
Ealing,140
Haringey,65
Harrow,101
Tower Hamlets,148
Southwark,75
Southwark,63
Islington,127
Camden,113
Hillingdon,243
Croydon,104
Ealing,88
Hackney,135
Westminster,150
Southwark,47
Camden,132
City of London,136
Havering,80
Wandsworth,60
Croydon,131
Southwark,135
Tower Hamlets,300
Lewisham,274
Hammersmith and Fulham,776
Kingston upon Thames,85
Newham,1800
Haringey,93
Tower Hamlets,155
Waltham Forest,70
Tower Hamlets,313
Havering,155
Lambeth,395
Tower Hamlets,565
Croydon,171
Hackney,168
Kingston upon Thames,169
Tower Hamlets,61
Brent,165
Westminster,173
Westminster,194
Ealing,300
Kensington and Chelsea,232
Hammersmith and Fulham,133
Westminster,103
Southwark,42
Tower Hamlets,341
Wandsworth,546
Greenwich,316
Wandsworth,947
Kingston upon Thames,95
Tower Hamlets,360
Camden,109
Hillingdon,160
Hackney,280
Westminster,403
Camden,90
Hounslow,107
Westminster,179
Ealing,116
Kensington and Chelsea,180
Lambeth,283
Brent,85
Hounslow,182
Southwark,450
Havering,215
Brent,180
Newham,256
Kensington and Chelsea,329
Kensington and Chelsea,204
Kensington and Chelsea,203
Kensington and Chelsea,290
Brent,92
Kensington and Chelsea,149
Kensington and Chelsea,271
Westminster,326
Westminster,615
Westminster,170
Ealing,222
Islington,85
Brent,49
Sutton,185
Southwark,74
Harrow,150
Kensington and Chelsea,382
Southwark,284
Greenwich,136
Wandsworth,90
Southwark,173
Newham,45
Redbridge,53
Lambeth,82
Southwark,146
Hackney,49
Redbridge,53
Newham,328
Westminster,180
Newham,42
Wandsworth,166
Lewisham,32
Westminster,148
Westminster,161
Harrow,214
Westminster,830
Tower Hamlets,260
Westminster,827
Westminster,193
Barnet,980
Southwark,63
Southwark,56
Tower Hamlets,350
Ealing,63
Islington,171
Southwark,66
Greenwich,247
Southwark,66
Westminster,53
Westminster,36
Kensington and Chelsea,112
Westminster,89
Hammersmith and Fulham,186
Barnet,207
Hammersmith and Fulham,123
Greenwich,77
Islington,221
Kensington and Chelsea,941
Tower Hamlets,196
Brent,141
Wandsworth,74
Barnet,208
Camden,108
Westminster,665
Hammersmith and Fulham,91
Hackney,98
Tower Hamlets,82
Brent,60
Westminster,108
Hackney,209
Brent,45
Tower Hamlets,246
Tower Hamlets,50
Ealing,176
Croydon,59
Kensington and Chelsea,282
Ealing,130
Barking and Dagenham,150
Newham,266
Westminster,255
Lambeth,344
Westminster,265
Newham,204
Islington,95
Westminster,163
Kensington and Chelsea,944
Newham,249
Kensington and Chelsea,1114
Tower Hamlets,60
Camden,125
Kensington and Chelsea,1484
Westminster,320
Greenwich,200
Redbridge,150
Hackney,156
Southwark,216
Hammersmith and Fulham,179
Camden,480
Southwark,190
Camden,314
Westminster,189
Tower Hamlets,66
Westminster,179
Greenwich,141
Redbridge,65
Kingston upon Thames,60
Brent,200
Tower Hamlets,82
Kensington and Chelsea,292
Wandsworth,47
Bexley,35
Camden,54
Southwark,113
Barnet,54
Wandsworth,144
Ealing,99
Greenwich,143
Wandsworth,117
Bromley,33
Bromley,46
Tower Hamlets,103
Southwark,180
Harrow,201
Bromley,213
Hammersmith and Fulham,202
Camden,258
Tower Hamlets,60
Hammersmith and Fulham,21
Kensington and Chelsea,180
Greenwich,33
Westminster,171
Westminster,60
Southwark,191
Brent,154
Camden,258
Southwark,110
Lambeth,270
Camden,32
Southwark,42
Lambeth,49
Newham,33
Westminster,87
Tower Hamlets,143
Lewisham,90
Kensington and Chelsea,301
Westminster,74
Tower Hamlets,219
Hammersmith and Fulham,173
Camden,410
Westminster,207
Greenwich,132
Tower Hamlets,225
Kensington and Chelsea,238
Harrow,168
Greenwich,89
Greenwich,170
Newham,160
Westminster,288
Westminster,209
Waltham Forest,157
Tower Hamlets,263
Merton,50
Lewisham,43
Enfield,36
Westminster,139
Westminster,143
Lewisham,51
Hackney,82
Westminster,341
Hammersmith and Fulham,105
Islington,59
Southwark,69
Southwark,70
Lambeth,78
Southwark,261
Hillingdon,38
Ealing,30
Croydon,132
Greenwich,109
Camden,133
Southwark,71
Tower Hamlets,215
Newham,214
Brent,128
Southwark,64
City of London,499
City of London,415
City of London,702
Southwark,80
Tower Hamlets,58
Lambeth,94
Tower Hamlets,322
Greenwich,238
Hackney,37
Lewisham,275
Enfield,60
Tower Hamlets,65
Brent,143
Greenwich,71
Wandsworth,71
Barnet,23
Wandsworth,77
Westminster,96
Southwark,88
Haringey,27
Haringey,100
Tower Hamlets,168
Richmond upon Thames,116
Kensington and Chelsea,239
Southwark,89
Lewisham,107
Tower Hamlets,1504
Brent,109
Westminster,49
Haringey,61
Lambeth,109
Hackney,43
Westminster,420
Westminster,545
City of London,266
Camden,99
Westminster,245
Wandsworth,104
Westminster,240
Westminster,583
Camden,181
Camden,236
Westminster,915
Brent,126
Westminster,130
Westminster,207
Camden,402
Wandsworth,171
Wandsworth,83
Hillingdon,145
Wandsworth,77
Wandsworth,79
Wandsworth,71
Wandsworth,80
Westminster,261
Westminster,370
Bexley,183
Hammersmith and Fulham,203
Tower Hamlets,157
Southwark,52
Tower Hamlets,99
Barnet,270
Barking and Dagenham,28
Camden,105
Camden,149
Tower Hamlets,127
Westminster,342
Wandsworth,191
Kingston upon Thames,40
Hackney,145
Westminster,76
Kensington and Chelsea,468
Westminster,55
Southwark,72
Croydon,106
Hammersmith and Fulham,85
Hammersmith and Fulham,333
Ealing,86
Lambeth,381
Camden,140
Tower Hamlets,56
Hillingdon,48
Croydon,43
Kingston upon Thames,130
Westminster,99
Newham,141
Hackney,38
Brent,105
Westminster,91
Camden,362
Southwark,108
Camden,64
Southwark,67
Westminster,201
Southwark,76
Southwark,104
Westminster,185
Hillingdon,51
Hammersmith and Fulham,224
Kensington and Chelsea,1139
Tower Hamlets,395
Kingston upon Thames,96
Westminster,233
Westminster,440
Kensington and Chelsea,265
Greenwich,124
Barnet,120
Westminster,230
Kensington and Chelsea,486
Southwark,230
Westminster,80
Hackney,148
Bromley,268
Brent,182
Westminster,119
Southwark,384
Wandsworth,180
Wandsworth,304
Greenwich,175
Lewisham,159
Lambeth,188
Richmond upon Thames,133
Lambeth,102
Newham,272
Greenwich,157
Barking and Dagenham,37
Westminster,70
Westminster,523
Westminster,329
Southwark,153
Haringey,133
Hackney,200
Newham,311
Barking and Dagenham,117
Kensington and Chelsea,125
Richmond upon Thames,255
Kensington and Chelsea,320
Lambeth,115
Kensington and Chelsea,240
Camden,111
Hammersmith and Fulham,570
Kensington and Chelsea,530
Kensington and Chelsea,125
Southwark,360
Kensington and Chelsea,148
Kensington and Chelsea,153
Kensington and Chelsea,148
Haringey,114
Lambeth,216
Greenwich,530
Lambeth,349
Westminster,159
Camden,179
Hammersmith and Fulham,203
Wandsworth,71
Islington,290
Hammersmith and Fulham,315
Westminster,170
Westminster,143
Hammersmith and Fulham,413
Ealing,46
Greenwich,288
Westminster,187
Kensington and Chelsea,182
Kensington and Chelsea,206
Islington,38
Hammersmith and Fulham,165
Wandsworth,425
Westminster,820
Ealing,124
Newham,151
Westminster,188
Brent,54
Kensington and Chelsea,141
Westminster,328
Richmond upon Thames,151
Hammersmith and Fulham,259
Brent,130
Islington,347
Islington,283
Croydon,27
Westminster,169
Westminster,219
Westminster,266
Wandsworth,68
Camden,65
Wandsworth,69
Tower Hamlets,123
Camden,167
Croydon,55
Camden,191
Tower Hamlets,139
Wandsworth,71
Merton,164
Tower Hamlets,150
Hackney,157
Newham,356
Hackney,189
Westminster,392
Westminster,476
Kensington and Chelsea,214
Kensington and Chelsea,214
Kensington and Chelsea,214
Camden,159
Lewisham,135
Hackney,104
Lewisham,86
Kensington and Chelsea,656
Barnet,122
Westminster,599
Barnet,167
Hackney,353
Barnet,162
Camden,169
Westminster,133
Barnet,133
Lambeth,56
Merton,124
Westminster,282
Westminster,205
Westminster,89
Wandsworth,186
Westminster,96
Camden,179
Westminster,526
Hammersmith and Fulham,240
Camden,60
Westminster,92
Lambeth,256
Westminster,283
Merton,72
Richmond upon Thames,114
Hammersmith and Fulham,279
Haringey,32
Southwark,229
Bromley,81
Islington,251
City of London,224
Hammersmith and Fulham,188
Camden,52
Camden,199
City of London,475
Barking and Dagenham,57
Camden,492
Camden,209
Westminster,1600
Camden,376
Camden,509
Kensington and Chelsea,363
Hackney,105
Enfield,35
Hammersmith and Fulham,185
Westminster,184
Lambeth,276
Southwark,49
Brent,100
Hillingdon,41
Tower Hamlets,80
Islington,120
Brent,54
Hammersmith and Fulham,191
Hackney,155
Southwark,350
Kensington and Chelsea,252
Hammersmith and Fulham,120
Westminster,100
Hackney,203
Croydon,50
Westminster,207
Croydon,54
Lambeth,124
Kensington and Chelsea,280
Southwark,148
Kensington and Chelsea,295
Barnet,90
Brent,276
Merton,65
Hammersmith and Fulham,137
Southwark,244
Barnet,139
Lewisham,75
Brent,80
Westminster,155
Brent,39
Ealing,90
Croydon,123
Brent,68
Westminster,205
Hackney,91
Brent,70
Tower Hamlets,155
Kensington and Chelsea,342
Hammersmith and Fulham,133
Tower Hamlets,301
Brent,173
Kensington and Chelsea,390
Harrow,220
Kensington and Chelsea,559
Hackney,220
Westminster,180
Southwark,147
Lewisham,47
Wandsworth,308
Lewisham,203
Greenwich,126
Lambeth,45
Greenwich,150
Camden,74
Westminster,415
Westminster,225
Westminster,189
Bromley,77
Tower Hamlets,80
Tower Hamlets,58
Hammersmith and Fulham,238
Westminster,275
Camden,215
Havering,71
Hammersmith and Fulham,272
Camden,204
Camden,204
Hammersmith and Fulham,91
Westminster,204
Brent,142
Lambeth,45
Kensington and Chelsea,385
Westminster,432
Hackney,270
Newham,181
Tower Hamlets,426
Kensington and Chelsea,235
Croydon,251
Westminster,264
Westminster,103
Wandsworth,144
Camden,394
Islington,171
Kensington and Chelsea,237
Southwark,390
Westminster,208
Greenwich,62
Lambeth,116
Kensington and Chelsea,364
Kensington and Chelsea,387
Kensington and Chelsea,305
Hounslow,208
Brent,105
Tower Hamlets,52
Southwark,123
Hillingdon,100
Brent,61
Kensington and Chelsea,270
Islington,259
Greenwich,28
Islington,448
Barnet,44
Greenwich,28
Kensington and Chelsea,236
Kensington and Chelsea,278
Newham,45
Westminster,251
Barnet,72
Tower Hamlets,66
Barnet,52
Haringey,167
Westminster,205
Camden,587
Westminster,302
Wandsworth,212
Kensington and Chelsea,171
Tower Hamlets,489
Newham,158
Kensington and Chelsea,234
Kensington and Chelsea,385
Newham,204
Westminster,229
Ealing,41
Greenwich,133
Kensington and Chelsea,240
Tower Hamlets,156
Haringey,135
Southwark,318
Westminster,312
Westminster,153
Barnet,113
Kensington and Chelsea,219
Barnet,144
Brent,144
Brent,144
Brent,144
Brent,144
Brent,144
Barnet,144
Brent,144
Brent,144
Barnet,144
Brent,158
Barnet,144
Brent,144
Brent,144
Brent,144
Brent,144
Brent,144
Brent,144
Brent,144
Brent,158
Brent,144
Barnet,144
Brent,144
Barnet,144
Brent,144
Barnet,144
Brent,144
Barnet,144
Islington,101
Barking and Dagenham,145
Ealing,45
Greenwich,102
Ealing,36
Tower Hamlets,433
Ealing,40
Bromley,97
Hackney,252
Brent,119
Newham,237
Tower Hamlets,143
Croydon,64
Ealing,131
Lewisham,160
Barnet,128
Kensington and Chelsea,320
Westminster,325
Islington,100
Kensington and Chelsea,405
Newham,195
Westminster,174
Tower Hamlets,166
Brent,170
Kensington and Chelsea,309
Kensington and Chelsea,380
Westminster,167
Westminster,197
Westminster,986
Westminster,99
Tower Hamlets,80
Camden,181
Lambeth,198
Lambeth,145
Croydon,234
Greenwich,54
Brent,219
Barnet,162
Westminster,186
Sutton,122
Kensington and Chelsea,113
Croydon,53
Kensington and Chelsea,233
Wandsworth,55
Kensington and Chelsea,145
Hammersmith and Fulham,155
Barnet,195
Hackney,180
Croydon,32
City of London,405
Islington,129
Croydon,88
Hillingdon,63
Westminster,96
Haringey,134
Westminster,384
Camden,145
Richmond upon Thames,396
Kensington and Chelsea,93
Westminster,395
Wandsworth,70
Westminster,442
Westminster,620
Hammersmith and Fulham,302
Westminster,179
Lambeth,171
Kingston upon Thames,27
Croydon,134
Tower Hamlets,57
Brent,107
City of London,253
Camden,216
Tower Hamlets,364
City of London,464
Lewisham,50
Hammersmith and Fulham,340
Hammersmith and Fulham,169
Redbridge,45
Westminster,288
Redbridge,116
Southwark,120
Tower Hamlets,116
Barnet,36
Lambeth,36
Haringey,42
Wandsworth,54
Westminster,373
Greenwich,124
Islington,112
Tower Hamlets,50
Tower Hamlets,48
Lambeth,116
Islington,104
Harrow,48
Lewisham,104
Redbridge,48
Havering,96
Brent,186
Redbridge,45
Harrow,37
Hounslow,79
Westminster,380
Harrow,62
Croydon,160
Hounslow,63
Hackney,36
Lambeth,36
Barnet,170
Hackney,38
Haringey,173
Hackney,38
Hackney,38
Tower Hamlets,183
Tower Hamlets,78
Islington,195
Tower Hamlets,116
Kensington and Chelsea,198
Westminster,300
Westminster,218
Barnet,62
Bexley,192
Tower Hamlets,52
Hackney,340
Barking and Dagenham,86
Tower Hamlets,52
Newham,149
Tower Hamlets,54
Southwark,146
Barking and Dagenham,39
Lambeth,326
Tower Hamlets,231
Bexley,73
Kensington and Chelsea,170
Hackney,40
Hackney,61
Bexley,225
Southwark,68
Bexley,73
Hillingdon,67
Bexley,163
Westminster,600
Bexley,361
Westminster,353
Westminster,224
Southwark,115
Hounslow,190
Croydon,30
Croydon,35
Hounslow,50
Brent,320
Westminster,86
Hounslow,102
Westminster,332
Westminster,405
Westminster,193
Greenwich,72
Harrow,52
Camden,181
Barnet,138
Westminster,135
Harrow,66
Kensington and Chelsea,183
Kensington and Chelsea,319
Merton,48
Ealing,54
Harrow,80
Islington,260
Westminster,507
Westminster,199
Westminster,364
Westminster,346
Hammersmith and Fulham,111
Brent,128
Hammersmith and Fulham,142
Camden,600
Hackney,188
Islington,63
Westminster,112
Merton,124
Hackney,108
Haringey,481
Islington,126
Kensington and Chelsea,207
Merton,155
Hackney,75
Hammersmith and Fulham,235
Tower Hamlets,74
Croydon,162
Wandsworth,234
Ealing,200
Hillingdon,187
Hackney,194
Southwark,233
Greenwich,55
Waltham Forest,180
Wandsworth,90
Bromley,59
Barking and Dagenham,451
Hounslow,72
Kensington and Chelsea,628
Southwark,87
Brent,150
Hackney,260
Lewisham,35
Waltham Forest,63
Westminster,310
Kensington and Chelsea,450
Southwark,69
Tower Hamlets,70
Islington,200
Tower Hamlets,512
Tower Hamlets,628
Kensington and Chelsea,360
Kensington and Chelsea,255
Tower Hamlets,66
Hackney,150
Brent,141
Hammersmith and Fulham,78
Hammersmith and Fulham,86
Wandsworth,41
Greenwich,398
Tower Hamlets,390
Islington,200
Newham,250
Ealing,92
Islington,213
Islington,159
Wandsworth,396
Lambeth,198
Southwark,101
Camden,192
Hammersmith and Fulham,150
Westminster,136
Westminster,180
Brent,45
Brent,59
Islington,211
Westminster,180
Westminster,136
Camden,569
Islington,150
Islington,204
Wandsworth,192
Westminster,175
Westminster,209
Brent,78
Wandsworth,503
Tower Hamlets,111
Brent,84
Camden,308
Westminster,122
Brent,101
Westminster,323
Southwark,133
Tower Hamlets,115
Westminster,265
Barnet,72
Kensington and Chelsea,315
Kensington and Chelsea,315
Kensington and Chelsea,87
Lewisham,27
Hammersmith and Fulham,77
Newham,49
Westminster,350
Greenwich,120
Tower Hamlets,97
Bexley,640
Lambeth,165
Westminster,221
Greenwich,120
Westminster,161
Westminster,74
Wandsworth,147
Islington,240
Ealing,46
Westminster,415
Southwark,402
Lewisham,57
Wandsworth,49
Southwark,367
Kensington and Chelsea,186
Redbridge,45
Wandsworth,196
Hackney,73
Hillingdon,36
Croydon,73
Hillingdon,60
Camden,72
Newham,138
Waltham Forest,181
Westminster,370
Newham,148
Camden,131
Camden,201
Camden,200
Kensington and Chelsea,231
Merton,77
Tower Hamlets,109
Brent,107
Kensington and Chelsea,161
Westminster,211
Merton,97
Camden,374
Kensington and Chelsea,175
Newham,76
Westminster,290
Tower Hamlets,108
Tower Hamlets,149
Kensington and Chelsea,297
Haringey,99
Hackney,295
Harrow,65
Camden,110
Westminster,321
Southwark,80
Southwark,372
Newham,124
Westminster,143
Southwark,473
Southwark,443
Brent,87
Southwark,110
Bromley,99
Camden,197
Tower Hamlets,84
Haringey,30
Kensington and Chelsea,340
Tower Hamlets,98
Greenwich,77
Bromley,139
Tower Hamlets,98
Southwark,243
Sutton,36
Westminster,620
Westminster,145
Westminster,171
Westminster,268
Hammersmith and Fulham,450
Hackney,135
Kensington and Chelsea,120
Hammersmith and Fulham,81
Waltham Forest,86
Hackney,165
Westminster,137
Barnet,150
Hammersmith and Fulham,79
Hammersmith and Fulham,320
Westminster,500
Tower Hamlets,240
Croydon,132
Wandsworth,387
Westminster,166
Croydon,98
Camden,166
Tower Hamlets,304
Hackney,154
Haringey,186
Newham,110
Kensington and Chelsea,165
Greenwich,50
Hackney,139
Camden,82
Brent,136
Westminster,664
Westminster,203
Newham,75
Tower Hamlets,238
Southwark,360
Tower Hamlets,146
Barking and Dagenham,32
Westminster,554
Tower Hamlets,156
Westminster,130
Brent,148
Kensington and Chelsea,86
Westminster,98
Barking and Dagenham,103
Sutton,107
Westminster,180
Camden,225
Southwark,66
Newham,40
Southwark,118
Hackney,113
Wandsworth,45
Barnet,150
Croydon,35
Newham,108
Lambeth,97
Lambeth,93
Wandsworth,150
Kensington and Chelsea,300
Camden,105
Camden,121
Hillingdon,90
Southwark,105
Lambeth,93
Kensington and Chelsea,1650
Westminster,171
Barnet,120
Southwark,334
Islington,158
City of London,480
Camden,81
Kensington and Chelsea,260
Bromley,90
Southwark,45
Waltham Forest,72
Islington,53
Hammersmith and Fulham,213
Newham,364
Kensington and Chelsea,444
Kensington and Chelsea,565
Hackney,80
Croydon,98
Greenwich,338
Tower Hamlets,237
Wandsworth,122
Camden,136
Lambeth,91
Hackney,66
Tower Hamlets,97
Brent,99
Tower Hamlets,149
Wandsworth,80
Islington,227
Tower Hamlets,190
Tower Hamlets,190
Tower Hamlets,190
Kensington and Chelsea,216
Tower Hamlets,174
Tower Hamlets,174
Islington,237
Tower Hamlets,220
Tower Hamlets,199
Tower Hamlets,216
Tower Hamlets,189
Tower Hamlets,230
Tower Hamlets,195
Tower Hamlets,220
Westminster,272
Westminster,216
Westminster,254
Tower Hamlets,185
Camden,227
Brent,353
Redbridge,98
Camden,150
Tower Hamlets,185
Camden,160
Camden,140
Islington,176
Enfield,92
Westminster,197
Brent,172
City of London,99
Brent,72
Newham,100
Lambeth,60
Westminster,103
Westminster,115
Hackney,495
Wandsworth,397
Westminster,150
Islington,99
Newham,198
Westminster,650
Islington,76
Westminster,500
Hillingdon,96
Southwark,53
Barnet,153
Westminster,215
Barnet,100
Barnet,162
Barnet,136
Wandsworth,91
Westminster,170
Tower Hamlets,318
Sutton,35
City of London,448
Hammersmith and Fulham,124
Westminster,402
Kensington and Chelsea,454
Hackney,46
Wandsworth,135
Merton,66
Westminster,344
Westminster,721
Westminster,103
Tower Hamlets,114
Enfield,50
Haringey,133
Lambeth,104
Tower Hamlets,114
Islington,169
Newham,126
Brent,289
Southwark,53
Lewisham,82
Westminster,99
Wandsworth,77
Westminster,324
Hackney,360
Kensington and Chelsea,80
Hammersmith and Fulham,171
Ealing,285
Newham,175
Lambeth,132
City of London,133
Islington,234
Barnet,145
Islington,139
Lambeth,86
Barnet,120
Barnet,196
Westminster,246
Redbridge,48
Westminster,196
Barking and Dagenham,38
Westminster,302
Hackney,132
Camden,396
Hammersmith and Fulham,86
City of London,309
Westminster,255
Lambeth,313
Tower Hamlets,378
Westminster,324
Islington,151
Lambeth,77
Lewisham,88
Hillingdon,50
Westminster,393
Hounslow,54
Havering,232
Westminster,287
Tower Hamlets,50
Hammersmith and Fulham,91
Havering,304
Kingston upon Thames,122
Hackney,113
Lambeth,50
Merton,355
Southwark,267
Kingston upon Thames,130
Merton,250
Merton,280
Ealing,62
Islington,340
Tower Hamlets,164
Westminster,543
Haringey,130
Hammersmith and Fulham,125
Islington,481
Hackney,125
Wandsworth,144
Islington,84
Westminster,338
Redbridge,272
Redbridge,209
Westminster,156
Kensington and Chelsea,183
Kensington and Chelsea,680
Redbridge,187
Lambeth,91
Kensington and Chelsea,255
Southwark,110
Croydon,225
Islington,76
Wandsworth,140
Hammersmith and Fulham,212
Wandsworth,297
Hammersmith and Fulham,168
Newham,125
Islington,164
Croydon,93
Southwark,127
Camden,95
Lewisham,74
Kensington and Chelsea,534
Lambeth,48
Lewisham,40
Islington,81
Hackney,96
Newham,64
Westminster,195
Islington,97
Tower Hamlets,220
Barnet,339
Redbridge,45
Westminster,260
Tower Hamlets,100
Tower Hamlets,96
Bexley,220
Merton,66
Westminster,229
Hillingdon,243
Islington,130
Westminster,1000
Westminster,245
Tower Hamlets,237
Kensington and Chelsea,109
Westminster,156
Waltham Forest,119
Islington,125
Southwark,42
Lewisham,129
Camden,249
Hammersmith and Fulham,259
Greenwich,45
Islington,183
Brent,159
Croydon,140
Southwark,115
Merton,127
Westminster,441
Greenwich,240
Hammersmith and Fulham,718
Barnet,196
Hammersmith and Fulham,156
Barnet,151
Brent,59
Tower Hamlets,60
Kensington and Chelsea,524
Westminster,293
Kensington and Chelsea,237
Westminster,455
Islington,93
Wandsworth,115
Islington,94
Brent,145
Southwark,214
Barnet,144
Lewisham,220
Westminster,473
Camden,186
Richmond upon Thames,149
Hammersmith and Fulham,261
Barnet,120
Camden,152
Wandsworth,274
Southwark,510
Islington,120
Wandsworth,294
Hackney,184
Tower Hamlets,161
Merton,137
Southwark,58
Islington,99
Westminster,284
Hammersmith and Fulham,364
Tower Hamlets,162
Westminster,143
Hammersmith and Fulham,44
Tower Hamlets,411
Westminster,212
Westminster,323
Hounslow,272
Tower Hamlets,64
Tower Hamlets,55
Lewisham,45
Kingston upon Thames,96
Lewisham,24
Hackney,88
Kensington and Chelsea,169
Kensington and Chelsea,236
Camden,129
Kingston upon Thames,53
Camden,169
Camden,145
Camden,153
Hammersmith and Fulham,168
Southwark,42
Southwark,107
Southwark,127
Lewisham,188
Lewisham,44
Southwark,112
Barnet,41
Hounslow,72
Croydon,87
Wandsworth,250
Ealing,103
Wandsworth,479
Kensington and Chelsea,178
Westminster,200
Lewisham,169
Haringey,102
Southwark,92
Kensington and Chelsea,431
Westminster,256
Brent,167
Westminster,201
Merton,64
Richmond upon Thames,60
Waltham Forest,53
Merton,82
Barking and Dagenham,89
Westminster,261
Westminster,208
Southwark,176
Camden,153
Islington,124
Tower Hamlets,229
Newham,144
Islington,70
Westminster,163
Brent,195
Haringey,139
Westminster,477
Camden,75
Hackney,90
Tower Hamlets,174
Southwark,40
Merton,140
Bromley,60
Redbridge,79
Hounslow,155
Kensington and Chelsea,1003
Redbridge,87
Westminster,1070
Kensington and Chelsea,721
Wandsworth,450
Tower Hamlets,60
Greenwich,105
Southwark,72
Merton,94
Tower Hamlets,129
Kensington and Chelsea,184
Croydon,73
City of London,158
Southwark,74
Tower Hamlets,347
Southwark,69
Westminster,329
Ealing,41
Westminster,294
Hounslow,45
Westminster,265
Ealing,92
Barnet,74
Barnet,74
Barnet,96
Westminster,153
Islington,170
Barnet,114
Barnet,53
Barnet,71
Ealing,91
Newham,76
Tower Hamlets,131
Haringey,79
Hammersmith and Fulham,149
Hammersmith and Fulham,102
Westminster,446
Westminster,386
Westminster,324
Westminster,360
Kensington and Chelsea,240
Kensington and Chelsea,232
Kensington and Chelsea,193
Westminster,338
Wandsworth,114
Wandsworth,117
Lambeth,118
Hounslow,72
Wandsworth,246
Croydon,29
Croydon,27
Brent,92
Ealing,201
Croydon,49
Wandsworth,112
Southwark,60
Wandsworth,237
Islington,242
Barnet,137
Westminster,129
Camden,162
Croydon,67
Croydon,110
City of London,108
Hammersmith and Fulham,95
Southwark,136
Croydon,49
Camden,51
Camden,136
Westminster,210
Bromley,160
Tower Hamlets,188
Bexley,172
Lewisham,65
Westminster,333
Richmond upon Thames,62
Wandsworth,261
Hackney,218
Haringey,85
Hillingdon,40
Haringey,83
Lewisham,97
Haringey,96
Haringey,97
Merton,297
Newham,138
Southwark,130
Sutton,115
Tower Hamlets,41
Barking and Dagenham,101
Barnet,144
Kensington and Chelsea,1258
Westminster,275
Westminster,152
Southwark,241
Westminster,480
Hackney,200
Lewisham,60
Kensington and Chelsea,159
Barnet,78
Hackney,1328
Westminster,861
Barnet,58
Tower Hamlets,367
Brent,129
Hammersmith and Fulham,237
Westminster,119
Westminster,190
Southwark,246
Tower Hamlets,197
Tower Hamlets,200
Islington,132
Brent,178
Tower Hamlets,170
Croydon,120
Westminster,57
Islington,90
Hounslow,56
Hammersmith and Fulham,133
Newham,296
Merton,116
Hammersmith and Fulham,100
Barnet,272
Hackney,136
Greenwich,113
Barnet,270
Ealing,38
Lewisham,195
Bromley,270
Haringey,170
Lewisham,155
Brent,100
Lambeth,51
Hounslow,232
Islington,120
Kensington and Chelsea,245
Waltham Forest,158
Hammersmith and Fulham,152
Kensington and Chelsea,153
Westminster,153
Camden,130
Kensington and Chelsea,153
Camden,110
Islington,110
Richmond upon Thames,173
Westminster,402
Camden,195
Camden,195
Camden,250
Barking and Dagenham,33
Hammersmith and Fulham,61
Islington,122
Richmond upon Thames,39
Ealing,96
Southwark,53
Camden,75
Wandsworth,129
Ealing,29
Camden,74
Hounslow,134
Hackney,100
Merton,40
Southwark,148
Lambeth,222
Harrow,50
Wandsworth,218
Southwark,83
Westminster,59
Merton,150
Hammersmith and Fulham,259
Westminster,106
Kensington and Chelsea,148
Tower Hamlets,225
Kensington and Chelsea,489
Kensington and Chelsea,251
Westminster,1783
Kensington and Chelsea,76
Kensington and Chelsea,200
Bexley,33
Westminster,148
Merton,146
Westminster,111
Greenwich,114
Westminster,631
Hackney,44
Redbridge,77
Hammersmith and Fulham,156
Hackney,68
Westminster,371
Hackney,53
Croydon,244
Barnet,125
Havering,71
Southwark,163
Westminster,147
Croydon,128
Enfield,238
Camden,607
Merton,130
Newham,180
Lambeth,86
Kingston upon Thames,75
Wandsworth,200
Westminster,135
Barnet,34
Richmond upon Thames,115
Brent,256
Hammersmith and Fulham,97
Barnet,101
Barnet,160
Barking and Dagenham,195
Tower Hamlets,153
Southwark,162
Wandsworth,90
Kensington and Chelsea,150
Lambeth,259
Tower Hamlets,120
Redbridge,32
Westminster,187
Tower Hamlets,102
Enfield,124
Barnet,61
Camden,235
Newham,163
Barnet,51
Hackney,385
Hammersmith and Fulham,62
Southwark,317
Southwark,104
Waltham Forest,88
Tower Hamlets,114
Camden,101
Islington,129
Hackney,153
Westminster,238
Kensington and Chelsea,380
Redbridge,36
Barnet,105
Southwark,233
Haringey,60
Islington,149
Ealing,47
Haringey,54
Newham,143
Newham,128
Southwark,252
Hillingdon,42
Westminster,939
Tower Hamlets,430
Islington,255
Hackney,142
Tower Hamlets,132
Wandsworth,146
Tower Hamlets,114
Barking and Dagenham,99
Kensington and Chelsea,234
Hackney,39
Kensington and Chelsea,244
Kensington and Chelsea,157
Westminster,156
Westminster,316
Tower Hamlets,104
Haringey,59
Newham,113
Wandsworth,34
Ealing,68
Kensington and Chelsea,197
Haringey,167
Southwark,97
Westminster,632
Kensington and Chelsea,193
Brent,276
Brent,191
Camden,100
Westminster,298
Kensington and Chelsea,238
Kensington and Chelsea,67
Hackney,385
Hackney,69
Haringey,80
Southwark,666
Kensington and Chelsea,486
Southwark,146
Wandsworth,124
Brent,147
Westminster,466
Brent,100
Tower Hamlets,117
Kensington and Chelsea,191
Westminster,280
Hackney,131
Bexley,29
Ealing,208
Lewisham,109
Barnet,59
Westminster,445
Westminster,280
Lambeth,53
Westminster,146
Brent,103
Westminster,259
Tower Hamlets,175
Lewisham,32
Kensington and Chelsea,217
Kensington and Chelsea,318
Islington,112
Hammersmith and Fulham,148
Newham,131
Hammersmith and Fulham,146
Kensington and Chelsea,249
Enfield,92
Wandsworth,55
Tower Hamlets,140
Southwark,73
Newham,258
Enfield,47
Newham,129
Southwark,86
Camden,478
Westminster,1114
Kensington and Chelsea,286
Sutton,78
Richmond upon Thames,94
Kensington and Chelsea,400
Kensington and Chelsea,127
Southwark,110
Camden,54
Southwark,87
Hammersmith and Fulham,98
Tower Hamlets,163
Southwark,144
Waltham Forest,48
Southwark,287
Ealing,46
Ealing,36
Westminster,210
Tower Hamlets,135
Ealing,203
Tower Hamlets,91
Camden,69
Haringey,125
Westminster,96
Hackney,75
Islington,160
Tower Hamlets,181
Croydon,36
Hackney,80
Bromley,69
Bromley,40
Westminster,580
Camden,213
Westminster,952
Westminster,135
Islington,66
Greenwich,62
Westminster,414
Wandsworth,163
Camden,182
Lambeth,50
Wandsworth,649
Islington,105
Southwark,261
Greenwich,136
Hackney,89
Westminster,358
Brent,228
Merton,155
Westminster,345
Westminster,328
Southwark,351
Haringey,267
Southwark,373
Havering,159
Southwark,396
Westminster,282
Westminster,224
Brent,126
Lambeth,175
Ealing,45
Tower Hamlets,142
Haringey,72
Camden,126
Camden,350
Bexley,35
Bexley,35
Bexley,35
Westminster,219
Westminster,276
Westminster,1050
Camden,135
Camden,350
Westminster,177
Brent,44
Redbridge,62
Lambeth,65
Croydon,46
Brent,64
Brent,32
Lambeth,114
Bromley,192
Southwark,229
Camden,182
Croydon,60
Barking and Dagenham,183
Hillingdon,30
Enfield,250
Islington,244
Westminster,126
Westminster,440
Lewisham,285
Camden,91
Westminster,313
Tower Hamlets,109
Westminster,190
Newham,141
Newham,63
Wandsworth,480
Richmond upon Thames,101
Westminster,398
Westminster,400
Wandsworth,138
Kensington and Chelsea,197
Hammersmith and Fulham,49
Kensington and Chelsea,299
Westminster,274
Croydon,194
Kensington and Chelsea,266
Merton,188
Kensington and Chelsea,180
Kensington and Chelsea,300
Wandsworth,75
Southwark,186
Wandsworth,285
Westminster,743
Westminster,174
Southwark,311
Islington,130
Kensington and Chelsea,284
Barking and Dagenham,131
City of London,216
Islington,71
Westminster,365
Haringey,96
Newham,95
Newham,78
Lambeth,63
Waltham Forest,45
Greenwich,109
Barnet,81
City of London,312
Croydon,48
Barnet,93
Camden,872
Barnet,87
Hackney,305
Lewisham,75
Westminster,113
Camden,240
Redbridge,60
Wandsworth,335
Hounslow,81
Westminster,65
Wandsworth,64
Ealing,157
Westminster,106
Hillingdon,169
Southwark,234
Croydon,90
Camden,137
Camden,261
Tower Hamlets,63
Ealing,59
Hackney,190
Havering,304
Hammersmith and Fulham,990
Barnet,101
Hackney,202
Islington,77
Southwark,147
Hammersmith and Fulham,175
Lewisham,195
Hammersmith and Fulham,93
Islington,82
Greenwich,103
Lambeth,298
Brent,191
Westminster,122
Redbridge,78
Sutton,90
Islington,122
Brent,162
Lambeth,54
Redbridge,68
Westminster,109
Westminster,361
Westminster,107
Tower Hamlets,81
Tower Hamlets,72
Tower Hamlets,81
Hammersmith and Fulham,135
Islington,132
Westminster,140
Hammersmith and Fulham,220
Tower Hamlets,60
Tower Hamlets,131
Bexley,139
Southwark,255
Islington,150
Barnet,152
Westminster,156
Ealing,208
Lambeth,140
Barnet,81
Enfield,75
Newham,103
Ealing,96
Kensington and Chelsea,481
Haringey,188
Westminster,176
Kensington and Chelsea,330
Kensington and Chelsea,328
Westminster,249
Barnet,49
Hammersmith and Fulham,250
Kensington and Chelsea,190
Kensington and Chelsea,280
Kensington and Chelsea,190
Kensington and Chelsea,190
Kensington and Chelsea,190
Barking and Dagenham,40
Kensington and Chelsea,131
Westminster,138
Hillingdon,92
Merton,296
Lambeth,70
Southwark,90
Lambeth,77
Lambeth,77
Croydon,142
Camden,270
Westminster,212
Wandsworth,298
Tower Hamlets,73
Newham,281
Westminster,196
Wandsworth,150
Lewisham,63
Westminster,215
Harrow,115
Lewisham,97
Lambeth,311
Newham,50
Southwark,336
Enfield,50
Camden,107
Hammersmith and Fulham,210
Hackney,101
Camden,129
Hackney,161
Westminster,184
Newham,140
Bromley,766
Islington,114
Lambeth,179
Lewisham,290
Westminster,402
Southwark,105
Westminster,341
Westminster,100
Westminster,475
Lambeth,54
Barnet,118
Camden,167
Westminster,642
Camden,141
Camden,165
Barnet,1236
Croydon,137
Barking and Dagenham,173
Kensington and Chelsea,220
Lambeth,422
Croydon,58
Newham,168
Waltham Forest,137
Kensington and Chelsea,1094
Westminster,312
Newham,155
City of London,629
Westminster,160
Hammersmith and Fulham,243
Haringey,254
Westminster,46
Croydon,180
Bexley,41
Camden,124
Hillingdon,57
Wandsworth,118
Havering,122
Kensington and Chelsea,360
Westminster,152
Camden,151
Westminster,233
Newham,134
Brent,109
Hackney,329
Barnet,459
Hackney,156
Barnet,73
Croydon,700
Wandsworth,242
Westminster,2059
Camden,125
Lambeth,64
Barnet,26
Haringey,59
Brent,172
Kensington and Chelsea,99
Southwark,142
Lambeth,64
Westminster,224
Westminster,490
Lambeth,60
Camden,238
Hammersmith and Fulham,179
Lambeth,66
Lambeth,66
Lambeth,144
Camden,68
Ealing,82
Sutton,72
Hounslow,118
Ealing,133
Westminster,169
Westminster,221
Westminster,78
Kensington and Chelsea,99
Kensington and Chelsea,260
Wandsworth,135
Barnet,144
Hammersmith and Fulham,128
Hounslow,138
Islington,162
Wandsworth,65
Hackney,183
Tower Hamlets,40
Wandsworth,54
Haringey,75
Westminster,434
Wandsworth,57
Wandsworth,63
Hounslow,73
Westminster,313
Merton,192
Barnet,50
Merton,136
Croydon,135
Hackney,242
Kensington and Chelsea,370
Southwark,55
Wandsworth,225
Hackney,224
Southwark,140
Waltham Forest,72
Kensington and Chelsea,447
City of London,224
Southwark,254
Wandsworth,161
Islington,155
Tower Hamlets,56
Wandsworth,149
Hackney,40
Islington,200
Havering,119
Hounslow,148
Bexley,144
Enfield,68
Lambeth,140
Westminster,148
Hounslow,117
Westminster,245
Ealing,173
Richmond upon Thames,59
Westminster,117
Haringey,138
Barnet,100
Bromley,141
Southwark,85
Hammersmith and Fulham,249
Islington,171
Haringey,149
Islington,118
Brent,50
Newham,206
Westminster,195
Hackney,180
Westminster,113
Wandsworth,260
Wandsworth,200
Hillingdon,248
Bexley,225
Tower Hamlets,225
Lewisham,60
Camden,113
Bromley,65
Camden,220
Greenwich,218
Harrow,49
Hammersmith and Fulham,108
Kingston upon Thames,81
Barking and Dagenham,46
Bexley,113
Camden,304
Camden,304
Westminster,306
Hillingdon,136
Wandsworth,69
Barking and Dagenham,59
Hackney,77
Camden,72
Camden,240
Enfield,37
Kensington and Chelsea,117
Hackney,91
Sutton,77
Southwark,133
Kensington and Chelsea,126
Hammersmith and Fulham,324
Croydon,179
Islington,160
Waltham Forest,200
Croydon,53
Westminster,390
Camden,159
Redbridge,50
Redbridge,84
Richmond upon Thames,248
Westminster,163
Ealing,271
Hackney,65
Newham,32
Tower Hamlets,114
Kensington and Chelsea,144
Lambeth,148
Kensington and Chelsea,240
Barking and Dagenham,97
Merton,100
Greenwich,276
Brent,432
Tower Hamlets,51
Tower Hamlets,46
Haringey,53
Hammersmith and Fulham,514
Hammersmith and Fulham,500
Southwark,153
Tower Hamlets,151
Westminster,140
Haringey,157
Westminster,99
Newham,161
Merton,395
Merton,246
Kensington and Chelsea,393
Westminster,113
Hammersmith and Fulham,283
Westminster,148
Camden,37
Waltham Forest,100
Southwark,176
Hackney,184
Westminster,217
Westminster,87
Camden,161
Lambeth,225
Kensington and Chelsea,400
Wandsworth,129
Kensington and Chelsea,379
Hammersmith and Fulham,120
Islington,248
Southwark,116
Kensington and Chelsea,142
Brent,183
Ealing,75
Sutton,41
Camden,167
Islington,90
Kensington and Chelsea,206
Camden,44
Westminster,166
Westminster,619
Kensington and Chelsea,145
Brent,47
Hackney,79
Hackney,385
Lambeth,450
Camden,42
Newham,176
Hackney,234
Southwark,63
Westminster,214
Waltham Forest,203
Westminster,101
Westminster,195
Westminster,267
Westminster,396
Westminster,368
Westminster,329
Kensington and Chelsea,164
Merton,510
Tower Hamlets,170
Southwark,512
Barnet,140
Southwark,774
Southwark,460
Camden,89
Camden,35
Tower Hamlets,158
Camden,42
Westminster,481
Ealing,77
Westminster,278
Kingston upon Thames,195
Ealing,109
Kensington and Chelsea,187
Westminster,130
Ealing,126
Brent,91
Ealing,99
Waltham Forest,165
Southwark,276
Kensington and Chelsea,176
Lambeth,164
Ealing,1328
City of London,309
Camden,415
Ealing,138
Southwark,164
Barnet,116
Brent,38
Tower Hamlets,129
Camden,113
Tower Hamlets,142
Wandsworth,255
Tower Hamlets,115
Tower Hamlets,110
Hillingdon,123
Havering,68
Greenwich,97
Lambeth,139
Kensington and Chelsea,178
Lambeth,245
Westminster,297
Tower Hamlets,144
Tower Hamlets,144
Merton,48
Westminster,284
Westminster,138
Greenwich,181
Camden,189
Tower Hamlets,167
Hackney,258
Redbridge,135
Westminster,312
Westminster,365
Westminster,392
Wandsworth,416
Westminster,306
Waltham Forest,72
Tower Hamlets,360
Westminster,459
Southwark,174
Wandsworth,198
Islington,226
City of London,298
Wandsworth,187
Croydon,155
Hammersmith and Fulham,96
Tower Hamlets,91
Southwark,77
Hackney,138
Merton,72
Camden,203
Camden,124
Islington,185
Westminster,542
Tower Hamlets,303
Camden,700
City of London,358
Tower Hamlets,180
City of London,349
Richmond upon Thames,154
Westminster,155
Lambeth,195
City of London,213
Kingston upon Thames,126
City of London,295
Tower Hamlets,57
Camden,127
Greenwich,39
Hackney,253
Bromley,176
Westminster,1050
Westminster,476
Kensington and Chelsea,232
City of London,545
Brent,306
Westminster,210
Wandsworth,161
Barking and Dagenham,48
Croydon,60
Croydon,48
Croydon,60
Barking and Dagenham,73
Lambeth,48
Westminster,374
Merton,37
Westminster,65
Westminster,281
Camden,58
Kensington and Chelsea,151
Waltham Forest,89
Hackney,93
Croydon,60
Haringey,75
Hammersmith and Fulham,132
Islington,135
Camden,145
Enfield,112
Kensington and Chelsea,730
Southwark,173
Barking and Dagenham,196
Brent,71
Tower Hamlets,88
Wandsworth,225
Westminster,204
Westminster,169
Merton,360
Westminster,374
Westminster,65
Southwark,229
Westminster,210
Brent,1500
Tower Hamlets,229
Haringey,121
Westminster,257
Bexley,137
Westminster,262
Kingston upon Thames,146
Lambeth,135
Lambeth,56
Camden,252
Lambeth,110
Camden,370
Westminster,88
Westminster,88
Croydon,48
Islington,179
Croydon,630
Lambeth,171
Hammersmith and Fulham,48
Southwark,172
Southwark,35
Hackney,190
Hounslow,145
Haringey,53
Southwark,40
Kensington and Chelsea,529
Camden,368
Ealing,319
Tower Hamlets,260
Tower Hamlets,348
Kensington and Chelsea,110
Southwark,160
Kensington and Chelsea,83
Merton,172
Westminster,434
Westminster,232
Islington,160
Tower Hamlets,107
Camden,241
Westminster,235
Wandsworth,172
Wandsworth,153
Westminster,229
Camden,155
Wandsworth,198
Hackney,116
Southwark,184
Southwark,143
Brent,88
Brent,87
Lambeth,123
Camden,214
Wandsworth,135
Tower Hamlets,140
Southwark,60
Camden,105
Hammersmith and Fulham,87
Greenwich,239
Kensington and Chelsea,212
Kensington and Chelsea,170
Lambeth,157
Westminster,253
Kensington and Chelsea,272
Wandsworth,277
Westminster,198
Camden,302
Kensington and Chelsea,176
Kensington and Chelsea,1834
Hammersmith and Fulham,120
Sutton,122
Southwark,315
Hackney,142
Croydon,105
Southwark,64
Hackney,119
Newham,215
Richmond upon Thames,106
Wandsworth,231
Westminster,196
Brent,367
Southwark,180
Southwark,113
Hammersmith and Fulham,203
Westminster,90
Brent,62
Lewisham,89
Hammersmith and Fulham,78
Westminster,90
Westminster,205
Havering,304
Croydon,108
Hammersmith and Fulham,113
Wandsworth,307
Wandsworth,247
Camden,754
Wandsworth,61
Barnet,42
Islington,201
Westminster,240
Westminster,280
Kensington and Chelsea,249
Newham,215
Southwark,163
Hillingdon,40
Lewisham,23
Redbridge,43
Bromley,172
Westminster,300
Tower Hamlets,342
Lambeth,166
Lewisham,120
Westminster,289
Merton,93
Westminster,88
Westminster,643
Hammersmith and Fulham,195
Islington,180
Bromley,76
Barnet,135
Camden,100
Waltham Forest,48
Haringey,152
Westminster,179
Southwark,99
Camden,197
Newham,184
Merton,60
Tower Hamlets,54
Haringey,126
Westminster,105
Brent,53
Croydon,110
Greenwich,66
Merton,180
City of London,384
Hackney,207
Merton,49
Southwark,121
Tower Hamlets,237
Hillingdon,112
Westminster,380
Greenwich,130
Hammersmith and Fulham,124
Bexley,271
Wandsworth,306
Hackney,108
Westminster,243
Westminster,688
Westminster,832
Westminster,1328
Westminster,1731
Ealing,479
Newham,213
Southwark,170
Barnet,108
Lewisham,61
Enfield,120
Hammersmith and Fulham,139
Lewisham,40
Islington,130
Westminster,137
Islington,340
Brent,201
Lambeth,60
Westminster,210
Islington,137
Kensington and Chelsea,54
Westminster,183
Islington,123
Camden,151
Greenwich,109
Wandsworth,118
Haringey,91
Brent,45
Camden,362
Merton,376
Westminster,199
Islington,215
Hammersmith and Fulham,117
Waltham Forest,172
Barnet,63
Tower Hamlets,53
Wandsworth,56
Westminster,286
Tower Hamlets,56
Westminster,165
Southwark,70
Camden,88
Croydon,179
Kingston upon Thames,315
Camden,275
Kingston upon Thames,109
Westminster,82
Hammersmith and Fulham,175
Islington,186
Westminster,186
Newham,117
Ealing,190
Lambeth,126
Brent,44
Kensington and Chelsea,175
Barnet,55
Westminster,178
Newham,91
Hackney,143
Tower Hamlets,153
City of London,208
Lambeth,263
Merton,28
Kensington and Chelsea,113
Westminster,821
Bromley,93
Southwark,244
Richmond upon Thames,152
Westminster,186
Brent,82
Wandsworth,242
Newham,88
Merton,257
Brent,319
Islington,111
Hackney,105
Richmond upon Thames,275
Bexley,160
Westminster,255
Wandsworth,168
Southwark,209
Bexley,285
Westminster,329
Kensington and Chelsea,315
Kensington and Chelsea,475
Southwark,240
Southwark,135
Tower Hamlets,185
Hammersmith and Fulham,73
Newham,209
Camden,132
Kensington and Chelsea,240
Wandsworth,1400
Redbridge,90
Brent,32
Hounslow,36
Southwark,108
Newham,228
Newham,208
Greenwich,198
Camden,67
Sutton,113
Newham,206
Brent,123
Newham,155
Waltham Forest,140
Kensington and Chelsea,469
Kensington and Chelsea,340
Westminster,2750
Tower Hamlets,270
Southwark,284
Southwark,62
Tower Hamlets,165
Barking and Dagenham,35
Harrow,54
Harrow,52
Lewisham,50
Harrow,53
Merton,191
Newham,174
Newham,140
Westminster,222
Newham,94
Wandsworth,140
Bromley,220
Hounslow,64
Hounslow,102
Hounslow,49
Tower Hamlets,176
Merton,216
Barnet,56
Hackney,48
Tower Hamlets,48
Westminster,356
Hammersmith and Fulham,174
Kingston upon Thames,216
Tower Hamlets,200
Haringey,292
Bromley,55
Hackney,131
Newham,63
Southwark,72
Islington,70
City of London,289
Kensington and Chelsea,128
Westminster,237
Ealing,378
Kensington and Chelsea,132
Hackney,81
Kensington and Chelsea,133
Hackney,51
Kensington and Chelsea,194
Croydon,167
Kensington and Chelsea,154
Westminster,249
Kensington and Chelsea,131
Lambeth,80
Westminster,263
Kensington and Chelsea,117
Lambeth,46
Westminster,240
Kensington and Chelsea,135
Westminster,289
Hammersmith and Fulham,124
Kensington and Chelsea,112
Kensington and Chelsea,122
Westminster,995
Kensington and Chelsea,265
Bromley,283
Kensington and Chelsea,172
,Entire home/apt
Kensington and Chelsea,192
Newham,209
Hackney,176
Westminster,124
Westminster,253
Kingston upon Thames,107
Westminster,239
Wandsworth,185
Hammersmith and Fulham,212
Wandsworth,42
Wandsworth,86
Wandsworth,205
Hackney,236
Lewisham,131
Bromley,111
Westminster,531
Kensington and Chelsea,351
Westminster,1557
Barnet,148
Westminster,530
Redbridge,123
Hackney,140
Islington,220
Kensington and Chelsea,619
Camden,185
Tower Hamlets,187
Tower Hamlets,98
Kensington and Chelsea,464
Westminster,647
Westminster,342
Hammersmith and Fulham,63
Westminster,235
Kensington and Chelsea,50
Westminster,235
Westminster,266
Barnet,72
Islington,97
Redbridge,50
Tower Hamlets,33
Islington,53
Merton,51
Bexley,66
Waltham Forest,75
Hackney,170
Westminster,229
Hammersmith and Fulham,180
Merton,133
Lambeth,116
Hounslow,147
Hammersmith and Fulham,112
Lambeth,180
Tower Hamlets,43
Lambeth,83
Hammersmith and Fulham,67
Kingston upon Thames,222
Westminster,117
Brent,54
Harrow,198
Greenwich,1700
Westminster,524
Wandsworth,87
Hammersmith and Fulham,1400
Brent,60
Tower Hamlets,66
Ealing,46
Tower Hamlets,255
Brent,50
Camden,208
Brent,60
Brent,50
Brent,60
Kensington and Chelsea,319
Ealing,29
Hammersmith and Fulham,251
Westminster,334
Kensington and Chelsea,204
City of London,643
Kensington and Chelsea,108
Enfield,72
Hillingdon,32
City of London,311
Lambeth,236
Hammersmith and Fulham,40
Islington,177
Croydon,34
Wandsworth,174
Westminster,492
Greenwich,180
Lambeth,35
Westminster,417
Kensington and Chelsea,225
Hackney,85
Hackney,167
Kensington and Chelsea,1163
Ealing,46
Brent,36
Lewisham,103
Westminster,121
Westminster,135
Ealing,188
Ealing,46
Westminster,514
Westminster,436
Kensington and Chelsea,149
Ealing,36
Westminster,953
Sutton,126
Hackney,132
Bexley,65
Westminster,231
Camden,641
Westminster,366
Westminster,265
Barnet,219
Camden,72
Westminster,452
Tower Hamlets,210
Tower Hamlets,187
Westminster,102
Islington,218
Westminster,189
Westminster,176
Barking and Dagenham,175
Enfield,125
Southwark,237
Southwark,252
Ealing,64
Barnet,130
City of London,346
Croydon,201
Westminster,618
Wandsworth,211
City of London,252
Camden,150
Camden,314
Islington,226
Westminster,63
Wandsworth,220
Islington,219
Hackney,206
Islington,223
Islington,204
Westminster,513
Wandsworth,215
Hammersmith and Fulham,678
Tower Hamlets,48
Kensington and Chelsea,292
Wandsworth,303
City of London,229
Camden,183
Wandsworth,145
Westminster,274
Kensington and Chelsea,180
Sutton,90
Wandsworth,1791
Hackney,277
Westminster,694
Wandsworth,133
Waltham Forest,72
Hammersmith and Fulham,168
Lewisham,70
Westminster,450
Camden,104
Hammersmith and Fulham,133
Hammersmith and Fulham,73
Lewisham,120
Westminster,428
Tower Hamlets,55
Kensington and Chelsea,275
Lewisham,160
Lewisham,30
Tower Hamlets,32
Hammersmith and Fulham,135
Kensington and Chelsea,330
Westminster,201
Hammersmith and Fulham,275
Southwark,148
Southwark,95
Greenwich,39
Haringey,66
Sutton,135
Hackney,328
Southwark,235
Newham,418
Southwark,139
Tower Hamlets,181
Kensington and Chelsea,210
Kensington and Chelsea,210
Newham,76
Kensington and Chelsea,210
Barnet,163
Harrow,160
Southwark,201
Hammersmith and Fulham,156
Hammersmith and Fulham,204
Hammersmith and Fulham,320
Camden,263
Barnet,94
Westminster,282
Westminster,45
Kensington and Chelsea,313
Barking and Dagenham,47
Islington,264
Barnet,101
Camden,72
Waltham Forest,251
Tower Hamlets,313
Wandsworth,330
Hackney,117
Harrow,44
Hammersmith and Fulham,429
Hackney,269
Harrow,57
Lambeth,80
Greenwich,57
Wandsworth,68
Camden,242
Ealing,148
Lambeth,80
Lambeth,99
Southwark,124
Westminster,243
Islington,107
Westminster,234
Waltham Forest,85
Haringey,315
Westminster,251
Wandsworth,425
Hammersmith and Fulham,162
Tower Hamlets,36
Haringey,80
Greenwich,146
Kensington and Chelsea,212
Southwark,197
Westminster,141
Bromley,80
Harrow,40
Camden,242
Hounslow,158
Camden,168
Hammersmith and Fulham,98
Enfield,120
Westminster,162
Westminster,146
Wandsworth,153
Harrow,48
Lewisham,125
Kensington and Chelsea,101
Tower Hamlets,236
Tower Hamlets,362
Enfield,300
Waltham Forest,135
Hammersmith and Fulham,265
Westminster,1753
Westminster,88
Islington,302
Hammersmith and Fulham,200
Redbridge,196
City of London,129
Kensington and Chelsea,480
Westminster,285
Tower Hamlets,164
Newham,282
Waltham Forest,45
Westminster,153
Camden,108
Croydon,165
Kensington and Chelsea,68
Newham,225
Croydon,136
Tower Hamlets,92
Westminster,122
Merton,372
Ealing,110
Ealing,70
Ealing,66
Ealing,67
Merton,72
Newham,105
Camden,192
Barking and Dagenham,155
Islington,318
Bexley,34
Wandsworth,180
Havering,197
Enfield,98
Hammersmith and Fulham,162
Ealing,98
Tower Hamlets,111
Newham,152
Wandsworth,111
Wandsworth,203
Havering,185
Brent,137
Merton,78
Southwark,76
Wandsworth,348
Camden,252
Westminster,294
Camden,307
Hackney,204
Tower Hamlets,276
Southwark,62
Southwark,58
Southwark,255
Westminster,209
Lambeth,60
Southwark,64
Barking and Dagenham,121
Kensington and Chelsea,170
Bromley,110
Kensington and Chelsea,84
Barking and Dagenham,64
Brent,207
Westminster,257
Westminster,103
Westminster,157
Barnet,602
Tower Hamlets,280
Islington,144
Waltham Forest,41
Waltham Forest,45
Waltham Forest,55
Waltham Forest,45
Bexley,145
Islington,336
Kensington and Chelsea,320
Tower Hamlets,280
Tower Hamlets,309
Westminster,1196
Haringey,121
Hammersmith and Fulham,157
Tower Hamlets,159
Lewisham,52
Merton,495
Tower Hamlets,64
Hammersmith and Fulham,116
Tower Hamlets,250
Kensington and Chelsea,401
Waltham Forest,32
Camden,87
Camden,99
Tower Hamlets,132
Barnet,160
Hillingdon,170
Hackney,202
Barnet,175
Westminster,112
Haringey,214
Barnet,185
Barnet,145
Barnet,250
Hackney,226
Wandsworth,78
Enfield,96
Tower Hamlets,50
Southwark,149
Westminster,81
Westminster,113
Wandsworth,95
Westminster,92
Camden,51
Lewisham,126
Westminster,180
Greenwich,162
Hammersmith and Fulham,43
Islington,260
Greenwich,113
Wandsworth,250
Merton,278
Westminster,163
Islington,228
Camden,207
Barnet,138
Westminster,324
Tower Hamlets,52
Havering,226
Tower Hamlets,149
Barnet,95
Haringey,350
Westminster,1310
Camden,157
Westminster,126
Westminster,141
Brent,203
Westminster,125
Westminster,128
Westminster,184
Westminster,148
Hackney,46
Westminster,180
Westminster,260
Southwark,58
Hammersmith and Fulham,162
Kensington and Chelsea,204
Harrow,225
Southwark,313
Kensington and Chelsea,960
Camden,135
Enfield,211
Camden,347
Tower Hamlets,325
Newham,87
Croydon,79
Tower Hamlets,150
Croydon,22
Barnet,323
Southwark,133
Hammersmith and Fulham,160
Barking and Dagenham,179
Richmond upon Thames,91
Camden,169
Lewisham,41
Wandsworth,188
Southwark,144
Camden,273
Hackney,163
Tower Hamlets,38
Wandsworth,430
Tower Hamlets,220
Lambeth,141
Tower Hamlets,174
Westminster,136
Barnet,187
Westminster,97
Southwark,66
Westminster,100
Ealing,72
Kensington and Chelsea,187
Brent,450
Westminster,250
Wandsworth,357
Brent,215
Richmond upon Thames,220
Westminster,3900
Westminster,97
Islington,88
Ealing,43
Brent,386
Hackney,150
Camden,203
Ealing,59
Barnet,290
Ealing,34
Brent,386
Ealing,39
Hillingdon,236
Ealing,46
Ealing,39
Westminster,97
Bromley,72
Southwark,103
Sutton,153
Lewisham,212
Barnet,176
Tower Hamlets,222
Newham,38
Barking and Dagenham,159
Kensington and Chelsea,415
Hammersmith and Fulham,138
Merton,260
Islington,151
Barking and Dagenham,34
Southwark,379
Kensington and Chelsea,311
Wandsworth,233
Camden,145
Barking and Dagenham,49
Wandsworth,148
Westminster,302
Newham,122
Hackney,76
Westminster,229
Barnet,46
Lambeth,92
Waltham Forest,279
Richmond upon Thames,82
Brent,90
Kensington and Chelsea,760
Bexley,242
Westminster,136
Barnet,87
Southwark,147
Kensington and Chelsea,488
Camden,50
Westminster,207
Redbridge,73
Kensington and Chelsea,206
Southwark,129
Westminster,635
Tower Hamlets,75
Lewisham,77
Tower Hamlets,114
Westminster,132
Tower Hamlets,141
Newham,66
Westminster,1061
Haringey,166
Hackney,135
Kensington and Chelsea,764
Westminster,221
Southwark,190
Southwark,160
Hammersmith and Fulham,152
Ealing,121
Barnet,162
Tower Hamlets,59
Brent,122
Southwark,139
Lambeth,229
Tower Hamlets,131
Islington,247
Ealing,126
Bexley,200
Greenwich,175
Barking and Dagenham,149
Westminster,274
Brent,129
Lewisham,119
Bexley,203
Wandsworth,343
Bromley,333
Greenwich,186
Bexley,60
Islington,156
Westminster,190
Kensington and Chelsea,136
Waltham Forest,139
Havering,59
Brent,59
Islington,49
Southwark,128
Islington,52
Islington,43
Islington,61
Islington,53
Enfield,280
Tower Hamlets,78
Ealing,58
Barking and Dagenham,32
Barking and Dagenham,37
Barking and Dagenham,33
Lewisham,71
Tower Hamlets,74
Barnet,130
Camden,247
Camden,264
Camden,415
Camden,325
Camden,425
Camden,205
Newham,269
Lambeth,113
Camden,129
Greenwich,94
Bromley,295
Camden,242
Westminster,88
City of London,282
Westminster,198
Camden,180
Wandsworth,45
Tower Hamlets,56
Islington,162
Kensington and Chelsea,269
Westminster,515
Newham,51
Hackney,175
Greenwich,187
Tower Hamlets,133
Barnet,86
Newham,303
Hounslow,165
Haringey,274
Wandsworth,325
Greenwich,85
Greenwich,84
Hammersmith and Fulham,87
Lambeth,230
Hammersmith and Fulham,97
Hammersmith and Fulham,106
Hammersmith and Fulham,118
Harrow,56
Hackney,78
Camden,182
Tower Hamlets,60
Barnet,208
Camden,353
Harrow,49
Harrow,47
Camden,181
Barking and Dagenham,29
Kensington and Chelsea,99
Wandsworth,117
Westminster,190
Kensington and Chelsea,267
Westminster,151
Richmond upon Thames,315
Hammersmith and Fulham,170
Kensington and Chelsea,85
Kingston upon Thames,138
Westminster,256
Kensington and Chelsea,116
Camden,192
Hammersmith and Fulham,288
Waltham Forest,180
Croydon,45
Hounslow,128
Brent,193
Tower Hamlets,82
Brent,53
Newham,94
Barnet,110
Westminster,214
Hammersmith and Fulham,180
Newham,95
Hammersmith and Fulham,261
Tower Hamlets,154
Hammersmith and Fulham,82
Hammersmith and Fulham,153
Merton,123
Brent,103
Wandsworth,88
Lewisham,68
Tower Hamlets,388
Hackney,469
Tower Hamlets,431
Lambeth,119
Wandsworth,347
Richmond upon Thames,53
Wandsworth,250
Hounslow,323
Greenwich,46
Hackney,152
Wandsworth,329
Brent,81
Hillingdon,159
Westminster,293
Hackney,118
Westminster,238
Camden,233
Wandsworth,1975
Kensington and Chelsea,131
Kensington and Chelsea,388
Hackney,72
Hillingdon,270
Redbridge,146
Wandsworth,262
Westminster,764
Westminster,978
Bromley,140
Lewisham,42
Islington,484
Croydon,112
Haringey,92
Westminster,267
Ealing,181
Westminster,110
Tower Hamlets,1803
Camden,70
Hackney,153
Havering,137
Brent,334
Hammersmith and Fulham,138
Kensington and Chelsea,151
Bexley,177
Southwark,122
Southwark,60
Newham,130
Bexley,140
Newham,84
Hammersmith and Fulham,254
Merton,38
Sutton,130
Richmond upon Thames,56
Ealing,40
Wandsworth,63
Westminster,299
Southwark,120
Westminster,159
Croydon,283
Hammersmith and Fulham,106
Hammersmith and Fulham,114
Hammersmith and Fulham,239
Newham,123
Barnet,48
Wandsworth,264
Barnet,50
Islington,213
Bromley,100
Southwark,229
Merton,1200
Merton,89
Hackney,115
Camden,211
Camden,112
Islington,158
Kensington and Chelsea,241
Greenwich,118
Islington,90
Merton,83
Camden,120
Camden,227
Tower Hamlets,2342
Tower Hamlets,2314
Westminster,259
Tower Hamlets,1930
Tower Hamlets,1955
Tower Hamlets,1975
Tower Hamlets,6865
Newham,75
Haringey,45
Westminster,240
Camden,93
Islington,128
Newham,45
Enfield,50
Tower Hamlets,168
Islington,73
Newham,143
Westminster,359
Hackney,142
Barnet,285
Westminster,277
Westminster,163
Hammersmith and Fulham,85
Newham,299
Kensington and Chelsea,179
Hackney,35
Kensington and Chelsea,175
Kensington and Chelsea,159
Kensington and Chelsea,132
Merton,258
Lewisham,100
Southwark,50
Camden,227
Westminster,471
Richmond upon Thames,75
Wandsworth,113
Wandsworth,132
Westminster,251
Lambeth,122
Tower Hamlets,488
Westminster,160
Hackney,164
Southwark,69
Wandsworth,209
Westminster,615
Haringey,174
Bexley,152
Hillingdon,43
Hillingdon,37
Westminster,120
Croydon,245
Camden,263
Bexley,89
Westminster,309
Greenwich,126
Barnet,71
Kingston upon Thames,124
Lewisham,91
Bromley,280
Wandsworth,115
Bromley,77
Hammersmith and Fulham,120
Hammersmith and Fulham,104
Kensington and Chelsea,265
Hillingdon,101
Kensington and Chelsea,309
Westminster,2060
Hammersmith and Fulham,165
Bexley,34
Westminster,84
Westminster,84
Kensington and Chelsea,541
Hammersmith and Fulham,167
Hammersmith and Fulham,118
Kensington and Chelsea,90
Barnet,103
Wandsworth,207
Hounslow,121
Westminster,149
Westminster,198
Wandsworth,113
Hammersmith and Fulham,213
Newham,97
Lewisham,119
Kensington and Chelsea,174
Westminster,228
Hackney,41
Lambeth,88
Westminster,165
Kingston upon Thames,109
Tower Hamlets,115
Westminster,121
Hammersmith and Fulham,120
Wandsworth,135
Westminster,209
Southwark,45
Ealing,136
Westminster,462
Waltham Forest,86
Brent,47
Bromley,312
Bromley,293
Newham,53
Newham,53
Waltham Forest,80
Westminster,251
Haringey,50
Kensington and Chelsea,356
Croydon,244
Haringey,309
Southwark,80
Ealing,64
Brent,164
Newham,79
Southwark,42
Newham,41
Westminster,203
Bexley,41
Wandsworth,129
Lewisham,220
Hillingdon,108
Richmond upon Thames,380
Westminster,403
Hackney,76
Tower Hamlets,237
Newham,75
Kensington and Chelsea,140
Richmond upon Thames,149
Camden,59
Tower Hamlets,73
Camden,55
Lambeth,68
Wandsworth,182
Brent,159
Greenwich,38
Barnet,191
Westminster,166
Newham,146
Camden,104
Croydon,72
Ealing,146
Westminster,121
Southwark,313
Brent,168
Westminster,138
Barnet,134
Tower Hamlets,242
Westminster,118
Westminster,413
Tower Hamlets,148
Camden,187
Islington,91
Barnet,142
Tower Hamlets,119
Greenwich,83
Lambeth,63
Lewisham,258
Harrow,48
Westminster,103
Lambeth,67
Newham,274
City of London,146
Newham,185
Hackney,99
Brent,43
Wandsworth,155
Camden,432
Camden,77
Camden,81
Camden,59
Croydon,41
Westminster,343
Brent,61
Camden,55
Westminster,108
Southwark,139
Harrow,48
Wandsworth,169
Ealing,110
Hammersmith and Fulham,504
Hounslow,80
Lambeth,63
Kensington and Chelsea,277
Westminster,519
Hackney,139
Newham,279
Westminster,153
Barnet,132
Tower Hamlets,181
Westminster,146
Barnet,69
Barnet,85
Lambeth,188
Westminster,125
Tower Hamlets,67
Hammersmith and Fulham,180
Tower Hamlets,400
Redbridge,85
Redbridge,95
Redbridge,95
Westminster,140
Westminster,32
Barnet,76
Haringey,105
Southwark,300
Greenwich,117
Tower Hamlets,145
Westminster,127
Lambeth,283
Newham,55
Kensington and Chelsea,103
Hammersmith and Fulham,230
Merton,144
Hammersmith and Fulham,66
Westminster,157
Camden,155
Kensington and Chelsea,211
Kensington and Chelsea,280
Ealing,56
Southwark,36
Westminster,279
Barnet,214
Westminster,141
Bromley,73
Redbridge,128
Hammersmith and Fulham,348
Barnet,737
Kensington and Chelsea,530
Lewisham,49
Haringey,2260
Harrow,172
Kensington and Chelsea,180
Redbridge,111
Kensington and Chelsea,102
Tower Hamlets,64
Westminster,216
Kensington and Chelsea,135
Kensington and Chelsea,113
Kensington and Chelsea,101
Kensington and Chelsea,135
Kensington and Chelsea,102
Kensington and Chelsea,134
Kensington and Chelsea,134
Westminster,77
Greenwich,108
Tower Hamlets,80
Kensington and Chelsea,329
Hackney,208
Tower Hamlets,114
Westminster,77
Tower Hamlets,131
Newham,41
Wandsworth,463
Tower Hamlets,153
Tower Hamlets,400
Barnet,73
Greenwich,142
Hackney,86
Brent,51
Hammersmith and Fulham,1000
Wandsworth,143
Newham,146
Kensington and Chelsea,650
Camden,146
Harrow,57
Redbridge,22
Islington,123
Kensington and Chelsea,57
Islington,183
Camden,138
Hackney,32
Wandsworth,119
Westminster,77
Merton,79
Hackney,33
Merton,77
Merton,73
Croydon,175
Camden,94
Lambeth,110
Newham,105
Barnet,50
Kensington and Chelsea,274
Barnet,53
Westminster,81
Camden,262
Westminster,400
Camden,139
Westminster,164
Westminster,70
Kingston upon Thames,157
Lambeth,72
Southwark,360
Southwark,193
Tower Hamlets,216
Tower Hamlets,189
Brent,131
Southwark,51
Hammersmith and Fulham,412
Bromley,215
Westminster,77
Camden,164
Camden,175
Kensington and Chelsea,465
Hackney,85
Barnet,160
Merton,91
Brent,139
Kensington and Chelsea,263
Hackney,406
Kensington and Chelsea,235
Richmond upon Thames,300
Westminster,574
Richmond upon Thames,72
Barnet,70
Lambeth,91
Camden,141
Redbridge,33
Lambeth,122
Hillingdon,179
Merton,90
Wandsworth,387
Brent,117
Barnet,88
Greenwich,293
Westminster,54
Islington,87
Hackney,141
Camden,165
Kensington and Chelsea,147
Kensington and Chelsea,132
Islington,205
Newham,114
Barking and Dagenham,35
Camden,160
Islington,146
Barnet,225
Barnet,92
Westminster,359
Tower Hamlets,138
Merton,40
Camden,167
Camden,155
Islington,181
Southwark,150
Tower Hamlets,37
Camden,65
Kensington and Chelsea,137
Redbridge,37
Redbridge,38
Hackney,129
Barnet,53
Redbridge,32
Camden,200
Redbridge,38
Kensington and Chelsea,137
Redbridge,35
Wandsworth,131
Merton,190
Bexley,167
Croydon,62
Westminster,269
Hammersmith and Fulham,100
Camden,42
Kensington and Chelsea,306
Westminster,196
Lambeth,45
Lambeth,67
Camden,553
Hackney,127
Southwark,82
Greenwich,142
Lambeth,117
Westminster,83
Newham,80
Westminster,150
Hackney,88
Harrow,62
Southwark,101
Tower Hamlets,37
Camden,447
Kensington and Chelsea,208
Kensington and Chelsea,256
Bromley,158
Westminster,79
Westminster,82
Westminster,206
Southwark,169
Westminster,102
Barking and Dagenham,204
Camden,152
Southwark,169
Camden,224
Barking and Dagenham,156
Lewisham,31
Newham,86
Wandsworth,279
Camden,75
Hounslow,340
Barnet,110
Richmond upon Thames,134
Waltham Forest,128
Newham,200
Lambeth,89
Tower Hamlets,158
Lewisham,129
Lambeth,102
Merton,60
Tower Hamlets,135
Islington,77
Lambeth,89
Kensington and Chelsea,250
Kensington and Chelsea,315
Camden,68
Kensington and Chelsea,217
Tower Hamlets,145
Camden,65
Tower Hamlets,137
Brent,104
Camden,64
Havering,121
Haringey,30
Camden,67
Hackney,215
Lewisham,45
Barnet,117
Barnet,93
Hillingdon,69
Wandsworth,94
Kensington and Chelsea,284
Westminster,1052
Hillingdon,64
Hammersmith and Fulham,68
Brent,130
Westminster,315
Islington,132
Westminster,98
Westminster,110
Redbridge,31
Westminster,88
Westminster,129
Westminster,81
Tower Hamlets,53
Westminster,105
Westminster,83
Westminster,142
Westminster,125
Westminster,184
Westminster,84
Tower Hamlets,199
Lambeth,116
Camden,59
Hammersmith and Fulham,82
Greenwich,158
Hammersmith and Fulham,119
Hounslow,182
Tower Hamlets,110
Camden,109
Camden,85
Camden,110
Camden,309
Kingston upon Thames,300
Wandsworth,155
Westminster,237
Westminster,379
Kingston upon Thames,49
Kensington and Chelsea,230
Westminster,488
Westminster,244
City of London,280
City of London,266
City of London,266
Wandsworth,115
Tower Hamlets,311
City of London,331
Westminster,380
City of London,299
City of London,269
Tower Hamlets,258
Wandsworth,115
Tower Hamlets,280
Tower Hamlets,542
Tower Hamlets,285
Wandsworth,130
City of London,299
City of London,321
City of London,320
City of London,272
Hammersmith and Fulham,133
City of London,243
Hackney,161
Haringey,141
Barnet,90
Westminster,193
Hillingdon,58
Hillingdon,58
Waltham Forest,99
Greenwich,411
Enfield,212
Westminster,68
Hammersmith and Fulham,500
Kensington and Chelsea,79
Westminster,225
Camden,229
Richmond upon Thames,48
Camden,341
Barking and Dagenham,50
Greenwich,33
Wandsworth,64
Wandsworth,154
Southwark,86
Harrow,43
Hammersmith and Fulham,250
Haringey,236
Hackney,131
Ealing,410
Greenwich,229
Westminster,158
Westminster,203
Westminster,125
Hammersmith and Fulham,160
Newham,62
Lambeth,57
Camden,194
Westminster,127
Kensington and Chelsea,115
Camden,60
Newham,71
Camden,48
Westminster,307
Lewisham,225
Hillingdon,185
Westminster,396
Sutton,147
Westminster,198
Westminster,206
Westminster,111
Lambeth,380
Newham,124
Tower Hamlets,58
Lambeth,206
Croydon,38
Lambeth,56
Barnet,118
Hackney,108
Hounslow,94
Haringey,136
Haringey,36
Wandsworth,489
Redbridge,43
Tower Hamlets,276
Hackney,57
Westminster,187
Haringey,215
Greenwich,242
Barnet,115
Hackney,118
Greenwich,142
Kensington and Chelsea,250
Westminster,216
Southwark,237
Westminster,184
Brent,1219
City of London,272
Kensington and Chelsea,168
Kensington and Chelsea,161
Greenwich,112
Croydon,25
Kensington and Chelsea,486
Brent,118
Greenwich,56
Westminster,293
Hillingdon,65
Southwark,145
Bexley,33
Westminster,400
Tower Hamlets,104
Barnet,191
Wandsworth,122
Southwark,65
Haringey,133
Barnet,63
Camden,111
Camden,142
Tower Hamlets,91
Croydon,29
Wandsworth,134
Hillingdon,107
Wandsworth,200
Merton,92
Hammersmith and Fulham,118
Haringey,72
Hillingdon,114
Hammersmith and Fulham,221
Hammersmith and Fulham,202
Islington,114
Wandsworth,113
Islington,114
Brent,78
Lambeth,33
Kensington and Chelsea,155
Richmond upon Thames,64
Hillingdon,418
Westminster,640
Kensington and Chelsea,160
Camden,1124
Westminster,95
Greenwich,270
Westminster,84
Croydon,198
Hammersmith and Fulham,57
Westminster,292
Croydon,36
Croydon,79
Camden,150
Hammersmith and Fulham,175
Hammersmith and Fulham,202
Hackney,127
Enfield,45
Southwark,126
Camden,38
Camden,400
Wandsworth,153
Richmond upon Thames,99
Westminster,64
Kensington and Chelsea,678
Westminster,297
Lambeth,62
Brent,68
Westminster,160
Ealing,289
Islington,152
Haringey,39
City of London,212
Barnet,64
Bexley,87
Camden,80
City of London,843
Kensington and Chelsea,161
Wandsworth,81
Hillingdon,41
Hammersmith and Fulham,143
Camden,163
Tower Hamlets,278
City of London,399
Lambeth,122
Kensington and Chelsea,157
Tower Hamlets,87
Southwark,88
Camden,95
Camden,112
Camden,126
Haringey,243
Greenwich,78
Ealing,115
Hammersmith and Fulham,146
Tower Hamlets,65
Croydon,45
Hammersmith and Fulham,952
Haringey,100
Merton,94
Merton,164
Croydon,54
Wandsworth,230
Waltham Forest,130
Kensington and Chelsea,474
Westminster,135
Hounslow,72
Greenwich,83
Newham,139
Westminster,131
Brent,40
Lambeth,155
Barnet,68
Wandsworth,124
Hounslow,35
Hillingdon,96
Bromley,80
Bromley,96
Westminster,338
Greenwich,78
Barnet,51
Croydon,124
Kensington and Chelsea,129
Bromley,32
Greenwich,44
Westminster,143
Hillingdon,112
Islington,146
Kensington and Chelsea,141
Tower Hamlets,140
Westminster,88
Haringey,165
Tower Hamlets,85
Tower Hamlets,479
Tower Hamlets,224
Tower Hamlets,145
Camden,207
Bexley,34
Redbridge,8
Lambeth,333
Westminster,1416
Kensington and Chelsea,1110
Haringey,120
Westminster,207
Westminster,421
Kensington and Chelsea,6924
Brent,264
Lambeth,580
Hammersmith and Fulham,100
Camden,359
Kensington and Chelsea,175
Tower Hamlets,301
Tower Hamlets,211
Haringey,39
Newham,121
Newham,133
Harrow,47
Westminster,372
Enfield,35
Haringey,100
Barnet,172
Hammersmith and Fulham,255
Ealing,217
Camden,126
Westminster,348
Hackney,68
Barnet,235
Hackney,51
Barking and Dagenham,96
Westminster,138
Westminster,220
Wandsworth,331
Kensington and Chelsea,195
Tower Hamlets,529
Kensington and Chelsea,434
Richmond upon Thames,69
Kensington and Chelsea,708
Brent,68
Westminster,599
Islington,110
Lambeth,57
Camden,154
Hounslow,118
Harrow,151
Merton,34
Westminster,601
Kensington and Chelsea,155
Camden,273
Bexley,155
Kensington and Chelsea,252
City of London,135
Hackney,80
Hackney,32
Bromley,127
Hackney,68
Kensington and Chelsea,84
Islington,139
Kensington and Chelsea,257
Greenwich,135
Barnet,37
Hackney,135
Greenwich,135
Kensington and Chelsea,186
Camden,167
Wandsworth,80
Harrow,60
Southwark,141
Brent,35
Southwark,130
Camden,251
Hillingdon,88
Islington,260
Westminster,173
Southwark,231
Westminster,130
Greenwich,43
Wandsworth,152
Wandsworth,281
Hounslow,86
Islington,86
Greenwich,116
Greenwich,147
Greenwich,78
Merton,121
Hillingdon,176
Westminster,265
Lambeth,114
Kensington and Chelsea,184
Waltham Forest,95
Hammersmith and Fulham,64
Tower Hamlets,90
Merton,136
Wandsworth,116
Merton,51
Southwark,166
Newham,30
Westminster,225
Southwark,103
Westminster,685
Westminster,125
Hammersmith and Fulham,250
Camden,154
Camden,154
Hackney,360
Kensington and Chelsea,675
Wandsworth,350
Kensington and Chelsea,232
Wandsworth,170
Camden,223
Westminster,3000
Lambeth,94
Kensington and Chelsea,410
Westminster,216
Westminster,179
Westminster,245
Ealing,39
Westminster,245
Kensington and Chelsea,350
Hackney,55
Hackney,51
Hackney,51
Hackney,51
Westminster,345
Croydon,100
Richmond upon Thames,239
Kensington and Chelsea,281
Hillingdon,232
Merton,76
Richmond upon Thames,288
Ealing,208
Enfield,38
Greenwich,159
Kensington and Chelsea,333
Lambeth,110
Southwark,119
Wandsworth,200
Greenwich,148
Ealing,198
Islington,184
Greenwich,175
Ealing,61
City of London,79
Barking and Dagenham,56
Southwark,274
Haringey,151
Lambeth,56
Westminster,850
Westminster,199
Southwark,42
Camden,168
Hammersmith and Fulham,124
Merton,114
Hammersmith and Fulham,392
Westminster,62
Southwark,65
Croydon,200
Greenwich,143
Hackney,132
Westminster,145
Camden,213
Camden,94
Barnet,157
Tower Hamlets,43
Hackney,106
Wandsworth,119
Harrow,166
Hounslow,200
Westminster,476
Lambeth,163
Hammersmith and Fulham,129
Westminster,338
Hammersmith and Fulham,86
Harrow,29
Lambeth,176
Hackney,104
Camden,284
Haringey,296
Camden,476
Camden,532
Westminster,379
Kensington and Chelsea,138
Croydon,162
Kingston upon Thames,63
Camden,217
Barking and Dagenham,149
Newham,63
Hammersmith and Fulham,218
Islington,208
Camden,131
Camden,196
Tower Hamlets,82
Islington,122
Tower Hamlets,215
Hammersmith and Fulham,298
Kensington and Chelsea,251
Hammersmith and Fulham,130
Westminster,163
Hillingdon,936
Hammersmith and Fulham,130
Westminster,171
Waltham Forest,63
Wandsworth,120
Waltham Forest,222
Havering,71
Tower Hamlets,154
Westminster,231
Lewisham,44
Waltham Forest,96
Ealing,183
Wandsworth,158
Richmond upon Thames,357
Wandsworth,65
Waltham Forest,110
Waltham Forest,54
Tower Hamlets,44
Southwark,159
Ealing,215
Tower Hamlets,143
Southwark,132
Haringey,69
Bromley,90
Islington,164
Croydon,51
Barnet,100
Westminster,310
Hammersmith and Fulham,142
Barnet,214
Lambeth,166
Southwark,123
Lambeth,154
Camden,69
Islington,87
Kingston upon Thames,98
Sutton,75
Camden,186
Hillingdon,51
Greenwich,63
Kensington and Chelsea,372
Wandsworth,69
Haringey,52
Southwark,110
Bexley,52
Bexley,60
Bexley,52
Kensington and Chelsea,247
Lewisham,49
Croydon,106
Kensington and Chelsea,509
Barking and Dagenham,47
City of London,299
Camden,69
Tower Hamlets,311
City of London,445
Barnet,69
Brent,54
Westminster,321
Tower Hamlets,65
Islington,498
Brent,72
Wandsworth,203
Westminster,158
Westminster,190
Wandsworth,296
Southwark,446
Westminster,940
Westminster,894
Tower Hamlets,44
Westminster,156
Kensington and Chelsea,286
Ealing,35
Barnet,53
Merton,148
Barnet,58
Westminster,242
Wandsworth,165
Lewisham,213
Hammersmith and Fulham,152
Westminster,111
Richmond upon Thames,43
Croydon,123
Tower Hamlets,105
Westminster,320
Hackney,162
Ealing,134
Lambeth,306
Hammersmith and Fulham,167
Wandsworth,171
Wandsworth,65
Southwark,265
Hammersmith and Fulham,282
Islington,77
Westminster,437
Richmond upon Thames,33
Tower Hamlets,74
Kensington and Chelsea,2033
Hackney,29
Islington,226
Tower Hamlets,243
Kensington and Chelsea,251
Brent,60
Kingston upon Thames,67
Islington,240
Westminster,208
Kensington and Chelsea,650
Kensington and Chelsea,185
Westminster,809
Greenwich,160
Camden,123
Westminster,167
Westminster,199
Camden,145
Hounslow,38
Kensington and Chelsea,294
Bromley,30
Islington,55
Islington,146
Bromley,274
Lewisham,48
Brent,125
Haringey,90
Southwark,66
Hammersmith and Fulham,231
Lambeth,105
Lambeth,138
Greenwich,137
Lambeth,360
Lewisham,80
Islington,254
Kensington and Chelsea,164
Westminster,419
Westminster,184
Kensington and Chelsea,230
Wandsworth,130
Barking and Dagenham,47
Southwark,266
Kensington and Chelsea,191
Camden,261
Tower Hamlets,252
Camden,124
Tower Hamlets,181
Hammersmith and Fulham,340
Hackney,158
Westminster,1145
Brent,516
Hillingdon,43
Westminster,500
Brent,154
Westminster,500
Hackney,241
Camden,128
Ealing,41
Greenwich,144
Ealing,36
Lewisham,40
Camden,259
Islington,256
Kensington and Chelsea,192
Merton,36
Haringey,124
Westminster,157
Islington,136
Greenwich,197
Barnet,182
Newham,120
Southwark,149
Tower Hamlets,79
Westminster,1160
Islington,101
Lewisham,195
Richmond upon Thames,400
Camden,99
Tower Hamlets,270
Lambeth,147
Bromley,162
Kensington and Chelsea,242
Hounslow,56
Southwark,144
Tower Hamlets,146
Kingston upon Thames,105
Westminster,228
Richmond upon Thames,64
Hackney,50
Brent,329
Hackney,232
Waltham Forest,39
Lambeth,120
Camden,361
Croydon,158
Westminster,171
Merton,132
Westminster,297
Southwark,55
Tower Hamlets,38
Tower Hamlets,303
Westminster,247
Kingston upon Thames,102
Southwark,163
Haringey,253
Barnet,56
Kensington and Chelsea,40
Haringey,151
Croydon,43
Kensington and Chelsea,68
Westminster,58
Bexley,59
Hammersmith and Fulham,93
Brent,259
Southwark,65
Tower Hamlets,77
Kensington and Chelsea,1000
Tower Hamlets,502
Haringey,122
Ealing,185
Croydon,121
Southwark,231
Wandsworth,363
Camden,173
Lambeth,135
Hackney,95
Hillingdon,192
Westminster,3000
Hammersmith and Fulham,757
Enfield,151
Barking and Dagenham,124
Westminster,262
Camden,123
Wandsworth,254
Wandsworth,159
Westminster,285
Tower Hamlets,109
Merton,171
Bromley,33
Camden,203
Newham,250
Hammersmith and Fulham,142
Camden,185
Westminster,311
Westminster,480
Hillingdon,55
Havering,82
Westminster,296
Westminster,228
Wandsworth,303
Westminster,298
Hammersmith and Fulham,121
Barnet,37
Kensington and Chelsea,239
Ealing,108
Islington,226
Richmond upon Thames,173
Greenwich,44
Camden,147
Lewisham,108
Kensington and Chelsea,233
Westminster,511
Hammersmith and Fulham,62
Westminster,190
Lambeth,127
Westminster,114
Lambeth,58
Bexley,67
Croydon,95
Waltham Forest,71
Newham,46
Hackney,150
Sutton,65
Westminster,198
Hackney,145
Kensington and Chelsea,172
Enfield,66
Westminster,291
Tower Hamlets,361
Ealing,86
Kensington and Chelsea,63
Tower Hamlets,411
Hillingdon,105
Hackney,131
Sutton,142
Barnet,89
Merton,139
Tower Hamlets,126
Southwark,116
Merton,99
Newham,121
Brent,46
Greenwich,225
Camden,170
Lambeth,117
Wandsworth,204
Islington,171
Westminster,147
Lewisham,119
Tower Hamlets,120
Enfield,120
Islington,128
Hammersmith and Fulham,70
Ealing,56
Hammersmith and Fulham,72
Westminster,236
Wandsworth,167
Hackney,345
Newham,155
Westminster,98
Wandsworth,45
Wandsworth,115
Kensington and Chelsea,396
Hammersmith and Fulham,274
Southwark,93
Wandsworth,54
Westminster,246
Hackney,55
Tower Hamlets,277
Islington,312
Westminster,328
Lambeth,762
Westminster,503
Croydon,65
Lambeth,211
Tower Hamlets,122
Brent,178
Brent,58
Camden,509
Enfield,54
Kensington and Chelsea,313
Camden,105
Haringey,84
Greenwich,99
Islington,133
Brent,120
Islington,145
Camden,86
Westminster,117
Newham,116
Tower Hamlets,100
Kensington and Chelsea,200
Southwark,548
Enfield,273
Haringey,30
Haringey,27
Tower Hamlets,184
Haringey,33
Westminster,134
Redbridge,33
Wandsworth,76
Hillingdon,137
Kensington and Chelsea,62
Westminster,649
Haringey,175
Greenwich,274
Wandsworth,87
Redbridge,43
Southwark,98
Southwark,98
Bexley,103
Kensington and Chelsea,387
Southwark,83
Hammersmith and Fulham,133
Westminster,124
Waltham Forest,230
Kensington and Chelsea,244
Southwark,55
Lambeth,97
Southwark,139
Southwark,116
Westminster,69
Southwark,98
Brent,93
Redbridge,34
Southwark,98
Waltham Forest,211
Lambeth,144
Redbridge,40
Croydon,42
Islington,196
Tower Hamlets,90
Kingston upon Thames,131
Enfield,133
Haringey,62
Croydon,47
Kensington and Chelsea,252
Croydon,38
Haringey,137
Croydon,42
Westminster,117
Croydon,56
Wandsworth,400
Greenwich,128
Sutton,47
Camden,232
Brent,209
Lambeth,257
Camden,177
Lambeth,151
Wandsworth,264
Wandsworth,136
Newham,137
Richmond upon Thames,585
Westminster,472
Haringey,66
Westminster,62
Hackney,175
Camden,233
Haringey,113
Kensington and Chelsea,177
Camden,167
Hammersmith and Fulham,393
Barnet,89
Tower Hamlets,86
Tower Hamlets,333
Merton,67
Westminster,237
Sutton,46
Lambeth,37
Kensington and Chelsea,192
Waltham Forest,233
Hackney,115
Merton,55
Westminster,257
Redbridge,51
Wandsworth,110
Greenwich,121
Kensington and Chelsea,151
Ealing,160
Enfield,80
Kensington and Chelsea,331
Wandsworth,173
Kensington and Chelsea,179
Newham,79
Hammersmith and Fulham,225
Hammersmith and Fulham,250
Newham,285
Westminster,123
Kensington and Chelsea,338
Croydon,164
Tower Hamlets,66
Lambeth,100
Kensington and Chelsea,9999
Greenwich,196
Haringey,101
Hackney,50
Westminster,144
Westminster,33
Croydon,217
Westminster,88
Lambeth,64
Ealing,125
Wandsworth,434
Brent,152
Camden,209
Ealing,238
Islington,186
Croydon,131
Camden,240
Wandsworth,193
Kensington and Chelsea,208
Westminster,181
Kensington and Chelsea,732
Westminster,97
Westminster,93
Kensington and Chelsea,93
Brent,222
Bromley,170
Southwark,153
Westminster,125
Brent,133
Haringey,151
Ealing,100
Tower Hamlets,134
Westminster,101
Wandsworth,176
Barnet,709
Barnet,369
Newham,337
Merton,82
Hounslow,33
Hammersmith and Fulham,158
Hammersmith and Fulham,93
Camden,180
Camden,430
Camden,96
Camden,96
Camden,96
Camden,102
Newham,103
Hounslow,333
Barnet,226
Westminster,163
Tower Hamlets,45
Westminster,136
Croydon,42
Islington,173
Sutton,114
Waltham Forest,107
Ealing,96
Harrow,182
Sutton,120
Merton,120
Redbridge,82
Westminster,500
Newham,95
Merton,285
Westminster,148
Tower Hamlets,102
Hackney,250
Redbridge,332
Newham,140
Ealing,77
Westminster,254
Hammersmith and Fulham,79
Richmond upon Thames,52
Greenwich,156
Croydon,56
Redbridge,34
Brent,209
Hackney,47
Southwark,175
Kensington and Chelsea,535
Ealing,181
Westminster,410
Hounslow,256
Hammersmith and Fulham,54
Richmond upon Thames,232
Tower Hamlets,198
Kensington and Chelsea,146
Kensington and Chelsea,88
Barnet,184
Southwark,41
Westminster,31
Westminster,299
Merton,125
Lambeth,119
Southwark,90
Lambeth,42
Tower Hamlets,129
Tower Hamlets,101
Hammersmith and Fulham,171
Merton,144
Tower Hamlets,45
Lambeth,39
Ealing,51
Hounslow,71
Ealing,149
Harrow,78
Wandsworth,76
Bexley,80
Westminster,194
Islington,135
Bromley,192
Wandsworth,143
Southwark,249
Hackney,215
Haringey,165
Merton,110
Newham,67
Westminster,444
Newham,78
Kensington and Chelsea,212
Southwark,207
Westminster,500
Wandsworth,83
Southwark,48
Ealing,33
Ealing,36
Ealing,45
Wandsworth,175
Ealing,36
Hackney,149
Westminster,350
Hammersmith and Fulham,54
Wandsworth,113
Westminster,522
Hammersmith and Fulham,78
Camden,92
Westminster,209
Hammersmith and Fulham,62
Westminster,169
Southwark,93
Westminster,185
Westminster,80
Merton,83
Westminster,124
Merton,125
Wandsworth,161
Tower Hamlets,78
Barnet,43
Merton,56
Islington,81
Ealing,51
Camden,177
Westminster,251
Hackney,187
Camden,592
Camden,295
Hackney,73
Lambeth,5104
Southwark,48
Barnet,125
Brent,60
Westminster,161
Lambeth,158
Westminster,500
Westminster,500
Barnet,180
Hackney,219
Westminster,500
Westminster,88
Southwark,181
Westminster,500
Westminster,1036
Westminster,133
Barking and Dagenham,138
Kingston upon Thames,197
Hillingdon,75
Westminster,183
Camden,132
Bromley,115
Hackney,276
Kensington and Chelsea,323
Hackney,143
Tower Hamlets,213
Kensington and Chelsea,188
Tower Hamlets,129
Haringey,131
Newham,162
Lambeth,53
Lewisham,68
Lambeth,38
Newham,165
Lambeth,51
Barking and Dagenham,108
Ealing,64
Westminster,390
Lewisham,85
Lambeth,222
Havering,192
Westminster,120
Westminster,67
Southwark,162
Tower Hamlets,166
Camden,51
Barnet,68
Westminster,130
Camden,67
Kensington and Chelsea,86
Kensington and Chelsea,1062
Islington,72
Barnet,52
Westminster,141
Westminster,957
Islington,161
Wandsworth,160
Camden,87
Westminster,117
Wandsworth,140
Camden,59
Brent,143
Greenwich,57
Southwark,48
Hammersmith and Fulham,56
Islington,180
Barking and Dagenham,205
Haringey,37
Camden,177
Brent,242
Brent,196
Lambeth,31
Islington,214
Hammersmith and Fulham,213
Newham,137
Lambeth,89
Newham,183
Bromley,63
Haringey,122
Bromley,70
Camden,470
Wandsworth,41
Wandsworth,359
Lambeth,114
Westminster,204
Camden,220
Camden,125
Waltham Forest,34
Westminster,42
Lewisham,144
Wandsworth,81
Tower Hamlets,88
Islington,225
Wandsworth,129
Westminster,156
Westminster,167
Southwark,87
Hammersmith and Fulham,136
Haringey,120
Southwark,83
Enfield,76
Westminster,84
Tower Hamlets,68
City of London,54
Greenwich,26
Brent,458
Newham,117
Merton,55
Westminster,212
Westminster,78
Westminster,289
Merton,102
Hammersmith and Fulham,114
Westminster,140
Islington,52
Tower Hamlets,95
Hammersmith and Fulham,163
Islington,94
Islington,94
Wandsworth,168
Islington,65
Islington,198
Croydon,168
Tower Hamlets,172
Westminster,150
Southwark,126
Westminster,301
Newham,342
Waltham Forest,1929
Haringey,49
Westminster,77
Westminster,216
Waltham Forest,205
Sutton,134
Hackney,151
Kensington and Chelsea,819
Kensington and Chelsea,397
Greenwich,112
Hammersmith and Fulham,13
Haringey,49
Wandsworth,163
Lambeth,595
Tower Hamlets,124
Haringey,47
Redbridge,65
Newham,355
Westminster,125
Haringey,49
Lambeth,234
Hammersmith and Fulham,250
Camden,103
Camden,104
Lambeth,80
Camden,279
Hammersmith and Fulham,11
Westminster,245
Camden,400
Camden,1250
Lambeth,595
Hammersmith and Fulham,11
Westminster,194
Kensington and Chelsea,100
Redbridge,568
Westminster,295
Southwark,544
Westminster,400
Westminster,280
Merton,180
Hammersmith and Fulham,11
Westminster,324
Camden,230
Brent,110
Brent,134
Brent,114
Hammersmith and Fulham,11
Waltham Forest,288
Newham,133
Redbridge,140
Hammersmith and Fulham,11
Tower Hamlets,144
Brent,158
Camden,166
Hammersmith and Fulham,32
Tower Hamlets,194
Tower Hamlets,133
Hammersmith and Fulham,11
Lewisham,157
Wandsworth,381
Southwark,53
Richmond upon Thames,62
Hammersmith and Fulham,24
Haringey,99
Wandsworth,296
Greenwich,83
Westminster,126
Hammersmith and Fulham,11
Hammersmith and Fulham,11
Greenwich,201
Westminster,76
Harrow,53
Westminster,97
Hammersmith and Fulham,344
Westminster,142
Kensington and Chelsea,130
Wandsworth,180
Lewisham,68
Westminster,372
Camden,215
Newham,41
Westminster,227
Barnet,88
Ealing,79
Camden,126
Camden,174
Westminster,176
Westminster,158
Westminster,138
Ealing,110
Hackney,39
Tower Hamlets,152
Ealing,194
Wandsworth,81
Greenwich,349
Southwark,604
Lewisham,133
Newham,235
Merton,303
Kensington and Chelsea,223
Merton,108
Bromley,163
Richmond upon Thames,108
Hammersmith and Fulham,198
Greenwich,140
Westminster,213
Westminster,830
Richmond upon Thames,300
Wandsworth,161
Hammersmith and Fulham,873
Camden,160
Hackney,184
Hackney,125
Kensington and Chelsea,318
Lewisham,48
Islington,8480
Kensington and Chelsea,227
Westminster,167
Lewisham,146
Hammersmith and Fulham,167
Camden,302
Hackney,385
Westminster,411
Hackney,148
Westminster,186
Westminster,440
Camden,673
Merton,136
Westminster,447
Westminster,436
Westminster,366
Westminster,447
Islington,680
Westminster,470
Westminster,443
Westminster,429
Westminster,529
Westminster,168
Westminster,612
Westminster,336
Westminster,465
Croydon,139
Lewisham,188
Westminster,465
Westminster,653
Hammersmith and Fulham,208
Westminster,108
Westminster,440
Lewisham,404
Westminster,429
Westminster,693
Westminster,108
Tower Hamlets,191
Sutton,63
Westminster,303
Tower Hamlets,43
Hammersmith and Fulham,62
Lambeth,67
Camden,39
Lewisham,89
Hammersmith and Fulham,65
Hammersmith and Fulham,60
Hammersmith and Fulham,60
Brent,69
Newham,103
Kensington and Chelsea,275
Westminster,225
Westminster,477
Barking and Dagenham,38
Southwark,159
Brent,58
Greenwich,190
Greenwich,140
Hackney,71
Merton,150
Westminster,270
Tower Hamlets,82
Wandsworth,600
Wandsworth,375
Hackney,37
Camden,333
Brent,71
Islington,425
Hackney,107
Bexley,70
Westminster,190
Kensington and Chelsea,174
Tower Hamlets,2250
Kensington and Chelsea,316
Wandsworth,543
Westminster,143
Brent,120
Camden,188
Greenwich,148
Havering,207
Hammersmith and Fulham,450
Westminster,207
Westminster,444
Haringey,123
Islington,213
Harrow,322
Barnet,224
Hillingdon,43
Brent,232
Ealing,69
Hackney,283
Westminster,166
Westminster,1023
Brent,190
Greenwich,150
Westminster,81
Westminster,190
Kensington and Chelsea,608
Sutton,122
Southwark,415
Tower Hamlets,170
Kensington and Chelsea,177
Westminster,260
Lambeth,58
Islington,140
Tower Hamlets,150
Harrow,49
Brent,56
Newham,231
Haringey,200
Hackney,92
Tower Hamlets,277
Tower Hamlets,175
Westminster,75
Redbridge,65
Camden,110
Wandsworth,182
Barking and Dagenham,266
Hillingdon,44
Islington,527
Lambeth,126
Islington,144
Hackney,113
Hackney,90
Hackney,107
Westminster,190
Hackney,112
Richmond upon Thames,97
Westminster,375
Westminster,327
Kensington and Chelsea,120
Lewisham,120
Tower Hamlets,100
Tower Hamlets,158
Enfield,86
Kensington and Chelsea,131
Westminster,168
Hackney,248
Greenwich,34
Westminster,309
Westminster,188
Westminster,174
Wandsworth,504
Camden,196
Westminster,67
Westminster,823
Westminster,785
Hammersmith and Fulham,165
Wandsworth,229
Westminster,311
Merton,175
Haringey,96
Bromley,182
Westminster,139
Ealing,126
Harrow,44
Lewisham,83
Hammersmith and Fulham,121
Islington,160
Wandsworth,75
Westminster,400
Westminster,295
Westminster,279
Islington,956
Harrow,128
Enfield,215
Westminster,467
Wandsworth,119
Lewisham,105
Ealing,149
Westminster,249
Islington,767
Westminster,156
Greenwich,53
Haringey,161
Islington,723
Hackney,213
Wandsworth,68
Hillingdon,60
Kensington and Chelsea,140
Wandsworth,68
Kensington and Chelsea,464
Westminster,164
Wandsworth,158
Kensington and Chelsea,277
Hounslow,275
Lambeth,222
Waltham Forest,200
Hackney,217
Lambeth,155
Westminster,193
Camden,111
Hackney,211
Hackney,198
Tower Hamlets,112
Westminster,182
Hackney,197
Southwark,279
Brent,162
Lambeth,156
Merton,100
Tower Hamlets,52
Tower Hamlets,50
Tower Hamlets,154
Kensington and Chelsea,79
Havering,32
Haringey,75
Newham,85
Merton,116
Tower Hamlets,430
Barnet,454
Camden,258
Lambeth,100
Lambeth,62
Waltham Forest,60
Lambeth,272
Ealing,61
Tower Hamlets,115
Kingston upon Thames,160
Croydon,143
Croydon,197
Bexley,30
Croydon,87
Westminster,178
Hammersmith and Fulham,47
Haringey,200
Newham,103
Lambeth,580
Islington,169
Kingston upon Thames,180
Islington,900
Newham,179
Islington,802
Harrow,268
Harrow,35
Islington,800
Kensington and Chelsea,208
Tower Hamlets,133
Tower Hamlets,93
Merton,274
Tower Hamlets,79
Kensington and Chelsea,131
Hackney,108
Greenwich,84
Kensington and Chelsea,608
Kensington and Chelsea,259
Brent,98
Brent,131
Lambeth,50
Tower Hamlets,72
Hackney,180
Kensington and Chelsea,136
Wandsworth,150
Kensington and Chelsea,300
Lambeth,113
Southwark,128
Merton,98
Lambeth,74
Westminster,143
Tower Hamlets,72
Southwark,75
Kensington and Chelsea,296
Tower Hamlets,93
Hammersmith and Fulham,192
Southwark,80
Tower Hamlets,168
Barnet,61
Westminster,180
Ealing,52
Islington,172
Wandsworth,185
Camden,153
Islington,229
Hammersmith and Fulham,188
Hackney,97
Wandsworth,183
Westminster,140
Newham,60
Kensington and Chelsea,171
Greenwich,269
Camden,158
Hounslow,45
Hammersmith and Fulham,135
Lewisham,52
Hammersmith and Fulham,128
Kensington and Chelsea,148
Hackney,195
Newham,186
Croydon,94
Ealing,104
Ealing,80
Hackney,209
Lambeth,82
Kensington and Chelsea,96
Kensington and Chelsea,263
Haringey,31
Ealing,107
Westminster,191
Bromley,123
Islington,186
Hammersmith and Fulham,137
Wandsworth,60
Kensington and Chelsea,180
Southwark,39
Southwark,750
Newham,263
Southwark,540
Brent,73
Southwark,578
Newham,37
Greenwich,246
Croydon,168
Tower Hamlets,84
Hackney,290
Haringey,154
Islington,46
Lambeth,161
Harrow,70
Kensington and Chelsea,306
Camden,226
Merton,200
Westminster,146
Hammersmith and Fulham,289
Merton,135
Tower Hamlets,40
Lambeth,253
Lambeth,379
Camden,106
Merton,365
Harrow,47
Hammersmith and Fulham,161
Wandsworth,172
Hounslow,85
Brent,49
Enfield,90
Haringey,50
Camden,323
Greenwich,200
Southwark,68
Hillingdon,45
Islington,220
Waltham Forest,72
Hammersmith and Fulham,104
Tower Hamlets,185
Hammersmith and Fulham,185
Kingston upon Thames,184
Barnet,189
Waltham Forest,106
Lambeth,177
Kensington and Chelsea,376
Kensington and Chelsea,372
Kensington and Chelsea,353
Kensington and Chelsea,351
Kensington and Chelsea,355
Kensington and Chelsea,365
Kensington and Chelsea,395
Kensington and Chelsea,346
Kensington and Chelsea,353
Kensington and Chelsea,1087
Kensington and Chelsea,1081
Westminster,529
Westminster,343
Camden,398
Ealing,47
Richmond upon Thames,44
Enfield,62
Westminster,82
Southwark,97
Hackney,125
Westminster,150
Croydon,230
Islington,265
Wandsworth,125
Tower Hamlets,171
Westminster,150
Kensington and Chelsea,231
Kensington and Chelsea,210
Southwark,150
Redbridge,32
Kensington and Chelsea,332
Westminster,228
Brent,221
Westminster,187
Lewisham,93
Wandsworth,133
Waltham Forest,190
Havering,55
Kensington and Chelsea,515
Kingston upon Thames,112
Southwark,75
Croydon,63
Wandsworth,450
Merton,70
Islington,154
Westminster,119
Westminster,300
Lambeth,54
Croydon,57
Westminster,145
Redbridge,108
Redbridge,65
Kensington and Chelsea,76
Enfield,180
Kingston upon Thames,195
Lambeth,32
Greenwich,38
Bexley,109
Haringey,66
Westminster,131
Tower Hamlets,66
Tower Hamlets,171
Wandsworth,200
Tower Hamlets,233
Wandsworth,92
Wandsworth,70
Barking and Dagenham,26
Wandsworth,130
Hackney,188
Greenwich,259
Hillingdon,92
Westminster,122
Bromley,69
Westminster,257
Westminster,64
Tower Hamlets,133
Islington,77
Ealing,42
Westminster,72
Westminster,126
Westminster,282
Brent,90
Islington,224
Islington,132
Merton,302
Hounslow,394
Westminster,132
Westminster,124
Westminster,93
Westminster,91
Westminster,125
Westminster,187
Southwark,314
Havering,46
Westminster,52
Tower Hamlets,276
Westminster,89
Southwark,173
Kensington and Chelsea,175
Westminster,118
Camden,120
Richmond upon Thames,63
Merton,114
Westminster,606
Lewisham,62
Tower Hamlets,175
Kensington and Chelsea,579
Tower Hamlets,153
Barking and Dagenham,90
Camden,178
Hammersmith and Fulham,187
Newham,333
Merton,137
Hounslow,113
Hackney,348
Tower Hamlets,94
Camden,193
Tower Hamlets,71
Enfield,107
Westminster,514
Brent,147
Westminster,264
Croydon,43
Wandsworth,475
Haringey,95
Hillingdon,81
Lewisham,103
Southwark,58
Merton,146
Bromley,93
Southwark,184
Wandsworth,220
Westminster,200
Newham,188
Camden,432
Merton,35
Ealing,33
Kingston upon Thames,120
Greenwich,112
Harrow,247
Kensington and Chelsea,137
Merton,141
Redbridge,84
Camden,247
Camden,275
Lambeth,89
Barking and Dagenham,32
Wandsworth,40
Brent,116
Wandsworth,239
Islington,209
Hackney,72
Lambeth,134
Lambeth,43
Harrow,343
Tower Hamlets,216
Hammersmith and Fulham,192
Hackney,152
Tower Hamlets,45
Westminster,186
Westminster,186
Tower Hamlets,212
Tower Hamlets,166
Merton,149
Greenwich,71
Brent,143
Islington,158
Camden,193
Wandsworth,227
Westminster,232
Havering,100
Enfield,38
Havering,40
Westminster,120
Westminster,68
Bromley,80
Bromley,79
Havering,100
Havering,100
Havering,40
Barnet,107
Havering,913
Lewisham,57
Kensington and Chelsea,196
Tower Hamlets,238
Westminster,305
Hammersmith and Fulham,281
Islington,79
Westminster,190
Westminster,96
Westminster,170
Westminster,85
Lewisham,70
Kensington and Chelsea,335
Westminster,52
Camden,206
Kensington and Chelsea,356
Lambeth,176
Croydon,213
Lambeth,188
Redbridge,133
Hammersmith and Fulham,233
Enfield,39
Barnet,432
Bexley,127
Camden,172
Westminster,570
Kensington and Chelsea,313
Hammersmith and Fulham,163
Ealing,1328
Havering,179
Westminster,306
Westminster,407
Islington,376
Westminster,432
Redbridge,117
Southwark,4115
Kensington and Chelsea,315
Merton,122
Islington,107
Westminster,850
Southwark,120
Camden,370
Camden,430
Lambeth,88
Camden,570
Lambeth,101
Kensington and Chelsea,853
Newham,176
Wandsworth,131
Croydon,85
Haringey,88
Southwark,207
Harrow,70
Hackney,185
Southwark,227
Kensington and Chelsea,420
Westminster,376
Hammersmith and Fulham,203
Haringey,62
Hammersmith and Fulham,110
Hounslow,103
Islington,237
Tower Hamlets,176
Westminster,126
Westminster,148
Kensington and Chelsea,203
Westminster,413
Camden,511
Hillingdon,38
Haringey,173
Greenwich,113
Haringey,47
Islington,109
Westminster,113
Tower Hamlets,74
Tower Hamlets,62
Westminster,123
Hammersmith and Fulham,165
Tower Hamlets,80
Bexley,127
Westminster,111
Lambeth,52
Westminster,168
Barnet,219
Hammersmith and Fulham,181
Camden,116
Kensington and Chelsea,178
Lambeth,31
Westminster,1816
Hillingdon,58
Hackney,144
Kensington and Chelsea,139
Westminster,751
Camden,550
Westminster,140
Southwark,237
Lambeth,228
Southwark,159
Merton,117
Islington,441
Haringey,126
Tower Hamlets,68
Kingston upon Thames,187
Kensington and Chelsea,220
Kensington and Chelsea,380
Southwark,60
Kensington and Chelsea,249
Tower Hamlets,209
Kensington and Chelsea,144
Westminster,170
Hammersmith and Fulham,260
Wandsworth,92
Hillingdon,56
Hackney,102
Tower Hamlets,255
Sutton,32
Kensington and Chelsea,272
Barking and Dagenham,30
Hammersmith and Fulham,248
Westminster,588
Wandsworth,226
Wandsworth,373
Kensington and Chelsea,150
Kensington and Chelsea,148
Kensington and Chelsea,182
Hammersmith and Fulham,207
Tower Hamlets,84
Westminster,137
Tower Hamlets,52
Westminster,171
Tower Hamlets,2500
Hammersmith and Fulham,167
Camden,263
Lewisham,144
Bexley,114
Croydon,90
Lambeth,376
Southwark,89
Hillingdon,47
Brent,197
Newham,51
Westminster,116
Kensington and Chelsea,2986
Westminster,157
Greenwich,126
Wandsworth,105
Wandsworth,326
Lambeth,65
Tower Hamlets,67
Tower Hamlets,109
Tower Hamlets,84
Lambeth,100
Newham,257
Wandsworth,160
Lambeth,62
Newham,134
Southwark,354
Kensington and Chelsea,360
Newham,264
Kensington and Chelsea,180
Hounslow,56
Kensington and Chelsea,207
Westminster,718
Kensington and Chelsea,675
Westminster,348
Hammersmith and Fulham,144
Ealing,47
Lambeth,126
Kingston upon Thames,90
Hounslow,286
Lambeth,120
Newham,184
Waltham Forest,89
Hackney,148
Hounslow,54
Wandsworth,279
Southwark,63
Kensington and Chelsea,880
Westminster,614
Islington,183
Westminster,92
Hillingdon,91
Camden,425
Westminster,234
Camden,144
Bexley,230
Hackney,175
Greenwich,32
Westminster,115
Westminster,383
Kensington and Chelsea,274
Ealing,48
Lambeth,259
City of London,800
City of London,800
Wandsworth,345
City of London,800
Newham,132
Hackney,131
Wandsworth,185
Newham,168
Westminster,121
Westminster,72
Croydon,51
Camden,148
Westminster,122
Merton,67
Kensington and Chelsea,132
Merton,92
Barnet,122
Croydon,135
Wandsworth,66
Camden,224
Southwark,52
Merton,54
Hackney,603
Merton,59
Kensington and Chelsea,93
Barnet,146
Lewisham,125
Hammersmith and Fulham,90
Camden,167
Barnet,280
Kensington and Chelsea,403
Hammersmith and Fulham,69
Bromley,104
Lambeth,90
Westminster,182
Westminster,415
Greenwich,92
Kensington and Chelsea,464
Kensington and Chelsea,99
Redbridge,149
Wandsworth,140
Harrow,172
Lewisham,39
Kensington and Chelsea,104
Westminster,144
Westminster,145
Islington,90
Bexley,96
Bromley,93
Islington,148
Wandsworth,72
Merton,221
Haringey,179
Newham,361
Westminster,141
Tower Hamlets,73
Hackney,297
Westminster,170
Wandsworth,74
Greenwich,34
Hillingdon,68
Croydon,64
Hillingdon,60
Islington,48
Hillingdon,58
Hillingdon,66
Hillingdon,66
Camden,269
Westminster,264
Hackney,51
Islington,158
Westminster,140
Westminster,3122
Islington,108
Lambeth,55
Wandsworth,143
Newham,345
Southwark,114
Wandsworth,480
Westminster,216
Lambeth,94
Hammersmith and Fulham,99
City of London,284
Newham,146
Haringey,50
Tower Hamlets,188
Westminster,635
Westminster,263
Tower Hamlets,167
Kingston upon Thames,176
Camden,206
Westminster,315
Westminster,90
Enfield,63
Haringey,54
Islington,104
Kensington and Chelsea,102
Islington,84
Kensington and Chelsea,900
Harrow,78
Harrow,43
Westminster,189
Kensington and Chelsea,108
Waltham Forest,61
Merton,112
Redbridge,34
Camden,254
Kensington and Chelsea,329
Westminster,241
Barnet,119
Greenwich,322
Westminster,350
Camden,463
Camden,219
Westminster,281
Merton,139
Lambeth,320
Lambeth,57
Camden,199
Bromley,73
Croydon,146
Haringey,94
Hounslow,210
Bromley,63
Barnet,43
Wandsworth,553
Tower Hamlets,45
Wandsworth,600
Brent,233
Enfield,35
Newham,150
Kensington and Chelsea,116
Hammersmith and Fulham,97
Westminster,179
Waltham Forest,86
Hackney,45
Hammersmith and Fulham,250
Kensington and Chelsea,432
Hackney,48
Kensington and Chelsea,94
Hackney,55
Wandsworth,169
Merton,121
Wandsworth,85
Camden,87
Newham,54
Greenwich,90
Richmond upon Thames,69
Lambeth,180
Kingston upon Thames,116
Islington,85
Hammersmith and Fulham,103
Hackney,130
Kensington and Chelsea,55
Wandsworth,177
Waltham Forest,180
Tower Hamlets,142
Islington,98
Islington,394
Sutton,30
Sutton,28
Sutton,36
Sutton,33
Southwark,400
Lewisham,30
Tower Hamlets,130
Hammersmith and Fulham,101
Wandsworth,183
Barnet,169
Brent,99
Islington,79
Hackney,180
Southwark,173
Islington,43
Islington,43
Greenwich,53
Brent,31
Westminster,255
Islington,122
Lewisham,97
Camden,70
Wandsworth,110
Enfield,100
Barnet,38
Wandsworth,500
Westminster,2778
Hackney,112
Westminster,138
Westminster,119
Waltham Forest,324
Waltham Forest,98
Bromley,132
Ealing,121
Lambeth,94
Hackney,172
Wandsworth,127
Westminster,311
Ealing,117
Waltham Forest,92
Brent,45
Brent,198
Camden,172
Croydon,141
City of London,143
Bromley,100
Southwark,104
Westminster,255
Harrow,64
Barnet,76
Bexley,185
Camden,239
Kensington and Chelsea,203
Richmond upon Thames,197
Kingston upon Thames,65
Islington,246
Barnet,57
Southwark,458
Brent,148
Kensington and Chelsea,523
Westminster,799
Hammersmith and Fulham,96
Hammersmith and Fulham,442
Camden,305
Kensington and Chelsea,900
Hackney,148
Camden,239
Bexley,141
Westminster,1200
Newham,131
Hammersmith and Fulham,72
Enfield,120
Hammersmith and Fulham,345
Southwark,148
Hillingdon,32
Greenwich,122
Hackney,110
Enfield,96
Hammersmith and Fulham,97
Kensington and Chelsea,460
Westminster,72
Westminster,55
Hackney,292
Wandsworth,180
Hackney,304
Barnet,231
Ealing,139
Lambeth,68
Westminster,135
Hammersmith and Fulham,181
Lewisham,485
Camden,225
Westminster,297
Wandsworth,46
Barnet,166
Croydon,117
Southwark,141
Greenwich,66
Kensington and Chelsea,911
Hackney,171
Waltham Forest,77
Barnet,74
Wandsworth,337
Bromley,92
Hounslow,40
Sutton,51
Westminster,72
Lambeth,84
Westminster,96
Tower Hamlets,109
Westminster,235
Westminster,120
Westminster,72
Southwark,278
Westminster,72
Camden,42
Wandsworth,134
Wandsworth,255
Westminster,143
Hammersmith and Fulham,165
Tower Hamlets,144
Barking and Dagenham,135
Bexley,172
Southwark,205
Kensington and Chelsea,64
Richmond upon Thames,374
Kensington and Chelsea,159
Haringey,123
Barnet,460
Barking and Dagenham,102
Camden,119
Camden,147
Haringey,113
Hillingdon,155
Hillingdon,46
Camden,43
Camden,128
Westminster,93
Wandsworth,45
Merton,173
Lewisham,83
Southwark,84
Hackney,108
Lewisham,238
Southwark,164
Brent,224
Barnet,64
Southwark,62
Westminster,144
Camden,224
Greenwich,60
Wandsworth,495
Merton,107
Lambeth,323
Kensington and Chelsea,253
Tower Hamlets,37
Westminster,144
Camden,68
Hackney,186
Westminster,159
City of London,408
Islington,52
Tower Hamlets,140
Wandsworth,224
Islington,170
Tower Hamlets,105
Haringey,155
Westminster,286
Hackney,295
Kensington and Chelsea,1258
Westminster,162
Tower Hamlets,94
Westminster,135
Hackney,603
Brent,58
Hackney,90
Redbridge,53
Wandsworth,152
Barnet,38
Westminster,192
Lambeth,69
Southwark,350
Westminster,412
Tower Hamlets,345
Westminster,702
Kensington and Chelsea,220
Brent,51
Kensington and Chelsea,293
Wandsworth,220
Kensington and Chelsea,165
Barking and Dagenham,175
Bexley,114
Lewisham,44
Islington,108
Wandsworth,207
Bexley,203
Lambeth,99
Southwark,253
Islington,156
Hammersmith and Fulham,93
Tower Hamlets,46
Ealing,55
Camden,128
Westminster,180
Tower Hamlets,248
Merton,100
Tower Hamlets,305
Hackney,213
Camden,180
Islington,75
Barnet,49
Bromley,138
Kensington and Chelsea,92
Kensington and Chelsea,135
Westminster,240
Barnet,33
Kensington and Chelsea,137
Westminster,88
Kensington and Chelsea,127
Lambeth,122
Barnet,42
Hounslow,39
Westminster,602
Newham,120
Kensington and Chelsea,171
Tower Hamlets,96
Tower Hamlets,60
Westminster,150
Greenwich,261
Redbridge,84
Tower Hamlets,2250
Westminster,150
Lewisham,32
Westminster,150
Wandsworth,66
Kensington and Chelsea,1525
Waltham Forest,83
Westminster,204
Westminster,614
Camden,149
Camden,248
Westminster,411
Tower Hamlets,242
Barking and Dagenham,56
Tower Hamlets,173
Kensington and Chelsea,192
Haringey,96
Camden,225
Camden,183
Lewisham,38
Hounslow,55
Tower Hamlets,205
Tower Hamlets,190
Kensington and Chelsea,2179
Wandsworth,220
Kensington and Chelsea,270
Haringey,102
Westminster,150
Westminster,142
Westminster,150
Hammersmith and Fulham,138
Islington,214
Richmond upon Thames,125
Westminster,417
Lambeth,95
Sutton,270
Harrow,130
Ealing,41
Croydon,29
Westminster,166
Islington,108
Croydon,185
Tower Hamlets,175
Ealing,51
Camden,99
Kensington and Chelsea,329
Southwark,63
Kingston upon Thames,225
Richmond upon Thames,60
Lambeth,160
Tower Hamlets,145
Hounslow,119
Lambeth,54
Bromley,59
Lewisham,90
Islington,48
Haringey,71
Westminster,441
Harrow,86
Hillingdon,45
Enfield,69
Camden,152
Redbridge,230
Kensington and Chelsea,582
Southwark,415
Southwark,415
Newham,40
Westminster,198
Westminster,220
Westminster,214
Westminster,249
Westminster,258
Westminster,109
Camden,370
Westminster,139
Camden,567
Camden,187
Lewisham,135
Camden,126
Wandsworth,337
Westminster,135
Haringey,746
Hammersmith and Fulham,170
Westminster,500
Hammersmith and Fulham,322
Tower Hamlets,30
Kensington and Chelsea,232
Tower Hamlets,32
Newham,252
Waltham Forest,59
Hackney,344
Greenwich,240
Wandsworth,282
Ealing,106
Sutton,53
Tower Hamlets,50
Haringey,729
Havering,60
Sutton,50
Tower Hamlets,82
Lambeth,100
Camden,133
Newham,123
Haringey,729
Southwark,105
Barnet,352
Westminster,54
Tower Hamlets,2250
Westminster,54
Enfield,99
Camden,165
Lewisham,62
Westminster,398
Richmond upon Thames,193
Croydon,43
Harrow,47
Hammersmith and Fulham,77
Havering,68
Harrow,37
Merton,61
Hackney,89
Merton,136
Westminster,541
Barnet,57
Islington,591
Sutton,42
Newham,122
Croydon,132
Hammersmith and Fulham,271
Lambeth,48
Hammersmith and Fulham,605
Ealing,300
Wandsworth,212
Camden,310
Camden,54
Kensington and Chelsea,164
Camden,160
Hackney,110
Kensington and Chelsea,166
Redbridge,136
Kensington and Chelsea,105
Sutton,139
Hillingdon,204
Bexley,50
Hillingdon,204
Wandsworth,75
Camden,275
Hillingdon,204
Sutton,811
Greenwich,114
Havering,53
Hackney,304
Lewisham,129
Wandsworth,222
Tower Hamlets,204
Hackney,220
Wandsworth,56
Hackney,160
Hackney,93
Wandsworth,152
Hounslow,70
Havering,269
Westminster,128
Islington,694
Wandsworth,291
Tower Hamlets,8411
Hounslow,53
Tower Hamlets,72
Hounslow,53
Camden,96
Croydon,115
Hounslow,53
Islington,124
Camden,167
Bexley,129
Croydon,29
Kensington and Chelsea,730
Hounslow,70
Kingston upon Thames,239
Ealing,91
Havering,73
Southwark,760
Hammersmith and Fulham,162
Havering,56
Hackney,119
Barnet,74
Tower Hamlets,76
Westminster,217
Islington,128
Bromley,124
Wandsworth,225
Newham,314
Camden,194
Brent,23
Westminster,237
Westminster,408
Tower Hamlets,125
Camden,119
Southwark,131
Croydon,81
Brent,59
Camden,47
Southwark,120
Newham,182
Lambeth,238
Southwark,128
Islington,63
Haringey,120
Camden,86
Barnet,157
Hackney,143
Tower Hamlets,787
Hammersmith and Fulham,206
Islington,116
Hackney,7448
Hackney,120
Croydon,69
Hammersmith and Fulham,639
Wandsworth,108
Southwark,44
Camden,59
Hillingdon,53
Southwark,215
Ealing,190
Tower Hamlets,45
Kingston upon Thames,110
Westminster,155
Hammersmith and Fulham,45
Westminster,90
Westminster,324
Camden,303
Croydon,44
Lambeth,235
Hackney,50
Tower Hamlets,143
Westminster,243
Bromley,133
Westminster,219
Hackney,70
Camden,51
Kensington and Chelsea,233
Hillingdon,41
Hillingdon,128
Camden,134
Barnet,194
Hackney,56
Hillingdon,95
Lambeth,190
Westminster,309
Camden,157
Lewisham,76
Camden,95
Kingston upon Thames,225
Croydon,100
Westminster,582
Tower Hamlets,90
Islington,85
Merton,71
Sutton,182
Kensington and Chelsea,250
Waltham Forest,44
Hammersmith and Fulham,97
Westminster,114
Newham,126
Haringey,37
Westminster,129
Camden,170
Greenwich,126
Southwark,45
Richmond upon Thames,206
Brent,219
Wandsworth,198
Tower Hamlets,91
Camden,136
Kingston upon Thames,117
Lambeth,70
Hammersmith and Fulham,150
Enfield,44
Tower Hamlets,203
Lambeth,53
Lewisham,149
Haringey,106
Waltham Forest,65
Hammersmith and Fulham,133
Haringey,100
Westminster,89
Kingston upon Thames,60
Brent,231
Tower Hamlets,120
Barnet,101
Haringey,320
Tower Hamlets,172
Enfield,48
Westminster,257
Enfield,43
Lewisham,116
Haringey,315
Southwark,137
Hammersmith and Fulham,151
Kensington and Chelsea,126
Hammersmith and Fulham,207
Kingston upon Thames,59
Barnet,71
Kingston upon Thames,64
Camden,44
Ealing,122
Camden,127
Harrow,60
Westminster,93
Hammersmith and Fulham,596
Hammersmith and Fulham,336
Bromley,93
Camden,300
Kensington and Chelsea,70
Hackney,57
Croydon,184
Brent,63
Greenwich,38
Islington,158
Hammersmith and Fulham,166
Hackney,100
Hackney,86
Westminster,381
Westminster,189
Southwark,130
Kensington and Chelsea,208
Kingston upon Thames,143
Merton,342
Westminster,510
Richmond upon Thames,49
Southwark,182
Barnet,106
City of London,217
Haringey,87
Lambeth,308
Hackney,71
Kensington and Chelsea,438
Camden,60
Westminster,196
Kingston upon Thames,212
Wandsworth,313
Kingston upon Thames,156
Wandsworth,132
Wandsworth,356
Wandsworth,150
Richmond upon Thames,1000
Tower Hamlets,63
Southwark,194
Westminster,1800
Kensington and Chelsea,943
Southwark,181
Kensington and Chelsea,267
Barnet,122
Croydon,218
Wandsworth,396
Newham,288
Kingston upon Thames,282
Barnet,31
Camden,92
Tower Hamlets,91
Hackney,95
Southwark,138
Hammersmith and Fulham,168
Newham,230
Westminster,361
Sutton,50
Brent,109
Westminster,361
Hounslow,76
Westminster,125
Westminster,145
Hackney,72
Bromley,286
Haringey,53
Wandsworth,133
Hackney,43
Lambeth,181
Camden,148
Hackney,160
Tower Hamlets,130
Waltham Forest,197
Islington,161
Islington,171
Camden,190
Lewisham,34
Islington,49
Lewisham,129
Enfield,42
Westminster,299
Kensington and Chelsea,316
Harrow,29
Greenwich,75
Merton,115
Southwark,119
Hounslow,159
Tower Hamlets,133
Brent,239
Camden,72
Newham,50
Camden,52
Newham,121
Camden,267
Barnet,159
Lewisham,74
Westminster,180
Camden,96
Westminster,180
Hackney,75
Hounslow,136
Lambeth,97
Kensington and Chelsea,217
Hackney,59
Wandsworth,110
Hackney,60
Hackney,79
Brent,1003
Wandsworth,197
Westminster,175
Camden,80
Haringey,49
Camden,235
Westminster,635
Islington,152
Hammersmith and Fulham,11
Ealing,149
Westminster,371
Lambeth,132
Bromley,80
Brent,82
Camden,197
Richmond upon Thames,174
Kensington and Chelsea,62
Westminster,141
Wandsworth,78
Lewisham,156
Newham,248
Newham,100
Croydon,97
Enfield,63
Westminster,165
Westminster,141
Westminster,129
Westminster,170
Westminster,134
Westminster,103
Westminster,142
Westminster,89
Westminster,184
Hammersmith and Fulham,143
Westminster,274
Kensington and Chelsea,232
Westminster,350
Waltham Forest,80
Wandsworth,129
Lambeth,149
Tower Hamlets,92
Wandsworth,140
Southwark,79
Hounslow,30
Camden,193
Waltham Forest,86
Westminster,172
Westminster,318
Camden,130
Waltham Forest,62
Islington,274
Hillingdon,68
Merton,38
Westminster,205
Bromley,106
Haringey,481
Lewisham,159
Southwark,105
Lambeth,57
City of London,144
Harrow,69
Hackney,149
Kensington and Chelsea,222
Kensington and Chelsea,157
Westminster,154
Harrow,263
Camden,335
Lambeth,54
Hillingdon,68
Kensington and Chelsea,154
Enfield,106
Barking and Dagenham,117
Islington,133
Camden,118
Greenwich,108
Kensington and Chelsea,258
Hammersmith and Fulham,755
Tower Hamlets,178
Ealing,288
Newham,32
Kensington and Chelsea,245
Croydon,78
Camden,102
Croydon,280
Hackney,138
Kensington and Chelsea,196
Brent,66
Hammersmith and Fulham,180
Waltham Forest,105
Westminster,206
Westminster,186
Lambeth,55
Westminster,157
Brent,85
Ealing,139
Islington,800
Hackney,309
Brent,73
Southwark,142
Hammersmith and Fulham,720
Hounslow,148
Ealing,244
Bexley,69
Haringey,139
Tower Hamlets,152
Lambeth,240
Barnet,167
Lambeth,180
Lambeth,117
Hounslow,37
Tower Hamlets,159
Lambeth,123
Southwark,230
Havering,125
Waltham Forest,183
Westminster,95
Hounslow,42
Southwark,93
Tower Hamlets,327
Haringey,60
Tower Hamlets,152
Kensington and Chelsea,415
Haringey,60
Westminster,140
Camden,186
Kingston upon Thames,43
Haringey,97
Brent,1000
Croydon,162
Waltham Forest,91
Barnet,139
Richmond upon Thames,65
Hammersmith and Fulham,106
Lewisham,299
Camden,348
Brent,37
Kensington and Chelsea,417
Brent,33
Brent,59
Westminster,153
Tower Hamlets,64
Haringey,243
Hackney,67
Hackney,288
Lewisham,135
Hackney,73
Merton,138
Brent,256
Greenwich,64
Brent,50
Haringey,140
Lewisham,69
Westminster,287
Sutton,94
Hackney,194
Tower Hamlets,161
Camden,236
Enfield,150
Havering,37
Kensington and Chelsea,115
Kensington and Chelsea,101
Croydon,64
Camden,103
Lambeth,128
Hackney,162
Kensington and Chelsea,122
Lambeth,138
Tower Hamlets,87
Wandsworth,109
Islington,165
Westminster,67
Hackney,218
Westminster,186
Westminster,168
Westminster,102
Wandsworth,600
Westminster,121
Kensington and Chelsea,292
Hackney,141
Camden,360
Camden,57
Lewisham,236
Camden,99
Tower Hamlets,112
Richmond upon Thames,413
Wandsworth,160
Richmond upon Thames,129
Camden,152
Lambeth,101
Ealing,79
Camden,246
Havering,120
Tower Hamlets,343
Hackney,112
Tower Hamlets,134
Camden,258
Camden,153
Hillingdon,57
Tower Hamlets,325
Greenwich,340
Kensington and Chelsea,139
Barnet,89
Haringey,82
Ealing,108
Greenwich,128
Newham,119
Sutton,76
Lambeth,47
Wandsworth,211
Westminster,50
Merton,59
Lewisham,158
Barnet,139
Newham,117
Wandsworth,77
Kensington and Chelsea,56
Southwark,80
Hounslow,112
Lambeth,97
Hackney,147
Richmond upon Thames,42
Westminster,175
Hackney,59
Lambeth,131
Hammersmith and Fulham,274
Lewisham,43
Newham,179
Lambeth,70
Sutton,46
Wandsworth,38
Islington,67
Haringey,63
Lambeth,63
Hammersmith and Fulham,71
Tower Hamlets,249
Haringey,207
Lambeth,133
Lambeth,50
Richmond upon Thames,138
Islington,142
Lambeth,47
Southwark,54
Hammersmith and Fulham,803
Tower Hamlets,966
Kensington and Chelsea,200
Redbridge,25
Kensington and Chelsea,107
Enfield,180
Barnet,136
Hackney,640
Tower Hamlets,62
Kensington and Chelsea,231
Kensington and Chelsea,179
Lambeth,48
Ealing,728
Camden,250
Newham,165
Hackney,171
Westminster,99
Westminster,2604
Kensington and Chelsea,156
Wandsworth,272
Islington,126
Waltham Forest,115
Harrow,42
Westminster,221
Islington,815
Islington,58
Westminster,169
Brent,58
Wandsworth,209
Westminster,232
Westminster,523
Ealing,22
Islington,56
Tower Hamlets,173
Southwark,97
Kensington and Chelsea,1038
Richmond upon Thames,131
Hackney,294
Brent,206
Richmond upon Thames,45
Southwark,210
Barnet,773
Barnet,432
Westminster,132
Hammersmith and Fulham,345
Ealing,25
Ealing,27
Westminster,111
Camden,180
Islington,45
Lewisham,170
Croydon,197
Westminster,239
Camden,285
Lambeth,68
Ealing,25
Lambeth,420
Islington,115
Wandsworth,160
Hammersmith and Fulham,208
Tower Hamlets,103
Lambeth,108
Ealing,78
Tower Hamlets,89
Islington,70
Islington,80
Wandsworth,96
Westminster,882
Wandsworth,208
Wandsworth,183
Wandsworth,189
Wandsworth,208
Wandsworth,144
Wandsworth,208
Wandsworth,252
Hillingdon,169
Kensington and Chelsea,560
Brent,88
Greenwich,53
Lambeth,71
Southwark,56
Wandsworth,240
Camden,200
Southwark,47
Wandsworth,265
Wandsworth,239
Wandsworth,224
Lambeth,68
Tower Hamlets,43
Hackney,109
Southwark,89
Newham,142
Ealing,103
Wandsworth,93
Sutton,275
Newham,266
Hackney,58
Wandsworth,188
Kensington and Chelsea,140
Merton,266
Hackney,79
Westminster,164
Hackney,75
Camden,84
Islington,122
Southwark,332
Wandsworth,247
Wandsworth,256
Wandsworth,264
Wandsworth,248
Hackney,122
Wandsworth,248
Wandsworth,298
Lambeth,47
Lambeth,47
Lambeth,71
Lambeth,51
Harrow,34
Brent,50
Ealing,172
Barnet,154
Waltham Forest,217
Westminster,200
Bexley,334
Barking and Dagenham,43
Harrow,129
Tower Hamlets,61
Ealing,123
Lewisham,38
Kensington and Chelsea,388
Kensington and Chelsea,285
Hackney,111
Brent,173
Greenwich,26
Kingston upon Thames,393
Waltham Forest,175
Tower Hamlets,75
Southwark,259
Westminster,185
Kensington and Chelsea,566
Newham,71
Hammersmith and Fulham,378
Westminster,219
Newham,267
Richmond upon Thames,203
Westminster,226
Barnet,99
Lewisham,95
Newham,85
Barnet,37
Merton,110
Merton,253
Southwark,164
Enfield,81
Westminster,318
Kensington and Chelsea,186
Hackney,118
Wandsworth,106
Richmond upon Thames,271
Barnet,84
Islington,83
Lambeth,98
Hackney,150
Barnet,93
Hammersmith and Fulham,106
Southwark,111
Greenwich,115
Bromley,98
Brent,141
Lambeth,51
Barnet,87
Barnet,68
Camden,604
Westminster,71
Redbridge,92
Southwark,211
Hackney,63
Kensington and Chelsea,267
Kingston upon Thames,47
Westminster,397
Lambeth,96
Wandsworth,103
Barnet,115
Harrow,103
Kensington and Chelsea,116
Westminster,126
Kingston upon Thames,103
Tower Hamlets,142
Brent,55
Lambeth,136
Barking and Dagenham,33
Westminster,121
Waltham Forest,132
Kensington and Chelsea,164
Ealing,28
Westminster,93
Greenwich,94
Hammersmith and Fulham,143
Islington,325
Westminster,70
Camden,80
Hackney,47
Hackney,75
Lewisham,33
Islington,59
Hammersmith and Fulham,76
Newham,388
Westminster,186
Camden,133
Brent,48
Greenwich,239
Westminster,651
Westminster,119
Kensington and Chelsea,499
Hammersmith and Fulham,123
Croydon,191
Richmond upon Thames,50
Waltham Forest,175
Camden,61
Kensington and Chelsea,337
Tower Hamlets,55
Islington,815
Tower Hamlets,193
Islington,64
Westminster,120
Ealing,56
Southwark,41
Hounslow,183
Westminster,273
Tower Hamlets,463
Westminster,159
Westminster,240
Westminster,246
Sutton,58
Westminster,118
Kensington and Chelsea,504
Lewisham,196
Kensington and Chelsea,996
Lambeth,104
Newham,57
Islington,60
Lewisham,241
Ealing,59
Croydon,96
Kensington and Chelsea,139
Brent,219
Westminster,268
Redbridge,173
Westminster,223
Westminster,560
Bromley,1708
Westminster,583
Westminster,215
Westminster,73
Greenwich,56
Ealing,52
Southwark,133
Camden,239
Westminster,186
Brent,54
Hammersmith and Fulham,122
Hillingdon,58
Hackney,65
Richmond upon Thames,43
Hammersmith and Fulham,190
Westminster,247
Westminster,259
Hammersmith and Fulham,152
Ealing,80
Waltham Forest,314
Hackney,94
Haringey,24
Hackney,80
Tower Hamlets,44
Tower Hamlets,100
Westminster,33
Barnet,158
Tower Hamlets,118
Newham,210
Wandsworth,185
Waltham Forest,183
Lambeth,113
Haringey,182
Wandsworth,159
Tower Hamlets,272
Bromley,83
Kensington and Chelsea,389
Wandsworth,209
Kensington and Chelsea,224
Croydon,100
Richmond upon Thames,464
Kensington and Chelsea,311
Lambeth,133
Wandsworth,100
Camden,166
Hammersmith and Fulham,133
Richmond upon Thames,348
Hackney,980
Tower Hamlets,51
Westminster,102
Hackney,59
Kensington and Chelsea,200
Tower Hamlets,87
Westminster,189
Camden,171
Tower Hamlets,163
Tower Hamlets,207
Westminster,127
Richmond upon Thames,87
Tower Hamlets,41
Kensington and Chelsea,167
Westminster,323
Westminster,1800
Westminster,121
Camden,93
Westminster,260
Westminster,135
Camden,181
Lambeth,316
Tower Hamlets,51
Barking and Dagenham,29
Kensington and Chelsea,63
Westminster,1030
Havering,38
Kensington and Chelsea,290
Kensington and Chelsea,66
Lambeth,270
Tower Hamlets,88
Islington,50
Westminster,66
Tower Hamlets,128
Richmond upon Thames,248
Camden,72
Tower Hamlets,141
Westminster,154
Brent,138
Tower Hamlets,155
Brent,114
Wandsworth,195
Haringey,140
Westminster,230
Ealing,181
Ealing,30
Newham,144
Barnet,83
Ealing,72
Camden,89
Greenwich,231
Southwark,78
Wandsworth,41
Haringey,300
Waltham Forest,126
Westminster,99
Camden,206
Enfield,45
Camden,56
Camden,64
Richmond upon Thames,132
Tower Hamlets,113
Havering,107
Havering,86
Westminster,318
Lambeth,599
Wandsworth,60
Haringey,103
Hackney,162
Westminster,90
Westminster,168
Bexley,106
Camden,95
Wandsworth,50
Greenwich,166
Kensington and Chelsea,141
Kensington and Chelsea,148
Hillingdon,52
Bexley,100
Ealing,36
Tower Hamlets,131
Brent,276
Hackney,881
Southwark,665
Kensington and Chelsea,143
City of London,89
Enfield,79
Enfield,69
Enfield,69
Enfield,81
Enfield,155
Enfield,60
Southwark,706
City of London,109
Ealing,118
Islington,82
Islington,95
Islington,92
Islington,94
Barnet,163
Waltham Forest,172
Waltham Forest,60
Wandsworth,178
Hammersmith and Fulham,236
Lambeth,152
Camden,121
Barnet,426
Harrow,48
Tower Hamlets,127
Lambeth,103
Kensington and Chelsea,191
Greenwich,922
Camden,64
Greenwich,922
Kensington and Chelsea,368
Brent,93
Hammersmith and Fulham,188
Brent,98
Bromley,157
Brent,74
Brent,109
Greenwich,922
Westminster,130
Brent,93
Brent,74
Brent,91
Brent,109
Kensington and Chelsea,491
Newham,325
Camden,119
Islington,837
Enfield,92
Islington,74
Lambeth,69
Tower Hamlets,110
Ealing,100
Haringey,108
Bromley,147
Islington,72
Hillingdon,52
Kensington and Chelsea,292
Hackney,8000
Croydon,70
Hackney,116
Newham,286
Westminster,462
Waltham Forest,118
Westminster,78
Hounslow,55
Brent,74
Wandsworth,250
Lambeth,29
Ealing,82
Ealing,68
Ealing,92
Ealing,141
Ealing,83
Westminster,335
Westminster,118
Redbridge,68
Southwark,135
Lambeth,136
Westminster,71
Redbridge,53
Tower Hamlets,45
Tower Hamlets,89
Tower Hamlets,143
Hammersmith and Fulham,175
Bromley,75
Tower Hamlets,42
Newham,140
Lambeth,172
Lewisham,51
Havering,82
Lewisham,42
Barnet,119
Westminster,166
Greenwich,47
Westminster,125
Islington,275
Bromley,204
Croydon,46
Westminster,600
Westminster,600
Islington,100
Hillingdon,88
Hammersmith and Fulham,285
Lambeth,247
Croydon,250
Islington,58
Kingston upon Thames,128
Islington,66
Camden,228
Kensington and Chelsea,52
Bromley,56
Havering,265
Hackney,79
Westminster,247
Southwark,200
Havering,295
Islington,56
Westminster,153
Barnet,60
Barnet,66
Barnet,95
Barnet,63
Ealing,113
Ealing,69
Ealing,85
Ealing,126
Ealing,159
Ealing,134
Ealing,97
Kensington and Chelsea,133
Islington,59
Haringey,54
Southwark,400
Islington,173
Islington,773
Greenwich,140
Wandsworth,184
Tower Hamlets,152
Camden,151
Tower Hamlets,54
Barnet,54
Islington,55
Westminster,307
Haringey,214
Barnet,83
Newham,227
Islington,773
Tower Hamlets,182
Islington,773
Islington,759
Islington,129
Brent,90
Hackney,62
Islington,683
Southwark,188
Tower Hamlets,118
Tower Hamlets,154
Hackney,128
Croydon,23
Camden,60
Hammersmith and Fulham,754
Tower Hamlets,116
Tower Hamlets,207
Tower Hamlets,172
Islington,48
Camden,132
Newham,236
Southwark,94
Islington,63
Westminster,71
Westminster,148
Westminster,126
Westminster,160
Westminster,106
Brent,106
Brent,121
Brent,82
Brent,102
Westminster,87
Westminster,101
Westminster,73
Waltham Forest,211
Hammersmith and Fulham,205
Southwark,107
Westminster,90
Camden,37
Brent,241
Kensington and Chelsea,225
Lambeth,112
Kensington and Chelsea,161
Kensington and Chelsea,93
Islington,75
Camden,264
Enfield,115
Enfield,130
Hammersmith and Fulham,154
Lewisham,43
Brent,160
Newham,141
Tower Hamlets,300
Westminster,160
Westminster,179
Barnet,352
Westminster,99
Westminster,144
Westminster,126
Westminster,113
Hammersmith and Fulham,67
Hammersmith and Fulham,108
Hammersmith and Fulham,102
Redbridge,56
Redbridge,59
Westminster,101
Haringey,124
Hounslow,45
Hounslow,167
Westminster,230
Wandsworth,45
Camden,359
Bromley,128
Tower Hamlets,182
Westminster,272
Tower Hamlets,166
Camden,64
Greenwich,119
Lambeth,100
Croydon,243
Camden,35
Brent,231
Tower Hamlets,68
Redbridge,45
Redbridge,43
Brent,126
Brent,115
Brent,114
Westminster,207
Kensington and Chelsea,128
Bexley,43
Westminster,172
Hammersmith and Fulham,115
Hammersmith and Fulham,109
Islington,60
Ealing,66
Haringey,59
Tower Hamlets,347
Tower Hamlets,65
Hammersmith and Fulham,70
Barnet,337
Westminster,211
Westminster,147
Haringey,139
Tower Hamlets,185
Haringey,237
Newham,90
Lambeth,275
Enfield,132
Islington,771
Islington,110
Wandsworth,137
Brent,144
Harrow,56
Harrow,138
Westminster,162
Westminster,151
Tower Hamlets,46
Waltham Forest,121
Hackney,157
Croydon,137
Barking and Dagenham,33
Islington,759
Islington,771
Camden,98
Kensington and Chelsea,311
Lambeth,98
Hackney,108
Westminster,349
Brent,252
Kensington and Chelsea,192
Southwark,52
Redbridge,32
Islington,100
Southwark,721
Hackney,196
Islington,133
Ealing,58
Barnet,43
Southwark,739
Lewisham,33
Southwark,869
Wandsworth,165
Westminster,102
Brent,241
Kensington and Chelsea,132
Lambeth,606
Lambeth,681
Barnet,54
Greenwich,94
Barnet,65
Lambeth,606
Kensington and Chelsea,179
Camden,165
Southwark,68
Tower Hamlets,126
Kensington and Chelsea,720
Westminster,329
Islington,729
Tower Hamlets,71
Tower Hamlets,148
Islington,47
Hackney,115
Southwark,82
Sutton,85
Wandsworth,120
Hammersmith and Fulham,294
Camden,147
Hounslow,45
Kensington and Chelsea,104
Southwark,152
Croydon,186
City of London,196
Westminster,800
Lambeth,64
Westminster,261
Camden,145
Tower Hamlets,136
Hammersmith and Fulham,367
Wandsworth,150
Croydon,80
Waltham Forest,129
Westminster,295
Lewisham,43
Brent,210
Islington,147
Hammersmith and Fulham,64
Hammersmith and Fulham,70
Ealing,123
Havering,80
Camden,71
Islington,93
Hammersmith and Fulham,62
Kensington and Chelsea,994
Newham,200
Hillingdon,80
Hillingdon,82
Hillingdon,86
Hillingdon,76
Kingston upon Thames,187
Ealing,53
Southwark,360
Tower Hamlets,40
Kingston upon Thames,202
Camden,639
Westminster,370
Camden,639
Ealing,249
Islington,316
Kensington and Chelsea,321
Kensington and Chelsea,863
Camden,105
Lambeth,173
Camden,694
Hackney,108
Southwark,555
Westminster,79
Westminster,69
Westminster,61
Hackney,136
Westminster,184
Lambeth,102
Enfield,32
Islington,84
Camden,105
Camden,114
Camden,105
Camden,105
Westminster,142
Enfield,32
Enfield,35
Greenwich,75
Enfield,37
Islington,725
Hillingdon,53
Croydon,206
Kensington and Chelsea,434
Hackney,118
Islington,48
Harrow,72
Ealing,36
Haringey,167
Westminster,156
Ealing,51
Ealing,65
Hounslow,51
Bexley,257
Kensington and Chelsea,120
Kensington and Chelsea,767
Westminster,145
Brent,126
Southwark,138
Hammersmith and Fulham,99
Wandsworth,216
Westminster,134
Tower Hamlets,206
Hillingdon,69
Hillingdon,69
Brent,106
Brent,126
Brent,126
Newham,24
Wandsworth,216
Hackney,256
Hammersmith and Fulham,163
Lewisham,118
Ealing,55
Islington,175
Richmond upon Thames,45
Southwark,76
Croydon,81
Kingston upon Thames,176
Southwark,114
Brent,121
Camden,73
Greenwich,95
Tower Hamlets,54
Croydon,52
Brent,47
Barking and Dagenham,40
Camden,161
Barnet,35
Newham,147
Tower Hamlets,100
Lambeth,208
Westminster,454
Hammersmith and Fulham,122
Haringey,103
Hammersmith and Fulham,186
Croydon,64
Tower Hamlets,104
Islington,94
Hounslow,74
Tower Hamlets,92
Westminster,207
Southwark,44
Wandsworth,214
Hounslow,34
Newham,152
Ealing,39
Tower Hamlets,137
Wandsworth,216
Southwark,117
Tower Hamlets,118
Wandsworth,216
Hackney,90
Westminster,49
Lambeth,126
Wandsworth,216
Kensington and Chelsea,472
Wandsworth,216
Haringey,102
Lewisham,73
Merton,263
Harrow,211
Wandsworth,216
Greenwich,83
Hounslow,226
Richmond upon Thames,45
Wandsworth,348
Wandsworth,201
Wandsworth,431
Tower Hamlets,38
Enfield,54
Bromley,66
Westminster,82
Bexley,65
Merton,110
Greenwich,72
Ealing,144
Kensington and Chelsea,158
Wandsworth,314
Havering,68
Barnet,309
Barnet,40
Hammersmith and Fulham,100
Westminster,153
Southwark,148
Merton,204
Westminster,135
Bexley,52
Southwark,170
Camden,251
Islington,56
Barnet,69
Hammersmith and Fulham,99
Southwark,63
Waltham Forest,218
Newham,39
Croydon,126
Greenwich,76
Newham,45
Westminster,90
Camden,136
Camden,625
Islington,857
Hammersmith and Fulham,291
Wandsworth,314
Hackney,148
Croydon,123
Camden,58
Barnet,383
Camden,49
Camden,147
Camden,711
Kingston upon Thames,613
Camden,69
Hackney,296
Islington,836
Camden,711
Hackney,81
Richmond upon Thames,600
Kensington and Chelsea,69
Westminster,119
Tower Hamlets,166
Bexley,101
Barnet,243
Lewisham,927
Westminster,48
Tower Hamlets,122
Merton,121
Tower Hamlets,915
Lewisham,835
Southwark,63
Westminster,161
Greenwich,114
Tower Hamlets,142
City of London,285
City of London,243
City of London,285
City of London,282
Wandsworth,73
City of London,286
City of London,247
City of London,282
City of London,387
City of London,465
City of London,414
City of London,492
Tower Hamlets,99
Richmond upon Thames,278
Hackney,203
Ealing,307
Islington,152
Harrow,44
Hammersmith and Fulham,150
Greenwich,277
Hackney,83
Kensington and Chelsea,175
Southwark,55
Lambeth,83
Hillingdon,42
Hammersmith and Fulham,156
Newham,119
Westminster,215
Greenwich,60
Wandsworth,102
Wandsworth,334
Kensington and Chelsea,174
Lewisham,84
Harrow,47
Westminster,264
Westminster,67
Wandsworth,100
Lewisham,170
Redbridge,40
Westminster,81
Lewisham,210
Westminster,69
Westminster,96
Southwark,157
Kensington and Chelsea,236
Kingston upon Thames,65
Newham,108
Tower Hamlets,131
Greenwich,56
Barnet,99
Lambeth,40
Westminster,154
Camden,338
City of London,270
Westminster,144
Lambeth,130
Lambeth,34
Ealing,193
Camden,153
Barking and Dagenham,51
Wandsworth,99
Tower Hamlets,252
Southwark,56
Westminster,113
Hackney,69
Tower Hamlets,132
Camden,209
Westminster,81
Hackney,99
Hackney,234
Lambeth,37
Kensington and Chelsea,317
Kingston upon Thames,37
Tower Hamlets,121
Lambeth,233
Kensington and Chelsea,508
Lambeth,31
Lambeth,31
Lambeth,33
Westminster,184
Barnet,92
,Entire home/apt
Waltham Forest,69
Westminster,191
Tower Hamlets,54
Islington,97
Islington,84
Kensington and Chelsea,185
Brent,305
Lambeth,136
Tower Hamlets,915
Lambeth,54
Greenwich,101
Camden,360
Brent,146
Barnet,128
City of London,153
Hillingdon,323
Hammersmith and Fulham,290
Southwark,128
Westminster,205
Southwark,173
Westminster,71
Barnet,148
Lewisham,927
Tower Hamlets,47
Islington,146
Lewisham,709
Merton,135
Southwark,99
Redbridge,27
Tower Hamlets,627
Newham,165
Southwark,117
Brent,726
Southwark,180
Kingston upon Thames,73
Camden,319
Brent,556
Hackney,735
Merton,96
Camden,357
Westminster,80
Barking and Dagenham,186
Islington,127
Croydon,37
Westminster,288
Westminster,399
Westminster,305
Westminster,427
Enfield,87
Greenwich,29
Kensington and Chelsea,274
Camden,91
Westminster,59
Lambeth,120
Brent,123
Kensington and Chelsea,265
Camden,93
Brent,654
Lambeth,319
Lambeth,153
Bromley,144
Tower Hamlets,128
Wandsworth,189
Ealing,222
Newham,37
Westminster,140
Lewisham,222
Camden,99
Islington,100
Wandsworth,101
Tower Hamlets,182
Brent,617
Barnet,125
Camden,131
Hillingdon,405
Southwark,44
Ealing,368
Southwark,376
Hackney,81
Kensington and Chelsea,175
Kingston upon Thames,162
Westminster,58
Lambeth,49
Barnet,106
Hackney,78
Westminster,583
Lambeth,45
Barnet,88
Wandsworth,90
Barnet,123
Greenwich,150
Brent,47
Greenwich,140
Barnet,57
Westminster,84
Hammersmith and Fulham,144
Tower Hamlets,211
Westminster,153
Westminster,210
Kensington and Chelsea,171
Greenwich,120
Westminster,145
Ealing,126
Southwark,180
Barnet,88
Croydon,68
Tower Hamlets,68
Westminster,82
Camden,200
Southwark,57
Westminster,160
Barnet,105
Barnet,88
Barnet,110
Wandsworth,303
Barnet,99
Barnet,99
Wandsworth,314
Newham,162
Camden,553
Hackney,70
Greenwich,55
Croydon,96
Southwark,68
Camden,64
Hackney,70
Hackney,70
Hackney,62
Lewisham,137
Westminster,160
Islington,113
Barnet,91
Barnet,88
Barnet,94
Barnet,111
Barnet,86
Westminster,225
Southwark,138
Hounslow,93
Westminster,127
Westminster,75
Newham,160
Camden,46
Islington,345
Brent,576
Lewisham,241
Camden,64
Kensington and Chelsea,223
Brent,87
Westminster,46
Hammersmith and Fulham,70
Wandsworth,121
Wandsworth,147
Redbridge,144
Brent,576
Camden,420
Lambeth,193
Camden,422
Camden,104
Lambeth,51
Westminster,292
Hillingdon,76
Hammersmith and Fulham,114
Brent,617
Hackney,63
Wandsworth,325
Haringey,256
Tower Hamlets,75
Newham,145
Tower Hamlets,120
Greenwich,81
Brent,380
Lewisham,142
Tower Hamlets,90
Hillingdon,66
Waltham Forest,171
Westminster,675
Hillingdon,67
Hammersmith and Fulham,283
Hillingdon,53
Tower Hamlets,265
Richmond upon Thames,120
Westminster,139
Waltham Forest,45
Newham,36
Westminster,1293
Lewisham,74
Hammersmith and Fulham,288
Westminster,262
Kensington and Chelsea,115
Westminster,565
Westminster,75
Westminster,2112
Kingston upon Thames,56
Westminster,802
Bromley,45
Westminster,393
Westminster,364
Hammersmith and Fulham,1525
Haringey,103
Haringey,268
Islington,64
Wandsworth,110
Kensington and Chelsea,185
Southwark,394
Kensington and Chelsea,500
Camden,341
Sutton,140
Wandsworth,188
Camden,57
Southwark,103
Enfield,125
Camden,62
Brent,110
Brent,123
Barnet,100
Westminster,234
Tower Hamlets,177
Kensington and Chelsea,177
Islington,69
Islington,64
Islington,64
Islington,64
Waltham Forest,97
Greenwich,155
Hackney,192
Islington,170
Westminster,187
Westminster,134
Hackney,66
Haringey,116
Brent,576
Southwark,52
Waltham Forest,166
Southwark,155
Tower Hamlets,95
Hammersmith and Fulham,240
Westminster,503
Westminster,119
Newham,65
Croydon,120
Hackney,202
Westminster,218
Richmond upon Thames,345
Lewisham,72
Newham,144
Islington,256
Hounslow,217
Kensington and Chelsea,153
Barnet,132
Croydon,314
Camden,133
Hillingdon,74
Hammersmith and Fulham,120
Newham,200
Hammersmith and Fulham,158
Islington,85
Hammersmith and Fulham,480
Barnet,115
Barnet,122
Tower Hamlets,141
Hackney,103
Wandsworth,88
Richmond upon Thames,164
Croydon,78
Hammersmith and Fulham,292
Kensington and Chelsea,120
Lambeth,37
Tower Hamlets,184
Westminster,720
Ealing,60
Tower Hamlets,184
Tower Hamlets,184
Ealing,97
Lewisham,50
Hillingdon,130
Westminster,84
Barking and Dagenham,47
Westminster,180
Barnet,84
Lambeth,41
Bromley,50
Barnet,114
Lambeth,41
Merton,224
Westminster,437
Kensington and Chelsea,190
Camden,129
Newham,112
Wandsworth,59
Redbridge,37
Redbridge,41
Kensington and Chelsea,77
Hounslow,45
Newham,75
Camden,213
Brent,50
Brent,189
Newham,148
Hackney,131
Greenwich,112
Lewisham,108
Hammersmith and Fulham,133
Greenwich,87
Croydon,134
Kensington and Chelsea,229
Camden,156
Tower Hamlets,105
Hammersmith and Fulham,344
Kensington and Chelsea,167
Wandsworth,194
Newham,73
Westminster,180
Islington,153
Lambeth,182
Brent,140
Kensington and Chelsea,140
Wandsworth,204
Merton,164
Islington,152
Tower Hamlets,136
Hackney,107
Tower Hamlets,199
Islington,78
Tower Hamlets,99
Havering,254
Wandsworth,161
Ealing,274
Haringey,55
Tower Hamlets,188
Barnet,65
Greenwich,128
Lambeth,140
Haringey,78
Barnet,81
Richmond upon Thames,195
Greenwich,135
Tower Hamlets,225
Camden,279
Greenwich,123
Kensington and Chelsea,224
Brent,180
Wandsworth,119
Kensington and Chelsea,164
Kensington and Chelsea,401
Hillingdon,72
Islington,116
Greenwich,250
Bromley,49
Camden,162
Wandsworth,139
Islington,58
Westminster,274
Waltham Forest,57
Lambeth,128
Enfield,225
Kensington and Chelsea,560
Hackney,117
Lewisham,146
Wandsworth,120
Tower Hamlets,60
Lambeth,49
Tower Hamlets,45
Tower Hamlets,46
Tower Hamlets,42
Kingston upon Thames,187
Westminster,136
Greenwich,446
Lambeth,35
Kensington and Chelsea,106
Hackney,161
Westminster,155
Hackney,212
Hackney,211
Haringey,112
Southwark,77
Lewisham,38
Tower Hamlets,106
Hackney,73
Tower Hamlets,211
Greenwich,785
Islington,76
Greenwich,340
Islington,185
Wandsworth,137
Havering,58
Barking and Dagenham,171
Kensington and Chelsea,149
Tower Hamlets,91
Tower Hamlets,103
Tower Hamlets,44
Ealing,98
Wandsworth,140
Wandsworth,41
Westminster,132
Greenwich,505
Newham,172
Hackney,277
Hackney,55
Camden,105
Hackney,47
Ealing,121
Camden,185
Westminster,144
Camden,46
Sutton,42
Wandsworth,314
Camden,254
Merton,136
Bromley,86
Westminster,58
Hammersmith and Fulham,75
Greenwich,44
Westminster,160
Southwark,64
Westminster,277
Haringey,86
Southwark,99
Haringey,180
Hounslow,35
Newham,68
Camden,88
Lambeth,62
Camden,163
Croydon,159
Kensington and Chelsea,99
Camden,42
Camden,46
Westminster,37
Westminster,118
Wandsworth,213
Wandsworth,105
Islington,241
Islington,137
Wandsworth,112
Brent,72
Waltham Forest,112
Newham,162
Haringey,94
Westminster,129
Richmond upon Thames,415
Croydon,27
Brent,145
Haringey,63
Camden,74
Hammersmith and Fulham,167
Camden,206
Southwark,209
Westminster,41
Southwark,126
Wandsworth,42
Westminster,244
Lambeth,35
Kingston upon Thames,90
Haringey,147
Greenwich,37
Hammersmith and Fulham,118
Redbridge,40
Lambeth,107
Islington,36
Tower Hamlets,44
Wandsworth,70
Waltham Forest,89
Barnet,114
Hackney,265
Greenwich,216
Camden,65
Brent,146
Islington,78
Southwark,94
Hackney,45
Hammersmith and Fulham,350
Lambeth,84
Lambeth,90
Southwark,92
Hammersmith and Fulham,440
Southwark,120
Tower Hamlets,111
Kensington and Chelsea,97
Westminster,102
Westminster,347
Westminster,328
Camden,165
Bromley,323
Lewisham,113
Westminster,283
Westminster,97
Hackney,117
Newham,161
Wandsworth,103
Wandsworth,187
Islington,163
Waltham Forest,106
Barnet,122
Hammersmith and Fulham,171
Camden,270
Kensington and Chelsea,118
Hackney,235
City of London,298
Harrow,72
Hackney,91
Westminster,765
Kensington and Chelsea,643
Lambeth,90
Ealing,315
Westminster,276
Haringey,83
Kensington and Chelsea,75
Hammersmith and Fulham,100
Westminster,224
Kensington and Chelsea,75
Hackney,72
Hammersmith and Fulham,135
Lambeth,98
Tower Hamlets,42
Camden,275
Camden,263
Redbridge,139
Barking and Dagenham,63
Hammersmith and Fulham,165
Hammersmith and Fulham,188
Westminster,905
Hounslow,179
Hammersmith and Fulham,157
Brent,67
Kensington and Chelsea,236
City of London,149
Islington,212
Southwark,58
Southwark,123
Kensington and Chelsea,240
Richmond upon Thames,273
City of London,150
Westminster,46
Lambeth,203
Kensington and Chelsea,369
Kensington and Chelsea,324
Wandsworth,241
Barnet,44
Hillingdon,60
Hillingdon,70
Westminster,203
Kensington and Chelsea,182
Hammersmith and Fulham,782
Kensington and Chelsea,227
Kensington and Chelsea,297
Barnet,103
Brent,228
Westminster,253
Tower Hamlets,86
Westminster,170
Kensington and Chelsea,116
Lambeth,143
Hammersmith and Fulham,815
Kensington and Chelsea,431
Kensington and Chelsea,102
Westminster,172
Islington,161
City of London,342
Lewisham,49
Kensington and Chelsea,456
Hounslow,36
Tower Hamlets,57
Kensington and Chelsea,180
Bromley,71
Wandsworth,39
Westminster,168
Wandsworth,118
Hammersmith and Fulham,279
Wandsworth,320
Westminster,140
Hammersmith and Fulham,250
Kensington and Chelsea,216
Brent,200
Bexley,143
Kensington and Chelsea,200
Hammersmith and Fulham,252
Westminster,351
Tower Hamlets,89
Kingston upon Thames,428
Westminster,3710
Wandsworth,108
Kensington and Chelsea,125
Greenwich,71
Kingston upon Thames,184
Wandsworth,148
Enfield,174
Havering,69
Hammersmith and Fulham,127
Hammersmith and Fulham,140
Wandsworth,114
Westminster,110
Wandsworth,114
Merton,105
Tower Hamlets,166
Tower Hamlets,54
Westminster,148
Haringey,62
Camden,258
Camden,207
Westminster,234
Haringey,54
Hackney,95
Haringey,62
Lambeth,80
Haringey,63
Haringey,105
Camden,250
Camden,89
Westminster,48
Hackney,139
Hammersmith and Fulham,222
Westminster,269
Hammersmith and Fulham,388
Kensington and Chelsea,272
Lambeth,73
Kensington and Chelsea,218
Southwark,337
Westminster,81
Haringey,90
Islington,80
Islington,182
Lewisham,101
Bromley,45
Croydon,80
Haringey,103
Enfield,73
Lambeth,47
Camden,179
Southwark,219
Lambeth,192
Wandsworth,261
Hammersmith and Fulham,168
Islington,65
Croydon,39
Brent,106
Islington,54
Hillingdon,57
Merton,91
Westminster,149
Islington,173
Southwark,241
Barnet,111
Southwark,126
Islington,45
Islington,52
Tower Hamlets,133
Islington,58
Tower Hamlets,172
Kensington and Chelsea,986
Hammersmith and Fulham,179
Barnet,163
Lambeth,337
Westminster,249
Croydon,106
Hillingdon,57
Westminster,110
Hillingdon,89
Haringey,54
Camden,295
Lewisham,54
Lambeth,239
Kensington and Chelsea,96
Tower Hamlets,97
Westminster,175
Kensington and Chelsea,143
Sutton,206
Lambeth,148
Croydon,102
Haringey,159
Hammersmith and Fulham,68
Hammersmith and Fulham,81
Barnet,135
Hillingdon,166
Brent,60
Hammersmith and Fulham,55
Brent,53
Southwark,246
Hammersmith and Fulham,202
Westminster,336
Hammersmith and Fulham,123
Kensington and Chelsea,1039
Richmond upon Thames,48
Wandsworth,103
Barnet,137
Waltham Forest,102
Westminster,402
Tower Hamlets,127
Brent,163
Kensington and Chelsea,174
Hounslow,118
Enfield,95
Brent,124
Tower Hamlets,47
Enfield,79
Enfield,77
Wandsworth,199
Enfield,87
Kensington and Chelsea,143
Tower Hamlets,63
Enfield,77
Westminster,68
Barnet,203
Hammersmith and Fulham,81
Barnet,131
Ealing,45
Camden,80
Brent,255
Tower Hamlets,100
Tower Hamlets,284
Kensington and Chelsea,114
Kensington and Chelsea,212
Kensington and Chelsea,162
Wandsworth,165
Westminster,228
Tower Hamlets,43
Lewisham,182
Redbridge,123
Camden,452
Wandsworth,37
Richmond upon Thames,69
Haringey,60
Tower Hamlets,78
Tower Hamlets,90
Tower Hamlets,140
Ealing,121
Kensington and Chelsea,92
Ealing,36
Tower Hamlets,99
Lewisham,187
Bexley,166
Southwark,60
Tower Hamlets,86
Southwark,59
Southwark,59
Hammersmith and Fulham,179
Hounslow,46
Richmond upon Thames,318
Ealing,43
Barnet,52
Barnet,55
Ealing,179
Barnet,58
Hammersmith and Fulham,312
Merton,96
Hackney,51
Lewisham,84
Hackney,62
Westminster,98
Hammersmith and Fulham,332
Greenwich,38
Westminster,136
Islington,265
Kensington and Chelsea,168
Camden,49
Greenwich,72
Southwark,162
Westminster,296
Sutton,80
Southwark,203
Camden,219
Wandsworth,80
Brent,168
Westminster,86
Haringey,81
Haringey,92
Barking and Dagenham,34
Kensington and Chelsea,255
Greenwich,372
Camden,75
Croydon,23
Hammersmith and Fulham,60
Newham,102
Southwark,138
Tower Hamlets,1822
Haringey,96
Barnet,192
Tower Hamlets,240
Hammersmith and Fulham,213
Ealing,107
Southwark,92
Wandsworth,206
Westminster,184
Barking and Dagenham,114
Lambeth,135
Camden,118
Camden,138
Camden,371
Wandsworth,175
Lambeth,225
Westminster,200
Brent,47
Southwark,278
Havering,53
Ealing,97
Croydon,55
Croydon,60
Hammersmith and Fulham,128
Westminster,900
Kensington and Chelsea,177
Westminster,110
Brent,101
Kensington and Chelsea,118
Greenwich,30
Camden,203
Camden,226
Hackney,207
Hillingdon,177
Barnet,53
Westminster,102
Tower Hamlets,514
Hackney,95
Southwark,95
Westminster,105
Kingston upon Thames,46
Lambeth,214
Lambeth,172
Barking and Dagenham,52
Enfield,306
Westminster,92
Merton,53
Kensington and Chelsea,319
Westminster,92
Hillingdon,329
Camden,275
Camden,499
Wandsworth,50
Hackney,49
Wandsworth,280
Kensington and Chelsea,210
Brent,130
Ealing,72
Hounslow,46
Kensington and Chelsea,220
Ealing,93
Wandsworth,137
Croydon,125
Westminster,138
Wandsworth,112
Croydon,31
Camden,155
Lewisham,152
Newham,199
Southwark,83
Lambeth,733
Newham,197
Tower Hamlets,87
Westminster,400
Kensington and Chelsea,186
Islington,65
Hammersmith and Fulham,250
Croydon,200
Westminster,245
Hackney,72
Hackney,50
Ealing,139
Hackney,134
Lambeth,133
Tower Hamlets,98
Bexley,80
Redbridge,54
Camden,125
Southwark,119
Kingston upon Thames,114
Hackney,429
Camden,233
Tower Hamlets,37
Wandsworth,200
Hackney,81
Camden,76
Westminster,152
Hillingdon,92
Hackney,424
Hammersmith and Fulham,158
Hounslow,71
Westminster,200
Westminster,200
Westminster,200
Tower Hamlets,98
Westminster,200
Islington,70
Westminster,200
Islington,215
Hackney,86
Ealing,96
Kensington and Chelsea,234
Wandsworth,47
Wandsworth,240
Hammersmith and Fulham,175
Tower Hamlets,131
Hounslow,123
Hillingdon,61
Westminster,70
Southwark,182
Ealing,62
Hammersmith and Fulham,58
Southwark,9999
Hackney,148
Kensington and Chelsea,167
Havering,53
Islington,147
Lambeth,205
Kensington and Chelsea,381
Wandsworth,384
Westminster,249
Greenwich,99
Barnet,118
Greenwich,120
Camden,121
Westminster,91
Greenwich,140
Kensington and Chelsea,229
Westminster,385
Kensington and Chelsea,180
Richmond upon Thames,176
Wandsworth,88
Westminster,266
Kensington and Chelsea,194
Tower Hamlets,225
Barking and Dagenham,31
Tower Hamlets,173
Westminster,83
Tower Hamlets,186
Kensington and Chelsea,193
Barking and Dagenham,179
Kensington and Chelsea,70
Wandsworth,83
Hammersmith and Fulham,187
Tower Hamlets,33
Tower Hamlets,69
Croydon,50
Croydon,42
Islington,100
Lewisham,272
Barking and Dagenham,52
Westminster,181
Westminster,177
Camden,84
Brent,118
Barnet,455
Harrow,435
Barnet,73
Westminster,233
Camden,51
Camden,357
Hackney,87
Westminster,155
Lambeth,114
Westminster,59
Haringey,138
Kensington and Chelsea,80
Hammersmith and Fulham,235
Croydon,110
Lambeth,230
Ealing,108
Redbridge,100
Merton,95
Camden,160
Richmond upon Thames,110
Westminster,107
Islington,114
Westminster,136
Richmond upon Thames,117
Wandsworth,300
Richmond upon Thames,208
Bexley,257
Westminster,1065
Westminster,296
Merton,222
Westminster,430
Camden,168
Southwark,241
Lewisham,45
Harrow,49
Barking and Dagenham,122
Lewisham,36
Merton,144
Croydon,110
Richmond upon Thames,67
Greenwich,139
Waltham Forest,130
Wandsworth,274
Tower Hamlets,181
Hackney,48
Haringey,84
Westminster,117
Haringey,79
Brent,131
Barnet,170
Barnet,56
Wandsworth,137
Southwark,105
Kensington and Chelsea,256
Westminster,220
Westminster,170
Kensington and Chelsea,160
Southwark,67
Waltham Forest,166
Brent,249
Tower Hamlets,82
Hounslow,138
Southwark,83
Hackney,93
Kensington and Chelsea,160
Southwark,90
Havering,72
Havering,185
Camden,126
Barking and Dagenham,135
Bromley,181
Kensington and Chelsea,185
Brent,575
Hammersmith and Fulham,213
Islington,101
Merton,146
Kensington and Chelsea,135
Westminster,171
Hammersmith and Fulham,131
Camden,89
Barnet,50
Kensington and Chelsea,463
Westminster,93
Camden,62
Waltham Forest,84
Haringey,58
Kingston upon Thames,700
Haringey,56
Westminster,181
Brent,51
Islington,159
Tower Hamlets,155
Havering,136
Ealing,138
Tower Hamlets,153
Newham,189
Lambeth,58
Harrow,120
Bexley,61
Newham,86
Tower Hamlets,54
Hammersmith and Fulham,102
Ealing,41
Hammersmith and Fulham,100
Waltham Forest,80
Islington,91
Newham,73
Westminster,263
Hounslow,89
Southwark,61
Southwark,61
Southwark,52
Wandsworth,235
Hackney,302
Southwark,80
Tower Hamlets,129
Haringey,254
Hammersmith and Fulham,121
Hammersmith and Fulham,121
Hammersmith and Fulham,109
Hammersmith and Fulham,120
Tower Hamlets,219
Wandsworth,215
Lewisham,197
Wandsworth,150
Wandsworth,175
Southwark,740
Greenwich,275
Islington,209
Newham,197
Greenwich,335
Southwark,138
Westminster,161
Westminster,117
Kingston upon Thames,56
Wandsworth,57
Havering,105
Kensington and Chelsea,89
Camden,245
Greenwich,126
Brent,281
Kensington and Chelsea,108
Newham,138
Kingston upon Thames,97
Richmond upon Thames,74
Westminster,96
Waltham Forest,219
Newham,138
Westminster,101
Hackney,256
Hackney,125
Croydon,65
Hackney,66
Greenwich,140
Hammersmith and Fulham,98
Brent,180
Sutton,43
Westminster,206
Hackney,141
Kensington and Chelsea,231
Merton,44
Merton,54
Merton,44
Merton,52
Lewisham,117
Hounslow,72
Hackney,170
Bexley,96
Newham,158
Hackney,119
Kensington and Chelsea,193
Westminster,163
Barking and Dagenham,147
Lambeth,81
Westminster,155
Tower Hamlets,46
Bromley,114
Lewisham,50
Lewisham,38
Southwark,560
Croydon,62
Bromley,31
Hackney,29
Newham,116
Barnet,127
Croydon,98
Kensington and Chelsea,331
Westminster,512
Tower Hamlets,110
Waltham Forest,48
Croydon,64
Wandsworth,48
Hammersmith and Fulham,62
Westminster,154
Kensington and Chelsea,70
Hackney,85
Newham,252
Greenwich,104
Kensington and Chelsea,230
Greenwich,88
Westminster,101
Hillingdon,138
Greenwich,64
Westminster,172
Hounslow,42
Wandsworth,173
Havering,68
Westminster,140
Barnet,67
Newham,55
Hackney,98
Croydon,66
Camden,44
Camden,132
Camden,40
Southwark,116
Barnet,104
Kensington and Chelsea,187
Kingston upon Thames,206
Ealing,116
Hackney,147
Bexley,184
Tower Hamlets,114
Southwark,314
Camden,199
Islington,135
Westminster,239
Westminster,255
Westminster,239
Greenwich,118
Camden,141
Wandsworth,135
Brent,271
Camden,141
Richmond upon Thames,121
Brent,78
Westminster,285
Wandsworth,131
Kensington and Chelsea,125
Wandsworth,131
Wandsworth,279
Barnet,135
Westminster,324
Wandsworth,254
Westminster,916
Westminster,250
Hackney,327
Hackney,89
Westminster,286
Tower Hamlets,298
Camden,94
Tower Hamlets,338
Barnet,132
Greenwich,125
Westminster,286
Tower Hamlets,160
Kensington and Chelsea,212
Westminster,316
Islington,202
Camden,92
Westminster,250
Westminster,400
Westminster,350
Bromley,91
Westminster,158
Hackney,65
Southwark,73
Westminster,188
Barnet,120
Kensington and Chelsea,246
Brent,371
Camden,258
Camden,300
Hounslow,46
Brent,130
Westminster,91
Kensington and Chelsea,173
Camden,179
Haringey,59
Croydon,85
Wandsworth,222
Wandsworth,9999
Croydon,85
Westminster,643
Hounslow,54
Camden,270
Westminster,146
Lambeth,54
Islington,353
Barnet,102
Kensington and Chelsea,66
Barking and Dagenham,57
Wandsworth,65
Lambeth,57
Kensington and Chelsea,203
Kensington and Chelsea,270
Islington,169
Hillingdon,53
Camden,127
Richmond upon Thames,149
Tower Hamlets,333
Lambeth,147
Westminster,105
Camden,127
Camden,78
Tower Hamlets,127
Wandsworth,52
Kensington and Chelsea,75
Lewisham,55
Wandsworth,52
Hammersmith and Fulham,245
Croydon,45
Camden,204
Waltham Forest,65
Southwark,65
Southwark,73
Southwark,64
Islington,109
Hounslow,114
Westminster,143
Westminster,126
Lambeth,146
Westminster,144
Waltham Forest,55
Barnet,103
Westminster,133
Westminster,125
Newham,83
Southwark,182
Camden,187
Hammersmith and Fulham,348
Ealing,205
Hackney,120
Tower Hamlets,54
Southwark,102
Greenwich,159
Kensington and Chelsea,259
Waltham Forest,47
Westminster,326
Greenwich,159
Kensington and Chelsea,100
Newham,36
Westminster,238
Ealing,48
Hackney,66
Westminster,231
Kensington and Chelsea,68
Tower Hamlets,80
Newham,33
Ealing,40
Ealing,40
Ealing,40
Lambeth,506
Bromley,259
Lambeth,572
Lambeth,445
Lambeth,505
Lambeth,399
Waltham Forest,217
Kensington and Chelsea,75
Lewisham,64
Hounslow,211
Croydon,173
Kensington and Chelsea,79
Newham,74
Wandsworth,322
Westminster,185
Southwark,165
Harrow,168
Wandsworth,123
Camden,151
Haringey,95
Harrow,96
Southwark,271
Greenwich,189
Redbridge,134
Barnet,132
Westminster,217
Southwark,114
Brent,315
Lambeth,46
Westminster,207
Lambeth,78
Lambeth,73
Hackney,80
Bromley,113
Tower Hamlets,144
Tower Hamlets,144
Lewisham,46
Lambeth,876
Westminster,205
Brent,104
Barnet,35
Ealing,205
Hounslow,160
Ealing,89
Newham,251
Hammersmith and Fulham,83
Islington,148
Southwark,300
Southwark,315
Camden,64
Hackney,270
Camden,202
Hillingdon,107
Hounslow,148
Hackney,127
Hounslow,89
Merton,191
Islington,51
Westminster,385
Wandsworth,48
Tower Hamlets,170
Islington,125
Islington,112
Newham,134
Newham,78
Newham,134
Greenwich,135
Tower Hamlets,77
Kensington and Chelsea,165
Kensington and Chelsea,105
Haringey,176
Kensington and Chelsea,232
Lambeth,171
Lambeth,783
Wandsworth,116
Hillingdon,69
Hounslow,227
Wandsworth,115
Bexley,259
Tower Hamlets,329
Hackney,215
Lambeth,705
Lambeth,783
Enfield,115
Westminster,108
Hackney,95
Ealing,40
Westminster,104
Westminster,52
Brent,291
Westminster,149
Southwark,127
Wandsworth,122
Harrow,25
Tower Hamlets,260
Brent,135
Croydon,66
Hackney,108
Hammersmith and Fulham,117
Hackney,46
Kensington and Chelsea,187
Kensington and Chelsea,123
Islington,141
Enfield,179
Lambeth,80
Kensington and Chelsea,207
Newham,176
Hackney,53
Southwark,608
Hackney,48
Tower Hamlets,184
Waltham Forest,107
Camden,82
Westminster,139
Camden,155
Lambeth,144
Hillingdon,150
Westminster,175
Tower Hamlets,326
Tower Hamlets,121
Camden,468
Hackney,109
Hounslow,124
Tower Hamlets,73
Ealing,40
Croydon,90
Ealing,61
Westminster,243
Hillingdon,46
Islington,274
Ealing,55
Westminster,863
Waltham Forest,104
Barking and Dagenham,173
Brent,230
Southwark,125
Brent,149
Tower Hamlets,83
Hammersmith and Fulham,131
Brent,409
Hammersmith and Fulham,136
Croydon,53
Westminster,62
Camden,47
Greenwich,64
Tower Hamlets,665
Bexley,80
Westminster,790
Lambeth,113
Newham,168
Westminster,259
Westminster,124
Waltham Forest,166
Lambeth,167
Newham,114
Westminster,302
Greenwich,114
Hackney,86
Southwark,108
Barking and Dagenham,98
Waltham Forest,111
Southwark,157
Westminster,1194
Southwark,150
Barnet,184
Hammersmith and Fulham,254
Ealing,126
Islington,120
Bexley,146
Hackney,351
Lewisham,228
Hackney,92
Ealing,343
Newham,163
Barking and Dagenham,223
Barnet,92
Camden,165
Croydon,63
Kensington and Chelsea,300
Hammersmith and Fulham,248
Barnet,212
Lambeth,372
Tower Hamlets,171
Kensington and Chelsea,283
Westminster,254
Camden,180
Tower Hamlets,49
Ealing,143
Hillingdon,192
Hackney,238
Wandsworth,310
Hounslow,240
Newham,219
Westminster,291
Greenwich,150
Kensington and Chelsea,338
Croydon,118
Bexley,217
Kensington and Chelsea,128
Tower Hamlets,96
Newham,85
Kensington and Chelsea,255
Kensington and Chelsea,267
Tower Hamlets,168
Camden,147
Tower Hamlets,172
Tower Hamlets,93
Islington,140
Hammersmith and Fulham,61
Westminster,101
Greenwich,27
Hillingdon,164
Wandsworth,273
Croydon,63
Hackney,150
Brent,20
Westminster,37
Havering,90
Wandsworth,290
Westminster,72
Kensington and Chelsea,164
Westminster,48
Newham,190
Westminster,50
Westminster,46
Westminster,109
Merton,120
Westminster,123
Sutton,50
Southwark,91
Brent,223
Tower Hamlets,82
Southwark,86
Croydon,43
Ealing,43
Tower Hamlets,160
Ealing,131
Richmond upon Thames,80
Lewisham,140
Wandsworth,82
Wandsworth,140
Lewisham,173
Redbridge,65
Lambeth,152
Westminster,392
Barnet,114
Tower Hamlets,62
Brent,39
Lewisham,148
Westminster,224
Westminster,181
Wandsworth,277
Kensington and Chelsea,285
Westminster,301
Westminster,295
Kensington and Chelsea,350
Kensington and Chelsea,199
Camden,247
Camden,163
Lewisham,59
City of London,220
Greenwich,58
Kensington and Chelsea,78
Tower Hamlets,125
Tower Hamlets,141
Lewisham,158
Camden,105
Westminster,53
Lambeth,58
Merton,201
Tower Hamlets,196
Barnet,219
Wandsworth,54
Southwark,132
Westminster,560
Redbridge,496
Bromley,79
Camden,253
Lambeth,61
Lambeth,58
Lambeth,50
Camden,135
Sutton,119
Merton,133
Hackney,136
Lewisham,121
Hackney,104
Tower Hamlets,57
Camden,194
Newham,84
Bromley,49
Kensington and Chelsea,177
Hillingdon,130
Hackney,375
Islington,54
Hounslow,32
Wandsworth,45
Westminster,144
Tower Hamlets,94
Redbridge,219
Ealing,101
Newham,129
Newham,174
Camden,71
Lambeth,63
Barnet,208
Lewisham,83
Barnet,69
Hounslow,118
Camden,147
Islington,165
Bromley,49
Westminster,134
Westminster,169
Tower Hamlets,67
Hackney,49
Barnet,119
Islington,305
Westminster,116
Lambeth,165
Newham,208
Lambeth,112
Islington,251
Camden,116
Hackney,232
Wandsworth,151
Westminster,140
Southwark,159
Southwark,159
Lambeth,193
Waltham Forest,171
Lewisham,35
Kingston upon Thames,200
Hammersmith and Fulham,114
Southwark,48
Westminster,113
Kensington and Chelsea,148
Westminster,431
Islington,321
Southwark,103
Tower Hamlets,185
Southwark,164
Lambeth,49
Islington,345
Newham,63
Westminster,140
Wandsworth,275
Tower Hamlets,216
Westminster,140
Hounslow,105
Barnet,80
Wandsworth,37
Wandsworth,427
Richmond upon Thames,540
Hackney,316
Tower Hamlets,60
Camden,245
Brent,69
Lambeth,67
Hammersmith and Fulham,176
Bexley,140
Hounslow,109
Southwark,337
Kensington and Chelsea,77
Southwark,192
Westminster,75
Havering,104
Ealing,237
Enfield,227
Greenwich,133
Lambeth,87
Enfield,148
Camden,204
Lambeth,181
Westminster,480
Richmond upon Thames,140
Westminster,347
Kensington and Chelsea,200
Westminster,230
Brent,184
Kensington and Chelsea,197
Barnet,228
Sutton,142
Sutton,142
Sutton,173
Tower Hamlets,141
Bromley,96
Lewisham,21
Harrow,298
Richmond upon Thames,199
Greenwich,153
Greenwich,140
Tower Hamlets,238
Greenwich,140
Southwark,315
Southwark,315
Greenwich,133
Tower Hamlets,302
Redbridge,55
Bromley,54
Lambeth,55
Islington,132
Brent,166
Barnet,115
Barnet,225
Merton,191
Hillingdon,70
Islington,179
Barking and Dagenham,128
Croydon,107
Islington,111
Westminster,395
Barnet,108
Camden,183
Lambeth,160
Newham,214
Lambeth,115
Barnet,1053
Tower Hamlets,166
Hammersmith and Fulham,164
Camden,108
Croydon,33
Newham,35
Kensington and Chelsea,185
Merton,44
Lambeth,240
Waltham Forest,184
Camden,90
Hackney,181
Barnet,100
Lewisham,154
Barnet,100
Brent,154
Tower Hamlets,318
Hammersmith and Fulham,142
Hammersmith and Fulham,354
Hackney,183
Tower Hamlets,196
Bromley,88
Westminster,54
Westminster,212
Kensington and Chelsea,273
Southwark,48
Camden,300
Southwark,103
Kensington and Chelsea,246
Tower Hamlets,105
Brent,162
Brent,175
Barnet,125
Haringey,150
Bromley,178
Westminster,297
Greenwich,64
Tower Hamlets,380
Sutton,50
Brent,85
Hackney,100
Sutton,54
Sutton,54
Merton,114
Camden,287
Wandsworth,135
Kensington and Chelsea,319
Westminster,197
Kensington and Chelsea,117
Newham,217
Westminster,197
Tower Hamlets,174
Sutton,96
Westminster,325
Kensington and Chelsea,147
Croydon,112
Hackney,234
Camden,328
Wandsworth,102
Westminster,4337
Islington,128
Richmond upon Thames,71
Barking and Dagenham,54
Camden,151
Camden,123
Islington,62
Hammersmith and Fulham,287
Lewisham,150
Croydon,251
Enfield,451
Wandsworth,315
Croydon,100
Ealing,140
Newham,185
Kensington and Chelsea,135
Westminster,346
Croydon,250
Kensington and Chelsea,201
Tower Hamlets,51
Camden,450
Hounslow,125
Westminster,186
Hammersmith and Fulham,99
Westminster,87
Hackney,158
Lambeth,127
Hammersmith and Fulham,148
Kensington and Chelsea,480
Barnet,89
Brent,206
Greenwich,140
Richmond upon Thames,71
Barnet,171
Greenwich,140
Southwark,532
Westminster,323
Greenwich,114
Lambeth,87
Ealing,84
Hackney,55
Islington,72
Wandsworth,207
Lewisham,132
Hounslow,42
Hounslow,206
Hammersmith and Fulham,193
Kensington and Chelsea,340
Hackney,78
Croydon,48
Kensington and Chelsea,257
Hackney,81
Sutton,50
Hammersmith and Fulham,259
Hounslow,58
Redbridge,177
Enfield,64
Islington,160
Wandsworth,40
Richmond upon Thames,37
Ealing,92
Kensington and Chelsea,285
Kensington and Chelsea,122
Kensington and Chelsea,133
Lambeth,125
Waltham Forest,64
Southwark,114
Westminster,96
Hammersmith and Fulham,304
Tower Hamlets,9999
Kensington and Chelsea,356
Islington,160
Hounslow,118
Bromley,238
Hackney,148
Westminster,213
Wandsworth,380
Tower Hamlets,90
Kensington and Chelsea,260
Hammersmith and Fulham,236
Greenwich,94
Lambeth,150
Camden,303
Islington,160
Hammersmith and Fulham,187
Hammersmith and Fulham,174
Tower Hamlets,121
Camden,155
Bromley,63
Camden,190
Greenwich,193
Hammersmith and Fulham,53
Hammersmith and Fulham,137
Barnet,141
Lambeth,572
Westminster,700
Kensington and Chelsea,600
Croydon,97
Tower Hamlets,275
Ealing,102
Kensington and Chelsea,72
Camden,264
Islington,288
Hackney,122
Greenwich,256
Camden,124
Westminster,195
Camden,206
Hillingdon,77
Westminster,149
Westminster,133
Westminster,85
Southwark,449
Tower Hamlets,188
Merton,115
Greenwich,62
Tower Hamlets,47
Tower Hamlets,267
Tower Hamlets,254
Westminster,286
Camden,212
Southwark,223
Wandsworth,126
Westminster,204
Islington,162
Hammersmith and Fulham,120
Newham,83
Tower Hamlets,51
Camden,400
Wandsworth,353
Waltham Forest,200
Southwark,172
Hillingdon,118
Tower Hamlets,51
Richmond upon Thames,81
Tower Hamlets,300
Lewisham,126
Westminster,747
Hammersmith and Fulham,221
Camden,238
Brent,107
Newham,222
Wandsworth,423
Kensington and Chelsea,79
Bexley,128
Westminster,106
Westminster,290
Redbridge,119
Southwark,233
Tower Hamlets,128
Westminster,306
Westminster,147
Newham,114
Ealing,76
Brent,94
Westminster,273
Westminster,2308
Camden,445
Westminster,127
Islington,75
Harrow,104
Westminster,120
Wandsworth,143
Southwark,121
Lewisham,95
Westminster,206
Kensington and Chelsea,960
Lambeth,175
Wandsworth,173
Wandsworth,57
Lambeth,175
Westminster,77
Tower Hamlets,42
Westminster,134
Hammersmith and Fulham,163
Barnet,184
Barnet,59
Westminster,124
Camden,218
Waltham Forest,128
Kensington and Chelsea,91
Lewisham,130
Hounslow,75
Southwark,127
Harrow,161
Bromley,409
Enfield,226
Lambeth,35
Brent,42
Brent,288
Westminster,170
Hackney,151
Tower Hamlets,112
Bromley,40
Tower Hamlets,252
Tower Hamlets,186
Hounslow,41
Southwark,171
Tower Hamlets,56
Hackney,68
Camden,573
Southwark,50
Tower Hamlets,196
Hillingdon,57
Brent,35
Hillingdon,62
Southwark,205
Wandsworth,41
Islington,278
Ealing,90
Enfield,61
Brent,42
Barnet,267
Hammersmith and Fulham,192
Southwark,336
Wandsworth,200
Waltham Forest,30
Tower Hamlets,72
Hounslow,200
Hounslow,81
Lambeth,120
Brent,78
Hackney,124
Wandsworth,143
Westminster,269
Ealing,174
Tower Hamlets,286
Hammersmith and Fulham,96
Tower Hamlets,149
Ealing,112
Harrow,177
Lewisham,147
Hammersmith and Fulham,151
Kensington and Chelsea,134
Westminster,157
Westminster,149
Wandsworth,140
Hackney,27
Redbridge,177
Redbridge,154
Westminster,521
Newham,156
Islington,135
Hillingdon,37
Westminster,199
Barnet,153
Westminster,131
Brent,122
Hillingdon,45
Kensington and Chelsea,178
Barnet,114
Westminster,445
Islington,146
Westminster,66
Westminster,158
Richmond upon Thames,47
Camden,207
Lambeth,79
Greenwich,145
Kensington and Chelsea,120
Croydon,132
Westminster,252
Hammersmith and Fulham,135
Lewisham,183
Hammersmith and Fulham,119
Westminster,106
Westminster,358
Camden,42
Westminster,245
Brent,67
Wandsworth,186
Wandsworth,48
Southwark,163
Brent,50
Tower Hamlets,148
Brent,53
Wandsworth,77
Wandsworth,58
Kensington and Chelsea,263
Southwark,87
Westminster,435
Kensington and Chelsea,75
Wandsworth,60
Wandsworth,65
Southwark,201
Croydon,42
Camden,245
Westminster,219
Tower Hamlets,222
Kensington and Chelsea,226
Hackney,69
Redbridge,224
Kensington and Chelsea,446
Tower Hamlets,166
Tower Hamlets,181
Greenwich,55
Newham,170
Ealing,98
Kensington and Chelsea,326
Tower Hamlets,95
Barnet,106
Lambeth,916
Hackney,43
Newham,128
Westminster,128
Hillingdon,222
Camden,266
Hackney,61
Lambeth,166
Croydon,86
Tower Hamlets,300
Tower Hamlets,297
Islington,132
Camden,200
Westminster,251
Camden,276
Camden,340
Lambeth,114
Westminster,1920
Tower Hamlets,157
Tower Hamlets,200
Hackney,169
Lambeth,186
Camden,52
Hackney,149
Hackney,215
Islington,131
Lewisham,176
Barnet,58
Lambeth,180
Haringey,46
Islington,216
Westminster,174
Westminster,367
Westminster,122
Brent,222
Wandsworth,89
Barking and Dagenham,228
Hackney,95
Barnet,81
Kensington and Chelsea,230
Kensington and Chelsea,191
Tower Hamlets,83
Hounslow,126
Tower Hamlets,185
Westminster,471
Newham,65
Westminster,167
Westminster,175
Hillingdon,159
Tower Hamlets,1154
Camden,71
Greenwich,120
Kensington and Chelsea,204
Kensington and Chelsea,204
Kensington and Chelsea,164
Ealing,181
Wandsworth,37
Lewisham,97
Newham,56
Ealing,119
Tower Hamlets,110
Tower Hamlets,132
Westminster,149
Greenwich,106
Richmond upon Thames,124
Lewisham,195
Newham,56
Kensington and Chelsea,329
Barnet,56
Barnet,66
Barnet,179
Islington,60
Camden,138
Westminster,89
Waltham Forest,208
Newham,62
Waltham Forest,142
Ealing,66
Greenwich,45
Tower Hamlets,48
Southwark,106
Hammersmith and Fulham,160
Hackney,120
Lewisham,85
Brent,37
Westminster,163
Lewisham,30
Islington,82
Harrow,92
Westminster,570
Lewisham,138
Southwark,54
Hammersmith and Fulham,135
Kensington and Chelsea,198
Newham,122
Brent,130
Hackney,138
Southwark,135
Islington,107
Kensington and Chelsea,689
Bromley,46
Westminster,682
Westminster,98
Islington,206
Bexley,50
Barnet,100
Enfield,37
Southwark,510
Camden,373
Kensington and Chelsea,67
Camden,54
Southwark,55
Southwark,85
Camden,139
Tower Hamlets,163
Camden,193
Camden,210
Brent,215
Tower Hamlets,102
Lambeth,9999
Islington,200
Lambeth,105
Tower Hamlets,9999
Westminster,128
Bexley,55
Lambeth,99
Greenwich,186
Kensington and Chelsea,315
Croydon,55
Ealing,60
Westminster,83
Islington,294
Tower Hamlets,72
Hackney,225
Newham,244
Greenwich,151
Bromley,71
Camden,279
Kensington and Chelsea,104
Westminster,166
Enfield,181
Westminster,262
Greenwich,165
Westminster,169
Tower Hamlets,98
Richmond upon Thames,58
Kensington and Chelsea,218
Lambeth,158
Tower Hamlets,69
Hammersmith and Fulham,44
Ealing,101
Newham,98
Hammersmith and Fulham,312
Barking and Dagenham,29
Waltham Forest,66
Tower Hamlets,43
Westminster,380
Kensington and Chelsea,135
Newham,33
Hounslow,160
Hackney,36
Newham,315
Brent,145
Barking and Dagenham,144
Hackney,113
Wandsworth,401
Kensington and Chelsea,255
Barnet,173
Westminster,51
Westminster,302
Brent,58
Barnet,66
Hackney,83
Brent,39
Wandsworth,117
Richmond upon Thames,35
Tower Hamlets,141
Ealing,900
Newham,122
Tower Hamlets,248
Bexley,70
Waltham Forest,46
Lambeth,68
Richmond upon Thames,532
Merton,35
Wandsworth,68
Bromley,78
Kensington and Chelsea,231
Hillingdon,45
Westminster,199
Hillingdon,112
Croydon,45
Barnet,192
Barnet,232
Haringey,108
Bromley,83
Haringey,136
Tower Hamlets,152
Croydon,49
Enfield,90
Islington,152
Redbridge,53
Bexley,308
Southwark,273
Greenwich,182
Hackney,146
Greenwich,101
Redbridge,112
Westminster,335
Kensington and Chelsea,202
Camden,150
Kensington and Chelsea,202
Waltham Forest,47
Camden,284
Camden,284
Camden,182
Westminster,199
Westminster,77
Westminster,78
Westminster,81
Westminster,81
Westminster,199
Lambeth,133
Westminster,199
Hammersmith and Fulham,257
Tower Hamlets,128
Lambeth,149
Ealing,48
Westminster,200
Westminster,199
Enfield,117
Westminster,199
Islington,139
Westminster,199
Haringey,62
Tower Hamlets,118
Islington,151
Westminster,370
Southwark,173
Merton,93
Westminster,170
Camden,140
Westminster,168
Westminster,255
Bexley,4800
Barking and Dagenham,146
Lewisham,132
Tower Hamlets,48
Tower Hamlets,48
Westminster,315
Wandsworth,89
Brent,124
Hounslow,130
Haringey,90
Westminster,165
Islington,199
Brent,34
Hammersmith and Fulham,10032
Havering,811
Camden,215
Islington,99
Westminster,106
Newham,393
Harrow,100
Westminster,166
Westminster,916
Westminster,135
Wandsworth,63
Camden,153
Islington,138
Southwark,201
Westminster,302
Southwark,37
Southwark,169
Bromley,90
Brent,34
Wandsworth,33
Redbridge,277
Westminster,77
Camden,68
Kensington and Chelsea,229
Kensington and Chelsea,70
Hillingdon,296
Ealing,153
Camden,276
Tower Hamlets,184
Waltham Forest,152
Westminster,136
Camden,346
Hammersmith and Fulham,90
Tower Hamlets,175
Tower Hamlets,161
Greenwich,213
Waltham Forest,75
Bromley,112
Barnet,160
Waltham Forest,182
Westminster,158
Camden,204
Southwark,136
Haringey,289
Wandsworth,104
Tower Hamlets,46
Southwark,120
Brent,214
Merton,240
Bromley,250
Westminster,43
Brent,99
Camden,45
Newham,49
Westminster,168
Camden,51
Westminster,132
Westminster,121
Westminster,77
Brent,140
Lewisham,99
Barnet,94
Islington,150
Camden,149
Camden,214
Haringey,91
Wandsworth,135
Bromley,36
Waltham Forest,55
Ealing,172
Hammersmith and Fulham,116
Tower Hamlets,136
Kensington and Chelsea,165
Westminster,500
Hackney,55
Tower Hamlets,155
Richmond upon Thames,135
Redbridge,26
Enfield,48
Westminster,190
Tower Hamlets,82
Westminster,159
Tower Hamlets,119
Hammersmith and Fulham,170
Ealing,234
Wandsworth,295
Camden,58
Hackney,268
Lambeth,176
Westminster,82
Westminster,155
Ealing,51
Camden,141
Tower Hamlets,159
Lambeth,94
Greenwich,155
Islington,215
Camden,477
Camden,203
Hounslow,72
Greenwich,90
Tower Hamlets,178
Bromley,123
Kensington and Chelsea,197
Harrow,133
Lewisham,72
Lambeth,54
Tower Hamlets,173
Tower Hamlets,150
Kensington and Chelsea,152
Ealing,115
Tower Hamlets,84
Hammersmith and Fulham,198
Wandsworth,204
Islington,80
Westminster,121
Islington,70
Hounslow,156
Camden,95
Brent,62
Westminster,323
Newham,95
Westminster,426
Croydon,131
Tower Hamlets,190
Newham,250
Ealing,41
Southwark,170
Lambeth,72
Westminster,175
Newham,204
Tower Hamlets,149
Lambeth,135
Newham,196
Westminster,146
Westminster,120
Westminster,132
Westminster,122
Newham,163
Westminster,229
Camden,190
Hounslow,120
Lambeth,170
Islington,129
City of London,68
Barnet,105
Lambeth,170
Brent,81
City of London,228
Tower Hamlets,91
Hammersmith and Fulham,107
Tower Hamlets,94
Brent,88
Brent,81
Hammersmith and Fulham,107
Brent,81
Tower Hamlets,129
Brent,81
Brent,81
Westminster,600
Brent,81
Newham,114
Brent,81
Brent,81
Hackney,304
Westminster,229
Westminster,341
Wandsworth,222
Tower Hamlets,169
Kensington and Chelsea,158
Richmond upon Thames,35
Richmond upon Thames,35
Islington,130
Richmond upon Thames,35
Richmond upon Thames,35
Hackney,85
Lewisham,90
Brent,81
Brent,88
Brent,81
Brent,81
Brent,88
Brent,81
Brent,88
Brent,81
Brent,81
Westminster,1111
Westminster,9999
Merton,72
Westminster,163
Brent,81
Brent,81
Brent,88
Kensington and Chelsea,360
Brent,81
Tower Hamlets,117
Brent,88
Brent,81
Brent,81
Brent,81
Brent,81
Tower Hamlets,115
Ealing,105
Islington,117
Hammersmith and Fulham,282
Greenwich,112
Lewisham,88
Tower Hamlets,80
Bexley,132
Lambeth,110
Westminster,68
Hounslow,51
Barnet,86
Wandsworth,144
Islington,170
Kingston upon Thames,209
Westminster,93
Lewisham,71
Westminster,185
Brent,248
Tower Hamlets,256
Islington,213
Hackney,80
Hammersmith and Fulham,239
Ealing,73
Lewisham,268
Ealing,91
Ealing,66
Ealing,68
Ealing,73
Westminster,165
Ealing,107
Islington,85
Hackney,272
Kensington and Chelsea,186
Kensington and Chelsea,139
Kensington and Chelsea,490
Kensington and Chelsea,139
Harrow,65
Kensington and Chelsea,139
Kensington and Chelsea,139
Wandsworth,219
Kensington and Chelsea,139
Havering,139
Westminster,144
Kensington and Chelsea,111
Tower Hamlets,140
Hackney,35
Southwark,183
Kensington and Chelsea,160
Camden,145
Westminster,229
Wandsworth,115
Westminster,229
Wandsworth,115
Westminster,402
Lambeth,116
Wandsworth,215
Wandsworth,129
Hammersmith and Fulham,133
Southwark,243
Lambeth,133
Greenwich,29
Westminster,229
Lambeth,133
Westminster,230
Tower Hamlets,128
Haringey,42
Camden,116
Croydon,95
Southwark,120
Newham,214
Westminster,282
Harrow,154
Bromley,127
Westminster,191
Southwark,150
Hammersmith and Fulham,220
Kingston upon Thames,42
Kensington and Chelsea,277
Lewisham,128
Southwark,162
Tower Hamlets,106
Wandsworth,154
Kensington and Chelsea,880
Tower Hamlets,101
Lambeth,143
Westminster,113
Wandsworth,553
Lewisham,142
Westminster,81
Southwark,111
Westminster,219
Westminster,176
Ealing,48
Tower Hamlets,803
Southwark,1197
Tower Hamlets,225
Islington,153
Hammersmith and Fulham,823
Barnet,152
Newham,110
Ealing,82
Camden,57
Lewisham,86
Kensington and Chelsea,84
Islington,173
Barking and Dagenham,189
Kensington and Chelsea,350
Southwark,199
Camden,53
Haringey,91
Camden,59
Richmond upon Thames,68
Croydon,45
Tower Hamlets,96
Tower Hamlets,213
Croydon,47
Camden,53
Barnet,366
Lambeth,106
Camden,62
Camden,49
Westminster,400
Southwark,45
Tower Hamlets,540
Wandsworth,47
Camden,98
Hackney,83
Barnet,148
Havering,67
Ealing,129
Southwark,147
Camden,98
Brent,180
Southwark,192
Barnet,84
Barnet,75
Barnet,67
Bromley,76
Camden,348
Islington,59
Havering,156
Brent,71
Redbridge,246
Westminster,574
Lambeth,41
Westminster,140
Brent,56
Haringey,81
Southwark,267
Westminster,108
Tower Hamlets,633
Lewisham,115
Westminster,101
Barnet,107
Islington,93
Bromley,51
Southwark,161
Newham,134
Kensington and Chelsea,326
Tower Hamlets,99
Croydon,40
Southwark,171
Waltham Forest,319
Newham,169
Kensington and Chelsea,195
Croydon,40
Westminster,80
Croydon,99
Greenwich,209
Westminster,209
Haringey,106
Westminster,204
Westminster,67
Southwark,123
Sutton,42
Islington,90
Bromley,88
Tower Hamlets,64
Newham,134
Waltham Forest,206
Croydon,140
Waltham Forest,110
Lambeth,144
Bexley,88
Wandsworth,176
Islington,281
Greenwich,59
Waltham Forest,126
Greenwich,69
Waltham Forest,244
Islington,176
Croydon,52
Redbridge,169
Wandsworth,95
Lambeth,54
Lambeth,54
Southwark,222
Lambeth,40
Kensington and Chelsea,1334
Haringey,76
Waltham Forest,115
Richmond upon Thames,110
Lambeth,146
Kensington and Chelsea,280
Southwark,48
Waltham Forest,268
Islington,106
Southwark,190
Sutton,144
Wandsworth,110
Hackney,135
Croydon,94
Westminster,133
Westminster,130
Kensington and Chelsea,105
Westminster,107
Westminster,94
Barnet,215
Kensington and Chelsea,108
Kensington and Chelsea,114
Hammersmith and Fulham,194
Kensington and Chelsea,98
Kensington and Chelsea,118
Tower Hamlets,50
Westminster,105
Kensington and Chelsea,109
Camden,214
Kensington and Chelsea,120
Waltham Forest,295
Kensington and Chelsea,121
Southwark,117
Hillingdon,92
Southwark,125
Lewisham,85
Islington,185
Ealing,112
Southwark,138
Kensington and Chelsea,379
Lambeth,260
Waltham Forest,84
Hackney,71
Camden,219
Greenwich,135
Camden,175
Brent,148
Lambeth,199
Southwark,57
Harrow,84
Westminster,215
Westminster,204
Westminster,215
Brent,98
Westminster,166
Ealing,157
Westminster,139
Westminster,139
Westminster,165
Westminster,140
Westminster,140
Westminster,134
Croydon,33
Westminster,187
Hounslow,167
Brent,103
Bromley,135
Westminster,417
Camden,188
Richmond upon Thames,197
Westminster,306
Islington,93
Westminster,520
Westminster,239
Wandsworth,185
Westminster,166
Tower Hamlets,65
Islington,172
Wandsworth,154
Westminster,185
Wandsworth,136
Wandsworth,106
Greenwich,154
Southwark,128
Westminster,449
Lewisham,70
Brent,152
Camden,177
Haringey,126
Bromley,75
Westminster,390
Hackney,149
Islington,90
Camden,78
Brent,161
Croydon,171
Waltham Forest,88
Waltham Forest,80
Barnet,171
Lambeth,91
Lambeth,171
Sutton,90
Tower Hamlets,254
Westminster,90
Islington,85
Westminster,81
Southwark,40
Wandsworth,81
Enfield,68
Waltham Forest,175
Havering,52
Enfield,57
Enfield,40
Wandsworth,203
Enfield,73
Islington,450
Westminster,200
Tower Hamlets,316
Westminster,868
Sutton,45
Hackney,141
Islington,345
Hammersmith and Fulham,100
Hounslow,41
Waltham Forest,112
Enfield,73
Enfield,87
Enfield,95
Waltham Forest,92
Enfield,79
Enfield,77
Merton,200
Enfield,87
Wandsworth,285
Enfield,77
Southwark,55
Southwark,32
Southwark,271
Harrow,59
Barnet,37
Havering,139
Camden,293
Westminster,195
Camden,293
Westminster,120
Westminster,225
Wandsworth,92
Camden,43
Newham,122
Camden,95
Camden,91
Kensington and Chelsea,75
Westminster,75
Kensington and Chelsea,75
Kensington and Chelsea,75
Croydon,202
Westminster,229
Camden,113
Hackney,59
Westminster,226
Westminster,232
Southwark,153
Kensington and Chelsea,75
Southwark,162
Newham,56
Westminster,83
Barnet,173
Wandsworth,149
Haringey,222
Lewisham,52
Islington,135
Brent,234
Southwark,47
Kensington and Chelsea,95
Tower Hamlets,69
Kensington and Chelsea,75
Hammersmith and Fulham,196
Westminster,77
Camden,601
Islington,120
Camden,147
Hammersmith and Fulham,303
Westminster,77
Kensington and Chelsea,110
Haringey,81
Tower Hamlets,137
Brent,49
Hammersmith and Fulham,264
Croydon,69
Westminster,232
Bexley,142
Tower Hamlets,135
Wandsworth,188
Hammersmith and Fulham,123
Kensington and Chelsea,185
Camden,80
Camden,201
Kensington and Chelsea,100
Barnet,171
Hillingdon,49
Lambeth,108
Lambeth,126
Camden,58
Westminster,233
Kensington and Chelsea,150
Havering,42
Camden,150
Barnet,128
Westminster,164
Kensington and Chelsea,121
Croydon,123
Barking and Dagenham,94
Wandsworth,134
Islington,239
Hackney,154
Harrow,77
Greenwich,130
Tower Hamlets,60
Hackney,154
Brent,207
Wandsworth,132
Lambeth,299
Waltham Forest,182
Waltham Forest,182
Kensington and Chelsea,247
Kensington and Chelsea,278
Kingston upon Thames,613
Kensington and Chelsea,304
Kensington and Chelsea,297
Kensington and Chelsea,513
Westminster,237
Kensington and Chelsea,339
Westminster,88
Islington,418
Hackney,87
Southwark,355
Wandsworth,98
Bromley,236
Southwark,207
Southwark,207
Camden,158
Southwark,281
Southwark,210
Kensington and Chelsea,338
Hounslow,125
Southwark,207
Southwark,241
Southwark,271
Southwark,244
Westminster,125
Wandsworth,249
Islington,145
Camden,83
Hackney,172
Westminster,424
Harrow,165
Westminster,161
Westminster,424
Southwark,200
Camden,111
Brent,151
Westminster,187
Lambeth,176
Waltham Forest,85
Tower Hamlets,161
Waltham Forest,45
Barnet,63
Greenwich,285
Newham,46
Westminster,169
Tower Hamlets,65
Hackney,88
Westminster,202
Westminster,229
Westminster,240
Westminster,321
Westminster,321
Kensington and Chelsea,275
Newham,9999
Brent,21
Brent,130
Ealing,199
Brent,82
Westminster,97
Camden,65
Hackney,238
Westminster,90
Camden,87
Westminster,135
Newham,241
Newham,192
Westminster,97
Westminster,56
Kingston upon Thames,143
Westminster,9999
Hounslow,82
Greenwich,76
Westminster,170
Bromley,38
Camden,148
Brent,22
Merton,143
Southwark,112
Hammersmith and Fulham,95
Haringey,52
Kensington and Chelsea,234
Westminster,90
Camden,115
Barking and Dagenham,131
Croydon,109
Croydon,122
Westminster,224
Islington,200
Westminster,90
Greenwich,208
Westminster,160
Westminster,92
Southwark,104
Bexley,28
Tower Hamlets,79
Westminster,92
Redbridge,104
Barking and Dagenham,160
Lewisham,75
Kensington and Chelsea,90
Newham,124
Southwark,245
Westminster,92
Kensington and Chelsea,177
Hackney,320
Westminster,160
Lambeth,115
Islington,192
Kensington and Chelsea,63
Hackney,172
Westminster,191
Westminster,92
Islington,179
Tower Hamlets,201
Camden,148
Camden,270
Camden,129
Camden,193
Tower Hamlets,105
Hounslow,54
Westminster,183
Westminster,292
Wandsworth,127
Hounslow,34
Hackney,152
Westminster,254
Tower Hamlets,66
Westminster,720
Bromley,103
Barnet,48
Ealing,111
Westminster,111
Lewisham,236
Greenwich,113
Westminster,155
Westminster,155
Hackney,165
Westminster,383
Westminster,383
Hackney,162
Lewisham,132
Wandsworth,166
Haringey,125
Haringey,105
Westminster,207
Westminster,209
Southwark,333
Camden,225
Westminster,172
Richmond upon Thames,132
Camden,196
Bromley,92
Hackney,82
Westminster,209
Camden,43
Westminster,209
Tower Hamlets,101
Barnet,103
Westminster,100
Hackney,141
Bexley,154
Westminster,100
Westminster,206
Lewisham,54
Westminster,100
Greenwich,104
Camden,305
Islington,178
Kensington and Chelsea,151
Westminster,70
Camden,54
Westminster,192
Wandsworth,194
Kensington and Chelsea,179
Kensington and Chelsea,113
Islington,143
Westminster,87
Tower Hamlets,144
Westminster,189
Westminster,207
Westminster,137
Southwark,101
Westminster,189
Islington,150
Brent,116
Bromley,433
Westminster,209
Bromley,453
Tower Hamlets,125
Westminster,302
Southwark,87
Waltham Forest,25
Kensington and Chelsea,228
Kensington and Chelsea,225
Barking and Dagenham,76
Tower Hamlets,190
Westminster,87
Tower Hamlets,388
Barnet,27
Westminster,893
Barking and Dagenham,69
Westminster,205
Greenwich,29
Kensington and Chelsea,893
Camden,183
Westminster,88
Westminster,83
Tower Hamlets,102
Brent,73
Greenwich,226
Sutton,112
Brent,58
Islington,62
Westminster,428
Tower Hamlets,83
Tower Hamlets,61
Barking and Dagenham,106
Tower Hamlets,70
Enfield,242
Newham,45
Tower Hamlets,70
Tower Hamlets,92
Westminster,195
Hammersmith and Fulham,185
Barnet,110
Hammersmith and Fulham,294
Brent,219
Bromley,165
Enfield,35
Greenwich,130
Kensington and Chelsea,192
Westminster,69
Newham,161
Hounslow,143
Kensington and Chelsea,483
Lewisham,92
Tower Hamlets,72
Bexley,180
Greenwich,139
Wandsworth,292
Brent,92
Greenwich,166
Westminster,176
Brent,51
Lambeth,200
Wandsworth,325
Kensington and Chelsea,393
Lambeth,200
Hackney,122
Camden,55
Lambeth,163
Kensington and Chelsea,303
Southwark,239
Kensington and Chelsea,453
Westminster,348
Westminster,281
Hammersmith and Fulham,118
Westminster,354
Tower Hamlets,39
Greenwich,285
Waltham Forest,26
Barnet,107
Kensington and Chelsea,380
Hackney,194
Islington,152
Hackney,233
Kensington and Chelsea,450
Croydon,95
Islington,223
Barnet,129
Croydon,91
Southwark,170
Hammersmith and Fulham,279
Southwark,535
Tower Hamlets,93
Richmond upon Thames,157
Hillingdon,186
Brent,75
Hackney,141
Lambeth,225
Hammersmith and Fulham,431
Hammersmith and Fulham,80
Hammersmith and Fulham,92
Lambeth,130
Westminster,253
Westminster,267
Westminster,280
Lambeth,47
Bromley,186
Tower Hamlets,94
Bexley,240
Islington,73
Westminster,362
Westminster,271
Westminster,250
Westminster,271
Westminster,271
Westminster,271
Westminster,250
Westminster,250
Westminster,241
Westminster,271
Westminster,271
Westminster,271
Hackney,159
Westminster,250
Westminster,250
Westminster,250
Westminster,271
Ealing,81
Tower Hamlets,174
Camden,182
Kensington and Chelsea,108
Southwark,56
Sutton,45
Westminster,575
Kensington and Chelsea,141
Tower Hamlets,54
Hammersmith and Fulham,126
Tower Hamlets,59
Brent,50
Hammersmith and Fulham,149
Tower Hamlets,124
Westminster,69
Camden,236
Lambeth,200
Wandsworth,112
Lambeth,275
Hillingdon,121
Westminster,573
Southwark,161
Croydon,50
Harrow,143
Croydon,50
Brent,81
Westminster,49
Ealing,45
Tower Hamlets,97
Barnet,46
Newham,40
Hackney,72
Sutton,45
Hammersmith and Fulham,462
Westminster,129
Kensington and Chelsea,540
Hammersmith and Fulham,142
Kensington and Chelsea,98
Waltham Forest,83
Westminster,175
Camden,74
Wandsworth,48
Camden,144
Camden,144
Islington,150
Newham,71
Westminster,256
Croydon,63
Brent,348
Tower Hamlets,190
City of London,526
Croydon,48
Lambeth,64
Newham,45
Croydon,63
Camden,178
Westminster,335
Wandsworth,180
Tower Hamlets,218
Croydon,140
Westminster,236
Hammersmith and Fulham,168
Hounslow,69
Westminster,96
Westminster,85
Westminster,70
Hackney,121
Lambeth,174
Westminster,95
Lambeth,79
Tower Hamlets,162
Camden,149
Kensington and Chelsea,89
Lambeth,66
Westminster,281
Harrow,99
Richmond upon Thames,42
Lambeth,106
Newham,124
Greenwich,55
Waltham Forest,238
Hammersmith and Fulham,279
Westminster,87
Westminster,75
Greenwich,29
Tower Hamlets,368
Ealing,119
Greenwich,32
Tower Hamlets,70
Tower Hamlets,119
Newham,96
Waltham Forest,80
Harrow,105
Hackney,430
Harrow,100
Hackney,133
Camden,93
Harrow,105
Hackney,37
Harrow,89
Westminster,56
Westminster,144
Brent,118
Westminster,60
Tower Hamlets,90
Greenwich,102
Westminster,61
Westminster,208
Southwark,183
Westminster,409
Kensington and Chelsea,91
Westminster,101
Harrow,51
Brent,70
Hackney,630
Hackney,190
Tower Hamlets,134
Wandsworth,484
Croydon,115
Newham,143
Haringey,65
Brent,227
Hillingdon,160
Camden,109
Westminster,171
Islington,93
Barnet,131
Westminster,178
Southwark,127
Westminster,126
Lewisham,72
Camden,83
Tower Hamlets,52
Waltham Forest,114
Tower Hamlets,148
Tower Hamlets,79
Westminster,77
Wandsworth,115
Sutton,120
Camden,60
Lewisham,34
Southwark,360
Wandsworth,170
Southwark,360
Lewisham,215
Westminster,70
Tower Hamlets,49
Hammersmith and Fulham,119
Greenwich,50
Redbridge,88
Newham,172
Hounslow,77
Hounslow,85
Westminster,223
Camden,159
Croydon,35
Southwark,356
Haringey,134
Hounslow,128
Merton,120
Wandsworth,140
Brent,124
Newham,156
Hackney,136
Lewisham,129
Camden,120
Camden,168
Bromley,108
Wandsworth,173
Barnet,175
Kensington and Chelsea,398
Kensington and Chelsea,144
Wandsworth,233
Camden,235
Hounslow,77
Ealing,145
Camden,139
Hackney,147
Tower Hamlets,58
Tower Hamlets,168
Westminster,195
Camden,198
Camden,201
Southwark,185
Bromley,46
Kensington and Chelsea,247
Southwark,96
Kensington and Chelsea,97
Westminster,408
Hackney,52
Islington,220
Croydon,147
Brent,27
Barking and Dagenham,50
Newham,193
Westminster,2134
Westminster,143
Kensington and Chelsea,400
Westminster,189
Westminster,128
Southwark,873
Hillingdon,32
Haringey,200
Kensington and Chelsea,187
Camden,114
Lambeth,100
Hounslow,117
Hillingdon,90
Camden,265
Wandsworth,175
Westminster,227
Westminster,228
Hammersmith and Fulham,92
Brent,84
Hammersmith and Fulham,86
Harrow,126
Ealing,128
Hammersmith and Fulham,53
Westminster,248
Westminster,226
Camden,163
Brent,149
Brent,79
Westminster,348
Kensington and Chelsea,129
Richmond upon Thames,148
Lewisham,36
Barnet,148
Barking and Dagenham,40
Westminster,144
Bexley,122
Hounslow,159
Westminster,297
Hackney,80
Haringey,167
Camden,238
Tower Hamlets,229
Sutton,42
Westminster,354
Westminster,197
Ealing,102
Westminster,114
Hammersmith and Fulham,172
Barking and Dagenham,242
Camden,116
Lambeth,144
Croydon,116
Westminster,293
Barnet,161
Hackney,185
Islington,108
Bromley,32
Camden,363
Camden,299
Tower Hamlets,229
Westminster,116
Camden,52
Kensington and Chelsea,188
Ealing,144
Barking and Dagenham,193
Westminster,448
Southwark,67
Kingston upon Thames,90
Tower Hamlets,36
Barnet,66
Camden,86
Kingston upon Thames,90
Kingston upon Thames,104
Kingston upon Thames,97
Brent,51
Kingston upon Thames,93
Kingston upon Thames,102
Kingston upon Thames,105
Westminster,181
Greenwich,112
Tower Hamlets,113
Tower Hamlets,149
Kensington and Chelsea,267
Croydon,31
Camden,155
Wandsworth,52
Tower Hamlets,201
Hammersmith and Fulham,106
Croydon,93
Enfield,175
Hackney,343
Barnet,90
Brent,144
Brent,125
Westminster,9999
Southwark,82
Tower Hamlets,172
Tower Hamlets,144
Camden,80
Greenwich,43
Greenwich,97
Lewisham,127
Westminster,156
Camden,150
Tower Hamlets,156
Haringey,319
Tower Hamlets,43
Westminster,450
Richmond upon Thames,56
Richmond upon Thames,243
Newham,50
Hackney,113
Westminster,240
Haringey,123
Harrow,589
Westminster,154
Brent,157
Islington,200
Hackney,81
Southwark,96
Kensington and Chelsea,114
Southwark,200
Croydon,180
Southwark,200
Tower Hamlets,126
Haringey,170
Barnet,230
Southwark,138
Enfield,70
Lambeth,168
Brent,312
Camden,225
Kensington and Chelsea,129
Southwark,210
Tower Hamlets,92
Haringey,109
Croydon,26
Westminster,223
Greenwich,189
Westminster,344
Hammersmith and Fulham,148
Camden,158
City of London,114
Brent,69
Croydon,62
Islington,111
City of London,104
Hammersmith and Fulham,135
Kensington and Chelsea,120
Westminster,190
Camden,51
Hackney,149
Greenwich,43
Sutton,188
Kingston upon Thames,198
Barnet,180
Southwark,170
Southwark,69
Westminster,467
Camden,312
Hillingdon,48
Camden,349
Camden,70
Tower Hamlets,153
Camden,80
Camden,77
Camden,80
Lambeth,141
Wandsworth,692
Enfield,36
Hounslow,265
Tower Hamlets,318
Bromley,106
Westminster,195
Tower Hamlets,127
Kensington and Chelsea,821
Southwark,72
Kensington and Chelsea,201
Westminster,318
Southwark,360
Lambeth,157
Kensington and Chelsea,312
Westminster,178
Southwark,46
Hackney,305
Harrow,158
Camden,277
Kensington and Chelsea,216
Southwark,47
Harrow,120
Westminster,265
Southwark,81
Southwark,46
Southwark,146
Westminster,243
Hammersmith and Fulham,258
Southwark,119
Camden,50
Wandsworth,175
Westminster,236
Westminster,219
Newham,46
Westminster,371
Greenwich,181
Hackney,54
Lewisham,40
Westminster,253
Southwark,363
Westminster,214
Ealing,200
Tower Hamlets,364
Islington,240
Camden,299
Camden,107
Hackney,118
Brent,79
Hillingdon,130
Barking and Dagenham,111
Kensington and Chelsea,119
Camden,67
Kensington and Chelsea,119
Brent,64
Brent,52
Hackney,57
Kensington and Chelsea,57
Westminster,1000
Westminster,1000
Westminster,1000
Westminster,1000
Westminster,1000
Westminster,1000
Westminster,10000
Westminster,65
Kensington and Chelsea,67
Camden,127
Westminster,67
Hackney,96
Barnet,215
Lambeth,37
Kensington and Chelsea,52
Haringey,158
Westminster,52
Southwark,189
Camden,200
Southwark,200
Hammersmith and Fulham,109
Ealing,84
Westminster,141
Kensington and Chelsea,348
Barnet,162
Southwark,139
Southwark,329
Lewisham,46
Barnet,43
Southwark,110
Bromley,71
Brent,46
Westminster,672
Kensington and Chelsea,853
Greenwich,133
Hackney,434
Westminster,172
Hackney,51
Lewisham,201
Tower Hamlets,182
Westminster,97
Sutton,82
Barking and Dagenham,130
Sutton,36
Southwark,246
Westminster,154
Camden,238
Lambeth,202
Lewisham,143
Lewisham,51
Tower Hamlets,42
Enfield,90
Enfield,97
Haringey,495
Westminster,161
Islington,172
Westminster,162
Tower Hamlets,44
Waltham Forest,100
Barnet,109
Enfield,58
Westminster,32
Westminster,128
Wandsworth,87
Southwark,144
Westminster,138
Bexley,109
Richmond upon Thames,228
Brent,10028
Kensington and Chelsea,132
Lambeth,153
Southwark,317
Westminster,71
Camden,133
Lewisham,42
Croydon,193
Lambeth,93
Southwark,385
Westminster,182
Westminster,452
Haringey,341
Westminster,533
Westminster,161
Westminster,106
Ealing,115
Hammersmith and Fulham,79
Wandsworth,135
Greenwich,236
Wandsworth,120
Tower Hamlets,233
Southwark,143
Westminster,155
Ealing,9999
Kingston upon Thames,108
Kingston upon Thames,114
Kingston upon Thames,118
Kingston upon Thames,102
Newham,92
Brent,41
Croydon,96
Kensington and Chelsea,1000
Tower Hamlets,156
Bromley,105
Westminster,190
Westminster,191
Kensington and Chelsea,280
Westminster,440
Croydon,60
Newham,299
Wandsworth,163
Westminster,10020
Westminster,9999
Kensington and Chelsea,1000
Westminster,159
Camden,363
Westminster,147
Westminster,9999
Westminster,9999
Barnet,85
Hackney,51
Islington,212
Westminster,213
Westminster,157
Haringey,93
Westminster,258
Westminster,175
Hammersmith and Fulham,199
Camden,313
Camden,50
Camden,365
Southwark,45
Hillingdon,40
Camden,72
City of London,192
Croydon,420
Greenwich,198
Camden,94
Camden,71
Camden,74
Westminster,124
Tower Hamlets,122
Camden,229
Camden,77
Westminster,90
Westminster,106
Westminster,150
Lambeth,201
Hackney,50
Westminster,149
Richmond upon Thames,155
Tower Hamlets,76
Kensington and Chelsea,400
Lambeth,120
Westminster,467
Greenwich,180
Camden,211
Lambeth,200
Camden,83
Westminster,60
Bromley,106
Camden,321
Westminster,9999
Westminster,10020
Westminster,10020
Westminster,10020
Westminster,9999
Westminster,9999
Waltham Forest,189
Tower Hamlets,163
Merton,71
Hounslow,9999
Camden,205
Hackney,143
Waltham Forest,71
Westminster,154
Westminster,69
Lambeth,272
Kensington and Chelsea,250
Kingston upon Thames,102
Westminster,104
Waltham Forest,47
Hammersmith and Fulham,87
Hammersmith and Fulham,148
Westminster,135
Westminster,63
Southwark,36
Westminster,269
Southwark,36
Southwark,35
Southwark,42
Southwark,37
Camden,328
Southwark,43
Barnet,107
Southwark,36
Southwark,219
Southwark,36
Westminster,821
Southwark,40
Southwark,41
Barnet,92
Westminster,468
Kensington and Chelsea,74
Hillingdon,41
Hammersmith and Fulham,247
Haringey,104
Hillingdon,41
Camden,65
Hammersmith and Fulham,228
Camden,61
Hillingdon,44
Southwark,58
Tower Hamlets,131
Lewisham,88
Waltham Forest,66
Brent,31
Hammersmith and Fulham,246
Camden,44
Islington,186
Lambeth,72
Camden,74
Enfield,74
Wandsworth,87
Westminster,96
Newham,114
Newham,154
Camden,74
Wandsworth,159
City of London,222
Waltham Forest,48
Southwark,124
Camden,134
Waltham Forest,104
Kensington and Chelsea,725
Southwark,50
Tower Hamlets,50
Southwark,49
Islington,277
Westminster,57
Hackney,194
Redbridge,63
Croydon,130
Croydon,125
Croydon,150
Barking and Dagenham,52
Tower Hamlets,69
Waltham Forest,110
Hackney,136
Merton,223
Hounslow,1000
Greenwich,65
Westminster,238
Barnet,50
Westminster,195
Wandsworth,54
Hammersmith and Fulham,219
Tower Hamlets,80
Westminster,147
Westminster,500
Ealing,88
Lewisham,119
Hammersmith and Fulham,127
Westminster,125
Islington,155
Kensington and Chelsea,151
Kensington and Chelsea,172
Barnet,235
Kensington and Chelsea,139
Tower Hamlets,112
Lewisham,70
Hackney,121
Harrow,83
Hounslow,41
Hammersmith and Fulham,228
Kensington and Chelsea,229
Barnet,206
Westminster,237
Westminster,278
Lewisham,25
Hammersmith and Fulham,128
Sutton,35
Hammersmith and Fulham,248
Brent,970
Westminster,327
Ealing,122
Westminster,200
Camden,84
Camden,94
Tower Hamlets,128
Tower Hamlets,119
Camden,53
Camden,94
Camden,48
Westminster,326
Ealing,133
Haringey,157
Hackney,116
Brent,184
Brent,189
Tower Hamlets,223
Redbridge,58
Hackney,183
Westminster,90
Croydon,126
Sutton,89
Greenwich,176
Westminster,186
Redbridge,45
Westminster,163
Tower Hamlets,150
Westminster,288
Waltham Forest,65
Hackney,106
Tower Hamlets,165
Barking and Dagenham,30
Kensington and Chelsea,116
Bexley,83
Wandsworth,161
Westminster,304
Wandsworth,123
Harrow,315
Westminster,364
Tower Hamlets,52
Waltham Forest,85
Tower Hamlets,52
Islington,34
Westminster,313
Lewisham,88
Tower Hamlets,122
Croydon,225
Kensington and Chelsea,810
Barking and Dagenham,33
Greenwich,58
Greenwich,226
Brent,208
City of London,232
Wandsworth,67
Kensington and Chelsea,250
Croydon,133
Westminster,251
Brent,46
Hackney,201
Wandsworth,193
Newham,239
Barnet,160
Waltham Forest,261
Barnet,134
Westminster,605
Westminster,963
Tower Hamlets,68
Tower Hamlets,80
Barnet,173
Lambeth,153
Kensington and Chelsea,181
Islington,108
Greenwich,186
Westminster,246
Kensington and Chelsea,271
Kensington and Chelsea,271
Kensington and Chelsea,351
Kensington and Chelsea,338
Camden,86
Southwark,66
Kensington and Chelsea,231
Wandsworth,122
Kensington and Chelsea,182
Hammersmith and Fulham,844
Newham,142
Brent,232
Lewisham,131
Camden,95
Hackney,136
Barnet,172
Westminster,104
Greenwich,523
Hounslow,91
City of London,93
Islington,232
Havering,21
Kensington and Chelsea,204
Merton,37
Kensington and Chelsea,153
Tower Hamlets,38
Lambeth,135
Ealing,142
Wandsworth,52
Camden,138
Tower Hamlets,79
Hounslow,61
Southwark,123
Kensington and Chelsea,194
Westminster,9999
Hackney,152
Westminster,9999
Hammersmith and Fulham,217
Camden,217
Camden,221
Redbridge,42
Tower Hamlets,73
Brent,56
Westminster,56
Brent,75
Westminster,101
Brent,61
Brent,236
Brent,57
Brent,415
Tower Hamlets,84
Westminster,300
Westminster,205
Hammersmith and Fulham,176
Brent,121
Redbridge,46
Lambeth,150
Lambeth,145
Hounslow,132
Lambeth,108
Havering,135
Newham,71
Hounslow,140
Lambeth,108
Greenwich,141
Lambeth,128
Croydon,112
Wandsworth,132
Havering,309
Westminster,172
Haringey,134
Havering,61
Sutton,206
Hackney,207
Westminster,359
Southwark,68
Wandsworth,96
Camden,121
Lambeth,277
Wandsworth,96
Hackney,119
Southwark,69
Southwark,78
Wandsworth,97
Kensington and Chelsea,183
Hackney,171
Newham,108
Camden,169
Barking and Dagenham,83
Tower Hamlets,50
Tower Hamlets,207
Bromley,59
Bromley,53
Westminster,245
Lewisham,258
Brent,84
Westminster,63
Islington,95
Kensington and Chelsea,411
Lambeth,186
Lewisham,151
Westminster,142
Lewisham,151
Richmond upon Thames,575
Croydon,109
City of London,416
Barnet,119
Wandsworth,82
Westminster,113
Westminster,163
Richmond upon Thames,119
Southwark,131
Islington,218
Merton,58
Tower Hamlets,140
Camden,122
Brent,68
Tower Hamlets,97
Redbridge,46
Richmond upon Thames,116
Newham,180
Richmond upon Thames,119
Camden,181
Lambeth,147
Bromley,36
Kensington and Chelsea,311
Sutton,187
Hammersmith and Fulham,116
Brent,96
Hammersmith and Fulham,104
Westminster,217
Hammersmith and Fulham,95
Hammersmith and Fulham,69
Westminster,423
Brent,83
Hammersmith and Fulham,104
Barnet,212
Barnet,146
Hammersmith and Fulham,83
Tower Hamlets,160
Kensington and Chelsea,119
Lambeth,149
Westminster,140
Newham,132
Haringey,66
Brent,309
Westminster,360
Sutton,51
Hackney,116
Haringey,37
Barnet,95
Wandsworth,240
Barnet,231
Tower Hamlets,117
Bromley,91
Hackney,220
Southwark,160
Islington,132
Camden,133
Camden,142
Lewisham,87
Southwark,98
Waltham Forest,51
Waltham Forest,189
Hackney,140
Newham,190
Camden,188
Southwark,69
Hackney,171
Kensington and Chelsea,453
Haringey,115
Hammersmith and Fulham,112
Lambeth,206
Lambeth,445
Camden,220
Hounslow,229
Camden,155
Redbridge,102
Westminster,245
Tower Hamlets,274
Kensington and Chelsea,129
Westminster,145
Tower Hamlets,275
Hounslow,139
Newham,118
Kensington and Chelsea,213
Southwark,186
Lambeth,158
Havering,57
Barking and Dagenham,44
Havering,28
Westminster,384
Westminster,68
Hackney,171
Ealing,192
Westminster,149
Westminster,500
Merton,102
Hounslow,127
Brent,35
Camden,189
Westminster,3509
Lambeth,109
Tower Hamlets,178
Brent,74
Merton,59
Wandsworth,90
Brent,77
Lambeth,165
Brent,48
Kensington and Chelsea,203
Westminster,60
Hammersmith and Fulham,247
Kensington and Chelsea,101
Kensington and Chelsea,118
Brent,68
Westminster,385
Tower Hamlets,102
Brent,48
Brent,50
Brent,78
Merton,107
Brent,81
Barnet,320
Barking and Dagenham,250
Westminster,753
Camden,86
Kensington and Chelsea,135
Kensington and Chelsea,186
Southwark,9999
Bexley,70
Merton,168
Croydon,90
Hammersmith and Fulham,240
Camden,366
Camden,227
Tower Hamlets,156
Wandsworth,83
Bromley,117
Croydon,70
Redbridge,72
Hillingdon,45
Lambeth,78
Lambeth,65
Newham,102
Hammersmith and Fulham,313
Croydon,149
Westminster,623
Wandsworth,74
Barnet,324
Westminster,829
Wandsworth,142
Haringey,104
Waltham Forest,149
Tower Hamlets,229
Kensington and Chelsea,69
Hammersmith and Fulham,411
Greenwich,101
Westminster,60
Tower Hamlets,320
Westminster,128
Westminster,60
Redbridge,143
Bexley,130
Merton,34
Hammersmith and Fulham,138
Wandsworth,245
Lambeth,192
Islington,225
Lambeth,112
Sutton,63
Westminster,170
Croydon,25
Westminster,233
Hammersmith and Fulham,144
Camden,218
Westminster,226
Camden,238
Waltham Forest,128
Kensington and Chelsea,280
Tower Hamlets,177
Westminster,338
Hillingdon,44
Hammersmith and Fulham,248
Greenwich,139
Westminster,280
Greenwich,106
Sutton,32
Westminster,103
Islington,218
Islington,175
Lambeth,236
Lambeth,48
Kensington and Chelsea,145
Kensington and Chelsea,231
Tower Hamlets,186
Camden,72
Haringey,207
Tower Hamlets,246
Westminster,122
Ealing,124
Islington,100
Croydon,70
Islington,126
Westminster,109
Westminster,416
Croydon,47
Westminster,126
Tower Hamlets,423
Ealing,131
Barnet,156
Haringey,54
Westminster,421
Westminster,241
Lambeth,843
Westminster,178
Kensington and Chelsea,159
Tower Hamlets,280
Newham,83
Camden,141
Lambeth,141
Hammersmith and Fulham,39
Kensington and Chelsea,249
Newham,73
Tower Hamlets,154
Southwark,39
Camden,349
Newham,32
Westminster,89
Westminster,635
Haringey,130
Newham,83
Newham,83
Barnet,143
Sutton,103
Hammersmith and Fulham,227
Hackney,98
Islington,50
Wandsworth,306
Hackney,32
Camden,180
Westminster,102
Westminster,148
Westminster,133
Barnet,39
Lewisham,112
Kensington and Chelsea,1142
Newham,152
Camden,90
Wandsworth,85
Croydon,24
Wandsworth,189
Greenwich,206
Enfield,87
Wandsworth,240
Westminster,290
Islington,99
Camden,81
Camden,329
Hackney,217
Ealing,98
Tower Hamlets,147
Camden,83
Camden,62
Westminster,350
Waltham Forest,99
Westminster,336
Lambeth,259
Westminster,243
Kensington and Chelsea,172
Croydon,148
Croydon,66
Hammersmith and Fulham,193
Bromley,158
Enfield,70
Camden,277
Westminster,300
Lambeth,99
Brent,367
Brent,367
Brent,367
Brent,458
Brent,508
Islington,202
Hillingdon,56
Kensington and Chelsea,268
Westminster,153
Wandsworth,74
Tower Hamlets,153
Lewisham,143
Croydon,66
Hammersmith and Fulham,60
Hounslow,159
Ealing,127
Hackney,370
Hammersmith and Fulham,126
Wandsworth,55
Lambeth,360
Lambeth,227
Hammersmith and Fulham,137
Islington,298
Wandsworth,66
Barking and Dagenham,350
Tower Hamlets,40
Tower Hamlets,139
