price,hostings
70,2
149,1
411,2
210,2
280,1
90,2
61,3
340,3
49,1
213,1
96,2
71,2
48,3
76,1
50,1
78,11
79,11
86,4
78,11
89,11
79,11
159,1
40,2
53,1
117,1
106,1
35,1
110,1
169,5
417,9
163,5
125,2
217,1
43,1
57,12
75,1
145,1
135,2
80,4
160,4
90,2
175,1
350,1
60,1
100,1
120,1
192,4
55,1
176,1
36,1
135,1
156,1
105,2
170,1
76,1
83,1
239,1
218,2
90,3
58,1
42,4
39,1
131,8
224,1
151,1
198,1
70,1
93,1
108,2
45,1
44,1
23,5
93,12
54,1
36,2
78,4
151,2
95,2
53,3
189,1
66,3
71,6
191,1
150,1
50,2
250,4
380,1
100,4
160,4
40,1
130,1
303,11
116,11
174,11
170,11
187,11
148,11
142,11
235,11
236,11
66,6
74,3
50,2
248,1
112,4
122,19
140,1
95,3
117,1
32,6
37,6
40,2
118,1
48,1
57,1
189,1
253,2
41,1
529,1
45,1
38,2
44,4
429,4
248,1
219,1
180,2
97,4
26,1
104,1
95,3
70,1
171,1
70,2
166,1
178,1
114,4
58,4
37,2
95,1
96,1
60,1
201,2
26,4
176,3
198,3
39,2
39,2
103,1
200,1
135,4
83,4
300,4
99,1
32,1
36,6
204,1
180,2
37,2
138,1
115,1
204,1
192,4
420,1
86,1
51,1
54,1
275,4
223,1
361,3
90,4
107,4
81,4
97,3
45,1
57,1
50,2
50,2
781,1
80,3
51,1
23,1
20,1
180,1
150,1
38,1
83,1
50,1
72,1
85,2
53,5
53,5
64,3
41,2
63,1
81,1
33,5
42,1
120,3
59,1
63,1
87,3
49,1
39,1
410,1
40,1
345,2
135,1
74,1
114,2
195,1
38,1
110,1
73,1
127,1
171,1
105,4
126,1
31,7
302,2
83,2
66,1
23,5
85,1
166,2
235,1
155,1
135,2
123,9
149,2
127,2
52,1
220,1
54,1
55,1
80,1
41,1
587,1
90,7
357,3
62,1
78,1
120,1
154,4
41,1
85,2
76,1
136,4
153,4
290,2
70,1
77,1
167,2
43,1
67,24
238,1
100,1
499,2
195,2
175,1
67,4
55,4
55,4
52,4
105,1
127,2
175,1
182,3
28,1
68,1
69,3
281,3
238,1
55,1
135,1
600,3
56,1
91,1
171,19
189,11
2000,2
37,2
61,3
137,1
63,3
53,2
129,1
172,3
162,1
82,1
140,2
129,1
66,1
130,1
49,6
135,1
69,2
60,1
200,1
150,1
189,1
55,1
38,2
145,1
220,1
38,3
176,1
55,3
119,1
78,1
100,1
42,1
37,1
41,3
216,2
357,1
39,3
67,1
56,1
253,1
55,2
65,1
544,1
59,1
69,5
46,6
901,1
276,28
998,2
65,2
31,5
152,2
157,1
27,1
55,1
225,1
92,1
173,24
1636,24
152,1
52,2
86,1
32,3
152,2
76,1
90,4
181,1
197,1
63,1
90,3
380,1
401,1
100,1
49,1
170,2
87,2
298,2
152,1
250,1
189,1
105,5
131,1
221,12
121,1
37,1
580,1
119,1
57,1
50,3
70,1
34,1
180,1
229,1
33,3
72,2
100,2
173,3
70,1
250,1
95,1
43,2
47,2
37,2
78,1
105,1
179,2
54,3
308,1
100,2
150,2
74,1
42,1
396,1
102,1
116,1
230,1
72,1
122,1
133,13
130,1
230,1
133,1
46,5
113,1
75,1
133,1
35,2
89,1
74,2
167,2
42,4
100,3
60,1
36,5
42,1
44,1
89,9
151,1
142,1
40,3
43,3
115,1
59,2
204,3
145,1
49,6
25,2
146,2
147,16
358,6
38,1
49,2
255,2
60,3
104,3
84,2
44,2
35,2
65,1
178,2
186,2
257,1
55,3
43,3
44,1
54,1
105,11
76,1
28,4
98,2
57,2
100,2
36,4
250,1
4332,1
86,1
184,1
78,4
78,4
55,1
94,1
45,1
149,3
220,4
75,3
48,1
356,1
49,6
152,4
122,4
65,1
280,1
228,4
33,3
173,6
123,2
411,12
113,1
41,2
77,1
60,5
61,2
169,1
143,1
58,3
131,1
27,1
348,1
132,1
96,1
86,1
82,1
490,1
55,2
219,1
139,1
67,1
121,2
149,1
198,3
127,3
134,3
100,16
99,16
162,1
60,1
189,3
53,37
168,19
75,2
63,1
191,30
45,1
55,5
80,16
172,1
86,1
53,5
75,11
90,11
104,1
912,1
275,1
154,1
45,2
48,1
173,3
136,5
32,1
95,1
241,2
53,1
68,3
217,4
162,1
249,2
111,1
92,1
27,5
135,1
50,2
175,1
246,30
50,1
63,3
54,1
90,3
51,3
44,4
27,1
87,3
618,2
61,4
61,4
270,3
116,5
205,1
225,2
77,1
135,3
405,5
345,1
33,2
264,19
230,2
63,1
163,12
223,2
129,1
412,50
85,2
68,3
44,3
235,3
400,6
55,5
55,5
55,5
43,3
38,3
60,3
80,2
90,1
600,3
110,2
147,1
111,1
72,1
70,1
180,1
124,1
99,2
95,2
125,1
113,3
54,1
66,2
59,2
51,1
200,1
49,1
50,1
500,1
119,1
450,2
75,1
44,2
75,2
113,2
40,4
40,3
59,1
40,5
500,1
142,2
38,5
132,3
91,2
210,1
81,1
58,1
72,3
68,5
73,5
67,1
43,1
143,3
82,1
92,1
204,3
200,2
65,1
51,1
312,6
225,1
98,1
195,1
176,1
180,2
67,3
110,1
132,1
110,1
61,3
58,8
80,3
42,1
295,2
55,1
53,5
171,1
57,1
111,1
82,3
105,1
140,1
233,1
258,5
48,4
314,3
175,3
55,5
95,1
35,1
73,1
101,1
58,1
265,1
43,2
296,1
127,1
55,2
55,1
145,1
1093,1
195,1
127,7
468,4
114,7
164,1
96,1
350,1
65,1
50,4
72,1
236,9
132,7
45,2
40,2
249,2
149,1
90,1
55,2
167,1
500,3
226,1
50,2
68,1
121,3
100,3
46,1
54,4
180,1
137,2
62,1
40,2
116,1
198,3
251,12
56,4
42,4
285,1
261,3
171,1
140,1
188,1
214,1
57,1
156,1
147,1
96,1
303,9
159,6
99,4
182,1
332,3
102,1
43,2
99,1
234,1
146,1
203,19
108,1
220,1
56,3
128,1
145,1
195,2
199,1
332,1
40,2
48,2
110,1
67,2
35,4
350,1
81,2
75,1
194,4
102,4
113,1
81,1
26,1
167,1
55,1
91,15
95,9
136,1
87,1
159,7
33,2
63,2
134,7
83,1
200,3
150,3
73,2
69,1
162,1
36,1
105,1
33,3
189,1
71,1
147,2
25,1
400,2
173,24
316,3
129,1
83,2
120,7
56,5
52,4
68,5
378,2
45,2
59,1
55,3
130,1
240,2
260,1
154,1
131,1
54,2
60,4
103,3
125,1
56,2
48,1
41,1
59,3
104,1
35,1
127,1
666,1
150,3
112,1
101,1
157,2
91,1
379,1
135,3
83,2
30,1
71,2
185,5
250,2
90,2
120,2
132,7
148,1
82,3
186,1
200,1
75,2
61,2
46,1
86,1
72,2
114,1
65,1
196,1
62,1
139,1
350,2
1350,1
145,1
58,3
83,9
364,1
173,24
105,1
90,2
171,1
40,1
90,4
123,1
359,12
217,1
75,1
329,12
80,2
213,1
55,1
82,2
67,2
250,1
58,5
124,1
42,1
250,1
124,1
108,1
25,1
150,1
130,1
276,1
341,1
140,2
110,1
115,2
70,1
170,22
79,9
159,2
320,1
120,1
200,1
120,1
70,2
108,1
241,1
125,1
210,79
227,1
108,10
90,1
108,1
158,1
162,1
250,6
104,3
484,3
333,13
49,1
268,1
322,1
159,1
55,3
104,6
73,3
54,5
66,2
62,2
100,1
140,1
91,1
420,1
45,1
120,1
63,1
300,2
160,1
66,2
38,6
90,1
65,1
200,1
391,1
74,1
190,1
60,1
194,1
110,6
88,2
65,1
25,4
45,3
75,1
102,1
90,1
310,4
120,1
30,2
90,2
150,1
127,1
52,1
234,2
30,2
403,3
43,1
243,2
270,1
207,3
30,2
50,1
57,1
180,55
126,1
162,1
86,4
247,1
295,2
77,1
37,6
37,6
90,1
209,2
348,1
64,2
50,1
225,1
197,1
239,2
150,1
65,2
234,1
1008,1
72,1
88,6
62,2
205,1
60,3
210,1
173,3
46,1
485,4
176,3
800,1
260,1
75,1
248,1
159,1
250,10
238,4
175,2
81,3
87,3
87,1
70,2
50,1
302,9
418,1
170,1
41,1
123,1
142,1
43,2
39,1
62,2
175,2
36,2
79,1
78,1
54,2
70,1
67,1
95,1
72,1
57,1
61,3
4600,5
170,1
150,2
94,1
190,1
48,1
55,6
135,8
31,1
180,1
435,1
106,1
175,22
105,19
600,1
123,19
182,19
245,3
30,1
276,1
100,4
114,4
114,4
48,2
50,1
68,1
108,4
211,22
35,1
135,1
52,3
152,1
140,1
44,5
550,4
86,1
450,1
79,1
150,1
50,5
41,1
55,3
60,1
40,3
45,5
59,1
65,3
65,3
306,2
209,1
50,3
68,2
285,1
65,2
300,1
216,1
315,1
218,3
133,1
50,5
53,1
80,2
101,1
225,1
152,1
95,1
63,27
173,1
74,1
102,1
95,2
180,2
184,2
150,2
85,8
39,2
156,1
152,1
2850,1
87,1
143,2
55,1
176,3
205,2
770,1
100,2
115,1
46,1
55,1
30,3
47,2
314,19
150,1
59,1
50,2
220,3
65,1
76,8
250,1
727,1
120,1
87,3
36,2
333,1
195,1
83,1
133,2
124,1
168,3
152,1
375,1
119,2
157,2
94,1
198,1
85,1
150,1
32,2
97,1
132,1
510,1
94,2
135,1
50,3
185,2
624,2
34,2
176,1
145,1
172,19
586,19
149,1
90,1
175,2
39,2
42,2
100,1
50,1
53,1
42,1
198,1
270,1
162,7
60,2
142,1
102,2
59,5
147,3
271,79
671,9
172,2
110,1
59,5
40,5
207,1
54,1
53,4
105,1
224,1
34,3
36,2
111,1
180,1
216,1
675,1
42,1
34,2
50,1
72,2
364,2
72,1
53,2
194,1
118,2
227,2
51,2
36,3
618,1
181,1
169,4
186,4
50,1
157,1
203,5
130,2
136,1
150,1
186,7
144,1
68,2
34,1
49,1
235,3
59,3
117,1
59,2
86,1
58,2
171,1
181,1
180,1
73,2
117,1
525,1
168,3
195,3
50,3
54,2
133,1
144,1
105,1
107,1
68,2
165,1
200,2
375,2
420,2
120,1
66,2
450,1
268,1
99,1
115,4
84,3
55,1
216,2
135,2
75,3
132,1
84,1
56,4
129,3
42,2
243,1
79,1
130,1
57,1
50,2
441,1
277,1
280,1
77,2
186,1
44,5
302,1
119,2
150,4
695,5
136,1
599,1
44,2
60,1
261,2
70,1
160,1
66,1
201,2
808,1
106,1
93,1
452,1
220,2
47,1
120,1
270,1
205,3
116,1
121,3
209,6
200,1
37,5
199,1
293,1
77,2
151,1
150,1
58,2
248,2
38,2
40,1
159,1
65,1
105,1
348,1
169,9
94,1
72,3
117,1
50,1
80,2
134,6
72,1
87,2
68,2
69,1
180,1
700,2
71,1
144,5
195,1
70,3
130,1
129,1
66,1
175,1
109,1
299,2
178,5
40,1
27,1
35,2
140,1
94,1
165,1
150,2
235,1
100,3
58,6
368,1
68,1
54,1
164,1
67,1
125,2
144,1
73,1
190,1
32,3
68,2
270,1
131,1
50,6
57,2
150,1
31,3
23,2
186,1
55,1
71,2
150,1
33,1
52,2
44,1
763,1
400,2
30,3
46,1
63,3
181,2
136,2
400,1
225,1
196,1
142,2
594,3
108,1
559,1
102,2
115,1
58,1
283,12
62,3
45,1
216,2
53,5
32,2
42,2
77,1
50,1
242,1
69,2
221,1
70,1
135,1
123,1
72,1
28,4
128,1
196,1
58,1
47,1
163,1
410,1
85,8
139,15
39,3
155,1
111,1
114,1
44,1
146,3
109,4
42,1
51,3
295,1
253,1
57,1
47,1
1032,1
68,1
27,1
270,1
108,1
162,1
121,4
46,1
81,1
60,2
433,1
263,2
95,1
249,1
161,2
58,1
44,3
50,2
50,1
124,1
198,9
161,2
96,1
54,1
28,3
182,2
32,1
81,3
208,1
72,2
50,1
468,1
61,1
189,1
475,1
91,1
180,5
100,1
38,5
36,5
1479,4
450,3
103,1
40,1
404,1
65,3
61,11
81,1
77,1
127,6
54,3
149,68
90,1
35,1
200,1
69,1
164,2
140,1
86,2
111,1
150,2
62,2
51,1
94,1
38,30
45,2
44,30
119,1
53,4
77,4
74,2
112,2
225,19
470,1
266,2
159,1
180,1
95,3
73,1
35,30
60,2
104,1
42,1
45,6
45,1
94,1
139,2
68,1
80,1
128,2
315,1
68,12
36,1
42,2
272,3
39,3
50,2
90,2
279,1
95,1
173,9
150,14
220,1
499,2
35,1
176,1
90,1
229,1
85,1
161,2
164,2
73,1
122,1
33,3
109,1
167,25
66,3
325,2
80,1
122,1
135,23
230,1
46,3
166,1
269,1
195,28
42,2
163,12
90,1
41,2
51,1
43,4
75,1
112,2
448,28
117,1
92,2
47,6
35,5
220,1
85,3
800,31
142,1
55,2
40,1
144,8
67,1
120,1
41,1
230,4
180,1
64,1
58,2
146,1
44,1
138,1
71,1
203,1
97,3
150,1
62,11
514,1
43,2
299,3
75,1
375,1
77,3
140,2
138,3
30,2
86,1
85,1
42,1
196,1
200,1
59,1
61,1
56,1
131,1
65,2
184,13
74,3
100,1
73,2
71,1
212,3
50,2
400,2
119,2
100,1
80,3
31,14
481,1
419,79
137,79
119,2
200,1
84,3
42,30
60,1
73,2
38,2
58,12
57,1
298,2
91,2
140,1
220,3
70,1
90,1
71,1
450,1
175,1
236,1
329,28
181,1
48,2
77,1
143,6
37,1
103,6
259,2
96,1
180,1
65,1
200,1
89,2
71,1
173,24
110,1
50,2
128,1
56,1
49,12
66,1
59,1
77,1
45,1
44,1
63,3
157,1
29,1
229,1
225,1
68,1
82,3
173,2
54,2
149,1
367,11
801,1
91,1
138,1
212,1
47,1
285,1
34,2
69,1
261,1
44,1
214,1
50,1
83,3
132,10
163,7
86,1
34,1
167,2
414,5
144,1
58,1
53,2
514,79
139,2
32,4
181,1
325,3
156,3
128,3
50,2
315,2
255,1
229,19
189,1
188,1
103,6
48,1
61,1
53,1
285,1
46,3
160,5
135,1
104,1
69,3
190,1
119,1
170,1
144,8
220,1
202,1
189,1
61,1
42,2
117,1
135,2
84,1
63,1
33,2
266,2
255,2
62,3
55,2
56,1
33,1
468,1
160,1
409,1
95,2
150,2
133,1
39,1
66,2
166,30
72,1
85,1
205,1
38,3
57,1
80,1
65,1
165,1
69,1
34,4
58,1
178,1
58,2
200,1
64,1
60,2
68,1
571,1
234,1
45,2
121,1
270,113
216,1
56,12
606,3
147,3
239,20
75,11
104,1
228,79
50,2
117,2
98,4
48,2
182,1
295,3
318,2
57,23
100,1
150,1
74,2
220,1
200,1
200,1
124,1
61,1
82,1
226,1
241,1
55,12
76,23
243,19
59,2
50,11
192,1
300,1
54,2
45,1
180,1
40,2
94,3
60,1
85,3
130,23
91,4
116,1
119,1
100,1
830,1
272,2
48,4
41,4
47,4
46,4
183,9
67,7
121,1
75,2
150,3
51,1
171,1
55,1
163,2
33,5
32,2
212,12
95,1
140,1
63,1
238,1
31,1
220,22
155,22
136,1
55,8
388,1
40,1
154,1
150,1
125,1
180,1
115,3
180,1
115,3
45,2
85,5
58,1
371,66
51,2
133,1
2000,4
57,3
89,6
117,1
271,2
242,2
143,2
60,1
186,2
36,2
105,5
200,1
105,1
500,1
252,6
720,1
155,1
75,1
70,1
102,1
232,1
100,1
86,4
55,44
53,3
173,30
58,1
99,2
300,2
600,2
55,44
46,1
176,3
170,8
100,3
134,1
125,55
68,1
83,9
260,1
135,4
90,1
54,1
47,2
90,1
118,1
95,2
94,1
45,2
63,1
95,1
38,3
568,1
128,11
128,11
123,11
104,11
114,11
98,11
99,11
93,1
148,6
222,3
65,44
145,6
101,2
63,1
44,1
154,2
165,1
100,2
60,2
35,1
98,1
99,2
120,4
81,4
176,1
271,4
115,1
115,1
34,2
38,2
315,1
115,1
500,1
465,1
69,1
59,4
43,1
68,2
136,1
44,1
43,1
120,1
340,3
34,1
91,4
380,1
146,1
50,2
34,1
216,1
175,2
208,1
72,1
247,113
149,2
53,1
318,1
185,1
23,2
350,1
155,1
206,2
1940,1
78,5
89,2
33,1
198,8
203,1
165,1
144,1
44,1
272,1
404,11
227,1
891,11
38,2
65,1
114,11
72,4
700,2
202,1
159,1
521,31
378,1
190,2
74,1
135,1
243,1
77,2
150,2
256,1
39,2
125,1
55,2
391,1
143,2
45,2
295,1
90,1
51,2
72,2
35,2
38,1
152,1
156,3
29,2
1000,1
100,1
59,1
34,6
158,1
120,1
77,1
151,3
54,3
164,1
245,1
200,1
60,2
144,1
181,1
336,1
78,1
33,6
153,4
300,3
126,1
209,55
101,1
68,4
36,1
129,2
540,2
315,1
45,2
73,2
388,3
61,2
415,1
30,7
27,7
185,1
90,1
111,1
222,1
41,1
250,1
51,11
325,3
90,1
50,1
429,1
62,4
98,1
1132,2
60,2
75,2
50,1
113,1
57,1
70,1
80,1
87,1
372,1
205,1
143,2
60,1
262,1
170,1
120,1
271,2
53,1
248,1
70,1
71,1
46,2
220,1
56,1
368,3
110,1
324,1
64,2
36,3
517,1
147,1
140,1
121,2
625,2
317,3
205,57
159,1
151,1
214,2
186,1
115,1
100,2
124,2
136,1
135,1
105,1
210,1
120,1
61,2
95,3
115,1
301,3
62,3
26,1
108,2
76,1
326,1
135,1
190,1
29,2
314,1
300,1
140,4
669,7
68,1
80,1
191,1
54,1
62,2
174,1
68,4
115,1
53,12
125,6
189,1
630,1
191,1
90,1
75,1
50,16
128,9
50,16
120,2
55,2
166,1
450,1
52,1
282,1
146,1
135,1
250,68
120,1
238,1
103,1
413,1
99,2
181,3
143,2
192,1
55,1
44,2
65,5
65,5
52,2
44,2
97,1
241,1
93,1
48,1
155,1
33,1
105,1
1200,1
65,2
145,1
39,16
48,6
150,1
60,1
217,1
261,1
70,4
300,5
650,1
36,1
63,1
23,3
23,3
72,1
79,1
70,2
60,1
101,1
65,1
160,5
160,5
129,1
226,2
111,1
65,1
76,4
50,1
54,1
62,4
58,3
44,1
92,2
188,11
255,5
99,1
119,1
45,1
55,1
79,11
48,1
182,1
200,1
38,2
274,2
241,2
76,3
135,2
248,1
49,2
799,1
44,1
63,5
153,2
300,5
53,1
75,1
132,1
245,1
52,1
74,5
42,16
40,1
30,1
50,2
72,2
54,1
487,5
108,1
142,1
119,2
114,3
52,1
129,1
211,1
35,5
181,7
265,5
86,1
306,1
68,2
58,2
125,1
30,4
73,1
204,4
62,2
334,5
278,5
317,5
379,5
40,1
29,1
39,1
136,1
74,1
129,1
231,2
33,1
300,10
111,1
251,1
74,5
166,25
97,1
191,2
314,1
111,1
175,1
140,3
191,1
31,1
203,1
102,1
375,2
333,50
360,2
64,1
114,1
319,2
60,1
135,1
38,3
163,3
103,1
125,1
44,11
86,1
73,2
150,1
50,1
24,3
155,277
72,2
194,1
143,1
53,2
96,1
132,1
60,1
36,2
166,1
169,1
575,1
40,1
500,1
43,1
145,1
55,2
36,9
30,1
77,1
525,1
90,1
40,5
305,68
568,1
40,1
92,3
100,1
270,2
99,2
110,1
106,2
243,1
21,2
113,11
40,3
31,3
100,1
59,5
185,41
94,1
172,41
124,41
125,1
190,1
283,1
60,2
75,1
62,1
44,1
243,2
772,1
40,1
84,3
90,1
179,41
180,1
68,2
53,2
262,2
35,2
48,2
258,79
500,1
41,1
200,1
80,8
38,2
118,1
353,1
60,3
60,3
163,1
260,4
131,1
428,1
59,2
50,1
180,210
95,2
35,3
109,1
99,1
76,1
66,1
500,1
351,1
88,1
1444,5
238,7
81,7
95,2
65,1
412,1
60,1
142,1
70,1
36,1
42,5
70,1
81,1
139,1
46,1
215,1
207,4
72,1
4250,1
57,1
293,68
200,1
115,24
42,2
36,4
222,1
350,1
86,2
42,1
132,1
43,1
108,1
58,1
47,1
63,8
89,1
521,1
135,1
63,1
1800,1
140,1
252,1
50,1
131,1
54,5
48,2
270,1
75,1
282,2
240,1
320,1
108,1
200,1
40,2
51,2
179,1
125,2
53,1
332,1
548,12
36,1
40,1
59,1
210,2
372,1
95,1
90,1
1188,7
190,1
95,1
26,1
149,6
85,1
38,2
150,1
240,3
185,5
167,1
316,3
168,2
60,4
72,4
68,4
40,2
231,1
250,1
53,2
558,3
163,2
60,1
56,1
457,1
80,1
61,2
140,1
130,1
285,66
201,66
29,3
60,1
140,1
95,1
250,1
137,3
41,1
36,1
40,1
1350,1
38,2
159,1
121,1
100,1
85,1
180,2
176,1
298,44
135,1
124,1
267,1
230,2
164,1
101,1
680,1
400,44
80,8
220,1
40,2
175,1
205,1
50,2
368,44
122,1
1026,8
47,2
57,2
221,1
37,1
93,1
209,6
169,3
99,1
450,1
4000,1
8000,1
92,1
46,1
43,16
105,1
314,44
348,44
450,1
197,2
326,6
161,1
65,3
149,1
500,1
54,4
53,2
50,1
67,30
90,1
73,1
96,1
257,44
34,2
333,1
49,1
431,1
81,1
165,5
55,1
29,1
481,44
230,4
302,44
285,10
548,44
325,44
234,46
47,1
311,8
121,3
57,1
247,1
311,2
139,1
95,6
171,18
113,6
150,1
88,3
235,2
131,1
123,2
100,1
181,3
170,1
126,1
238,1
617,1
275,1
53,2
274,44
124,41
124,41
172,41
172,41
36,1
100,3
90,16
175,210
95,6
85,3
110,1
57,1
94,1
373,1
72,1
360,44
180,1
247,4
274,4
185,3
54,3
115,5
110,1
267,1
295,1
81,1
161,2
170,1
270,1
192,1
122,1
237,2
55,17
170,1
53,1
37,1
161,2
37,1
120,1
52,2
52,1
341,3
104,1
47,1
81,1
97,1
120,1
200,33
57,2
100,1
80,1
133,2
203,1
39,3
167,1
62,23
54,2
167,1
90,1
90,11
32,3
207,1
317,8
107,3
34,1
43,2
125,3
112,2
239,1
78,1
176,2
185,1
49,1
150,6
90,1
342,6
141,1
35,2
55,1
52,3
50,3
50,3
34,2
138,1
138,1
54,1
43,1
495,2
1125,1
230,6
300,44
132,6
519,27
248,1
488,2
344,113
335,44
76,1
71,2
60,2
280,1
72,1
130,2
93,1
250,1
205,1
27,2
6309,1
163,1
51,1
350,44
152,14
60,3
174,9
85,1
75,2
57,2
190,2
161,1
353,3
107,1
49,1
45,1
300,1
600,1
150,1
50,2
30,7
72,1
95,7
155,1
29,4
202,1
241,14
253,14
90,1
75,1
300,44
267,28
60,1
291,1
119,19
109,3
286,1
67,2
45,2
215,1
255,1
270,1
139,1
34,1
491,2
65,2
157,3
52,3
158,3
73,2
246,1
420,2
227,2
131,1
200,1
112,1
104,1
174,14
153,1
99,1
314,44
62,9
212,1
118,3
116,3
37,4
174,14
81,1
68,1
63,1
59,1
207,210
245,210
410,210
84,6
350,1
143,2
2150,210
156,2
166,14
143,14
64,6
228,1
371,1
84,6
100,6
79,6
118,1
320,1
60,3
96,1
91,1
371,2
77,8
62,8
57,1
49,1
89,1
183,27
67,1
67,1
130,1
53,1
58,2
237,210
248,113
261,44
296,1
265,1
51,9
161,8
69,2
44,9
57,23
186,4
135,33
189,1
28,1
81,1
473,1
120,1
186,10
795,1
500,1
500,6
124,6
277,44
143,5
153,5
600,44
126,1
186,10
287,1
90,1
241,6
229,6
410,1
180,30
276,44
300,1
176,1
222,4
41,2
226,1
375,1
350,1
140,1
115,1
280,44
1468,1
101,1
108,1
90,1
180,6
40,1
45,1
59,3
154,27
140,2
85,3
66,3
300,44
73,2
90,4
77,4
271,1
164,1
255,2
164,1
63,1
205,1
180,4
109,3
60,1
101,1
41,1
25,1
122,3
73,2
95,1
92,4
99,1
126,1
380,18
103,1
103,1
73,1
110,13
66,1
88,1
125,14
115,2
195,7
250,1
285,9
347,1
549,1
457,2
58,1
213,19
408,1
201,66
85,1
105,1
152,4
51,1
38,1
152,1
201,1
66,1
36,1
318,210
110,1
150,1
144,5
31,6
821,44
220,14
74,2
200,2
32,6
34,6
239,2
814,2
146,4
56,3
290,11
258,1
178,1
842,1
242,1
57,2
115,14
32,6
135,18
1250,1
250,1
319,1
77,1
162,2
355,13
45,1
315,1
295,2
135,1
261,2
119,2
55,1
495,1
111,6
205,2
144,1
109,1
67,2
299,10
79,2
46,1
28,1
119,2
169,16
133,1
285,44
209,14
184,24
252,14
74,1
71,5
146,1
415,4
60,1
165,1
60,1
200,4
209,1
66,2
76,24
70,1
173,24
59,2
150,26
44,4
35,4
121,1
33,1
43,3
95,1
699,1
182,7
251,1
24,1
361,1
29,4
23,1
53,2
76,1
290,2
44,2
63,1
65,1
89,15
79,15
129,15
110,15
499,2
97,1
59,2
70,1
175,47
61,2
280,1
27,2
85,1
170,2
49,4
157,1
56,1
36,2
37,2
101,1
223,3
180,2
35,2
149,5
309,2
77,5
75,1
77,5
74,5
74,1
65,6
65,6
75,6
362,2
32,1
68,4
230,79
85,1
129,13
258,1
133,1
116,13
250,1
170,1
76,2
155,8
242,20
60,1
80,1
56,1
266,3
134,4
134,4
276,1
203,1
298,1
122,3
187,1
123,1
553,1
68,1
250,1
47,3
63,2
53,1
79,1
65,6
65,6
40,1
678,1
75,3
142,5
42,3
41,1
171,1
226,6
42,1
206,1
54,1
46,1
99,1
65,3
280,3
103,2
35,1
164,2
174,1
238,1
249,68
745,1
225,1
79,1
58,1
130,2
40,2
50,2
110,2
49,3
299,1
96,1
229,7
115,1
60,6
42,4
31,2
401,1
103,1
81,1
110,1
135,2
85,2
190,1
70,1
265,2
84,2
345,1
250,3
57,2
130,1
225,3
57,3
50,1
320,1
164,14
42,1
38,2
163,1
117,1
186,1
347,2
32,6
219,1
33,5
162,1
400,4
70,3
95,4
43,23
138,2
68,4
45,1
86,1
84,2
137,1
105,4
62,7
155,1
459,1
214,6
200,3
375,1
97,3
54,2
222,1
179,3
33,5
38,1
59,2
194,3
65,3
64,13
72,3
211,1
1100,1
83,1
96,1
115,1
69,1
44,2
31,2
51,2
428,3
29,1
319,1
162,1
31,1
83,1
32,2
138,1
269,1
161,5
326,4
149,2
285,1
116,6
489,6
152,2
47,14
100,1
32,1
197,14
88,1
52,1
142,6
3990,1
34,2
55,1
187,5
95,1
44,3
32,2
176,5
301,1
202,5
195,5
176,5
83,1
49,3
241,1
27,5
73,1
190,1
102,1
37,2
150,1
90,3
142,5
139,1
269,6
150,1
200,5
950,3
75,1
276,1
87,15
96,15
145,13
180,12
230,2
499,6
288,6
40,1
48,1
59,67
257,1
185,3
128,2
162,4
68,1
91,1
45,4
181,1
140,1
162,1
53588,1
170,1
327,1
64,1
117,1
70,1
201,8
66,4
70,1
243,1
133,5
155,1
124,15
63,1
114,1
90,1
60,1
150,1
60,10
130,1
34,2
56,1
39,2
25,1
136,19
193,1
168,19
45,2
113,2
69,1
100,26
40,11
213,19
68,2
168,1
96,1
115,3
372,1
60,3
65,2
55,3
63,2
59,1
118,1
45,2
118,1
1000,4
88,1
60,1
45,3
95,2
42,1
134,7
72,1
30,3
38,11
200,1
60,1
180,1
66,5
240,1
98,1
58,1
56,2
198,1
280,1
250,4
144,1
235,3
120,2
96,4
68,1
253,5
345,1
51,1
52,1
175,1
221,2
53,4
54,2
138,1
300,2
325,1
77,2
209,16
85,1
60,1
45,1
40,1
40,1
87,3
109,6
95,6
114,6
195,8
114,60
186,10
185,66
155,1
48,2
76,1
45,1
192,22
120,1
80,2
62,1
168,1
100,4
101,2
305,15
51,4
60,1
219,3
114,2
76,1
85,6
35,1
104,1
130,2
32,1
43,2
77,1
262,1
153,1
77,18
300,3
41,1
84,1
50,2
66,4
80,1
101,11
121,1
90,3
132,1
65,1
225,1
245,1
51,2
80,1
256,20
120,1
74100,1
240,1
49,4
117,2
167,15
149,277
48,1
48,1
80,1
138,1
44,1
115,1
141,1
284,6
55,1
162,1
47,2
170,1
250,1
85,2
60,3
62,3
176,1
33,5
118,1
36,2
200,1
72,2
145,1
41,5
101,1
180,2
70,2
103,1
75,1
68,5
35,2
115,1
360,1
170,22
59,1
380,1
79,1
1900,2
54,10
198,1
196,1
221,48
101,1
285,1
100,1
195,1
315,1
85,1
85,121
160,26
160,1
470,1
290,1
75,1
79,1
185,1
208,2
110,1
41,1
466,2
133,121
199,121
158,4
30,2
169,3
63,4
31,1
40,1
278,5
155,3
170,1
114,60
225,1
116,1
60,1
163,1
90,1
275,1
55,1
131,1
196,1
76,2
213,1
47,2
218,1
35,1
46,1
67,2
120,1
44,1
133,44
43,1
380,29
328,1
437,29
119,1
739,1
343,1
36,4
3000,1
76,15
205,98
299,2
35,4
146,6
102,1
70,2
90,8
125,1
90,8
86,2
33,3
65,2
50,1
29,2
73,2
130,3
51,2
62,8
1277,1
64,2
62,3
71,1
111,2
58,1
274,1
225,5
713,2
254,1
125,44
137,25
69,2
120,25
106,25
129,25
56,1
108,3
110,19
294,13
46,1
38,1
254,1
352,1
184,1
214,1
103,3
61,2
176,1
31,2
25,2
83,2
55,6
145,1
62,1
45,6
44,6
47,6
50,6
400,1
191,1
49,2
77,3
74,44
52,3
80,2
63,2
33,3
135,33
289,7
252,2
99,13
250,79
210,2
1689,66
83,1
38,11
113,10
225,1
130,1
340,5
144,1
95,8
81,11
285,1
45,3
29,1
213,1
58,3
159,1
450,1
101,1
40,2
80,1
48,3
46,3
45,3
70,3
159,1
181,1
29,2
33,2
259,3
78,15
165,1
68,1
450,1
115,1
66,1
135,2
150,1
100,2
108,1
19,2
49,2
61,2
270,1
97,25
129,25
45,1
225,2
158,1
43,2
107,1
334,1
114,1
217,16
88,4
100,1
143,78
102,25
96,1
119,25
96,25
36,2
55,1
151,2
122,1
50,1
107,25
114,1
36,2
51,2
86,3
54,11
40,11
46,3
121,25
105,2
90,1
97,1
160,1
296,1
347,1
62,2
72,3
52,1
230,1
200,1
63,6
60,1
196,84
292,4
28,3
110,4
203,1
190,1
72,60
105,60
52,1
180,1
70,1
106,3
36,1
854,1
1136,4
78,1
63,2
45,2
85,25
450,2
73,1
102,25
107,1
137,2
168,1
294,1
109,25
79,2
61,2
38,4
64,12
116,6
119,121
99,121
92,121
92,3
181,1
800,1
4250,4
210,1
175,1
125,1
73,15
143,20
176,1
41,17
366,1
195,20
98,5
90,1
558,7
171,121
86,121
199,121
168,25
50,1
85,2
110,1
32,4
54,1
538,2
45,1
200,3
311,7
246,7
21,3
320,1
43,3
35,2
240,1
73,1
117,3
138,1
110,1
27,2
49,2
93,1
196,3
352,1
399,1
54,1
108,1
69,1
18,1
232,1
225,2
154,1
76,60
98,2
450,1
360,1
43,1
200,3
469,20
47,1
114,60
72,60
72,60
72,60
50,5
67,1
74,1
86,60
114,60
715,1
143,1
90,60
90,60
86,60
86,60
50,1
100,1
161,3
60,1
29,1
50,1
45,1
50,6
81,1
133,1
53,2
163,1
90,1
117,1
33,6
100,1
285,3
90,1
63,30
113,1
41,2
87,1
83,1
56,2
32,1
151,3
55,1
70,1
171,14
59,3
95,121
28,1
150,1
286,14
205,98
103,1
31,1
200,3
89,2
67,3
180,2
85,1
50,1
79,1
433,2
181,23
305,68
36,3
106,1
105,1
62,2
69,1
104,2
153,2
299,2
93,1
55,2
50,2
51,1
300,1
120,1
60,4
117,4
181,3
262,8
77,15
175,1
215,48
105,1
43,1
231,2
228,113
300,7
219,1
36,1
299,11
96,1
84,121
51,2
225,1
47,2
323,1
190,12
103,1
210,1
110,4
41,3
81,1
48,2
44,1
394,1
145,1
75,2
96,8
224,1
78,121
75,1
85,2
135,2
115,1
133,1
218,22
60,5
98,4
46,2
53,1
300,1
65,6
486,9
48,1
81,2
100,2
395,12
38,2
129,78
74,1
90,2
81,1
114,1
55,1
367,39
300,5
94,2
90,1
135,2
78,2
85,2
131,2
124,1
111,1
131,1
105,1
81,1
104,1
140,1
92,11
167,3
153,17
119,7
41,4
151,17
173,17
127,1
256,17
188,1
181,1
34,4
62,3
64,2
65,1
152,1
110,4
424,50
70,1
114,1
114,1
42,3
115,1
400,1
300,1
35,1
93,4
76,8
46,1
337,4
94,1
65,1
105,1
91,1
90,4
84,1
62,1
168,17
1424,1
229,4
120,1
132,1
442,5
48,1
450,1
120,1
34,1
281,68
384,5
59,1
96,4
88,2
45,1
194,1
119,121
66,1
149,121
91,121
190,121
143,17
238,17
25,1
171,121
86,1
92,1
34,2
149,1
160,1
100,1
68,1
63,1
225,1
31,2
190,2
270,1
118,1
104,2
190,121
179,121
200,1
147,3
300,1
35,1
475,1
280,79
62,31
150,1
43,3
64,1
261,1
380,22
300,2
176,2
275,4
114,2
119,1
99,1
327,1
170,1
115,1
105,1
73,1
156,1
350,1
66,1
228,113
81,1
68,31
88,1
285,3
95,4
35,3
140,1
60,1
38,3
263,28
200,1
116,3
116,3
94,3
66,1
367,1
47,2
191,41
156,41
143,41
41,2
141,1
63,4
409,1
166,1
585,1
163,1
105,4
110,4
126,4
81,4
79,1
50,4
65,4
45,4
231,14
50,1
270,1
104,1
266,2
61,3
137,2
79,4
119,4
133,24
89,1
101,7
178,43
41,2
658,4
75,1
31,1
143,24
138,1
228,6
33,2
99,14
493,4
260,2
25,1
140,3
81,2
155,1
79,3
38,3
124,1
175,1
47,2
55,2
130,3
60,1
159,26
133,23
81,3
86,1
534,18
55,1
60,23
976,1
86,1
144,18
91,1
368,3
51,11
161,2
66,1
32,2
79,4
148,1
104,1
106,1
46,2
157,1
246,55
127,121
98,2
197,1
52,1
115,33
273,7
150,41
150,41
71,1
124,2
138,3
135,2
94,1
44,14
260,3
38,2
205,2
266,1
205,10
50,1
299,5
57,1
140,27
45,14
48,14
32,3
123,2
149,2
56,1
155,6
39,2
36,6
72,2
34,1
109,24
125,1
145,23
86,1
200,2
198,1
37,6
129,1
44,2
95,4
105,1
36,1
271,1
54,1
109,1
89,5
137,33
158,4
48,1
274,44
205,1
162,9
200,1
86,4
48,4
80,2
171,3
153,3
200,2
110,1
299,1
356,66
72,1
93,4
158,1
94,4
91,5
428,2
466,6
71,1
479,1
286,68
100,1
305,68
99,1
242,5
60,4
91,2
124,1
114,25
125,5
50,2
285,1
275,1
103,1
1006,1
68,1
115,2
68,2
82,2
162,1
273,1
50,1
105,1
50,1
96,47
170,2
257,44
229,1
206,1
112,2
60,1
225,3
60,3
35,2
130,6
117,19
117,19
500,1
207,3
266,15
180,2
34,3
44,2
67,2
182,2
185,1
48,1
400,4
167,1
265,1
45,3
139,2
90,1
999,1
512,2
900,71
122,1
250,3
91,1
150,3
30,6
85,1
48,1
310,12
63,2
72,2
179,121
378,1
308,4
143,1
890,29
45,3
270,1
32,4
50,2
153,2
231,7
281,12
376,5
209,2
95,1
60,2
37,2
117,3
271,84
106,1
45,9
43,5
60,1
294,2
153,1
150,41
56,9
211,79
99,4
646,1
40,2
160,28
74,2
36,1
95,2
135,6
209,18
185,27
57,1
125,2
108,16
270,1
157,1
104,2
135,1
78,1
260,2
180,1
88,4
39,3
190,2
57,1
143,2
193,2
631,1
279,1
252,1
77,1
239,27
675,1
196,1
67,1
164,5
115,1
88,16
60,1
61,2
150,2
277,6
285,121
121,1
176,66
49,3
37,2
210,1
55,2
142,5
181,1
150,1
52,2
300,1
175,4
51,2
77,1
54,2
48,1
107,1
154,1
373,8
76,1
54,1
203,2
45,7
79,7
45,7
45,7
100,4
273,7
226,10
375,1
68,7
100,2
60,1
50,1
141,1
366,1
282,8
68,1
50,3
34,2
48,2
51,3
90,4
1689,66
95,2
56,4
54,4
219,2
260,2
91,1
142,3
121,66
273,9
144,1
231,7
80,12
99,16
206,4
221,1
647,1
30,1
150,1
115,1
124,6
50,2
281,12
100,2
196,1
790,1
83,1
72,1
266,1
85,6
138,1
76,4
200,4
126,13
139,17
113,13
80,1
130,1
237,68
32,2
50,2
95,1
196,1
279,1
114,1
184,17
54,2
225,1
120,2
189,22
256,28
150,2
188,50
65,1
198,6
225,1
86,4
323,1
81,2
65,1
120,33
198,1
65,1
65,2
46,1
58,1
115,18
305,68
110,7
430,3
108,1
101,7
76,1
61,2
27,1
275,14
294,1
287,14
145,1
165,1
56,2
190,17
90,1
123,7
87,2
53,1
51,1
57,1
350,1
171,2
62,2
50,1
411,1
99,1
137,2
40,14
313,1
85,8
83,8
120,13
73,2
170,1
69,1
94,2
69,22
145,13
151,1
59,1
72,1
53,22
54,22
149,33
93,3
542,71
30,1
94,2
170,1
229,1
61,1
110,7
180,4
129,1
57,1
226,1
218,1
40,1
516,12
130,1
44,2
112,1
68,2
30,2
56,1
80,1
172,3
110,1
1000,2
150,1
226,33
74,3
181,66
475,2
206,1
75,1
172,17
77,1
36,3
53,1
32,3
30,1
55,1
162,1
124,121
63,1
119,4
91,4
105,4
105,4
61,1
36,2
190,1
73,1
145,4
124,4
124,4
450,3
224,2
198,2
228,1
265,7
161,6
67,2
172,4
30,1
290,1
122,2
266,3
36,2
113,1
47,3
100,18
72,1
157,3
59,1
57,2
139,17
141,1
402,3
547,12
160,1
193,6
36,2
84,4
81,1
64,1
148,1
42,1
171,2
45,2
133,3
59,1
40,1
142,1
208,1
106,2
127,1
123,2
248,1
210,1
133,13
350,1
212,27
173,3
77,2
28,1
54,2
76,1
159,1
70,1
350,50
252,27
144,1
36,2
131,2
60,1
450,1
120,3
58,5
40,5
78,2
428,5
120,33
236,4
145,1
95,1
73,2
58,1
42,1
23,1
95,4
134,1
180,30
24,3
164,1
145,1
47,44
50,3
149,121
102,1
54,2
222,1
172,1
146,33
70,2
73,1
40,1
51,1
326,1
123,2
110,2
36,5
167,1
61,2
199,1
356,19
124,3
70,2
600,1
124,2
383,3
139,2
66,10
87,10
101,10
72,10
325,1
53,3
36,1
208,1
60,8
60,8
104,1
4845,1
190,1
77,1
134,1
113,14
60,1
260,2
53,1
50,4
42,1
170,1
91,1
39,3
241,1
59,4
272,1
48,5
62,1
44,10
158,1
450,20
101,4
111,4
69,1
278,7
149,30
196,30
105,2
91,3
193,2
26,3
42,2
171,2
139,17
63,1
720,50
42,1
85,33
453,16
138,1
203,10
179,24
69,2
188,1
157,5
140,1
70,1
210,1
76,2
71,1
186,19
31,1
379,2
55,1
21,1
204,3
186,3
222,3
246,3
80,21
31,1
92,2
114,1
393,2
422,1
58,3
400,19
50,2
97,1
100,1
95,1
49,2
83,4
108,1
200,13
40,1
36,5
186,5
234,4
67,2
100,1
79,3
44,25
153,17
51,2
90,4
133,24
190,53
219,66
104,121
50,1
50,14
85,1
108,3
200,1
75,1
59,1
119,13
138,8
90,3
95,13
261,8
150,66
222,66
191,66
86,1
79,15
222,66
201,66
69,1
219,66
359,6
391,1
180,1
188,1
105,1
80,1
39,1
34,2
299,44
96,2
40,1
124,1
95,16
318,1
300,1
425,44
62,1
29,3
95,121
84,121
155,1
85,6
25,4
160,1
77,1
34,5
83,3
238,2
216,1
140,1
125,3
53,3
551,1
48,2
55,2
352,84
149,1
180,1
80,1
72,2
168,1
76,2
35,2
33,8
222,1
60,4
205,1
88,2
61,1
483,44
99,1
38,17
33,17
176,1
180,1
159,1
111,1
30,1
102,1
296,44
330,44
326,44
422,44
310,44
283,44
92,1
509,1
144,1
78,6
212,1
504,1
62,2
115,13
104,5
144,1
140,3
173,1
133,44
366,1
138,2
23,2
51,2
58,4
77,1
43,1
148,1
83,1
40,1
190,1
203,1
210,2
500,1
60,1
39,1
100,13
357,10
34,1
295,1
74,6
170,2
131,1
39,1
380,12
42,1
58,2
168,1
96,4
75,1
95,1
92,1
143,1
250,1
148,1
160,1
37,25
49,1
73,2
95,1
62,4
157,1
134,1
144,5
138,1
425,2
55,2
497,1
322,44
86,1
218,1
42,1
50,3
208,2
170,1
101,1
225,2
715,210
321,210
120,4
114,121
30,1
493,79
169,18
144,1
45,1
186,2
166,20
156,84
276,93
265,1
350,1
224,24
106,5
143,24
43,4
428,3
163,4
102,1
332,1
57,2
294,84
158,1
98,13
181,2
210,1
74,1
51,1
65,1
200,1
152,20
127,3
81,3
68,3
118,121
201,11
298,1
266,14
176,4
112,4
92,1
45,2
162,1
143,24
66,2
178,3
222,4
131,1
145,16
77,121
122,1
44,3
113,24
109,24
109,24
149,14
44,4
156,14
360,1
130,28
76,3
190,1
151,1
87,2
254,68
229,1
303,4
121,14
356,1
244,1
250,1
225,2
109,1
283,66
138,2
55,3
68,1
128,11
243,1
41,2
95,5
23,2
71,1
145,1
149,1
50,2
37,3
63,2
49,1
49,2
126,3
48,1
190,1
40,1
126,2
319,1
315,2
265,9
151,5
90,1
290,1
106,1
55,3
164,1
152,10
115,2
70,2
106,1
210,8
90,3
117,2
73,2
790,1
208,210
363,3
442,5
65,1
276,1
220,1
25,1
153,1
194,1
60,1
30,1
215,1
48,4
64,9
306,1
1800,1
39,5
240,7
41,2
63,1
82,1
137,30
97,1
294,7
331,7
90,1
122,2
159,1
96,13
86,2
95,121
61,1
147,5
142,121
95,1
64,3
119,13
91,1
39,2
449,1
55,1
106,16
59,2
54,2
65,2
144,3
145,3
75,3
235,1
72,1
134,1
32,2
171,1
75,2
400,5
108,2
42,2
238,7
155,22
67,1
180,2
298,1
51,17
90,1
235,1
59,17
56,17
38,17
186,3
185,22
40,4
27,1
55,12
89,1
41,3
110,1
103,1
70,2
86,1
31,2
501,2
255,4
179,16
38,2
35,1
3536,7
77,4
126,1
56,1
171,1
226,1
106,9
80,1
45,2
53,2
48,2
42,2
692,3
52,1
145,1
37,9
62,2
40,23
211,2
51,1
306,4
363,1
402,5
115,1
75,2
60,2
181,2
212,1
146,2
95,3
105,1
230,6
30,2
23,2
196,11
238,9
340,1
100,1
260,1
115,4
70,1
143,4
100,2
212,2
50,4
466,1
105,1
122,31
131,31
120,31
112,31
122,31
121,31
117,31
105,31
132,31
133,31
117,31
120,31
104,31
114,31
45,1
119,31
122,31
116,31
61,1
135,1
309,23
171,2
82,2
300,1
49,4
88,2
225,1
27,5
101,1
180,1
114,1
242,4
60,2
51,3
42,4
41,25
95,1
72,2
392,1
108,2
117,1
46,1
107,7
132,1
165,2
300,2
95,2
72,5
80,1
50,1
212,12
104,5
276,1
58,2
50,4
56,2
85,121
80,1
33,4
50,1
258,6
36,1
234,2
60,8
87,2
60,8
28,1
85,1
27,2
160,30
222,1
221,1
37,1
200,3
142,3
53,2
60,67
71,1
179,3
330,44
38,1
155,22
75,1
224,29
96,1
199,2
30,2
170,1
256,5
35,9
126,1
40,5
76,4
38,5
54,1
60,1
279,1
299,4
249,9
50,1
248,4
87,1
67,1
95,4
47,121
102,1
50,1
188,1
160,1
90,1
144,1
42,1
91,1
48,2
438,79
379,1
47,5
222,1
153,3
315,1
520,81
700,81
550,81
950,81
500,81
171,1
86,1
1029,1
90,2
181,1
108,1
44,1
81,121
413,1
285,1
210,10
172,1
400,81
700,81
500,81
204,8
61,2
180,1
72,1
150,1
184,13
49,1
360,81
40,1
229,22
200,36
200,1
119,1
190,3
41,1
70,4
500,81
67,2
136,1
37,1
95,1
70,1
138,4
1485,1
100,1
229,7
223,1
103,2
1500,20
475,1
230,1
48,2
250,2
90,1
265,33
56,2
136,1
58,1
56,1
80,7
143,3
133,121
150,1
98,2
50,2
240,1
229,12
87,1
250,10
342,1
144,26
72,23
98,24
115,1
32,1
600,81
212,3
365,1
55,1
40,2
80,2
189,1
150,2
212,1
57,4
160,1
855,1
300,2
80,1
65,2
71,2
85,6
35,2
202,1
69,1
70,2
55,4
120,5
50,2
95,1
117,13
33,12
251,1
49,2
106,16
110,8
400,81
123,32
142,121
93,10
93,10
288,8
66,13
245,3
231,1
94,2
55,1
238,2
104,6
33,3
90,1
106,6
200,1
104,2
41,1
53,2
213,5
270,1
126,1
245,1
57,1
320,2
350,1
217,1
114,2
36,1
161,5
71,1
208,12
221,48
85,2
45,2
118,2
91,121
165,18
241,1
105,2
275,1
66,1
55,1
234,1
30,5
122,2
408,1
190,2
73,3
79,1
258,2
22,5
186,5
29,5
315,1
72,1
59,2
37,13
37,13
144,1
70,1
69,2
825,81
690,81
240,9
630,1
900,81
96,2
37,13
37,13
59,1
57,5
179,1
239,1
50,1
90,2
167,2
200,1
124,2
51,1
180,5
480,5
208,1
68,7
36,1
305,68
41,1
34,2
116,3
861,4
370,1
437,19
2000,81
160,1
20,1
81,47
326,1
408,9
259,7
32,2
910,4
50,2
114,121
200,1
295,1
70,1
300,5
90,1
93,1
68,30
85,1
200,1
97,1
262,22
85,1
86,1
70,1
41,2
44,14
178,2
140,1
395,1
52,2
27,1
238,68
211,66
211,66
285,121
87,2
233,66
163,1
203,6
182,2
300,1
57,1
40,3
538,19
86,1
123,33
104,121
90,1
225,1
40,1
457,3
170,1
150,41
236,17
189,5
260,1
82,1
60,2
345,2
59,2
85,1
77,1
90,1
293,1
151,6
190,17
184,17
146,25
45,1
322,9
64,16
75,1
77,3
250,1
115,1
164,2
248,1
44,1
523,1
186,4
54,3
185,2
54,1
162,2
122,1
227,1
600,81
109,1
65,1
51,1
87,2
62,1
241,2
500,81
510,29
510,29
485,29
510,29
99,1
214,8
487,71
68,1
60,30
47,30
67,30
58,2
87,1
39,3
60,2
135,3
34,1
298,12
356,4
253,14
59,1
38,1
43,1
133,1
48,1
115,1
1956,214
90,1
695,214
711,214
390,214
750,81
1221,214
625,214
748,214
804,214
528,214
799,214
691,214
550,214
1955,214
798,214
613,214
439,1
553,214
291,31
45,3
106,5
142,2
60,12
171,1
145,3
121,1
173,7
159,1
500,1
156,9
315,1
60,1
81,1
167,17
36,2
40,2
56,2
95,121
102,1
584,4
59,1
210,2
155,12
108,2
150,1
111,1
324,4
96,2
65,1
426,2
360,1
600,81
60,1
160,1
191,53
58,12
51,3
120,12
119,13
54,2
1318,81
572,81
550,81
82,3
50,1
50,2
120,27
420,210
135,1
509,14
52,1
324,8
407,84
10,1
125,1
157,3
200,1
60,1
115,78
49,1
77,1
80,1
90,2
117,29
48,1
60,1
58,30
38,1
540,1
80,1
86,1
55,1
80,1
221,16
144,5
52,7
904,3
57,2
39,4
66,2
48,1
59,2
115,25
390,43
315,1
116,1
58,2
140,1
380,6
35,5
105,1
80,1
68,1
74,2
69,1
201,1
108,6
306,1
259,1
60,30
51,35
56,35
181,1
139,1
225,1
54,2
155,1
158,6
114,6
180,1
120,1
300,1
510,12
30,1
37,18
185,1
191,27
93,121
109,1
60,3
1338,2
80,1
247,9
109,1
817,210
335,2
99,24
99,24
75,1
205,1
63,1
84,24
177,24
177,24
177,24
183,24
108,1
150,4
349,1
206,43
144,2
224,1
154,1
92,1
158,1
275,1
90,1
115,2
999,1
133,1
63,1
247,15
166,1
158,3
126,1
200,1
399,1
128,1
65,2
182,1
167,4
57,30
56,2
54,1
177,24
58,12
173,15
161,121
47,1
38,2
136,1
68,1
105,1
359,1
69,12
79,6
720,2
180,1
57,1
39,3
99,1
285,68
609,3
212,1
117,1
114,6
79,6
186,2
39,1
69,3
49,3
80,6
80,6
47,1
72,2
126,2
34,14
65,12
35,4
534,11
67,1
99,24
70,10
48,2
50,10
193,16
118,24
113,1
450,1
65,1
73,2
40,3
44,2
299,2
436,3
401,17
40,18
90,1
69,4
111,1
420,3
110,1
125,1
120,1
310,2
39,3
174,2
82,1
37,3
167,27
121,1
96,1
142,27
62,12
103,2
300,8
139,1
625,81
437,68
194,7
194,1
85,1
950,1
111,7
40,1
36,2
82,1
349,1
320,3
106,1
40,1
42,2
142,3
57,2
38,3
756,3
210,1
238,1
70,1
223,3
62,1
174,12
227,12
46,47
472,22
148,2
55,1
126,5
116,1
71,4
28,5
46,2
508,1
92,1
110,6
221,1
500,32
217,1
30,3
75,2
75,1
216,1
160,1
102,8
72,1
34,3
61,4
87,4
102,1
64,1
54,2
150,1
121,1
3585,28
44,2
186,1
149,26
240,1
40,1
184,2
228,14
69,1
120,1
99,3
167,13
99,3
350,81
612,2
179,1
109,24
120,1
243,7
27,1
640,1
290,84
205,3
808,1
78,1
37,7
252,1
31,2
115,2
861,1
422,214
55,2
755,214
957,214
693,214
35,1
119,1
60,2
170,2
85,6
90,6
146,3
39,7
124,6
229,6
80,1
462,2
96,1
324,1
60,2
120,1
285,22
52,1
110,1
60,2
168,1
62,1
311,31
67,2
96,1
595,2
125,2
128,1
146,4
28,2
450,1
177,3
99,1
120,1
199,43
220,16
610,1
60,1
282,1
42,2
360,1
163,2
90,2
244,1
38,2
38,5
62,1
169,3
47,7
173,1
100,2
100,2
59,3
241,210
97,1
115,1
146,1
428,22
111,1
261,55
72,3
55,1
185,2
201,66
118,4
84,1
450,1
70,1
251,13
27,5
203,2
165,1
150,1
100,15
34,4
400,2
46,3
136,1
191,2
200,1
72,3
32,1
398,50
1012,3
765,2
46,1
999,1
31,2
96,1
50,1
42,1
97,2
305,68
245,39
109,3
79,1
44,1
130,2
188,2
238,3
281,1
1156,214
270,1
100,1
60,1
110,1
53,1
193,5
59,1
190,4
87,47
96,47
178,25
34,3
112,1
32,1
49,2
60,3
55,2
80,1
145,1
60,2
278,7
153,3
120,2
180,4
60,18
96,1
108,47
887,210
157,1
150,3
55,18
55,1
56,1
80,18
55,18
72,18
46,18
89,1
219,10
351,1
172,8
24,1
51,2
44,2
233,1
135,2
2373,1
98,3
65,1
725,17
716,17
150,33
842,17
277,1
159,3
49,1
428,17
65,1
82,15
210,1
280,1
115,1
185,2
184,5
151,43
230,7
315,43
64,22
61,22
60,22
57,22
43,4
94,2
500,1
413,2
47,1
59,4
57,121
82,1
42,2
183,4
328,3
56,3
289,1
94,2
17,2
261,210
642,12
55,1
192,7
29,1
34,3
34,3
77,2
285,22
32,1
138,5
85,2
179,5
181,2
77,1
150,3
138,3
167,3
737,1
285,22
115,13
222,66
228,66
216,66
145,1
185,1
104,12
530,1
43,5
60,1
495,48
29,2
135,1
85,2
29,1
82,8
80,1
200,2
68,1
129,23
365,1
102,12
53,1
76,2
35,3
117,1
150,33
241,3
54,1
1539,66
28,2
301,1
175,1
428,22
119,1
50,5
151,1
261,6
290,7
59,11
41,1
36,1
64,1
41,2
94,1
119,1
300,2
133,12
820,81
140,1
80,1
50,2
80,1
307,1
1093,1
270,79
160,13
83,1
39,3
150,1
63,3
120,1
74,2
119,13
99,2
99,1
130,1
135,1
117,6
96,2
73,1
380,1
33,2
66,6
171,121
190,121
59,1
284,6
142,3
27,2
35,4
64,12
495,1
59,4
196,3
122,6
200,1
100,1
30,2
99,1
165,1
67,33
284,1
78,3
35,1
212,23
81,1
139,1
316,5
153,5
289,5
246,5
33,1
62,1
200,2
130,17
66,1
400,81
176,1
650,81
500,81
500,81
30,2
171,113
133,31
128,1
81,1
71,1
89,2
220,1
229,1
63,4
190,1
95,5
45,2
60,3
74,4
43,5
38,2
114,121
44,1
32,4
135,3
69,1
57,4
295,1
197,1
200,1
164,53
47,2
178,1
300,1
196,1
238,4
132,12
183,1
42,1
121,1
41,2
98,47
477,8
212,50
66,1
371,15
134,3
281,1
238,22
26,1
165,25
86,1
165,1
41,4
44,1
113,1
43,3
50,2
90,23
420,1
60,1
70,1
114,2
59,1
132,2
56,2
375,8
95,1
95,5
140,1
1750,1
388,31
53,3
40,33
22,1
75,1
34,1
350,1
416,1
118,2
117,2
299,1
48,1
504,1
70,2
40,2
79,2
172,66
114,1
55,4
53,4
324,43
205,2
38,1
496,1
74,15
164,2
300,3
1000,63
68,1
55,1
35,1
212,1
307,113
65,1
44,3
565,1
105,2
137,10
471,210
86,9
33,1
107,1
276,1
100,4
96,1
272,1
41,12
39,3
90,1
71,1
130,1
110,1
450,20
99,1
77,4
101,2
51,4
132,3
146,3
77,2
133,1
62,1
35,1
367,9
56,1
50,1
102,1
414,27
142,2
110,1
1018,81
900,81
650,81
340,81
850,81
285,6
130,1
46,17
52,17
67,2
37,17
49,17
142,23
53,1
44,12
40,2
340,1
329,3
23,2
34,1
87,2
43,1
329,2
300,1
56,1
901,2
333,79
75,1
281,1
560,1
163,1
143,2
35,1
219,24
143,277
124,8
83,24
99,24
99,24
457,210
55,1
62,22
34,3
281,1
177,24
189,24
100,2
119,24
169,1
108,1
82,3
37,1
68,1
300,23
172,1
120,1
109,24
109,24
225,1
230,3
47,1
197,24
41,7
56,44
37,1
615,4
500,81
59,1
41,1
588,7
109,1
42,3
260,79
199,1
31,1
135,1
57,1
265,1
53,2
72,1
287,2
352,6
76,1
51,1
165,1
78,1
55,1
37,1
54,2
41,1
550,22
168,1
68,1
42,1
45,1
452,22
291,1
185,1
88,1
51,1
93,1
61,1
123,13
245,4
200,8
104,1
126,6
80,47
62,1
127,1
221,1
88,1
176,10
357,1
188,10
163,210
26,18
20,18
143,18
38,1
100,2
100,1
91,1
276,93
361,19
212,1
936,1
32,1
176,1
175,1
952,1
49,1
149,22
85,1
32,2
40,3
87,2
71,6
65,1
50,3
45,3
22,3
80,2
138,4
283,1
33,3
155,9
600,81
87,1
201,1
201,1
66,13
185,1
133,4
170,4
190,4
35,6
750,81
150,17
87,47
91,1
171,1
190,1
100,1
852,1
213,6
118,1
920,2
103,1
50,1
500,20
57,1
74,1
204,48
82,4
996,39
49,4
60,2
56,2
71,1
469,1
436,31
131,31
55,1
425,1
870,39
75,2
361,1
94,1
380,1
83,25
497,1
180,2
27,2
240,7
245,2
72,2
850,81
850,81
83,8
167,4
197,1
195,1
80,3
323,2
204,1
140,2
105,13
334,210
219,3
70,2
131,1
232,1
165,3
146,1
235,2
428,3
156,1
434,17
130,21
143,21
55,3
75,1
200,1
145,1
58,1
207,4
85,1
431,1
213,1
95,1
449,3
150,33
39,10
83,4
322,210
636,1
243,10
172,3
270,1
250,3
123,1
42,1
76,1
550,1
254,1
52,3
38,4
500,31
835,3
41,1
25,3
64,1
53,2
52,4
49,1
180,27
45,1
50,1
217,16
83,1
155,1
90,1
1155,23
113,1
79,1
68,2
116,1
67,1
131,1
723,19
260,98
881,1
62,2
181,1
1000,68
475,22
270,1
53,1
250,4
280,4
290,4
405,38
100,1
92,1
55,3
45,1
94,1
60,1
275,1
45,1
495,38
187,1
68,2
262,2
250,2
190,121
42,1
284,1
65,2
120,1
40,2
94,1
24,5
61,68
63,68
93,4
72,1
44,1
110,1
49,12
48,12
700,3
529,3
107,4
700,3
62,3
95,3
70,1
179,1
107,2
490,20
68,1
316,68
79,1
180,1
500,1
120,2
209,2
248,2
110,1
45,10
146,21
249,21
41,1
151,2
124,3
198,1
70,2
430,6
125,1
70,4
230,1
190,121
190,1
267,6
114,3
38,1
220,1
32,1
180,1
224,1
367,2
197,10
77,1
144,3
48,1
41,4
172,8
274,1
43,1
155,277
37,2
478,66
34,2
177,1
38,2
41,2
91,3
275,1
23,3
197,1
140,26
500,1
58,4
542,1
59,1
88,1
405,1
31,2
203,1
92,2
263,6
111,1
262,4
120,1
125,1
189,28
78,4
91,3
58,2
187,2
45,2
95,1
85,1
62,1
107,1
60,3
310,8
104,1
183,1
115,2
1194,1
180,1
50,3
77,1
51,1
109,1
435,2
250,1
116,1
501,3
117,1
48,1
381,2
54,2
281,1
230,1
91,1
213,9
862,8
114,1
148,7
53,3
62,47
320,210
683,1
142,2
59,3
35,2
135,2
180,1
95,2
405,8
206,6
191,1
67,5
127,1
49,1
90,1
245,4
52,1
55,1
36,6
104,1
64,3
364,1
58,1
221,1
47,1
293,68
80,3
89,3
70,3
104,1
350,1
307,84
255,3
106,1
55,2
806,1
245,1
43,1
50,1
150,3
55,1
85,1
50,2
298,6
631,2
400,210
39,13
39,13
205,4
55,2
204,44
204,1
40,2
91,1
106,1
152,44
57,2
65,4
165,2
300,1
80,1
97,2
197,2
161,3
387,27
237,2
154,1
53,2
56,2
32,1
194,5
81,1
140,21
42,1
105,4
137,4
125,4
285,1
108,2
41,12
150,1
269,1
66,1
29,1
208,3
242,1
339,26
881,26
271,26
305,26
249,26
407,26
588,26
361,26
430,26
261,2
199,1
190,121
176,5
40,1
69,1
261,5
171,18
76,11
58,1
230,1
153,1
73,1
146,30
288,2
143,2
99,1
53,2
30,1
120,1
198,3
294,1
90,1
272,30
514,1
297,84
83,13
468,1
44,1
140,1
67,1
68,19
238,1
414,84
236,1
60,19
64,19
65,19
64,19
158,2
95,1
176,31
80,3
174,95
30,3
35,1
59,1
68,11
71,11
470,2
250,6
52,30
167,3
186,3
207,5
221,5
288,5
324,5
315,5
37,30
84,1
278,5
173,1
103,1
150,1
240,1
37,1
64,3
275,5
153,1
51,1
104,1
149,30
143,30
157,1
50,4
3500,1
54,3
196,1
280,1
28,2
41,1
61,2
239,48
64,1
549,48
387,48
44,1
358,48
104,1
174,48
304,6
38,1
95,121
368,6
49,1
320,6
45,2
400,1
342,6
482,6
59,1
80,1
38,1
485,1
225,3
152,3
133,1
523,1
71,1
104,12
565,2
39,5
174,1
24,1
130,27
549,48
196,27
363,48
219,48
399,48
499,48
449,48
445,48
110,2
225,1
499,48
915,8
978,8
359,48
580,48
156,3
123,1
94,1
91,1
115,1
444,32
32,3
542,14
214,14
283,14
237,14
406,14
508,14
436,14
63,1
50,1
174,2
40,4
434,11
116,1
588,17
812,17
129,1
258,2
3036,20
37,3
347,12
92,1
133,6
275,48
297,43
162,24
110,1
83,1
237,1
243,3
37,12
116,1
36,2
130,4
106,2
76,1
134,11
66,4
380,2
30,3
37,2
118,8
255,6
61,2
270,38
402,1
252,2
107,1
66,1
159,5
126,5
163,3
250,2
255,48
185,48
341,20
249,20
317,20
542,20
283,20
226,20
588,20
85,1
29,1
397,6
134,4
173,10
152,4
171,6
330,12
192,1
80,1
35,6
36,6
35,6
185,4
164,9
91,2
95,1
196,1
66,8
106,1
81,2
73,25
49,1
345,1
43,13
42,13
112,3
243,1
196,44
130,44
130,44
60,1
188,1
94,1
188,11
337,6
263,1
55,2
140,33
162,2
40,2
276,1
417,6
31,2
100,1
55,1
483,6
368,35
531,35
338,35
486,6
27,2
49,1
203,55
47,2
283,20
317,20
432,20
271,20
735,20
214,20
248,20
508,20
404,11
441,11
591,11
248,11
373,11
47,1
56,2
89,2
150,1
81,1
218,27
219,19
119,1
45,2
1000,1
137,55
259,2
1000,1
79,2
37,2
80,44
41,2
400,1
50,4
51,4
40,4
48,4
46,2
306,1
45,1
74,3
250,1
97,1
39,13
38,13
38,13
60,4
36,2
114,3
180,30
51,1
59,3
226,3
107,1
317,2
56,5
61,1
119,1
414,1
147,19
164,7
157,3
351,2
155,19
440,2
86,3
250,1
94,1
139,1
76,1
59,1
209,3
212,1
88,1
40,3
382,6
37,3
95,4
55,1
70,2
54,1
40,3
75,1
120,1
91,2
122,5
50,2
58,1
120,14
723,4
171,44
128,33
103,3
114,1
215,1
141,1
114,121
89,2
33,7
328,4
192,2
43,2
50,3
180,2
43,2
289,1
48,5
650,1
40,2
128,1
500,1
93,11
116,1
51,1
76,1
72,1
122,1
170,5
48,1
57,1
187,8
35,2
73,1
115,1
150,1
137,1
45,2
42,3
399,2
118,30
250,2
150,1
64,4
56,2
1750,2
129,1
318,1
367,25
50,1
125,2
290,9
119,1
137,1
82,1
134,13
127,1
203,2
82,2
114,1
69,11
273,1
28,4
449,11
158,2
90,2
32,1
145,1
63,1
169,19
226,4
34,3
86,4
39,2
218,1
171,44
30,2
90,19
58,19
62,19
64,19
58,19
65,19
74,19
33,3
76,2
41,1
50,5
34,2
98,2
61,1
34,4
52,1
41,1
350,1
145,2
28,1
60,2
39,3
170,4
203,16
93,13
514,1
56,22
58,22
63,1
199,1
140,12
56,1
61,2
180,1
150,98
50,44
67,15
224,4
950,1
52,1
428,3
110,1
110,2
502,1
54,3
54,2
95,2
32,3
245,6
302,1
271,1
119,1
53,1
27,1
55,2
1425,1
445,1
36,5
208,1
82,1
223,1
336,12
225,4
684,2
386,2
169,2
603,35
225,1
48,2
1174,2
197,23
58,1
36,5
80,1
197,1
962,17
73,1
98,1
76,1
166,1
130,3
85,6
77,3
750,1
69,1
143,3
57,1
316,1
100,7
181,4
165,28
142,1
134,1
401,6
225,48
235,48
225,6
32,2
250,4
391,93
365,84
474,1
156,1
63,2
108,2
81,1
63,1
299,28
39,1
32,4
100,1
149,1
953,1
149,1
44,4
236,1
57,4
180,1
63,19
87,1
511,4
586,4
263,1
228,2
63,1
177,1
875,1
275,1
171,1
121,1
42,4
91,7
555,1
61,1
99,24
109,4
72,2
99,24
170,26
144,2
127,1
382,1
102,1
85,1
35,4
58,1
48,1
100,1
244,6
102,1
61,2
133,121
124,3
121,1
200,2
283,1
76,1
152,5
83,2
75,2
118,2
142,121
33,11
38,11
38,11
60,1
133,1
49,2
34,2
55,1
139,1
133,121
73,1
70,1
222,13
174,25
95,3
40,1
100,2
50,1
65,7
340,12
142,11
511,17
855,1
84,1
1712,1
46,44
44,44
143,2
200,3
90,3
300,2
46,1
80,1
194,1
65,4
73,10
70,1
152,30
59,1
43,44
39,11
131,3
56,22
170,22
347,1
75,1
48,3
61,2
31,1
151,1
96,3
392,210
143,1
182,3
86,8
46,1
136,1
109,24
118,24
198,1
46,5
109,24
44,1
90,1
84,2
164,9
32,2
91,1
145,1
237,1
623,1
101,1
41,2
84,8
75,8
84,8
120,2
601,1
127,1
183,1
157,1
105,5
60,1
287,68
35,5
60,1
344,2
26,3
108,2
43,2
511,21
175,1
203,2
54,3
30,1
220,4
485,1
107,3
297,68
159,4
505,8
135,1
55,4
158,1
62,1
49,4
125,78
140,1
196,1
226,1
333,1
135,1
201,1
77,1
41,1
68,1
150,1
97,4
264,1
41,1
283,1
44,11
91,1
29,5
161,1
157,4
508,1
143,1
70,1
238,1
350,12
123,1
104,11
60,10
123,10
55,2
67,1
152,1
212,2
61,1
70,1
98,1
247,1
374,2
334,2
118,1
50,4
205,1
101,1
114,1
75,1
213,1
110,1
175,2
38,2
25,1
54,2
50,1
215,1
27,2
83,1
225,3
276,1
41,1
150,2
350,1
46,1
251,2
58,1
60,2
128,1
190,4
55,2
34,1
190,30
226,1
234,46
175,2
180,30
51,44
122,4
142,13
98,1
70,1
200,2
57,3
40,1
95,1
29,1
180,1
32,2
57,1
165,5
539,1
100,1
628,2
248,1
270,1
117,2
25,3
92,1
402,3
46,1
229,26
104,1
129,1
247,4
464,2
156,7
212,1
105,2
124,3
41,2
70,1
1750,2
283,3
117,1
250,1
98,3
27,2
203,12
222,1
200,1
43,2
63,4
430,6
165,1
205,28
49,1
100,1
891,19
343,4
117,28
32,3
70,2
397,44
78,1
551,55
400,44
179,1
132,28
200,2
233,2
123,1
145,12
111,28
375,1
80,1
225,21
145,21
183,1
238,1
45,1
180,47
181,1
495,1
42,3
807,39
318,44
62,8
125,10
108,4
95,10
338,44
369,44
319,44
156,9
48,2
180,1
152,18
33,1
180,1
119,1
330,1
416,39
126,1
97,1
945,5
41,3
138,3
35,3
39,4
82,1
242,1
401,12
256,55
44,13
18,1
169,1
43,3
30,1
72,1
195,1
49,1
41,2
57,2
132,1
133,1
49,1
54,1
122,2
170,1
67,2
108,1
396,1
203,1
90,1
97,2
475,4
73,2
774,214
1216,214
667,214
957,214
552,214
214,1
50,1
198,2
75,1
64,11
133,3
74,2
320,2
47,1
68,1
41,2
145,3
45,3
80,1
51,1
225,3
461,32
270,1
76,4
53,10
47,2
68,3
214,2
140,1
42,3
90,1
126,2
68,2
182,210
200,1
47,2
271,5
154,4
179,18
155,139
68,1
155,139
149,1
134,139
64,2
180,1
26,1
369,1
84,5
76,4
51,2
66,1
176,5
155,1
95,11
225,6
98,2
125,1
95,2
157,25
246,2
86,4
121,1
24,1
54,4
105,2
802,1
157,1
70,5
136,4
131,10
73,1
173,2
45,4
89,14
76,2
579,6
45,4
40,3
275,12
72,2
171,1
133,5
90,5
25,2
51,5
53,5
620,7
223,2
108,1
58,2
639,4
56,1
126,1
45,1
34,1
493,4
38,2
552,1
190,5
168,2
65,1
110,1
500,31
135,1
135,28
188,28
238,6
59,1
40,3
451,84
89,1
4002,1
80,1
64,30
225,3
48,1
80,1
86,1
760,2
116,1
38,5
44,5
34,1
171,1
266,1
50,1
96,1
81,1
643,38
33,5
237,1
60,1
160,1
175,2
91,1
194,1
71,2
377,12
230,2
87,4
83,1
125,1
53,3
222,1
95,1
500,1
81,1
47,1
379,4
145,46
56,1
131,3
50,5
64,2
1490,71
244,35
113,1
81,1
60,2
272,2
325,35
86,1
53,3
49,6
101,1
351,19
1490,71
1490,71
141,1
39,6
1490,71
1490,71
145,3
148,18
37,18
30,18
57,1
240,14
1853,9
108,3
43,1
55,2
140,1
130,1
131,1
52,4
64,1
171,28
62,68
26,3
117,48
218,1
115,6
91,1
57,22
47,3
55,1
215,66
108,1
111,18
80,18
42,18
108,18
55,10
68,3
141,2
55,4
63,1
79,3
32,1
162,4
242,50
293,43
196,35
302,1
115,1
145,2
136,1
82,1
106,1
58,1
95,1
78,1
109,1
60,1
557,9
238,1
249,1
204,12
86,1
35,2
30,1
99,7
160,2
167,1
290,2
41,2
324,17
51,2
305,68
71,1
185,2
114,2
380,1
62,23
107,1
263,4
102,28
446,4
141,28
116,28
95,1
60,22
61,22
68,1
73,1
37,2
53,1
233,7
94,1
298,12
104,41
90,3
58,2
40,3
66,1
189,8
98,41
25,8
104,41
19,4
98,41
175,4
70,3
46,4
79,1
45,3
104,41
116,31
328,68
116,31
170,1
183,1
85,1
104,41
104,41
210,139
156,41
250,1
156,41
98,1
86,1
392,8
94,139
829,1
73,1
205,5
201,1
282,14
66,121
44,1
190,1
135,1
325,6
101,1
319,2
59,5
80,2
102,6
623,1
120,1
40,2
151,3
285,13
58,5
92,2
135,1
34,5
271,20
296,20
40,18
768,20
61,30
118,2
59,2
42,2
77,2
95,2
108,1
51,18
2850,2
400,2
25,2
168,1
129,3
257,6
165,2
98,139
798,3
33,4
60,2
62,1
380,22
167,1
101,7
181,2
365,1
2125,8
155,2
185,1
314,4
286,4
155,55
85,3
115,7
49,1
76,1
80,2
72,28
120,28
118,28
87,28
116,1
35,1
149,3
34,1
168,1
173,1
70,1
310,3
100,7
214,8
367,210
412,70
46,2
340,32
228,6
250,2
178,2
65,2
50,1
68,1
121,1
590,20
222,1
275,3
104,1
237,3
40,1
350,44
210,2
300,1
180,1
39,11
51,1
56,1
105,1
54,22
209,1
110,1
293,2
163,1
180,5
44,1
159,1
300,1
149,13
70,1
130,1
27,2
134,2
84,1
118,1
34,3
53,5
41,3
295,2
190,5
209,210
50,4
30,2
143,1
378,26
77,5
60,5
55,9
43,2
153,1
511,3
66,1
200,1
42,2
91,1
93,1
140,2
261,1
148,13
65,1
142,13
146,2
334,1
629,1
277,57
111,1
116,2
125,2
243,7
180,2
33,6
54,10
135,3
51,1
59,1
160,22
145,19
608,1
190,5
150,1
51,2
63,1
164,1
65,3
64,1
320,1
73,1
94,28
84,1
41,1
75,1
109,1
62,1
37,1
364,8
162,1
137,1
32,1
248,1
208,12
260,1
67,2
250,7
60,1
230,18
69,1
181,4
616,1
121,1
240,7
370,7
370,7
176,1
109,28
178,3
88,28
255,1
1490,71
110,13
337,7
118,28
47,4
104,3
42,1
48,2
1490,71
1490,71
86,1
43,3
75,1
78,1
120,1
112,139
112,139
128,139
36,2
64,13
130,1
48,1
100,1
500,1
300,1
75,1
179,2
32,3
34,1
90,1
120,1
228,7
226,1
408,20
344,20
543,20
57,2
74,1
251,4
91,6
160,2
60,1
50,1
78,2
238,12
330,1
352,1
45,2
194,16
33,1
73,2
72,2
121,4
182,2
100,2
91,3
144,8
500,1
147,1
141,1
240,1
32,1
71,2
115,1
50,3
47,2
279,1
102,2
63,1
208,24
70,1
45,1
57,2
60,3
195,3
148,5
135,1
40,1
85,3
114,1
64,2
38,3
200,1
135,1
118,121
868,24
61,1
111,1
200,28
100,13
40,5
36,5
350,44
154,2
338,55
74,2
175,1
330,1
179,1
600,4
50,2
143,1
186,1
808,2
70,2
46,5
89,2
60,1
62,1
62,13
72,2
119,7
156,1
50,1
500,4
86,2
48,4
70,1
50,1
300,1
43,3
65,1
448,2
134,2
158,5
227,4
263,4
48,1
72,1
61,1
190,30
142,13
285,13
138,13
143,13
1490,71
1490,71
122,139
140,1
142,30
171,1
280,1
395,210
72,1
165,6
205,14
58,2
159,1
162,1
82,3
225,1
130,2
50,1
77,2
62,23
162,1
53,1
40,6
218,1
47,1
108,1
55,2
285,2
99,1
76,2
108,3
238,1
78,139
143,139
245,210
58,139
67,1
112,1
178,28
102,1
372,28
67,3
399,68
205,8
52,28
36,2
279,1
97,2
33,2
265,1
428,8
100,2
905,6
800,2
143,2
35,1
98,1
124,1
59,3
89,1
302,1
281,1
74,1
130,3
24,1
250,1
100,1
95,3
238,22
54,2
142,53
122,1
86,1
223,53
41,1
70,1
213,53
143,3
121,3
40,2
164,23
65,1
578,12
913,1
382,12
465,6
322,12
405,1
100,5
109,1
158,1
100,1
86,2
116,139
185,2
98,4
55,1
200,2
353,1
35,4
261,1
94,1
276,1
651,1
118,1
194,3
133,2
119,1
144,2
311,2
55,1
39,4
150,252
67,30
96,1
90,2
134,1
110,1
45,4
340,1
118,1
76,1
482,1
181,11
160,13
146,5
248,6
268,6
95,5
121,6
136,6
195,6
166,6
500,50
65,1
112,4
225,2
365,1
199,4
19,2
637,24
72,1
145,18
60,1
199,1
45,1
50,2
197,84
85,121
56,4
53,13
117,1
137,5
188,2
269,53
157,1
91,3
166,6
89,1
137,1
47,33
45,33
51,33
46,33
98,1
112,139
133,1
170,1
166,53
131,1
286,50
289,1
332,1
325,1
95,20
218,2
50,1
116,252
167,27
208,27
114,139
275,11
186,8
74,2
41,1
166,3
73,1
121,1
66,4
230,1
94,4
777,2
83,4
459,1
66,4
153,1
290,1
256,7
439,12
305,68
148,1
160,4
72,1
260,1
103,1
102,18
399,9
198,1
35,5
191,277
52,1
58,2
52,8
181,1
390,4
122,1
41,2
96,1
800,1
422,2
245,34
336,34
89,2
63,1
209,2
274,1
418,11
530,34
147,1
51,3
189,1
29,1
74,4
117,20
80,2
186,1
460,6
351,2
153,1
191,10
171,5
75,6
86,6
191,10
76,1
38,3
149,2
125,1
340,7
51,68
51,68
53,68
45,4
304,8
72,2
180,3
46,1
117,1
49,1
115,4
333,22
250,1
37,1
95,1
151,1
43,3
56,2
64,1
305,68
109,1
185,10
110,1
341,10
35,1
281,1
49,1
44,2
248,1
273,34
82,2
80,1
285,2
44,2
71,1
58,2
95,3
57,2
81,1
240,252
145,15
34,16
376,9
32,2
129,1
320,1
35,8
400,32
133,44
220,1
90,1
163,1
310,4
618,1
111,3
245,2
80,1
79,2
34,1
184,2
70,1
93,1
103,1
69,1
21,4
22,4
20,8
24,8
41,2
243,3
67,1
162,5
100,12
129,1
96,12
450,3
36,2
159,5
46,1
246,13
1490,71
35,6
176,23
113,1
175,1
200,5
149,30
224,2
75,2
269,1
32,8
35,8
253,68
119,1
110,6
210,1
180,1
99,2
700,19
297,1
41,2
301,1
654,19
36,3
98,1
76,1
102,2
40,11
48,11
150,1
48,2
105,2
147,8
225,11
27,18
41,18
485,31
175,1
72,1
65,44
125,31
69,2
111,31
122,31
135,31
54,2
127,1
361,1
190,2
150,27
549,2
188,139
123,1
112,31
119,31
192,139
129,31
100,1
120,1
150,41
150,1
855,1
43,3
114,1
185,2
155,14
76,1
935,4
156,41
31,2
35,4
117,31
368,71
523,71
159,139
1100,4
240,1
1950,9
67,1
137,1
400,1
1006,20
213,5
190,1
208,24
275,12
328,7
120,1
1006,20
230,1
47,2
45,1
250,3
167,46
92,12
72,2
18,3
188,2
222,2
73,2
64,3
66,2
731,11
58,1
314,1
40,1
74,1
98,1
155,4
193,2
59,3
143,1
46,3
129,1
188,27
284,9
340,1
150,41
190,121
184,9
156,41
146,41
146,41
95,1
65,2
160,1
39,1
168,1
27,7
221,1
80,3
87,1
200,2
385,210
60,2
159,139
161,1
48,11
126,2
85,7
155,12
85,28
29,1
72,1
900,1
225,79
51,2
750,12
138,2
190,1
243,1
45,1
176,2
55,1
85,1
45,4
279,3
158,1
97,1
228,25
36,1
73,2
45,2
86,1
99,3
169,4
37,5
42,1
142,18
136,1
30,1
92,3
67,1
200,26
59,1
81,2
81,1
499,48
173,6
43,2
175,1
92,14
75,1
74,2
268,5
123,4
217,20
27,3
50,4
116,1
136,2
60,1
153,1
113,2
113,2
125,4
73,1
171,44
119,1
103,4
27,2
25,2
37,2
131,1
99,7
99,7
269,1
60,1
476,1
23,1
251,9
60,1
84,1
37,1
220,1
216,1
31,1
91,9
40,3
130,44
90,1
375,50
87,2
42,9
134,4
146,48
37,2
33,2
28,1
46,3
50,1
86,9
172,4
204,43
105,6
150,1
225,48
309,48
309,48
1094,1
400,6
46,1
83,5
26,1
87,1
169,1
92,1
170,1
161,1
88,5
173,24
88,6
67,1
68,8
172,4
52,6
172,4
172,4
123,55
112,277
352,23
392,49
362,66
151,1
45,2
350,210
56,1
69,2
32,2
104,1
126,1
154,8
82,5
100,1
33,1
122,1
35,1
55,1
371,1
552,50
68,1
182,3
66,1
140,8
37,3
103,2
131,1
235,1
79,1
40,1
73,1
109,1
38,4
112,1
33,2
105,6
180,1
69,8
371,1
72,1
500,31
500,31
340,1
353,1
94,1
294,4
421,1
179,48
112,5
41,1
111,1
98,139
39,1
150,2
82,1
59,5
47,2
122,3
200,1
125,1
244,4
315,1
214,43
34,1
355,32
41,1
121,2
130,1
230,6
778,1
23,2
52,2
86,6
61,1
150,1
178,1
227,84
108,1
54,1
140,1
111,2
30,2
66,1
149,1
128,1
50,6
201,1
10,1
336,8
354,8
372,8
480,8
54,6
48,3
61,2
46,1
114,6
52,4
76,1
498,8
289,12
136,3
150,1
68,1
188,4
218,4
51,3
129,1
309,8
320,1
93,4
793,2
49,1
159,1
89,1
152,1
125,1
55,2
380,18
238,1
475,1
32,1
96,2
281,1
37,11
38,1
70,3
250,6
355,31
81,1
114,1
62,1
51,3
38,4
1200,2
242,2
181,1
150,1
126,1
60,1
33,1
64,1
198,2
1000,5
159,1
168,1
133,44
217,16
276,84
124,1
98,6
7377,5
7377,5
81,1
334,32
199,11
22,1
73,1
36,3
66,67
199,1
216,210
175,1
64,8
51,1
267,68
282,1
60,1
124,2
235,22
56,6
65,5
155,4
49,17
42,35
350,1
70,1
259,4
61,5
33,30
239,2
70,2
54,4
44,30
40,30
87,15
111,1
57,2
182,2
140,1
309,48
249,48
309,48
34,5
113,1
400,2
80,3
41,1
35,3
38,1
149,30
181,2
90,1
57,1
662,1
140,12
211,24
53,2
413,8
128,1
73,15
53,2
110,11
64,47
31,1
118,121
120,1
340,7
500,31
142,1
200,1
135,1
395,1
48,2
197,1
56,1
385,1
58,139
46,3
219,50
45,3
95,1
115,3
77,1
119,1
225,18
279,3
55,6
33,1
220,1
257,1
85,1
212,1
56,22
37,1
500,2
105,3
382,79
136,1
158,6
145,6
147,1
1999,2
58,11
474,2
194,2
149,1
2900,1
86,4
72,2
250,1
162,1
305,68
98,2
181,5
1085,1
170,1
44,1
99,2
69,1
168,1
635,39
140,1
143,8
100,1
130,1
72,8
43,30
495,66
183,1
270,3
158,7
208,1
184,6
175,14
201,1
200,1
57,1
202,1
47,1
303,1
175,5
45,2
145,2
99,2
390,1
32,1
176,2
53,1
170,1
112,1
247,7
52,8
118,20
183,20
126,3
202,4
257,4
301,4
67,2
108,1
284,79
22,1
109,22
63,3
121,23
136,23
234,1
152,2
94,18
99,19
98,1
35,2
126,1
41,1
265,14
27,1
57,5
57,5
280,68
48,4
243,49
392,49
4750,8
75,1
95,5
43,6
43,6
90,1
129,66
161,43
165,43
71,3
238,43
188,43
174,66
400,43
67,1
347,43
276,43
196,43
95,1
272,43
90,121
85,1
31,13
163,1
59,1
140,66
170,3
150,66
103,66
143,2
85,66
63,1
97,66
76,1
43,1
65,6
70,4
35,10
127,66
131,66
582,2
495,1
85,1
282,68
50,2
171,121
162,3
41,1
125,3
63,3
79,66
41,1
149,66
157,1
285,1
89,66
252,2
84,1
200,1
64,1
270,66
180,2
178,1
235,1
181,9
386,3
149,66
162,1
112,5
4938,1
118,66
124,2
219,4
201,1
137,1
75,1
36,1
2000,1
84,1
71,1
410,1
95,1
48,3
433,19
98,1
91,2
57,1
295,50
110,2
352,4
354,4
354,4
329,4
170,2
54,1
68,2
117,1
561,81
81,1
257,8
77,1
81,3
923,81
32,1
70,3
108,3
1000,8
49,3
200,1
60,1
97,1
45,1
45,2
200,1
90,1
123,2
46,1
346,11
126,1
57,3
499,48
122,1
346,2
179,16
30,1
193,6
215,1
88,1
57,2
120,1
125,5
145,1
90,2
35,2
67,9
205,1
81,1
41,1
95,18
410,12
98,13
136,2
55,4
90,1
174,1
136,2
167,3
991,2
65,67
161,6
320,43
173,43
188,43
500,31
45,1
171,44
174,8
147,8
80,1
56,1
195,1
95,1
186,3
72,1
62,13
66,13
171,6
145,6
126,1
104,3
100,1
69,1
226,20
225,21
171,44
171,44
142,13
184,2
62,8
38,1
40,4
33,5
135,1
116,1
233,9
34,2
123,1
133,2
107,1
213,1
297,23
216,31
480,31
604,3
45,3
58,3
82,4
190,1
162,5
82,1
88,2
67,16
114,6
68,1
151,4
95,4
53,1
233,2
123,1
230,1
500,1
31,1
145,78
120,2
561,2
235,12
133,5
207,48
450,81
66,1
85,18
80,1
47,17
72,17
41,1
25,4
64,8
355,27
53,1
72,1
135,18
483,3
327,3
231,3
266,44
400,2
376,6
163,1
115,10
253,19
180,1
41,2
350,3
68,17
52,17
1000,5
1000,5
1000,5
1000,5
43,1
39,1
99,1
102,20
121,2
171,3
287,44
239,1
622,20
28,1
495,38
66,4
195,1
41,30
160,33
104,7
310,1
485,2
113,22
96,1
765,81
223,11
280,3
185,10
219,1
63,1
62,8
65,2
71,9
63,2
178,4
159,1
347,12
72,3
48,5
169,3
38,2
103,1
57,9
126,1
49,13
45,13
53,13
46,1
77,1
100,2
450,1
486,2
130,1
498,12
80,1
461,11
371,66
181,1
649,2
191,7
43,24
39,24
46,3
63,1
43,5
69,5
85,5
803,36
441,36
708,19
37,3
493,1
105,1
231,12
245,12
207,139
67,9
75,1
308,1
57,1
75,1
167,1
90,2
306,2
60,1
163,1
61,5
48,1
447,5
69,1
198,3
37,2
68,1
49,3
98,1
89,1
65,3
144,2
229,7
217,2
41,2
42,2
128,2
40,2
75,1
322,4
118,8
125,1
151,19
73,1
518,17
151,139
261,1
1004,2
59,3
82,10
65,10
79,10
95,10
202,20
66,10
652,20
630,20
84,2
39,1
314,7
240,7
300,7
224,7
216,7
322,7
96,5
44,30
518,21
1100,81
119,1
34,5
78,139
140,139
179,2
350,2
180,1
55,4
129,1
111,41
179,41
114,41
184,41
55,44
215,41
100,2
37,4
236,3
86,1
184,4
224,8
48,1
363,2
125,1
210,1
56,3
240,3
143,4
263,4
48,3
141,5
669,210
72,3
227,2
253,3
88,12
64,15
60,2
132,8
197,8
190,1
55,2
243,2
304,20
202,20
132,1
147,2
68,67
171,8
65,67
133,2
28,5
3153,11
66,1
604,95
28,5
80,3
325,11
390,11
329,20
559,20
112,1
120,1
200,109
45,1
106,43
118,1
95,1
69,3
36,1
243,1
117,8
86,1
89,1
35,1
130,26
209,1
529,31
126,2
60,1
42,12
72,2
219,1
67,8
414,6
69,2
108,1
271,1
64,1
39,1
358,2
58,1
585,4
536,4
424,4
480,4
149,30
66,2
80,5
80,1
140,12
60,2
28,5
133,3
300,2
254,1
160,1
39,2
32,1
72,4
172,3
144,1
42,1
113,1
499,48
450,2
207,1
160,1
48,1
114,4
99,1
237,42
60,2
110,1
63,3
118,1
137,1
50,6
124,1
45,4
51,4
185,1
62,2
151,1
159,1
646,2
144,1
137,13
1003,1
905,2
903,2
160,1
240,2
166,1
80,3
332,1
164,19
57,1
109,3
34,1
257,95
114,1
50,5
42,1
44,3
156,12
288,1
52,1
89,9
65,5
34,1
93,3
180,5
441,1
126,2
136,1
144,1
40,3
209,66
220,11
76,7
108,20
128,1
126,1
30,3
454,3
661,31
171,2
64,6
271,210
51,3
103,1
715,2
180,2
252,4
220,1
149,4
92,3
540,1
238,1
61,1
67,2
270,1
33,2
323,44
77,4
171,44
69,1
271,6
245,1
95,6
45,4
60,68
126,2
257,1
92,2
63,68
62,68
349,48
60,68
253,1
52,2
59,68
62,68
64,68
66,68
66,68
68,68
66,68
68,68
65,10
67,10
359,66
215,10
23,3
76,2
103,1
80,2
102,1
98,19
260,1
32,1
868,24
126,1
33,2
82,2
59,1
56,1
95,4
187,2
90,1
68,47
315,3
212,1
102,1
264,24
215,2
57,1
208,1
33,2
126,2
158,43
500,68
69,5
77,1
61,3
255,4
225,44
287,10
423,1
268,27
24,4
95,1
55,3
57,44
33,7
50,2
78,13
252,4
29,1
140,1
74,1
147,1
180,2
140,17
90,2
43,5
103,1
100,1
118,1
38,1
171,113
33,1
30,5
107,9
328,43
44,1
221,4
81,1
98,5
53,3
112,1
201,10
120,1
222,2
158,4
300,1
197,11
151,1
177,4
51,3
36,2
82,1
196,11
143,2
190,1
61,1
46,1
285,4
514,1
44,4
56,1
36,1
93,1
176,8
165,1
207,1
149,30
102,3
387,1
86,1
40,1
50,1
164,1
127,2
475,32
77,1
110,4
49,5
48,5
44,5
50,1
215,4
37,4
108,11
36,4
76,1
48,6
33,1
95,1
335,1
165,16
72,1
93,1
102,9
97,9
93,9
59,9
109,1
87,5
328,68
114,121
190,1
334,1
334,3
358,3
115,5
146,1
249,25
70,1
40,2
36,2
44,2
135,1
95,8
114,1
95,1
173,4
113,1
190,12
88,1
188,1
164,66
82,10
190,1
71,66
107,66
47,6
140,9
240,1
130,1
40,1
58,2
99,5
90,2
45,1
76,1
135,2
54,2
86,1
40,1
36,3
162,3
32,1
113,2
23,2
204,5
225,44
652,2
39,1
85,121
170,1
104,121
160,1
80,1
196,2
130,1
118,1
620,50
99,11
149,1
48,4
192,3
46,2
46,1
139,66
26,1
342,15
125,9
110,28
55,2
54,2
36,2
333,2
92,3
314,44
88,10
95,121
75,66
140,1
160,1
168,1
300,2
382,81
267,50
73,1
267,43
364,10
176,4
208,4
248,4
214,4
64,4
100,1
137,1
347,5
110,2
70,1
85,121
108,3
140,10
152,10
628,14
217,1
114,1
36,10
55,1
47,2
30,10
33,10
22,10
26,10
22,10
256,2
148,1
80,1
73,3
102,1
72,3
88,2
237,5
146,30
34,1
253,2
36,5
256,2
333,2
637,24
137,66
137,66
99,1
162,5
158,1
457,1
26,10
70,2
171,5
248,22
110,1
45,2
62,2
111,1
604,1
330,1
140,4
57,1
250,19
86,2
42,2
441,10
45,1
128,4
76,3
152,15
158,1
360,19
99,8
91,14
338,1
229,1
563,17
200,2
41,3
107,2
78,2
54,3
260,2
181,1
915,3
116,139
36,2
64,1
111,1
96,2
220,1
76,2
200,1
108,7
85,4
60,3
103,4
688,50
62,2
162,1
419,66
69,1
130,4
253,19
415,19
81,1
700,19
283,1
250,19
900,2
1096,214
35,2
251,9
481,2
121,1
97,1
71,1
138,3
662,17
60,1
600,81
62,1
114,1
176,1
662,39
817,2
450,12
190,3
176,2
211,2
109,2
54,1
49,1
78,1
87,3
38,2
40,6
264,2
43,6
70,2
76,1
140,2
193,3
80,1
99,1
110,3
200,2
255,1
122,19
422,1
180,5
384,2
26,2
350,19
372,19
90,3
207,2
172,31
172,2
125,14
43,1
365,50
272,10
114,1
199,2
110,1
86,2
453,3
177,8
72,1
187,1
153,23
60,1
104,1
54,5
270,1
140,2
108,1
294,1
43,4
252,1
53,6
51,6
35,2
75,1
50,1
115,66
67,8
79,8
178,4
346,1
496,2
166,1
59,3
47,2
93,1
200,1
120,1
62,1
76,4
380,1
75,4
46,1
322,12
38,2
93,1
450,19
76,1
1150,1
111,1
135,2
88,1
153,27
372,19
350,19
408,50
123,66
76,33
73,33
73,33
44,1
246,28
193,1
47,2
95,1
77,33
55,2
53,6
74,6
109,1
90,2
760,1
45,3
124,1
122,1
120,5
52,2
151,1
5000,1
160,252
81,1
81,3
119,2
35,2
38,2
176,1
76,33
70,1
32,4
81,2
29,2
286,1
1000,63
154,1
499,48
145,2
114,11
41,4
196,3
118,1
98,1
75,1
201,4
290,1
202,1
348,1
96,3
205,2
77,1
110,6
131,4
71,1
186,1
90,1
81,30
60,1
209,1
293,68
56,3
37,5
64,1
90,3
155,1
81,2
380,4
111,3
98,13
65,9
160,3
90,1
69,1
68,1
40,3
51,2
365,2
131,3
128,8
92,21
88,6
111,1
84,1
77,1
125,1
1490,4
86,3
31,1
178,139
801,214
220,1
99,3
81,5
108,3
270,1
364,1
30,2
84,5
44,1
75,5
95,3
300,2
266,25
51,1
38,2
29,2
49,2
55,1
76,1
91,1
43,1
114,9
475,1
139,3
123,6
173,1
80,1
169,12
6523,2
344,1
249,48
138,4
135,4
125,4
45,1
82,11
149,1
500,1
78,8
350,6
93,11
210,2
73,11
86,11
66,3
138,1
137,2
156,2
566,39
97,1
109,4
117,3
235,3
112,3
41,2
54,2
62,3
30,1
320,12
136,2
26,2
71,3
59,3
115,2
99,3
136,3
68,2
75,1
90,2
139,18
90,6
85,3
154,2
880,2
883,2
454,9
95,1
118,4
40,6
104,1
81,1
55,1
250,1
120,1
81,3
72,1
44,1
180,1
119,1
176,1
86,2
56,1
117,1
247,1
264,1
37,20
112,1
80,1
66,1
40,6
60,4
115,2
98,1
175,2
24,1
164,6
117,1
38,1
50,1
135,2
103,1
80,1
246,1
69,4
76,4
78,1
114,1
525,2
165,12
63,1
44,6
69,5
68,5
113,1
270,1
73,1
39,3
95,1
48,3
59,1
193,1
91,3
53,1
88,2
114,2
319,11
45,6
114,6
60,2
395,1
124,20
117,1
100,1
41,1
401,12
86,42
78,42
78,42
60,1
380,6
53,1
78,42
80,42
83,42
79,42
364,10
345,3
109,1
31,1
112,1
53,5
316,68
112,4
144,1
85,1
64,1
131,1
400,3
47,1
122,2
60,5
42,3
44,1
40,1
45,1
136,4
119,2
136,4
156,4
225,4
77,8
480,17
87,1
420,6
100,42
122,1
253,68
47,5
92,6
86,6
500,28
6666,28
185,5
32,1
260,1
195,1
600,1
60,1
79,5
41,2
66,1
165,1
96,42
79,6
139,6
78,1
250,1
337,405
49,4
103,5
31,1
360,1
119,3
55,1
65,1
89,1
68,1
54,1
102,3
120,2
118,1
113,1
105,1
56,3
62,4
380,6
50,1
1200,1
50,1
76,2
446,1
1069,93
65,1
98,1
161,1
229,4
159,9
53,1
67,1
164,53
110,1
500,1
275,1
571,1
202,1
60,1
135,1
221,1
190,1
451,1
160,1
449,48
368,2
198,2
170,12
83,42
82,42
97,12
76,3
138,66
86,23
499,5
357,1
64,1
393,1
142,3
95,1
143,1
43,1
43,1
83,42
81,42
79,42
36,2
209,1
239,1
32,2
175,13
439,12
79,42
77,42
82,42
83,42
930,42
81,42
80,42
82,42
95,42
266,1
99,1
350,4
131,12
438,3
464,3
361,2
50,6
34,2
220,1
152,3
45,2
66,8
59,8
35,1
172,12
88,53
288,12
142,53
371,12
427,12
504,12
622,12
49,1
805,12
534,12
59,1
450,2
150,2
78,6
79,9
59,1
410,3
214,1
123,1
123,2
256,277
109,1
52,1
111,1
168,8
432,35
287,42
40,2
201,35
262,35
115,6
107,6
41,1
84,2
100,139
28,4
246,8
133,8
297,8
265,8
225,8
214,3
358,1
110,1
55,44
73,2
216,2
80,5
162,1
50,2
178,53
190,53
76,5
232,53
98,2
186,1
27,1
455,2
280,2
448,1
60,1
105,5
404,1
33,2
128,1
45,2
61,1
86,10
41,1
213,1
117,11
161,4
999,1
125,6
52,1
65,2
80,2
102,1
368,1
100,1
129,1
202,1
142,1
60,12
36,12
153,6
155,6
127,6
148,6
162,6
52,6
50,1
84,5
376,405
54,2
57,1
1164,214
430,12
28,9
34,9
42,9
51,9
1857,5
95,1
368,1
163,1
123,1
122,12
40,2
378,12
77,12
189,2
98,4
42,1
57,5
81,1
77,2
80,1
47,4
382,42
361,19
69,1
110,6
158,2
575,12
251,1
57,1
94,1
143,3
127,1
903,81
202,1
73,33
77,3
136,1
85,1
123,1
133,44
150,1
50,9
42,9
30,9
130,9
52,4
88,9
25,4
55,1
176,1
536,11
129,1
1000,63
1142,28
77,1
283,210
190,17
309,1
212,1
151,2
135,5
151,1
76,1
63,12
77,12
77,12
68,12
60,12
56,12
152,2
170,1
108,2
45,1
179,2
118,1
565,12
384,42
487,42
171,1
65,1
214,1
153,1
150,1
96,3
393,42
2448,1
902,8
500,2
90,1
90,7
123,2
72,3
67,3
139,44
22,3
57,4
51,4
69,4
319,1
73,4
206,1
95,2
131,6
360,1
228,84
239,1
54,1
500,1
34,1
230,14
72,19
77,19
68,19
77,19
392,210
103,12
30,12
24,12
22,12
24,12
32,12
1000,12
1000,12
30,12
167,10
81,1
34,2
250,3
54,3
180,1
57,3
89,1
291,2
40,1
137,1
116,1
803,2
100,2
59,2
134,1
64,5
90,2
176,1
72,1
77,1
131,2
22,10
114,1
33,10
27,10
33,10
100,1
73,33
62,1
183,3
160,84
27,1
141,3
1136,1
164,10
180,10
147,10
169,10
28,2
195,1
211,1
86,6
86,6
157,10
200,6
50,2
253,1
453,1
192,6
236,6
153,6
167,6
325,1
54,1
129,1
79,3
86,3
43,1
140,1
340,12
234,13
109,1
133,1
72,1
71,2
110,1
190,1
140,10
188,10
65,8
185,1
54,1
135,3
49,4
131,1
50,1
61,47
105,3
172,1
91,4
787,1
208,23
188,113
190,2
107,1
313,93
252,113
128,2
92,3
270,10
241,10
187,10
139,10
242,108
47,5
120,10
72,139
77,1
35,3
46,7
98,1
143,1
48,12
247,20
118,4
59,2
831,1
132,18
429,23
145,7
1692,2
252,57
152,1
178,6
25,12
242,71
1000,12
33,7
190,1
326,1
132,1
186,6
157,2
135,9
183,9
101,9
83,9
156,9
165,9
134,9
2300,1
105,9
714,7
1080,23
238,23
318,23
162,10
142,46
385,12
259,405
48,12
51,12
45,12
33,7
291,18
213,108
160,16
530,12
485,12
247,1
243,46
135,1
225,1
1200,2
35,2
136,2
141,5
1980,2
200,12
122,46
24,3
311,108
90,66
145,7
56,3
114,66
168,16
313,4
99,3
45,3
109,2
48,3
267,1
114,1
63,2
142,6
70,3
76,3
76,11
131,66
248,4
145,66
69,5
300,2
80,1
285,22
196,5
120,2
268,7
273,7
269,7
260,7
310,7
282,7
200,1
125,2
332,1
52,1
56,1
471,5
275,6
190,1
176,8
140,1
186,21
56,5
80,1
112,3
108,1
68,1
121,2
213,3
83,1
47,10
503,3
51,30
63,30
60,1
100,1
184,26
51,3
63,1
224,42
94,104
780,1
252,8
56,1
50,2
100,2
86,2
180,17
223,55
720,1
203,1
54,7
157,2
370,1
114,20
84,1
226,2
112,2
54,1
112,1
125,2
198,5
42,6
203,405
61,1
42,1
72,1
56,1
72,1
101,1
65,1
238,8
502,2
150,1
92,2
180,1
106,15
89,15
940,1
186,1
83,5
107,10
225,1
158,1
32,2
259,1
240,1
35,1
55,4
186,2
220,5
206,5
232,5
220,5
265,7
330,7
305,7
648,7
567,7
740,7
297,7
417,66
27,2
150,1
171,405
38,9
216,2
160,2
40,1
51,5
60,2
43,4
40,1
125,1
46,3
140,1
218,14
128,2
264,17
84,1
219,3
290,3
91,1
150,1
987,1
130,3
126,7
195,66
21,2
32,4
395,17
656,17
343,17
135,1
187,2
73,3
160,9
113,1
77,1
150,3
69,1
82,47
32,2
60,1
260,23
77,2
57,1
66,1
30,1
50,3
104,1
125,2
180,1
168,1
29,1
65,2
77,1
107,7
252,1
229,6
61,1
173,1
43,1
62,2
45,4
225,1
310,5
159,1
58,5
59,5
51,5
83,3
55,1
317,1
212,1
1005,1
55,2
60,1
153,43
104,139
45,2
91,1
147,1
200,1
100,1
320,36
276,36
250,36
407,1
156,9
158,13
82,4
178,1
900,53
125,3
200,3
137,3
162,1
124,1
27,1
186,5
115,1
77,1
130,1
313,1
29,1
201,1
31,1
286,113
114,40
172,3
103,1
151,1
107,1
162,15
1000,1
29,2
212,113
146,4
89,1
1500,1
55,1
86,1
76,1
90,1
66,3
176,2
38,1
60,2
221,1
106,11
206,1
481,1
36,1
200,1
36,1
45,2
53,6
109,3
113,139
93,1
96,3
125,1
67,1
100,1
199,1
54,1
202,2
197,6
100,1
119,53
375,1
453,1
297,3
37,4
54,2
49,1
90,1
69,1
48,2
214,2
200,1
204,12
54,15
39,2
122,1
115,9
48,3
201,1
53,4
81,2
57,4
63,1
65,1
39,1
311,108
135,1
500,2
155,1
157,2
35,1
280,1
884,31
128,1
138,1
106,1
200,18
75,2
281,1
96,1
93,2
173,1
45,1
36,9
452,1
215,1
298,2
161,1
398,16
86,3
60,1
58,1
216,3
72,1
49,2
128,13
50,2
31,1
158,1
41,2
53,3
264,1
950,2
353,5
148,4
58,1
99,1
150,8
187,8
206,8
132,8
121,46
33,5
200,1
319,4
290,4
72,1
54,1
33,3
87,1
58,4
59,4
111,2
168,2
155,1
150,4
189,1
98,2
36,3
62,1
295,1
58,1
45,3
158,1
40,2
49,6
155,1
140,1
234,4
81,2
154,1
214,405
95,3
211,2
101,33
73,1
35,3
23,3
31,1
56,1
85,8
50,8
75,8
59,1
113,2
380,1
143,1
175,1
300,1
256,3
250,1
200,1
181,1
413,3
120,33
338,108
401,5
420,1
74,4
302,4
266,5
36,1
82,1
40,1
201,4
76,1
47,1
127,3
57,2
157,1
56,1
126,1
70,1
135,1
40,2
150,1
32,3
26,3
78,1
401,1
251,2
83,2
32,1
204,20
326,20
282,2
36,1
77,2
202,1
138,1
195,36
184,36
43,1
29,2
149,36
322,25
132,1
258,11
344,1
224,24
68,1
980,1
214,31
224,24
216,36
248,36
126,3
146,53
243,1
86,1
136,2
108,3
63,1
191,1
43,1
135,3
56,30
30,4
57,5
408,1
179,1
234,1
120,26
189,20
474,20
41,1
294,1
67,1
151,66
229,7
123,66
364,3
90,21
112,1
71,1
550,2
281,31
103,6
148,1
101,1
40,2
58,4
50,1
119,3
23,1
58,2
283,113
245,113
251,113
238,113
228,1
220,113
228,113
84,1
122,2
222,1
158,27
159,1
262,95
38,35
27,1
112,2
263,1
59,2
57,4
90,66
95,1
456,3
79,46
164,2
135,3
93,1
79,1
73,9
450,1
51,1
92,1
264,14
48,5
40,5
449,11
92,18
55,1
59,1
86,47
150,1
48,5
72,5
81,5
35,4
45,1
396,79
150,3
39,3
140,2
30,9
190,121
210,98
209,4
115,3
149,3
39,2
210,98
210,98
210,98
38,1
77,3
232,7
314,121
62,1
164,6
150,98
135,98
156,1
309,2
453,1
92,8
316,68
316,68
109,121
67,2
48,2
58,22
40,4
65,2
40,4
354,3
38,5
110,1
18,5
40,2
38,1
528,8
128,2
35,9
38,1
335,1
87,2
32,5
35,2
143,1
375,18
375,18
436,9
125,1
75,1
180,1
136,10
88,1
279,10
513,5
300,7
32,1
85,1
34,2
57,23
85,4
153,2
185,2
28,1
95,4
85,1
452,9
93,1
280,9
56,1
198,1
289,4
79,1
87,3
48,23
308,9
173,3
437,5
150,98
125,1
403,9
359,9
139,6
149,6
30,9
38,4
139,6
38,13
707,11
1332,11
135,21
198,1
151,23
181,3
205,98
488,9
328,9
205,98
350,98
150,11
91,33
356,9
166,23
340,12
352,2
160,66
58,2
33,1
56,1
114,1
425,5
164,4
55,33
183,1
311,66
322,6
151,23
166,23
98,4
45,1
680,108
264,405
220,98
220,98
300,98
212,1
190,98
27,1
460,93
180,98
180,98
200,98
244,2
159,3
53,6
31,3
60,2
135,2
5000,2
100,1
149,13
92,1
135,1
171,98
55,1
170,98
332,5
45,2
59,2
248,6
233,1
45,1
133,4
125,4
143,4
35,4
176,1
57,1
395,8
96,5
80,2
80,2
92,42
362,49
250,18
775,1
107,7
41,1
200,1
113,20
80,1
146,68
110,109
140,109
150,1
174,23
167,1
194,8
280,1
195,1
68,2
175,31
482,5
69,2
90,1
230,23
126,3
85,7
75,1
97,1
362,49
241,1
68,1
231,3
173,1
119,4
240,10
104,1
29,3
165,1
145,46
384,405
356,5
330,1
72,1
210,1
147,7
317,5
108,1
262,1
423,66
224,8
125,3
135,1
504,108
357,1
95,10
188,2
188,113
206,2
81,4
81,1
175,1
355,66
952,1
126,2
103,1
165,66
195,1
247,113
133,1
167,25
346,49
1000,3
140,3
301,108
211,108
64,4
70,3
262,4
362,49
89,46
290,13
143,2
149,47
33,50
149,6
130,6
10,1
57,5
345,9
64,4
95,2
54,13
139,3
250,31
153,3
385,405
275,1
350,1
87,1
79,5
262,2
35,2
244,1
800,3
250,1
549,405
208,7
355,2
105,31
276,84
45,1
212,31
79,3
115,2
54,2
511,31
219,20
275,1
132,8
375,9
220,405
410,8
94,1
330,252
66,1
79,66
105,2
354,405
101,3
1000,3
109,47
276,66
833,23
55,7
545,9
158,2
227,66
118,1
52,4
171,1
192,3
215,23
252,23
212,23
186,18
247,23
126,2
156,2
140,139
155,139
175,139
47,1
71,2
132,2
170,48
54,2
69,1
278,40
299,40
45,2
100,2
163,1
97,1
48,2
38,1
103,42
103,42
122,42
97,42
86,42
87,42
97,42
103,42
151,46
284,1
424,405
430,108
1000,3
225,4
179,26
338,108
57,6
124,1
78,1
276,108
419,108
338,108
193,1
73,1
28,5
31,5
43,1
99,1
150,3
112,1
645,9
338,108
276,108
419,108
321,108
338,108
276,108
338,108
383,108
270,108
425,108
315,108
425,108
762,108
85,7
512,4
75,2
106,1
296,1
82,2
374,405
248,1
110,1
174,47
114,4
85,109
225,2
900,1
40,1
324,4
378,49
114,5
301,1
77,1
314,44
314,44
302,44
314,44
314,44
150,66
150,8
148,8
183,1
46,1
85,109
67,1
117,2
129,66
386,66
45,8
133,2
244,30
282,40
173,1
204,27
85,109
74,7
35,2
41,1
390,40
254,40
213,3
323,40
269,40
45,1
314,40
85,109
38,4
198,18
73,3
191,23
56,7
62,24
106,1
126,2
66,5
108,139
55,2
60,2
227,40
72,1
331,28
119,1
85,109
79,5
136,5
155,1
61,8
403,1
255,1
61,1
388,23
268,30
327,30
53,3
52,23
129,1
229,1
225,23
195,2
229,1
147,1
90,30
258,23
35,3
43,2
1516,50
192,2
102,1
29,3
36,1
273,1
108,30
365,23
155,1
225,2
86,1
109,30
47,5
329,8
298,5
27,1
140,1
123,30
80,109
97,30
50,1
149,1
150,109
96,6
158,6
162,6
49,2
231,6
85,109
161,6
95,1
130,1
29,1
151,23
154,23
138,2
83,30
90,1
39,2
147,2
112,1
74,8
98,1
43,1
95,1
123,30
68,3
129,2
97,1
51,1
95,2
295,405
160,3
45,1
140,2
191,27
173,1
323,2
38,2
60,1
171,2
250,277
355,1
72,1
336,113
337,113
38,3
193,2
80,47
225,1
195,1
171,108
47,3
192,1
25,1
252,2
85,109
69,1
117,6
45,1
189,3
52,1
242,66
59,1
328,68
94,1
137,95
113,3
103,3
195,3
478,1
95,2
133,1
327,1
133,1
53,1
74,1
34,6
135,6
39,50
50,1
55,2
117,1
45,2
61,68
167,6
59,68
206,1
180,1
58,68
59,68
35,2
70,1
34,2
222,66
48,1
120,33
105,20
39,4
59,1
6000,1
118,3
1800,4
86,1
181,17
66,2
86,3
142,3
950,1
77,1
134,1
100,33
44,1
7019,1
47,1
143,1
81,47
406,23
264,16
360,68
197,1
224,2
89,47
265,1
131,9
760,1
122,2
139,2
99,1
65,1
52,1
183,2
100,13
300,1
216,1
298,71
152,8
86,1
50,1
399,214
128,139
74,3
319,1
157,1
65,8
200,19
78,1
327,1
213,6
350,1
55,1
498,1
179,1
205,12
63,30
97,2
121,139
164,8
151,3
154,104
150,6
47,1
78,46
216,66
81,1
171,18
217,2
122,1
112,47
100,20
101,3
616,2
279,1
146,3
288,1
150,3
37,2
111,6
330,1
112,1
90,1
136,139
171,1
332,79
83,139
205,2
111,1
54,3
100,1
300,25
225,11
225,1
50,2
353,4
398,4
133,6
126,6
101,6
112,6
201,3
62,1
244,1
100,1
234,252
70,1
171,2
65,3
36,1
211,2
45,1
57,68
60,68
114,3
187,1
56,68
54,68
450,58
250,58
200,58
450,58
220,58
480,58
64,23
256,1
202,5
168,23
36,1
350,1
181,9
410,8
45,33
45,33
76,5
77,5
68,5
108,5
130,10
261,1
163,4
232,66
235,17
405,2
80,1
572,1
83,1
25,1
252,6
69,1
261,6
480,1
105,1
108,1
97,2
131,1
40,1
73,2
156,1
248,2
59,2
54,2
119,23
36,1
145,23
145,23
315,1
68,8
157,2
475,3
61,2
300,58
46,1
266,2
108,1
114,1
164,2
126,1
163,1
41,1
124,23
148,1
380,1
181,1
220,58
150,1
119,6
85,1
54,4
347,210
147,3
143,1
112,1
119,2
87,47
30,1
200,58
300,58
119,3
99,1
91,1
34,50
40,50
196,1
78,3
450,58
450,58
34,1
450,58
120,1
203,2
149,1
154,5
40,1
100,1
155,1
40,4
220,58
40,3
389,71
49,22
220,2
298,6
219,1
81,1
95,1
66,1
288,113
1341,71
260,113
274,71
273,1
40,1
188,1
106,1
124,13
634,108
94,46
93,5
183,8
188,1
272,66
32,5
180,4
31,1
54,1
143,3
515,1
70,109
48,2
73,2
302,1
238,1
201,1
381,6
108,3
480,2
190,121
389,71
293,71
412,71
293,71
293,71
795,71
358,71
293,71
293,71
401,70
57,23
382,70
251,71
258,70
358,71
353,71
993,71
117,16
993,71
154,16
225,2
81,4
203,4
48,16
126,2
86,1
104,1
56,23
150,1
148,405
284,1
61,1
40,2
160,3
140,109
41,2
237,66
157,1
38,3
107,7
107,7
107,7
290,2
45,50
220,58
790,11
1222,11
94,11
58,2
385,9
465,9
81,47
75,2
54,1
133,13
161,13
814,1
1490,71
1705,71
118,1
57,23
62,3
140,2
35,3
135,1
135,1
160,1
93,2
91,1
90,2
54,1
52,1
800,1
624,7
135,1
366,36
40,1
659,11
659,11
500,4
349,405
122,2
80,1
247,6
2250,1
39,3
90,8
75,5
162,23
140,1
108,109
135,109
135,109
144,109
180,109
59,2
72,68
78,68
70,68
143,2
75,68
200,1
450,58
378,1
210,1
32,12
50,1
232,1
170,1
362,57
120,1
499,405
1130,1
124,1
286,16
66,4
264,17
226,405
408,57
95,12
95,12
135,3
383,1
126,13
81,19
213,1
328,68
276,1
266,1
38,1
34,3
150,3
170,109
120,109
130,109
77,1
110,1
135,2
261,1
89,1
102,1
170,1
90,47
405,1
123,1
92,6
241,1
98,9
110,2
20,3
61,1
20,3
225,1
181,3
46,1
176,1
34,6
90,2
170,2
34,3
99,3
76,3
116,1
220,9
695,1
328,68
360,1
53,1
35,50
157,277
123,11
95,84
72,1
192,8
168,8
45,2
1000,6
108,1
324,1
34,6
949,1
371,5
98,6
130,139
261,84
230,9
150,1
506,405
260,1
95,1
150,3
57,2
129,1
48,1
38,1
4250,2
125,3
194,1
168,1
211,1
229,1
65,1
208,7
155,3
151,2
124,12
69,1
73,1
350,1
170,8
520,49
138,13
36,3
61,3
47,1
765,18
356,405
229,1
55,1
221,1
144,66
113,53
105,53
72,4
202,1
33,2
118,3
91,1
500,1
169,1
181,3
241,47
56,4
144,5
97,2
34,6
300,1
50,1
127,1
77,1
116,18
104,18
167,11
94,5
126,1
262,4
2250,1
381,8
81,109
81,109
135,109
108,109
140,1
298,1
116,5
80,1
56,6
90,2
124,1
233,47
114,19
446,49
43,3
104,4
110,1
150,109
80,1
347,108
169,1
683,55
200,1
54,1
43,4
28,4
34,1
3102,214
265,3
147,1
95,109
95,109
180,109
162,109
117,2
63,1
171,3
384,29
116,1
230,1
128,1
144,1
115,1
41,1
110,2
125,1
77,1
223,25
128,1
43,2
285,1
78,33
460,2
162,3
132,1
257,1
46,1
144,109
127,1
78,6
67,33
243,1
258,20
100,2
240,4
220,18
134,46
225,2
200,1
57,1
273,1
69,2
34,3
38,1
493,1
224,1
44,1
45,1
100,2
65,4
200,1
235,3
103,47
315,19
247,66
153,1
144,1
72,1
172,4
51,2
60,2
128,22
242,1
180,1
315,19
220,19
529,37
295,84
205,1
315,37
709,70
620,70
243,37
141,11
119,22
88,1
90,6
59,23
90,109
80,109
72,109
295,1
54,1
205,3
38,2
478,28
98,84
252,210
186,1
57,1
360,113
34,22
209,8
55,2
150,1
350,1
120,109
150,109
81,109
304,113
80,2
58,3
160,2
297,1
59,3
108,109
108,109
60,2
68,1
50,1
90,2
259,108
270,1
80,3
259,108
259,108
276,108
276,108
276,108
311,108
338,108
347,108
359,108
634,108
44,2
652,1
198,1
214,1
154,1
200,26
188,8
180,2
100,1
15,3
216,48
132,95
177,20
191,23
189,20
90,1
350,68
261,1
146,3
115,2
79,1
504,1
48,1
140,139
120,1
51,4
125,1
307,57
124,3
192,3
120,1
90,109
69,2
253,84
157,2
86,1
108,109
108,109
197,2
60,3
72,1
151,9
118,1
60,2
409,1
168,5
267,3
227,1
239,2
129,53
90,109
90,109
108,109
108,109
75,3
38,1
39,18
297,1
115,1
330,1
190,4
120,1
97,1
261,1
199,1
236,1
48,2
75,1
104,1
168,17
108,109
97,14
131,1
108,109
108,109
108,109
108,109
108,109
54,2
139,13
76,1
455,35
250,4
161,121
121,1
65,1
109,22
60,4
276,2
206,47
175,31
343,1
30,3
803,5
941,2
162,32
138,1
550,1
2000,1
185,1
1440,2
88,2
48,4
101,1
60,3
240,3
145,2
286,66
141,10
120,2
98,1
50,2
41,3
117,22
146,11
82,1
183,47
390,8
253,1
154,1
150,1
143,1
36,7
39,1
58,2
90,1
47,1
176,4
1118,1
147,14
32,2
54,1
195,6
228,1
245,1
63,2
225,3
171,139
568,405
471,405
541,405
259,14
250,1
252,1
169,50
226,44
251,252
618,11
266,405
90,1
88,9
109,1
77,1
252,14
81,1
105,1
86,1
165,1
45,1
77,1
104,1
161,1
110,1
300,1
146,8
132,14
220,1
255,1
239,1
107,4
320,405
300,1
121,4
80,1
270,1
190,3
40,4
129,3
606,1
270,1
226,3
59,1
43,1
459,1
129,1
140,1
282,68
750,2
39,4
181,43
278,70
279,27
36,1
119,1
44,1
33,4
279,1
167,1
64,1
161,1
46,1
195,1
236,84
117,48
95,3
45,4
999,17
135,1
152,17
52,3
48,1
112,24
219,24
145,2
349,405
278,405
165,3
98,3
208,1
150,1
297,1
66,2
148,1
317,44
576,44
576,44
239,405
650,1
99,1
83,9
79,1
217,1
134,3
143,3
407,1
175,9
131,6
157,1
88,1
141,1
108,1
90,1
250,1
117,1
144,2
124,1
211,1
112,24
76,1
112,3
226,1
359,2
121,1
50,1
49,4
33,4
25,4
151,1
70,5
72,5
37,1
72,5
232,7
208,1
73,3
69,3
288,14
88,5
850,108
288,2
239,2
130,1
73,3
30,1
53,2
235,1
791,1
195,32
261,1
61,1
113,2
160,2
102,1
171,3
116,2
500,31
411,405
242,405
355,1
229,1
173,3
59,1
64,2
330,44
157,1
166,1
104,1
196,9
32,3
221,28
161,6
143,1
30,2
146,2
157,66
73,47
240,1
221,1
40,2
715,214
4750,1
65,10
228,2
77,1
125,2
368,19
165,32
124,1
315,38
37,1
137,1
285,79
193,1
92,6
59,1
179,1
300,14
40,9
42,9
174,47
99,1
110,3
243,2
6000,4
1000,4
136,17
300,2
240,1
228,1
154,1
41,1
108,5
250,5
55,4
60,1
248,4
270,38
292,31
96,7
373,2
180,2
195,1
100,33
129,1
57,1
180,2
118,1
69,104
98,2
319,70
338,70
165,1
41,2
75,2
180,58
81,2
179,25
146,3
220,14
200,2
415,2
160,1
482,405
80,1
100,2
245,2
319,13
158,1
514,10
616,10
680,1
131,4
86,1
42,1
169,4
88,67
232,2
50,2
800,43
225,210
1025,1
176,31
115,139
50,1
392,405
100,1
150,1
208,14
208,14
97,3
99,1
322,1
167,3
123,1
53,3
80,1
163,1
153,2
138,1
244,17
352,1
83,1
408,49
104,1
200,1
271,18
103,2
135,1
149,1
81,1
315,2
271,18
241,2
1050,17
58,3
230,1
117,2
198,1
376,18
198,32
219,2
143,2
201,32
109,4
308,2
142,12
175,12
161,12
137,12
167,12
134,12
154,12
136,12
408,1
259,2
132,1
38,1
57,1
90,2
57,2
162,1
52,1
224,1
75,4
74,15
102,9
91,9
101,9
112,9
96,9
92,9
105,9
348,405
199,11
91,1
52,1
103,17
298,17
132,14
186,84
188,33
291,2
261,1
68,3
190,3
46,1
206,1
41,3
1023,6
271,18
189,5
35,12
47,4
724,20
758,17
582,20
48,2
132,12
424,46
85,1
109,46
449,28
198,6
149,1
85,1
180,1
161,1
134,1
123,9
192,1
331,7
53,3
223,6
266,6
268,6
397,6
150,4
112,66
123,1
65,2
144,17
53,3
106,1
50,8
41,6
35,9
128,15
50,1
101,1
198,1
138,17
95,3
54,1
130,12
161,1
35,2
875,26
504,26
402,26
238,1
76,1
161,1
55,2
44,4
219,6
193,121
199,1
96,15
229,1
125,44
224,1
55,1
145,1
250,1
36,5
164,11
151,1
201,1
140,1
304,2
164,6
151,6
151,6
254,1
165,32
186,1
45,2
135,5
314,405
72,1
909,1
299,1
44,1
124,2
48,3
138,2
355,4
288,4
72,3
158,36
62,1
172,36
216,47
608,1
38,5
220,1
249,6
159,1
99,4
58,1
261,25
82,25
36,1
57,1
112,2
165,32
174,1
393,6
325,1
153,16
89,2
128,6
242,1
59,2
38,2
42,3
135,2
236,5
229,5
247,5
171,5
208,5
419,22
60,1
110,1
212,1
329,2
103,1
117,1
205,5
41,2
47,1
148,1
209,1
510,15
152,68
290,4
176,4
186,4
176,4
180,1
197,15
222,15
152,3
153,2
338,1
100,1
198,32
157,3
152,1
387,2
43,4
72,3
69,2
177,17
86,1
48,1
330,1
173,1
155,1
54,1
756,19
149,46
67,4
159,66
140,1
48,2
48,1
404,8
65,1
125,1
676,10
45,1
152,1
128,1
124,1
62,2
56,1
30,2
74,4
74,4
107,4
78,1
131,1
80,1
143,1
239,1
147,1
229,7
122,2
183,20
182,50
47,2
148,1
125,1
30,2
455,58
101,1
254,70
1100,1
110,109
50,2
275,2
1490,50
100,2
73,1
116,20
335,38
128,1
77,2
150,1
140,1
238,1
140,1
189,2
123,2
99,2
84,2
38,1
86,2
33,1
165,1
346,2
138,1
91,1
198,1
1000,32
41,1
55,6
226,84
400,1
44,1
245,5
76,1
293,66
139,1
55,1
35,1
90,1
101,5
231,20
117,1
175,5
77,17
32,1
50,2
47,3
675,1
108,139
216,66
205,1
35,4
41,3
233,6
110,2
97,6
83,1
158,1
49,11
189,3
192,6
75,1
133,13
69,1
337,405
192,1
483,68
125,3
588,7
56,5
270,8
113,3
89,4
360,22
133,46
81,7
76,1
300,1
144,1
145,1
265,11
416,3
42,5
170,26
99,1
165,1
98,1
302,210
89,139
203,210
36,1
124,1
110,1
68,1
135,1
390,4
73,3
734,210
975,210
412,8
170,2
98,139
61,4
105,1
170,1
30,1
77,3
73,10
90,1
80,1
364,2
51,1
308,2
136,1
152,6
194,43
165,3
180,3
245,2
33,3
43,3
285,1
34,5
220,11
81,3
177,2
269,1
102,4
86,2
121,1
72,1
55,2
171,66
82,8
41,1
95,1
137,12
54,2
1490,71
1705,71
52,1
64,12
50,1
295,25
177,3
153,5
166,5
224,5
119,5
168,5
630,38
185,2
35,1
450,50
300,1
33,2
89,1
84,47
999,3
250,1
38,3
298,2
53,1
104,17
67,2
105,1
78,3
108,1
120,2
277,7
157,1
84,2
264,2
105,1
140,1
675,38
127,12
675,38
145,5
77,5
200,32
99,1
162,1
153,13
37,2
156,13
282,5
46,1
77,5
204,25
115,1
210,6
66,1
248,1
193,1
140,1
40,2
194,2
56,1
82,3
304,1
248,1
159,1
203,6
162,1
35,1
96,2
113,1
88,2
210,5
217,27
85,1
85,1
150,1
41,1
93,1
203,1
100,1
37,4
47,2
252,1
198,1
104,1
130,2
175,2
286,3
100,1
95,40
127,1
52,1
65,2
290,4
313,66
80,33
80,2
110,2
48,2
900,210
61,2
111,7
66,25
505,70
108,139
86,3
114,5
49,1
33,9
91,1
95,1
157,3
356,405
290,10
215,5
417,66
225,1
181,17
119,1
1307,1
790,1
90,66
68,1
214,1
158,1
38,4
95,1
204,1
282,1
59,3
147,66
62,1
520,2
109,46
69,2
150,41
221,41
186,2
134,41
89,1
73,4
629,2
113,2
67,25
86,1
220,2
74,25
135,21
126,21
221,41
240,13
114,41
243,9
189,6
243,41
93,1
153,1
333,2
136,21
262,4
191,66
52,1
84,1
157,17
279,17
70,5
352,1
153,66
238,13
60,1
144,4
304,51
60,1
366,1
621,17
615,17
583,17
260,17
357,17
361,17
339,17
336,17
975,8
918,8
170,1
59,2
272,7
144,12
48,2
147,2
290,68
38,1
288,8
96,1
339,1
522,1
110,1
450,1
174,3
246,7
537,2
151,2
68,47
215,1
51,8
229,31
55,1
176,3
160,1
44,2
39,3
118,66
72,2
270,1
89,8
89,8
81,2
62,1
110,21
143,4
295,7
349,84
275,84
350,84
121,1
245,3
198,4
180,14
70,1
192,1
495,1
124,1
102,1
150,1
402,1
212,26
221,1
400,1
126,1
114,3
67,1
149,4
108,1
62,8
193,84
436,11
285,11
282,11
584,11
369,11
85,2
169,5
107,6
1035,2
141,2
140,3
68,1
153,252
504,14
402,14
300,58
236,14
213,14
431,14
281,14
537,14
503,20
427,20
447,20
451,20
314,20
268,20
308,1
55,1
332,1
253,31
417,1
86,1
154,9
126,4
99,1
40,3
62,1
73,1
66,2
79,1
50,1
66,25
218,2
81,2
192,1
251,2
156,21
500,1
46,1
537,20
337,20
225,20
280,20
314,20
100,1
197,1
213,3
348,405
128,13
357,26
807,26
813,26
582,26
729,26
43,1
418,405
405,405
333,405
418,405
302,26
269,26
246,26
367,405
336,26
118,1
136,1
130,2
98,1
171,139
292,40
346,40
567,40
147,1
190,2
128,6
90,1
89,1
91,33
126,21
135,21
122,1
60,3
120,2
115,1
153,1
62,2
283,210
196,210
139,15
618,1
151,15
164,1
62,2
170,1
389,2
111,1
120,30
236,1
87,1
118,30
269,1
315,1
157,2
47,1
65,1
38,2
270,1
147,66
122,1
200,27
378,5
472,5
327,5
680,1
334,1
120,9
124,1
188,6
267,19
35,1
220,1
34,2
264,13
425,4
298,12
143,1
83,1
396,66
97,47
79,6
150,1
333,1
482,1
192,1
300,405
110,21
110,21
147,1
270,1
32,4
32,4
126,1
220,1
312,405
63,2
164,12
165,12
194,12
167,12
174,12
165,12
150,12
161,12
126,21
309,70
144,1
218,6
80,47
135,2
34,3
67,1
74,2
57,1
602,4
133,2
136,2
157,1
180,12
646,1
90,2
191,1
188,9
285,1
102,3
60,1
75,2
225,1
63,47
186,3
62,1
95,2
78,1
250,26
219,405
140,21
161,21
49,3
188,12
57,2
297,16
51,1
500,4
116,3
165,32
198,32
251,1
141,29
330,210
291,2
1430,214
220,32
309,48
165,32
175,32
239,1
242,66
237,2
158,1
184,50
80,4
429,50
168,31
110,21
230,31
292,1
50,1
45,1
103,10
55,1
135,1
110,1
784,1
76,3
113,1
128,1
158,2
400,1
281,1
1989,1
110,1
200,405
300,27
347,84
287,84
66,4
162,32
60,1
205,1
125,1
76,2
35,1
135,1
188,2
123,5
55,1
72,1
129,2
408,405
83,1
110,21
245,1
47,2
53,4
139,1
97,18
215,31
88,33
137,4
162,21
297,23
360,48
322,17
300,17
136,21
45,1
120,2
71,1
181,6
209,2
73,2
517,79
206,7
100,1
93,1
48,3
180,1
125,4
380,23
245,1
70,1
135,1
75,5
60,2
44,2
237,23
100,104
100,104
36,1
251,1
938,20
990,20
71,47
53,76
90,25
61,1
50,76
362,1
34,3
116,3
240,2
144,1
100,1
315,1
285,1
62,1
857,8
840,8
408,11
136,1
160,1
51,76
47,76
263,7
140,1
229,405
113,1
416,405
279,1
168,2
230,7
350,1
115,9
6500,1
94,1
264,31
41,2
131,1
530,1
220,1
300,2
425,18
96,4
252,1
143,6
120,16
144,16
41,2
146,1
226,405
126,68
34,1
231,66
198,32
72,2
87,47
55,4
176,1
110,252
44,121
110,21
145,23
145,23
67,25
72,1
68,20
200,1
54,2
150,1
135,1
86,2
160,1
106,47
100,3
244,11
230,7
230,7
383,46
210,1
178,1
315,1
172,1
195,2
171,3
47,3
250,1
273,1
55,4
133,1
37,1
315,277
260,7
194,3
123,7
70,33
80,1
50,6
86,1
128,2
349,405
340,1
302,55
456,16
362,1
62,1
94,5
99,5
136,1
220,108
104,3
106,3
135,1
274,7
200,58
147,15
129,16
131,16
546,10
158,1
122,1
113,1
617,39
73,1
82,1
373,210
136,21
138,1
135,1
113,23
114,1
349,405
237,405
288,4
115,1
151,5
75,104
218,6
190,252
85,1
41,11
133,1
36,11
101,1
400,252
39,4
180,1
63,2
150,1
1000,1
199,12
148,1
73,3
254,108
44,2
306,1
100,9
144,1
120,2
356,2
218,6
180,2
1900,15
295,108
94,1
119,3
200,58
46,4
200,6
480,58
36,3
385,108
475,108
28,3
36,3
200,1
63,30
43,2
109,1
587,277
60,16
304,6
68,30
72,1
300,1
335,108
580,108
450,108
68,1
166,16
720,1
75,104
63,2
168,47
170,47
81,10
151,1
139,6
650,1
134,1
208,13
69,6
131,1
56,1
33,2
190,1
57,10
80,1
190,2
345,18
190,1
30,3
28,3
27,3
240,13
225,1
41,1
110,2
88,1
143,1
171,1
1000,1
158,18
120,2
56,2
222,4
96,21
96,21
198,2
320,2
56,2
218,6
524,1
56,16
135,4
123,13
66,1
158,1
200,5
423,1
90,1
68,2
152,1
422,1
887,3
103,1
301,1
81,2
41,1
42,1
63,3
60,2
69,4
330,2
301,46
285,46
538,46
468,46
85,1
148,7
125,1
150,1
77,1
244,7
244,7
127,126
241,1
199,17
101,1
59,1
463,70
79,3
999,15
466,22
252,1
367,3
299,1
545,1
240,1
117,3
39,4
99,1
320,1
292,2
132,1
68,3
23,2
46,2
129,13
73,2
108,126
31,1
64,3
87,7
65,1
145,47
124,1
481,40
190,4
66,1
238,1
475,3
136,21
142,1
265,17
330,17
284,17
200,1
131,1
127,21
77,1
242,66
69,4
79,2
94,1
322,1
118,1
158,1
1002,18
1412,18
242,252
187,21
80,3
181,9
130,1
156,16
120,1
112,1
85,4
82,18
151,66
110,1
351,405
356,405
471,1
93,1
69,3
53,1
93,1
140,1
93,6
67,6
92,6
114,6
73,6
123,6
360,7
181,1
167,1
276,95
192,12
278,36
224,36
285,36
105,1
240,36
195,36
112,12
150,23
140,21
704,1
28,1
45,1
147,47
230,3
186,1
35,1
86,1
29,1
72,2
108,18
99,18
70,1
211,2
59,1
480,14
84,2
38,1
57,2
137,1
65,1
149,1
145,1
128,1
195,2
110,1
340,2
88,6
250,1
72,6
41,4
54,2
154,1
170,1
641,22
808,22
708,22
711,22
115,17
50,4
104,1
126,2
198,1
287,15
105,1
42,3
129,4
190,1
213,47
174,12
143,12
54,5
95,2
109,9
550,32
251,4
251,1
60,1
275,1
104,1
68,3
43,1
200,1
114,1
113,1
145,3
133,5
78,14
115,95
68,14
51,14
296,4
83,14
724,35
381,4
186,31
110,2
83,14
96,14
80,14
209,13
249,18
80,2
282,1
40,3
130,3
150,1
75,2
40,2
330,1
100,3
53,76
52,1
240,405
225,2
100,13
376,1
168,29
700,32
80,1
65,1
260,17
138,9
250,1
141,1
50,1
45,2
506,34
632,34
464,34
95,1
194,1
629,34
374,34
524,34
223,1
152,1
233,1
288,405
105,3
384,26
380,26
147,3
137,3
229,1
95,1
237,3
45,1
5353,17
5653,17
101,2
465,2
390,4
468,4
495,34
113,23
369,18
145,1
585,34
43,1
97,4
172,1
342,1
180,1
111,23
396,18
111,23
355,66
39,1
427,95
390,1
36,1
72,2
141,78
237,35
50,1
231,1
131,7
1714,30
79,11
209,17
86,1
443,34
192,1
40,3
326,1
199,4
64,10
74,10
79,10
66,2
105,1
196,1
56,1
215,2
285,71
154,14
153,252
171,2
74,7
351,2
40,4
461,1
40,5
39,5
300,1
226,1
90,2
162,11
387,34
152,13
149,1
40,5
136,1
112,1
56,2
287,1
400,1
321,405
700,1
80,1
372,6
526,6
201,1
85,4
50000,33
200,1
42,1
5000,33
186,2
78,2
137,1
245,1
127,1
475,4
85,1
53,1
582,17
615,17
812,17
204,32
110,1
61,1
110,1
68,25
35,2
216,1
80,1
32,4
35,2
82,1
1900,7
221,1
95,2
143,1
122,8
78,2
159,7
177,1
300,5
124,2
595,1
148,1
57,1
167,1
220,1
38,2
55,1
189,17
50,1
207,1
160,1
84,2
152,1
68,1
171,1
143,1
115,23
921,22
210,9
63,1
70,6
406,22
285,68
198,1
445,22
50,3
50,5
73,1
129,2
113,1
350,22
139,126
80,1
189,1
418,113
526,1
55,2
200,1
1000,1
87,12
70,1
120,18
164,13
68,1
81,1
62,1
360,1
108,1
399,63
39,1
78,2
126,1
133,4
169,1
85,1
400,3
67,3
66,3
29,18
224,4
62,1
221,4
40,8
51,2
64,3
184,32
60,3
93,104
155,1
92,104
100,33
144,29
195,9
109,1
90,1
36,17
46,1
259,1
79,1
370,84
99,12
38,1
475,22
456,22
630,22
132,22
87,1
198,32
734,22
169,3
168,29
49,17
48,1
190,50
28,2
242,9
100,1
58,1
679,22
729,22
727,22
709,22
774,22
888,22
889,22
85,6
59,1
72,1
114,1
163,29
465,4
63,1
102,4
51,4
247,405
78,1
132,1
69,2
1000,2
33,2
368,405
151,1
1000,2
150,4
50,8
143,4
207,6
111,1
39,30
40,30
138,1
127,1
49,3
55,2
96,2
76,1
147,2
167,277
138,22
76,1
280,53
136,27
69,1
366,1
135,4
135,1
219,1
93,1
310,4
48,1
52,10
57,2
155,7
53,2
240,1
163,55
276,15
386,15
47,9
119,2
116,1
203,2
238,2
323,405
142,9
57,1
40,1
35,2
50,1
160,1
246,2
270,1
252,21
238,2
56,2
206,113
59,1
1561,30
57,1
294,31
181,95
165,95
30,1
140,1
532,1
32,2
43,1
96,1
345,405
143,1
390,18
182,18
69,1
781,3
34,30
114,47
45,1
309,1
203,53
53,76
66,4
450,58
62,1
54,76
194,1
58,76
48,47
38,2
198,1
165,1
38,1
209,6
228,6
85,1
201,2
380,1
999,214
168,17
133,1
45,2
41,2
141,9
300,1
350,5
244,11
123,1
88,3
58,2
287,22
232,16
258,15
180,210
375,1
90,2
281,1
44,30
149,2
248,16
245,16
36,1
135,1
432,4
207,12
29,3
194,1
79,2
59,2
42,3
42,1
82,2
57,1
187,21
334,1
83,1
52,10
46,1
71,6
46,1
63,1
67,1
146,2
1615,14
184,1
117,1
49,5
48,2
74,2
35,65
146,1
261,1
66,1
149,1
41,11
231,2
104,18
151,1
185,1
65,1
35,2
73,9
200,1
442,1
83,1
71,3
333,1
228,113
190,113
36,12
40,12
50,2
110,1
80,4
143,29
194,2
352,16
260,1
120,1
109,1
110,1
179,1
128,1
457,1
164,13
186,2
117,1
72,1
474,1
206,12
140,12
63,2
509,6
349,2
152,3
80,1
103,1
50,1
45,7
130,3
75,1
118,1
41,1
91,1
71,1
194,2
1541,30
73,2
62,1
34,65
270,16
414,6
185,1
48,5
32,16
500,26
183,10
159,10
158,10
159,10
156,10
196,10
161,10
205,10
201,10
107,1
282,1
82,4
66,2
203,1
160,1
220,27
181,1
140,9
200,4
60,1
213,16
487,18
327,1
300,1
800,2
160,1
440,1
135,1
85,47
103,68
185,405
153,1
689,15
138,2
28,3
238,1
110,1
292,5
175,1
707,3
216,8
116,10
245,66
168,29
79,1
135,1
176,4
53,1
76,20
193,1
458,15
60,1
150,3
177,1
204,22
120,5
500,210
44,3
77,2
155,4
79,3
266,1
159,2
858,8
841,8
165,3
83,1
243,16
155,1
508,26
426,26
735,26
234,1
225,1
90,20
76,20
125,1
80,1
640,1
120,1
135,47
31,1
59,8
240,55
497,1
104,1
56,2
110,126
180,1
133,1
167,1
190,4
51,4
43,1
240,405
82,2
39,2
74,1
81,2
121,16
353,7
95,9
400,1
400,1
64,2
94,3
37,1
226,3
251,1
65,2
74,1
40,1
56,1
250,1
178,3
192,3
123,1
213,1
191,4
49,47
104,1
80,2
330,1
266,29
35,5
126,1
55,1
145,1
229,1
131,1
340,1
100,1
61,2
158,1
379,2
110,1
48,12
640,1
59,7
78,1
50,3
156,2
64,2
129,1
116,1
198,2
45,22
200,58
230,4
235,1
119,1
87,5
107,28
624,34
90,3
64,48
307,1
343,1
56,3
55,3
250,1
162,1
523,214
65,48
69,48
216,1
563,1
491,1
67,1
101,2
155,6
199,63
113,1
206,1
515,37
1100,15
190,1
233,405
44,1
110,1
171,6
42,1
675,38
217,1
270,1
170,6
140,6
141,6
138,6
170,11
596,6
102,1
39,11
28,2
237,79
369,79
787,79
129,1
60,6
182,1
116,1
170,31
135,1
79,2
135,1
209,23
206,32
138,10
58,4
201,6
295,1
99,1
360,2
72,1
180,1
44,2
200,1
48,2
170,3
314,1
248,2
450,4
65,2
156,4
115,1
87,1
92,2
169,1
214,2
2060,5
121,6
101,1
135,1
116,2
65,1
95,1
78,5
93,53
209,29
29,18
137,13
500,26
138,10
138,10
135,2
201,1
69,1
138,10
900,10
168,10
129,10
138,10
138,10
225,1
512,15
295,15
48,2
263,15
70,10
446,2
173,7
56,25
150,23
48,2
209,5
84,33
60,2
360,1
579,1
140,2
65,2
40,2
215,14
36,5
163,1
372,405
300,20
277,405
213,1
474,2
25,10
396,25
144,6
208,17
258,17
85,1
125,1
334,17
211,17
375,1
231,1
199,1
1045,2
77,14
277,34
343,6
51,1
30,5
106,6
244,7
77,2
100,6
100,6
40,2
89,1
124,2
65,48
70,48
65,48
69,48
57,1
155,1
55,1
191,405
87,2
190,2
104,2
108,1
165,7
166,1
72,4
52,9
350,1
133,1
54,4
127,1
182,2
259,1
42,12
158,3
39,1
109,68
259,2
164,2
500,1
150,1
112,1
176,1
156,1
53,1
105,1
54,1
204,3
55,1
891,22
893,22
808,22
2289,22
45,2
85,1
260,3
115,28
80,1
91,1
84,2
29,1
126,2
664,3
201,1
75,1
309,48
81,7
378,1
130,1
144,1
163,1
51,25
393,405
258,405
239,405
281,405
268,405
188,28
92,14
121,7
297,29
280,277
104,7
126,2
200,1
49,1
100,6
90,6
128,4
112,6
80,1
115,6
175,1
47,1
36,8
230,2
36,2
100,2
163,139
117,1
53,1
253,4
171,2
504,1
79,47
45,47
60,47
76,47
383,4
433,34
366,34
88,16
514,116
84,28
776,10
57,1
45,1
140,4
75,2
309,1
173,1
63,1
1858,79
93,18
344,113
93,1
252,38
220,58
256,1
171,3
88,47
77,19
77,19
238,1
77,1
44,5
86,1
65,1
46,3
157,1
120,1
45,1
26,18
380,1
186,1
268,1
75,1
105,1
94,1
122,1
76,3
46,1
72,7
250,116
309,3
285,3
268,15
232,84
298,15
360,2
72,3
131,1
130,2
37,8
48,2
24,12
242,9
117,12
46,3
359,35
143,1
170,2
117,1
42,2
71,2
110,2
110,1
84,3
203,1
152,6
212,43
72,1
129,47
172,1
100,3
109,12
61,67
222,10
282,405
238,1
115,2
140,1
150,1
82,1
84,18
78,18
77,18
96,1
100,1
143,1
105,1
162,1
53,5
208,7
160,4
250,1
280,20
312,1
69,14
150,2
270,3
270,3
252,405
351,405
270,1
173,1
63,2
1375,11
100,8
65,8
136,4
301,405
310,405
53,2
1877,15
73,1
41,5
65,3
117,53
115,53
54,5
128,53
350,1
45,2
101,2
80,1
56,2
267,1
250,16
33,5
175,2
56,2
68,2
43,2
395,22
31,1
99,1
62,1
110,21
297,18
250,1
76,2
550,1
850,1
800,2
471,1
150,1
59,2
95,1
200,2
368,1
293,7
60,2
270,16
32,65
186,3
68,3
76,3
220,1
72,3
143,1
81,1
126,1
119,18
343,12
288,1
112,1
61,4
252,405
156,3
105,1
122,8
285,46
285,46
285,46
240,46
147,1
45,2
109,5
57,1
735,1
78,6
139,1
198,32
100,1
82,2
60,8
91,4
42,1
425,1
262,15
55,1
87,7
65,4
136,1
214,6
67,6
136,1
59,2
300,1
345,1
49,7
46,1
172,29
775,26
72,2
122,1
35,1
117,2
155,1
765,3
209,14
201,3
770,16
360,1
45,5
152,6
85,1
144,1
97,2
187,3
115,14
112,17
245,20
212,20
54,2
143,4
118,17
124,17
112,17
112,2
370,1
60,2
121,1
198,2
138,11
72,13
459,2
245,2
133,1
627,4
144,1
244,7
242,7
135,3
90,1
355,3
205,50
191,50
98,126
165,1
125,126
95,1
720,23
245,1
228,9
230,1
350,1
141,2
57,2
73,5
258,15
76,56
351,405
240,405
520,2
850,15
162,12
181,1
302,1
141,3
366,27
102,4
850,2
98,2
86,2
49,8
155,3
43,2
450,1
244,405
929,14
145,25
69,1
141,1
135,1
34,5
450,1
186,1
48,4
80,1
68,2
115,1
86,1
378,3
236,2
204,25
232,14
116,126
118,1
290,2
3000,81
850,81
285,84
190,44
109,12
200,1
181,1
145,1
129,53
350,4
171,2
30,5
81,2
27,2
109,12
225,1
53,1
99,21
51,1
70,3
634,1
153,2
280,2
60,1
72,2
129,1
236,1
171,1
350,1
109,12
109,12
229,2
344,2
112,1
119,1
215,8
141,3
700,81
38,4
280,8
284,18
526,4
133,10
1418,17
87,56
119,1
82,2
250,1
46,4
195,2
46,7
122,1
98,1
109,12
208,7
224,405
147,1
180,5
148,12
155,12
145,1
44,9
67,28
175,4
333,1
58,2
89,9
190,17
331,1
109,12
180,1
50,1
133,25
152,25
6000,81
100,2
1200,26
57,1
47,2
180,1
90,1
370,8
66,13
207,1
32,1
60,7
1046,17
119,4
100,1
47,10
85,1
65,2
127,2
275,10
79,8
112,1
145,1
368,18
166,3
144,1
357,8
171,1
227,16
243,1
161,2
108,33
86,2
175,9
39,8
30,5
263,17
44,1
162,1
113,13
28,5
185,1
125,1
287,2
744,3
64,1
369,14
308,2
43,3
308,50
144,1
136,1
282,3
174,40
398,39
61,22
220,58
85,1
50,3
136,11
134,1
190,47
55,1
61,1
243,1
729,47
185,1
150,1
231,1
380,1
201,39
101,5
251,1
59,1
96,1
72,1
39,1
125,1
66,1
198,6
198,39
180,1
49,3
139,7
49,2
265,1
300,1
59,6
309,1
168,2
67,6
139,1
56,1
38,6
40,1
36,1
37,3
99,1
106,9
70,2
195,1
120,1
73,3
29,2
24,1
152,8
176,66
362,84
161,1
440,405
112,17
100,1
145,1
86,1
165,1
272,39
98,2
481,1
326,2
178,1
43,8
362,1
175,3
112,17
230,1
75,1
135,1
469,3
157,1
343,405
430,20
138,1
114,7
186,21
409,3
519,3
201,1
233,405
96,1
103,1
350,1
101,1
46,4
228,113
39,2
362,1
222,43
200,1
265,9
401,1
54,10
187,28
245,28
189,1
56,1
85,1
304,113
181,95
59,3
195,1
57,2
158,2
160,1
83,1
115,1
113,12
288,84
178,95
162,9
226,9
174,1
198,32
758,66
346,405
396,405
752,15
67,2
47,1
86,1
153,4
153,2
94,1
64,8
273,10
117,8
174,1
200,48
309,48
80,22
92,1
180,1
59,22
190,29
450,1
172,1
68,3
271,1
360,1
168,1
105,1
108,4
200,2
73,1
110,1
150,29
184,1
35,4
228,1
174,2
54,67
142,4
448,405
526,405
86,1
238,8
60,67
98,3
184,2
124,10
191,10
320,18
157,1
67,10
73,10
49,2
256,18
220,18
150,10
45,2
162,10
94,1
162,10
180,25
172,10
162,10
95,5
144,1
98,1
96,1
251,43
183,1
280,31
139,3
129,4
90,3
86,1
94,1
102,9
60,1
1093,3
350,277
173,2
86,6
897,1
102,2
285,1
130,2
125,9
146,1
225,1
63,3
352,28
147,126
255,28
105,2
124,1
192,1
211,9
155,1
140,1
92,1
396,1
1045,2
80,4
28,3
55,1
400,1
58,2
421,23
145,1
113,1
89,2
60,1
286,40
360,1
26,5
79,1
102,3
273,1
315,3
323,17
60,1
82,1
181,1
81,1
31,5
293,1
102,2
102,1
52,3
38,1
143,79
193,79
463,79
193,79
51,1
252,1
99,1
59,2
207,1
62,5
62,1
136,1
172,1
199,2
48,2
106,1
96,1
59,22
378,19
48,4
43,1
53,6
45,10
44,1
245,277
46,4
147,3
262,210
140,5
617,6
45,1
150,1
32,1
226,1
249,1
80,1
225,5
107,13
31,1
68,2
408,1
91,2
203,27
250,1
107,1
494,19
103,3
399,252
72,60
270,3
1229,81
46,1
198,1
28,1
187,10
285,11
92,2
404,1
7538,17
78,2
148,1
69,1
536,1
50,1
238,1
69,1
170,1
295,1
65,1
38,1
67,2
400,1
96,1
90,1
164,3
537,11
74,4
117,11
112,1
102,4
1561,39
70,3
179,4
36,3
85,1
180,5
231,1
70,2
67,2
74,2
130,1
270,10
32,8
200,1
800,23
534,23
129,2
402,17
155,1
468,1
950,81
79,1
56,1
110,2
112,1
356,31
80,1
210,78
80,2
275,1
317,34
1395,81
429,31
369,4
146,50
108,3
208,31
300,1
104,5
99,4
221,7
71,2
85,5
150,3
186,10
68,1
237,31
129,126
90,2
50,33
170,23
180,2
65,4
81,1
49,2
114,1
136,1
180,1
41,1
125,1
245,1
95,9
200,58
91,1
202,29
99,9
72,2
81,56
97,56
228,1
136,6
165,1
123,13
361,3
110,13
86,4
99,24
184,3
125,8
60,1
427,9
136,2
177,3
352,1
66,1
135,1
160,2
109,95
70,1
123,2
340,1
1274,8
50,1
95,1
88,126
253,3
400,22
119,14
130,1
255,1
153,14
86,4
220,1
150,1
120,1
126,2
88,2
162,1
165,4
232,2
50,1
96,1
126,1
33,1
89,2
95,1
144,1
77,2
164,1
200,1
85,2
143,1
180,1
94,126
346,3
434,2
112,1
102,126
115,1
80,1
206,1
46,1
178,1
45,1
2000,1
321,2
274,48
50,3
83,1
65,4
150,1
895,50
270,252
155,126
81,2
110,3
155,2
217,1
190,1
197,66
299,16
108,1
252,18
320,18
125,1
87,2
447,1
258,7
245,1
65,2
1394,79
211,66
94,7
273,1
51,5
150,4
150,2
292,1
89,2
180,2
45,2
163,2
58,5
149,1
44,8
39,1
104,18
219,1
48,3
180,2
93,9
54,2
187,13
45,2
75,1
168,1
32,16
401,1
30,16
89,1
200,2
40,1
60,1
69,1
199,1
80,1
124,1
50,2
105,3
210,1
147,1
235,84
182,3
39,16
398,1
32,16
120,1
30,16
136,1
1101,1
593,1
216,66
268,1
50,1
41,1
250,18
300,1
221,1
115,1
550,2
145,1
95,37
170,1
68,1
68,10
39,5
139,5
242,11
189,11
144,1
276,19
185,1
153,1
256,1
107,104
115,1
1900,6
55,1
172,4
95,11
221,3
170,9
2500,81
170,1
425,1
279,1
452,35
68,2
322,1
243,1
42,1
201,1
242,1
212,17
207,3
168,4
191,1
105,2
68,2
98,2
351,79
380,1
152,1
125,8
1126,405
288,57
307,49
55,1
120,1
173,1
83,1
356,2
450,1
354,1
180,1
103,1
182,1
50,7
56,24
270,1
91,1
257,2
188,47
235,1
375,1
86,1
120,2
45,1
113,4
214,3
64,1
230,1
144,1
148,1
260,1
187,1
50,4
135,1
112,126
125,1
117,126
309,3
98,126
1100,17
251,1
1490,71
58,1
272,5
83,1
94,2
288,57
234,1
529,2
76,2
270,1
153,1
85,1
190,1
114,5
55,2
85,1
60,5
201,1
157,66
279,84
219,2
540,22
668,3
150,3
136,1
127,18
62,34
82,3
126,1
119,1
185,1
50,9
120,3
55,9
150,9
195,1
44,1
62,9
39,1
79,1
153,1
144,1
128,37
148,1
56,1
60,3
39,1
250,2
31,1
173,1
72,2
194,1
84,1
226,11
225,3
90,4
144,1
350,210
703,210
167,1
81,56
346,84
131,2
206,1
95,1
2022,1
55,2
257,2
42,1
384,405
326,405
42,24
183,1
64,24
123,2
38,2
205,12
163,3
368,37
170,45
141,1
429,1
11412,33
551,2
62,4
109,1
180,1
158,1
111,1
206,2
72,1
79,2
273,7
275,50
110,2
338,2
320,16
177,48
598,18
150,1
204,48
68,1
854,17
204,48
72,1
92,1
58,47
146,3
36,2
143,1
86,4
56,2
76,1
251,2
177,11
78,1
115,1
126,1
74,1
42,1
54,2
68,5
117,1
90,1
75,2
153,28
57,1
228,28
227,28
106,8
67,2
190,10
24,2
110,10
139,76
370,7
180,1
46,8
347,84
162,1
298,2
279,1
150,14
243,6
280,17
283,17
204,30
171,30
165,1
82,1
38,1
250,6
350,1
50,9
50,9
192,7
50,16
315,1
466,1
209,6
203,1
230,1
74,2
220,1
34,2
307,2
78,1
220,1
324,1
98,1
171,1
175,7
163,15
109,15
133,1
140,1
56,4
181,1
60,5
37,1
36,1
174,1
43,9
57,2
250,12
500,8
171,1
57,2
283,2
153,1
273,8
104,2
150,45
59,2
207,1
80,1
85,1
169,6
139,27
45,1
46,1
135,1
215,2
91,1
299,93
300,1
34,4
212,1
320,1
35,5
87,1
114,1
143,1
208,8
110,126
122,126
54,1
149,126
115,126
156,15
190,2
71,1
55,2
48,2
378,95
230,25
190,2
848,14
172,4
88,12
149,1
81,2
286,25
69,2
317,19
380,27
155,1
50,4
140,12
333,1
305,17
64,4
286,8
223,7
149,1
96,2
322,405
125,8
270,7
305,1
138,1
77,10
342,2
110,1
42,9
82,10
200,1
86,13
297,3
117,1
154,66
158,1
194,11
257,121
258,1
72,1
144,1
112,1
126,126
896,2
31,3
152,23
153,1
152,23
650,8
79,8
49,8
171,1
134,1
162,33
158,1
181,3
231,2
180,1
220,1
22,1
200,1
155,1
136,1
116,11
80,3
42,1
68,13
60,1
185,1
216,1
67,3
59,2
190,2
103,3
104,1
230,1
58,2
133,1
936,17
50,2
39,2
256,3
400,7
600,1
73,2
152,23
484,405
235,277
300,58
143,4
48,1
622,4
72,1
114,1
152,1
215,3
750,1
160,2
168,1
213,46
133,2
57,12
45,4
93,1
131,11
36,1
121,68
153,68
375,210
800,38
477,1
114,126
308,3
450,1
87,15
538,3
910,35
177,1
149,1
50,9
65,4
213,17
375,6
256,1
119,1
450,38
65,2
95,126
99,18
277,1
106,6
157,1
43,1
129,1
57,7
54,3
162,1
148,1
115,2
78,1
34,2
130,1
67,2
820,17
100,3
97,3
149,3
1008,1
69,1
285,1
38,2
229,6
150,252
275,18
80,1
25,1
342,1
343,18
188,1
120,1
150,46
413,46
119,126
190,2
171,126
78,1
220,1
225,1
36,4
175,1
72,1
208,1
81,1
56,2
113,1
86,56
240,1
131,11
92,56
91,56
1800,47
45,2
157,6
145,2
112,1
100,1
792,15
125,2
87,1
82,9
198,1
86,1
68,2
232,43
196,84
156,84
259,1
170,47
95,1
42,2
567,1
522,3
214,1
130,1
45,1
568,3
45,2
154,8
54,1
257,1
151,21
111,21
307,84
188,6
89,7
80,1
208,6
106,1
53,2
277,46
156,1
77,1
210,1
132,4
145,12
127,3
45,2
220,1
111,1
344,1
158,1
161,6
419,22
140,1
83,1
713,1
201,1
900,1
85,2
354,405
47,13
74,2
230,22
46,2
165,12
820,21
422,1
60,4
114,1
170,50
79,1
174,1
196,95
171,1
92,1
124,1
98,1
316,2
57,2
62,3
50,1
162,2
217,1
149,13
207,13
149,31
51,4
485,1
240,1
72,1
600,2
45,2
363,10
43,33
77,1
75,1
120,126
250,1
113,126
102,126
72,2
164,12
288,12
138,2
96,1
247,22
86,1
135,21
125,21
188,12
128,1
240,7
300,1
143,1
51,1
56,5
150,45
347,18
52,2
70,3
76,2
177,4
41,2
161,1
90,2
120,1
96,1
316,1
200,1
108,7
225,1
81,1
58,2
287,1
98,1
42,5
47,2
179,3
114,10
49,2
132,1
225,1
374,22
131,1
149,2
53,2
96,1
120,2
255,1
150,50
51,1
31,4
160,1
317,17
251,1
200,1
249,17
88,1
151,5
597,2
70,1
128,1
137,13
76,4
101,1
165,1
81,28
37,3
138,4
196,1
124,1
200,405
80,3
188,4
113,1
80,2
165,1
242,2
500,5
99,2
67,14
151,1
82,1
54,2
70,5
60,6
134,1
209,104
803,1
384,3
138,2
140,104
169,3
3300,2
162,2
169,3
144,104
85,3
581,66
116,66
281,2
95,126
102,4
120,14
189,2
100,18
67,1
131,1
171,3
70,1
200,4
144,1
156,1
65,67
61,67
137,3
215,405
148,1
690,8
40,1
292,2
41,2
127,2
137,1
134,1
28,1
34,2
180,4
147,4
81,1
36,1
65,3
92,13
144,1
82,1
81,1
440,1
550,2
266,1
200,3
150,1
57,11
269,1
274,50
202,50
56,2
222,12
200,1
140,2
83,1
46,5
387,1
102,4
42,1
225,93
49,4
159,2
138,1
64,1
165,1
83,2
100,6
750,8
60,1
209,1
246,84
400,15
140,1
388,21
115,1
180,1
100,1
457,1
80,1
1000,48
75,1
175,1
197,1
161,2
90,1
54,2
60,1
210,1
196,1
144,1
180,2
150,6
120,1
237,57
112,3
174,6
51,1
50,3
200,2
72,1
27,3
160,10
66,5
93,5
124,2
214,44
50,17
59,17
275,1
270,17
295,17
82,2
72,7
238,1
80,1
93,2
199,4
187,3
65,1
126,1
118,1
153,2
166,1
119,1
67,1
166,1
192,17
87,47
240,6
43,2
170,1
156,8
600,210
205,1
95,1
168,1
87,126
179,4
122,1
154,45
215,2
164,1
258,2
60,1
33,20
171,25
595,1
84,126
135,50
93,6
39,17
24,14
85,1
137,22
105,7
27,1
136,126
148,126
129,126
30,5
37,1
163,8
45,2
30,1
246,6
180,2
133,16
232,25
75,11
145,12
300,11
140,5
350,1
150,1
192,22
357,95
37,1
48,1
141,6
170,22
180,22
81,1
45,2
33,1
107,1
227,3
149,1
245,6
426,16
83,1
60,1
34,1
39,2
249,30
63,1
201,1
401,4
201,10
329,7
55,1
175,1
35,4
70,4
135,1
110,22
65,2
208,7
38,1
180,2
500,1
111,1
281,2
300,11
37,3
159,15
51,1
184,2
180,2
60,1
117,1
201,8
199,10
230,10
49,1
91,4
69,47
420,1
108,1
113,1
144,1
59,6
94,3
107,1
48,3
358,3
201,10
189,1
238,1
201,10
70,104
120,1
40,3
119,104
180,4
56,1
362,11
65,3
190,1
126,1
60,1
200,2
68,34
45,3
97,1
140,2
73,34
72,34
82,34
76,34
66,34
486,1
150,1
79,3
33,3
120,1
94,15
68,3
323,22
60,1
48,16
117,28
131,2
80,28
199,32
230,2
108,1
100,1
274,32
83,28
130,1
343,2
144,126
165,126
114,8
30,2
211,2
38,3
33,3
396,1
42,24
69,1
161,2
218,4
50,1
63,1
186,2
72,2
165,1
40,1
51,6
115,3
198,32
406,405
205,405
197,405
205,405
238,2
171,40
1358,4
187,55
77,28
65,3
1224,4
100,1
270,2
77,28
344,277
147,7
82,1
275,16
201,16
141,1
45,3
347,1
270,1
300,1
138,1
128,1
135,1
76,1
102,9
89,9
54,1
70,1
248,5
236,84
278,4
156,1
132,1
56,1
81,18
115,2
234,46
81,18
114,126
90,1
43,3
234,1
45,2
175,1
537,14
161,4
174,3
150,1
151,3
171,47
99,1
67,28
1132,4
84,12
62,3
338,4
67,2
379,210
66,28
96,28
70,28
91,1
252,1
62,3
131,1
128,1
136,1
360,2
393,1
225,1
240,1
100,22
90,22
162,2
258,1
48,1
266,15
61,1
81,1
195,1
35,5
87,1
192,1
66,2
51,6
46,1
40,2
160,7
329,1
205,5
65,1
191,1
90,5
170,1
142,1
70,1
100,2
79,3
200,1
198,22
76,1
117,16
182,1
80,1
61,2
56,5
156,2
70,2
390,12
100,1
88,9
92,9
52,1
179,16
67,1
138,126
144,126
110,2
179,2
107,1
438,2
300,1
108,1
110,1
288,1
400,1
271,405
185,1
78,1
119,1
1000,1
500,1
101,3
285,1
125,1
88,2
80,1
260,17
150,27
165,1
140,252
250,1
316,1
858,15
115,126
318,116
121,1
40,1
223,4
49,2
70,4
54,23
89,1
36,1
64,1
360,252
69,33
149,1
44,2
428,1
170,1
203,1
65,1
153,2
298,1
70,2
32,6
366,84
573,1
327,2
110,1
125,1
281,7
221,20
210,210
69,56
238,2
150,1
66,2
96,2
176,7
185,1
249,6
72,1
96,1
162,32
201,1
220,32
79,2
62,1
113,5
358,15
586,30
155,3
35,3
145,1
117,10
161,2
199,3
70,15
77,15
67,15
69,1
98,1
366,4
147,6
417,30
74,1
283,1
109,1
46,2
74,67
149,1
73,2
133,2
170,12
41,1
73,1
225,68
103,40
357,57
183,31
103,1
163,1
133,1
153,17
38,1
251,1
176,1
170,9
208,1
80,1
56,23
102,1
225,1
125,7
159,139
346,48
74,4
91,4
72,10
30,3
229,1
198,32
201,5
115,1
42,3
49,9
217,2
66,15
69,15
73,15
1000,1
136,66
152,14
251,1
500,28
204,1
92,1
59,37
54,37
364,11
215,2
45,1
260,29
201,1
229,2
54,2
508,3
125,1
772,28
45,2
224,46
102,7
68,1
173,1
57,1
146,1
175,405
304,405
171,2
152,26
214,1
199,1
887,21
277,2
120,1
180,2
126,5
610,214
50,2
61,6
297,93
429,405
117,45
119,1
171,6
260,6
189,6
275,6
70,4
387,6
41,15
167,2
150,1
33,5
130,1
169,7
62,2
221,1
90,1
91,3
100,2
216,3
136,6
365,1
209,4
80,2
128,1
72,3
42,17
42,17
300,93
153,1
195,4
65,1
190,1
46,1
169,6
48,1
60,1
53,1
63,1
89,28
90,1
219,23
86,28
81,28
567,39
49,1
193,3
61,3
73,2
215,47
67,3
216,13
136,1
220,58
970,214
532,214
924,214
120,1
131,1
213,27
124,1
33,1
245,2
226,84
262,31
121,78
133,126
91,126
599,3
40,9
91,1
209,43
297,1
90,1
222,1
90,1
511,37
200,1
60,1
98,1
84,7
78,1
44,1
100,1
63,37
59,37
86,1
650,1
101,6
40,2
98,9
210,8
250,1
310,8
225,31
90,1
48,3
100,29
450,1
93,2
86,1
236,1
163,6
300,2
162,1
88,6
344,113
219,13
233,405
59,1
95,1
50,2
58,14
350,1
142,2
159,18
80,1
143,9
250,50
65,9
155,405
400,1
139,126
114,126
120,126
328,1
105,1
137,3
286,3
110,1
135,2
153,1
28,9
285,4
84,14
50,7
57,14
55,14
135,1
811,12
129,9
887,17
232,1
42,2
495,2
90,2
133,13
160,1
95,2
95,2
205,2
73,2
150,10
175,1
109,1
140,1
315,1
158,1
1118,5
39,2
43,1
134,4
1118,5
116,2
45,2
362,31
150,1
291,8
392,1
274,405
137,2
268,2
186,13
54,8
54,8
92,8
98,1
80,6
350,1
131,1
175,1
62,1
285,6
300,1
73,1
600,17
137,18
324,113
63,1
285,3
158,3
120,29
60,2
249,405
215,1
61,1
1118,5
90,1
1118,5
386,7
389,7
389,7
388,7
179,7
179,7
204,7
699,1
173,3
296,33
52,17
342,113
295,2
212,3
339,23
167,5
200,1
143,1
398,405
237,16
166,5
108,3
176,1
90,2
50,7
33,4
203,2
153,1
136,1
57,3
79,1
77,1
152,1
37,22
136,139
571,405
144,1
57,1
143,139
245,1
252,3
140,139
51,2
90,2
308,1
150,1
91,4
79,1
95,4
136,1
64,2
656,44
150,1
191,3
148,7
350,1
153,2
49,1
48,1
194,79
190,1
54,25
187,21
60,7
65,1
163,1
250,29
89,1
63,1
98,1
135,1
110,1
230,24
239,1
45,1
55,1
77,1
136,29
51,2
177,1
44,1
96,4
207,1
40,2
602,2
48,2
769,1
137,1
94,1
320,1
150,1
77,14
78,14
80,14
80,14
150,1
103,2
90,1
145,1
648,1
78,1
178,2
231,17
52,1
179,43
80,1
129,1
31,20
500,18
198,1
500,32
99,1
54,1
77,14
40,1
119,14
86,14
135,1
33,1
50,1
200,2
650,28
100,2
193,2
119,1
60,16
75,1
280,1
220,32
306,2
264,9
200,1
170,3
115,14
120,8
502,1
40,3
138,11
196,2
115,1
1118,4
124,1
559,4
309,1
250,1
170,8
129,9
118,1
525,1
450,58
234,4
152,1
863,210
51,1
38,4
83,1
38,1
135,6
145,2
63,5
51,3
135,1
251,1
172,1
150,4
140,126
73,1
32,4
137,48
2668,17
170,48
95,48
315,1
109,1
62,1
187,6
256,17
633,12
150,11
215,3
50,4
128,1
50,4
185,1
275,1
165,1
175,1
37,4
216,3
143,1
333,252
1425,5
217,1
103,3
71,3
32,1
302,1
99,1
142,1
115,3
100,3
80,1
67,3
252,3
135,1
582,1
39,2
86,3
285,1
247,5
86,6
215,1
204,3
150,1
79,14
84,14
78,14
78,14
82,14
221,2
399,3
214,3
113,139
70,1
67,1
650,28
300,405
141,1
804,19
124,2
126,1
826,4
300,1
141,1
81,1
1010,4
185,2
43,1
1176,4
85,1
90,1
115,1
98,126
500,28
63,1
1006,4
223,1
290,12
335,1
198,23
175,1
222,4
71,3
51,2
120,1
333,19
1470,11
133,13
171,1
95,12
62,1
205,1
47,1
198,32
325,4
303,1
121,7
65,48
185,2
127,14
53,2
281,1
73,1
112,1
39,1
200,58
351,1
64,48
65,48
63,48
75,48
64,48
65,48
65,48
112,1
51,1
265,405
143,1
89,1
146,1
132,139
137,277
187,1
78,32
222,98
357,405
1200,28
95,1
323,1
49,2
160,1
113,1
139,2
42,1
105,1
100,2
108,1
54,1
416,1
120,1
153,1
123,1
114,11
111,1
168,17
402,95
162,1
256,20
222,1
259,5
69,3
136,4
181,1
290,12
148,3
120,1
190,3
105,1
43,3
309,3
35,2
190,2
171,1
33,2
100,1
160,1
225,1
214,79
198,32
62,1
69,91
61,1
153,1
315,3
147,3
159,12
120,45
110,6
65,1
70,2
158,2
92,15
171,2
135,1
90,1
64,2
389,79
148,79
326,79
335,1
103,1
324,2
286,1
60,1
53,1
191,1
50,1
243,1
550,1
608,67
75,1
118,1
760,1
184,1
70,3
75,21
170,1
64,2
43,1
428,1
311,3
68,1
76,1
127,1
296,1
319,22
153,2
125,9
180,210
40,1
58,1
76,3
33,2
270,19
45,1
150,1
144,1
159,3
90,2
162,1
173,1
73,3
306,3
83,2
170,4
390,12
135,1
33,2
181,1
104,1
153,66
135,1
57,2
1022,14
119,1
155,3
65,1
65,1
347,3
281,1
84,1
126,3
164,1
186,6
50,1
266,26
84,1
135,1
95,1
400,1
126,1
108,2
55,3
61,1
170,6
760,24
94,4
206,14
129,2
105,37
160,1
355,8
58,3
91,2
417,210
465,210
56,1
89,2
42,4
37,3
109,1
288,1
88,4
77,2
90,1
66,4
89,3
180,1
55,4
320,2
311,405
409,405
414,405
250,405
48,4
171,11
181,9
34,4
41,7
100,1
135,1
55,1
103,1
88,6
102,1
135,1
164,1
180,1
597,1
68,1
170,6
45,2
43,1
260,3
159,1
217,1
320,1
121,22
41,1
339,22
136,5
59,3
347,18
145,1
171,3
97,1
270,113
149,1
270,13
228,113
60,3
117,6
154,16
44,3
48,3
44,3
161,16
279,1
47,1
161,2
80,1
668,16
58,2
196,6
120,1
112,1
101,3
193,4
289,3
86,1
228,24
174,1
161,26
55,3
52,3
77,3
414,6
43,1
135,1
92,1
85,9
58,2
322,1
68,48
64,48
65,48
112,1
75,48
152,44
192,2
173,6
170,1
164,21
62,34
162,1
412,405
210,4
75,11
180,1
135,3
107,4
358,11
125,3
95,23
153,1
101,1
86,1
126,1
77,2
177,1
133,1
81,1
262,1
80,1
66,48
65,48
56,48
750,1
179,11
129,3
146,1
136,2
220,1
60,1
502,1
70,1
111,1
41,2
201,1
350,1
168,2
139,5
153,2
126,116
998,1
105,1
77,2
203,405
98,2
42,1
225,1
58,1
244,1
103,3
262,3
200,1
223,3
102,11
41,3
102,126
268,6
110,126
158,126
144,126
155,126
86,126
88,1
104,28
351,22
162,2
170,2
124,1
225,2
104,1
72,1
90,1
160,8
133,2
157,1
88,1
119,11
166,35
286,3
148,4
135,4
122,4
59,18
160,1
69,91
42,18
43,18
81,1
172,2
523,9
78,1
270,66
157,66
280,9
399,3
87,2
128,2
57,4
181,1
104,9
144,9
121,4
139,66
311,31
133,121
177,11
112,4
400,11
187,1
140,9
70,1
63,1
40,1
161,43
151,1
132,1
324,2
144,1
344,17
334,17
95,1
227,15
59,67
189,1
243,28
49,18
157,1
45,2
230,1
159,1
113,7
179,44
230,1
50,2
161,2
195,4
610,1
80,1
195,1
257,1
321,1
154,2
43,4
40,3
138,2
34,2
215,1
231,1
52,65
180,1
90,2
35,1
55,1
120,1
38,2
147,4
125,8
157,1
177,2
200,1
66,1
79,1
134,252
500,26
590,3
80,1
35,2
138,1
207,3
300,1
199,1
136,1
126,1
150,1
184,25
280,210
141,8
181,1
126,2
170,9
198,1
142,13
338,1
58,1
1440,66
122,1
181,1
128,2
75,2
64,1
100,116
66,1
100,1
150,1
149,4
184,47
171,5
191,1
234,2
359,32
300,4
158,1
139,2
67,6
95,1
294,2
270,2
115,23
300,47
146,1
53,1
45,5
117,252
262,2
145,53
65,2
62,2
253,1
102,8
4072,1
222,1
565,12
213,1
86,1
251,35
180,2
210,2
694,3
176,6
221,6
210,6
151,6
157,6
150,50
90,1
57,2
180,252
110,3
131,16
43,1
36,1
99,2
108,9
295,9
136,1
100,6
130,1
154,2
233,9
196,2
113,1
36,1
60,1
65,2
151,1
116,45
65,3
108,25
401,2
71,3
113,116
118,1
80,56
102,8
105,1
54,8
181,1
110,1
58,18
169,121
135,1
550,1
203,2
133,1
25,3
147,66
81,2
291,1
80,1
220,1
79,1
137,8
45,1
76,2
139,47
33,2
181,1
72,2
138,12
276,405
104,1
253,95
62,91
69,1
59,91
56,91
65,91
59,91
215,50
72,1
70,3
112,2
186,11
167,11
102,1
291,1
363,2
322,405
125,1
120,1
83,1
131,1
304,1
189,44
185,6
196,6
204,3
205,6
173,3
223,3
80,1
109,1
175,16
166,2
117,1
318,1
343,1
102,1
111,1
298,2
155,18
114,2
180,6
180,6
205,6
379,37
115,1
36,1
114,17
145,2
62,3
86,4
275,1
623,1
161,9
1080,2
154,8
103,2
833,39
410,5
124,14
154,47
341,9
187,9
236,9
246,9
204,2
284,9
201,9
203,9
475,1
224,5
98,1
314,43
342,1
137,1
81,9
230,1
89,1
82,56
726,2
140,2
407,1
101,11
103,1
72,1
114,2
130,1
57,1
78,2
100,6
170,1
90,1
78,18
540,11
45,1
40,4
132,8
57,1
47,4
140,2
170,16
713,1
44,6
286,1
43,1
184,1
124,1
136,1
198,32
75,2
137,1
370,2
31,1
102,1
60,2
213,1
63,1
950,1
152,95
124,2
43,3
150,1
100,1
60,1
63,1
80,91
86,1
62,37
45,2
157,1
100,1
380,14
60,1
78,1
241,6
218,6
187,6
160,6
224,4
71,6
150,1
195,2
230,1
80,2
250,1
540,1
146,1
200,1
405,1
93,17
193,104
105,1
900,1
93,66
63,2
164,1
131,1
239,12
133,126
120,6
139,126
115,1
133,1
70,2
59,1
348,93
150,50
162,1
201,2
50,1
300,1
123,1
180,1
180,1
220,2
306,35
185,1
305,36
75,56
42,9
129,1
215,1
244,2
80,1
292,93
92,2
86,1
407,405
250,1
308,95
357,1
167,1
174,4
81,1
98,2
238,2
430,1
302,17
248,17
90,1
95,15
69,5
100,1
95,3
30,3
141,1
105,3
207,5
120,9
111,1
36,1
104,1
134,5
93,116
75,6
119,9
47,2
209,1
171,66
211,1
58,2
65,1
345,39
150,1
62,1
89,1
95,1
40,3
90,1
202,19
199,1
114,1
170,6
153,1
80,1
136,31
213,10
370,7
56,1
73,37
80,1
69,6
219,95
199,5
102,1
71,1
122,1
437,1
66,1
123,126
43,1
112,126
285,1
114,126
158,139
439,32
450,1
65,1
253,405
110,1
2359,13
120,1
179,13
400,22
156,1
201,16
80,23
98,1
198,2
881,1
80,1
170,1
104,126
66,4
58,4
326,405
370,405
118,126
221,3
83,1
61,5
125,2
91,1
266,1
180,210
322,1
129,66
69,3
90,1
148,1
842,19
296,1
140,3
276,1
288,1
193,2
235,9
95,1
126,1
4750,13
214,1
63,2
176,1
61,5
99,5
70,5
115,3
101,1
96,6
108,2
110,2
219,2
450,1
80,2
190,1
178,6
161,1
94,2
85,7
159,2
35,1
122,139
50,1
257,11
143,139
900,1
200,1
50,1
100,1
47,1
72,1
60,56
210,1
235,20
237,20
297,93
76,1
333,1
400,11
74,11
57,91
57,91
56,91
57,91
120,1
250,6
153,1
76,11
52,1
50,1
475,13
273,11
473,1
53,1
53,2
400,2
62,2
117,13
114,1
212,11
179,10
107,28
76,7
62,5
213,17
850,210
313,252
72,3
123,2
92,1
54,2
251,4
112,1
200,1
71,1
114,2
326,1
206,1
350,7
146,1
147,1
129,18
95,1
153,2
4104,8
380,6
60,1
61,1
145,23
168,1
46,2
372,1
173,9
128,1
178,5
45,1
83,6
360,1
59,1
115,1
80,1
143,3
150,2
153,5
233,1
97,3
158,1
571,28
100,1
151,4
275,14
143,46
103,1
301,1
146,9
208,1
109,3
49,2
126,11
428,6
329,6
103,3
270,1
266,1
200,1
105,1
50,5
114,1
110,10
64,10
62,1
400,1
55,67
169,6
119,1
87,126
97,126
109,126
200,1
143,3
500,1
224,1
67,7
98,13
117,6
205,6
133,1
94,1
140,1
110,1
100,1
175,5
241,252
200,1
45,4
60,2
60,2
138,28
274,1
320,1
50,3
283,2
66,1
95,1
88,7
104,37
79,2
170,50
200,1
1331,214
836,214
726,214
550,214
204,1
86,3
81,3
221,31
48,4
47,4
68,4
106,11
50,4
135,1
260,1
470,25
607,25
727,1
244,19
49,2
500,28
168,2
250,1
62,2
179,1
112,1
200,8
350,1
50,4
82,84
55,1
100,1
93,1
120,1
33,2
268,277
60,1
358,2
222,1
122,3
66,35
64,35
268,1
30,2
47,2
91,1
385,14
123,6
40,2
95,2
58,1
48,1
186,1
171,1
428,2
149,30
107,3
207,3
294,50
90,2
75,2
289,1
282,32
90,1
140,20
111,20
200,1
119,1
348,1
221,1
147,1
191,1
277,1
298,2
243,1
620,12
172,1
80,1
208,6
124,6
140,1
236,277
198,6
249,6
244,2
308,34
114,4
622,3
250,14
114,1
289,405
38,4
25,1
80,1
149,6
890,47
93,1
54,37
90,5
165,1
44,1
45,4
225,1
55,5
399,9
90,4
146,3
184,19
95,1
600,1
455,3
192,1
150,2
162,2
114,2
107,1
202,1
213,1
70,2
98,2
206,5
142,1
228,2
557,7
51,3
77,2
148,1
202,11
208,10
108,7
60,1
202,17
43,1
145,12
183,1
140,2
175,252
220,252
206,13
52,2
209,2
167,7
40,1
601,210
241,405
96,1
80,1
195,1
301,1
510,2
50,3
360,1
551,55
54,3
258,3
41,3
86,30
108,1
225,1
65,1
300,2
104,9
309,7
67,1
250,7
308,7
429,7
119,1
49,11
190,1
543,1
162,1
161,1
83,2
300,1
36,3
217,14
35,1
150,1
108,1
188,1
239,3
117,1
855,19
39,2
157,1
150,1
211,1
150,2
131,1
444,2
50,1
234,93
272,4
240,7
296,9
108,11
112,10
410,2
85,1
247,1
181,18
76,56
306,11
150,1
158,1
203,1
212,31
197,104
250,2
125,1
262,1
103,6
97,1
137,1
238,7
161,1
54,8
35,4
192,22
170,22
395,1
170,22
270,1
300,1
620,12
125,2
65,1
415,1
131,11
205,3
110,1
56,1
105,1
344,2
69,1
332,95
260,28
68,56
92,56
90,2
166,1
78,56
83,56
155,5
135,1
173,46
62,1
130,1
125,46
450,1
225,1
208,7
52,2
268,5
250,1
70,33
281,23
144,4
448,405
464,405
114,3
77,1
750,9
957,1
74,1
290,11
495,1
449,46
130,1
285,46
203,1
45,1
60,35
95,1
74,2
144,2
200,1
87,86
490,15
49,1
119,1
67,56
65,1
135,1
480,1
203,33
118,49
194,4
614,46
238,1
108,1
105,1
130,2
116,12
57,5
460,1
196,1
86,1
249,8
93,23
273,2
77,1
260,1
104,1
132,1
342,8
283,20
52,11
102,1
165,1
86,1
122,109
112,18
193,57
127,2
140,1
270,1
140,1
157,1
300,2
146,4
330,15
180,1
81,1
105,2
95,1
51,1
72,76
43,1
76,76
55,76
62,76
57,76
54,76
67,76
69,76
58,76
76,1
210,1
220,11
151,2
172,1
357,3
162,13
471,405
258,1
171,3
283,3
187,1
350,9
91,2
143,2
151,1
230,2
90,1
102,1
135,1
143,1
100,1
69,1
525,405
100,1
62,2
176,1
221,48
192,9
30,5
224,1
318,9
192,48
23,4
114,1
106,1
70,1
96,1
430,1
50,2
32,2
196,23
348,4
147,15
172,10
160,126
214,15
131,1
488,405
572,405
259,79
255,79
157,126
57,2
104,1
150,1
125,1
72,68
88,56
157,8
55,1
261,1
165,2
50,1
252,1
101,2
89,21
122,17
190,98
190,98
64,3
190,98
190,98
250,1
80,18
126,1
107,9
193,24
207,210
168,2
155,277
77,1
411,1
87,3
192,1
50,47
175,1
139,2
52,2
255,1
134,1
138,1
302,12
132,1
43,2
141,7
137,4
78,4
300,4
267,17
158,2
244,1
126,79
186,79
160,79
73,1
180,1
243,1
50,1
141,2
288,1
158,2
60,1
60,2
155,3
159,3
294,8
160,3
220,1
225,1
280,30
249,30
54,1
239,138
91,2
140,1
133,2
119,1
119,4
118,10
187,19
192,1
290,2
452,2
75,8
491,405
158,1
34,1
327,2
271,12
140,1
102,1
350,17
134,5
219,1
175,1
318,1
50,2
109,1
192,3
150,1
126,126
117,126
168,52
127,126
99,8
63,12
339,1
301,405
99,8
4750,11
618,47
380,6
315,1
145,1
853,7
45,1
114,126
34,1
112,4
315,1
30,7
40,7
30,7
30,7
36,1
83,1
145,7
190,3
55,1
300,2
120,1
63,8
61,24
203,1
108,11
127,116
71,56
600,1
305,12
43,3
79,56
414,12
550,63
86,1
126,21
200,1
219,1
132,1
70,25
121,1
70,25
374,1
96,1
587,2
92,1
88,1
41,4
130,28
255,12
175,2
52,6
800,15
201,28
121,126
115,126
58,1
800,15
191,47
116,4
301,11
69,56
113,126
60,5
138,1
281,2
144,2
166,13
120,1
295,1
94,1
98,3
207,1
93,126
110,126
57,2
277,20
175,1
70,25
87,25
35,10
102,14
107,14
108,14
182,26
275,66
97,3
150,1
51,1
238,22
290,1
81,4
141,2
211,19
171,1
171,1
114,2
84,1
57,1
34,2
72,1
79,4
57,5
44,1
111,7
50,1
148,2
69,1
85,1
107,1
170,2
146,3
100,1
84,56
115,45
84,56
85,56
119,25
110,1
358,7
69,8
456,66
68,8
95,3
331,1
333,1
58,8
59,2
172,1
233,2
39,5
174,1
107,4
241,1
350,116
38,3
461,15
117,15
315,1
99,1
93,1
65,104
91,2
52,1
320,3
150,2
160,5
50,6
140,4
158,5
61,3
49,2
99,18
149,18
135,4
55,4
136,2
58,2
326,1
187,1
27,3
167,1
160,6
100,2
42,1
45,9
100,2
166,2
135,1
225,6
172,1
100,18
37,7
112,18
100,10
82,56
36,1
145,1
223,2
287,7
119,1
5240,1
33,7
286,6
116,1
32,3
200,210
183,31
199,31
194,31
221,1
113,2
69,2
169,9
58,3
227,7
99,1
50,2
36,4
140,1
245,84
39,21
112,1
22,2
36,7
28,3
144,1
96,1
71,6
243,3
399,12
1037,3
73,1
198,1
66,3
600,1
109,1
36,1
87,1
68,2
93,2
29,2
137,2
60,22
28,6
39,3
266,2
137,104
52,7
50,7
55,3
91,2
45,7
234,5
150,5
34,6
42,2
203,5
241,16
350,8
399,104
252,4
261,8
205,1
517,1
260,1
116,1
38,22
48,22
231,405
86,56
59,2
58,2
45,7
81,1
144,2
483,68
97,1
36,2
247,1
281,1
65,1
152,1
48,3
216,3
50,2
181,2
165,1
379,1
48,4
276,2
75,3
247,2
381,50
225,1
33,18
84,1
40,18
34,18
500,1
125,1
100,2
60,5
170,1
34,4
130,64
140,3
141,1
78,1
39,4
105,1
82,1
558,1
136,1
93,1
360,1
36,1
72,4
153,22
100,7
162,1
48,1
85,1
86,1
200,1
90,1
88,4
75,4
86,1
57,2
144,1
51,1
97,1
181,1
46,4
405,1
280,1
50,1
80,4
360,1
180,27
260,7
85,3
201,1
71,1
163,1
60,1
2945,4
48,2
72,1
63,1
41,1
180,1
42,7
635,1
82,4
135,1
159,1
276,2
289,1
2157,5
143,1
295,1
173,1
105,4
159,2
253,1
156,1
1059,1
52,4
203,2
249,47
225,7
83,2
69,10
113,4
299,11
136,2
525,1
71,1
649,1
78,1
41,7
139,2
120,1
49,7
41,7
91,1
47,3
38,7
44,3
39,7
80,2
200,1
293,1
117,1
75,1
227,15
55,1
98,1
45,6
95,1
35,1
250,1
185,6
210,1
75,67
500,7
36,1
62,3
75,3
99,1
300,1
182,1
55,1
113,6
290,6
171,7
79,5
240,1
295,6
51,1
106,1
504,44
141,37
141,2
100,1
200,1
68,3
221,1
204,1
115,1
56,2
39,1
59,1
76,14
64,1
181,1
278,68
401,2
200,1
108,1
198,17
75,2
38,22
143,1
62,2
279,9
80,4
672,8
457,2
34,1
252,1
62,1
160,1
164,1
121,1
35,1
90,1
203,43
90,1
28,1
66,16
63,1
287,93
162,1
167,1
240,1
162,116
453,1
225,7
200,1
140,1
125,2
197,2
225,1
250,1
126,1
47,1
208,47
169,47
184,47
98,5
300,252
60,1
461,70
524,70
579,15
120,1
397,70
384,70
126,1
381,70
224,1
309,1
71,1
135,1
66,16
140,1
120,18
190,5
67,56
76,56
110,1
81,1
2572,5
70,1
258,1
81,126
110,126
116,126
75,1
50,1
102,1
157,1
177,4
225,1
222,15
62,1
154,1
179,43
336,95
128,8
266,42
120,1
800,15
881,42
117,1
147,43
344,15
151,10
419,15
370,15
95,1
420,15
155,43
592,42
126,11
180,2
350,1
90,2
425,1
560,4
38,5
173,3
180,3
105,1
72,2
116,34
64,2
135,16
127,1
175,8
230,19
346,15
239,4
216,20
99,3
96,3
274,44
131,2
51,50
58,1
251,1
99,1
217,35
267,63
61,1
166,1
104,1
174,2
42,16
42,16
650,8
486,214
775,214
123,1
44,1
64,1
124,17
95,9
157,23
200,1
153,2
100,1
105,5
108,5
88,5
125,4
151,1
392,1
80,1
70,1
187,1
191,1
120,1
233,1
99,1
65,1
180,1
110,2
107,2
176,2
80,2
229,4
63,3
96,1
66,2
50,1
186,1
130,1
144,2
76,2
150,1
120,45
168,1
105,1
80,1
117,45
28,2
79,45
200,10
126,1
140,1
460,68
160,1
297,1
133,2
99,1
41,2
283,1
67,2
250,1
98,2
94,1
108,1
143,1
138,4
313,1
50,12
230,19
72,2
360,1
49,2
81,1
144,1
140,2
49,3
133,10
198,1
83,1
57,91
86,56
54,91
80,1
480,1
75,10
180,3
69,3
118,2
127,6
213,5
138,1
205,50
45,1
101,1
193,17
107,1
111,3
110,18
98,2
47,5
560,1
270,4
126,6
54,1
40,47
69,3
54,1
161,1
730,23
426,24
53,1
77,3
98,1
117,5
68,4
38,1
83,7
160,7
567,25
65,7
169,7
95,7
80,7
35,1
75,1
51,1
252,6
126,1
155,2
293,3
537,405
125,28
48,1
141,7
164,1
55,1
580,1
245,1
115,4
800,24
68,10
51,1
50,1
176,1
190,1
175,1
300,3
113,4
67,1
67,2
62,1
147,9
149,9
57,1
500,1
125,1
40,3
77,7
122,2
195,1
168,31
135,16
776,1
278,405
160,1
699,27
84,5
84,5
91,5
302,44
212,36
129,12
119,2
585,1
334,11
304,12
169,1
105,1
40,1
143,1
125,12
180,1
400,1
60,1
64,1
40,3
298,7
140,5
137,1
37,1
33,3
166,4
121,12
203,12
380,5
200,1
188,1
400,70
188,14
34,2
42,1
130,2
131,22
61,2
221,1
58,1
245,1
36,1
163,1
116,1
890,4
142,1
289,1
210,11
143,1
277,1
32,1
99,1
55,7
113,13
190,14
147,84
305,1
150,1
102,16
98,16
98,16
98,16
127,1
66,1
279,1
120,1
230,1
365,1
46,1
450,1
56,1
154,126
60,22
266,1
216,1
76,1
200,23
354,4
84,1
288,1
174,55
74,56
366,14
130,1
58,1
50,1
188,1
283,20
87,1
228,405
260,1
213,1
240,1
98,1
145,2
53,1
35,1
203,9
198,23
283,23
292,23
196,23
120,1
52,24
148,2
218,1
222,1
98,6
257,1
170,22
120,1
210,1
305,2
261,1
477,2
319,1
138,1
75,1
48,24
750,1
8000,18
200,2
59,1
39,2
155,1
313,14
180,1
129,3
150,2
177,1
80,1
125,23
82,1
91,4
618,57
103,17
135,1
500,2
72,2
122,4
344,30
69,6
132,6
132,6
25,1
120,1
124,12
205,22
88,25
50,4
390,1
120,1
30,2
122,2
37,2
256,1
278,1
36,2
370,1
120,15
46,1
65,1
132,8
260,1
303,1
59,56
186,1
169,1
128,1
82,104
77,104
43,5
414,4
99,37
38,2
61,2
264,1
73,2
279,1
86,1
489,70
247,19
128,1
160,5
588,70
906,70
139,17
303,70
251,70
305,70
516,70
453,70
455,70
45,1
75,1
200,1
264,1
281,1
169,6
90,1
210,44
329,1
210,44
269,1
613,70
193,1
69,3
149,28
74,1
288,8
288,44
210,44
89,1
313,1
108,1
288,44
97,126
288,44
93,5
151,2
102,1
145,1
450,3
39,2
72,3
285,1
293,13
184,16
285,1
170,1
131,1
284,1
350,3
60,22
158,2
884,1
216,1
245,12
116,3
288,1
183,1
62,1
75,3
73,3
150,104
99,1
68,2
270,1
62,24
284,1
118,15
351,1
600,31
47,1
270,18
189,1
127,1
237,1
131,8
42,24
280,1
153,1
166,5
96,1
300,1
84,5
113,33
46,1
164,1
276,1
153,1
520,16
285,1
130,1
100,23
105,2
60,1
270,1
149,2
126,1
184,25
184,25
535,17
162,45
52,24
108,2
198,1
3000,1
189,1
163,1
140,1
268,1
124,45
197,43
745,30
75,4
43,16
23,3
53,2
50,2
173,1
79,1
120,15
125,15
54,76
69,76
62,76
100,25
106,15
184,25
113,15
190,1
98,15
122,15
130,15
132,15
84,15
500,1
120,2
100,11
94,16
51,1
155,1
240,210
200,25
184,25
121,1
70,2
1800,4
618,51
57,67
182,1
541,1
118,1
180,5
34,1
59,8
65,2
73,1
54,2
287,1
184,25
1000,11
1000,11
1000,11
1570,11
1000,11
110,2
1000,11
102,3
200,2
243,2
120,1
56,1
114,60
259,3
436,55
132,1
338,1
152,1
160,1
270,113
111,1
225,1
212,1
241,16
284,1
192,48
292,12
75,21
36,1
150,1
113,1
270,116
200,1
252,2
76,16
172,18
54,2
63,67
296,1
75,21
999,1
221,1
56,1
143,1
53,1
89,18
143,12
245,1
158,4
174,1
73,21
73,21
117,1
375,1
292,2
395,2
350,28
221,1
43,4
211,57
234,1
253,57
257,57
150,57
211,51
96,13
135,34
266,1
84,1
340,1
211,1
277,1
253,51
700,32
144,2
109,1
59,76
115,28
104,1
177,1
189,2
240,25
128,2
95,9
840,26
172,4
279,1
214,4
274,1
396,10
86,60
294,1
72,1
82,21
235,1
109,16
163,1
293,1
30,1
173,1
72,21
35,18
296,1
300,25
300,25
170,2
214,1
105,60
159,1
104,1
300,1
119,1
133,4
205,11
208,1
158,34
64,34
53,2
550,6
379,1
94,15
175,2
183,1
229,1
46,2
104,1
108,3
603,1
288,8
446,17
76,1
155,1
55,1
64,11
70,21
120,45
225,1
184,3
135,1
111,1
78,1
110,10
43,1
116,1
121,3
192,12
220,6
135,1
75,1
65,1
179,23
150,51
219,1
105,8
136,22
56,3
155,1
286,51
90,1
215,2
82,14
108,1
90,1
200,1
83,5
350,2
51,1
117,7
54,4
297,93
500,28
61,21
108,21
71,21
116,21
82,21
160,1
137,95
229,210
38,4
537,14
209,1
94,1
80,1
1500,9
100,1
63,3
259,14
127,18
98,2
291,1
252,3
318,1
73,1
85,21
289,1
155,13
47,1
270,1
316,405
60,1
95,1
299,1
214,1
173,36
136,104
203,4
220,2
100,1
225,2
104,1
726,19
231,13
261,1
119,126
128,126
160,15
413,12
95,6
50,3
95,2
704,214
250,1
135,5
225,4
233,31
180,31
252,25
200,25
192,1
117,126
272,1
799,28
399,1
92,126
71,2
154,10
337,12
103,4
455,12
105,126
89,4
161,51
55,2
342,12
95,4
370,12
392,12
393,12
110,126
280,12
112,2
273,12
291,12
267,12
241,12
233,8
322,12
220,1
54,91
193,1
77,1
45,1
152,57
130,1
85,1
48,1
205,2
200,25
120,2
109,126
36,2
50,9
144,1
141,1
44,1
90,1
200,1
143,277
105,2
167,1
1100,2
152,1
198,66
171,2
110,1
205,11
294,93
235,1
1187,32
248,1
40,2
315,2
300,25
125,9
300,25
360,1
183,1
300,25
266,1
60,2
528,39
253,23
59,1
414,1
195,23
210,1
273,23
200,1
222,1
86,40
286,3
326,12
125,37
290,1
200,1
44,2
130,3
315,18
279,1
55,2
212,10
36,1
950,2
300,25
136,9
133,9
127,9
48,18
195,23
88,7
77,1
82,1
80,2
67,3
151,46
162,1
56,2
170,22
31,1
450,2
111,1
176,3
300,25
163,1
121,1
105,1
51,1
89,1
100,1
250,2
959,7
121,1
376,1
193,23
35,2
193,23
94,1
196,23
253,23
140,2
320,405
1488,210
258,1
184,1
144,79
72,60
256,1
83,1
1000,28
89,24
446,1
450,4
1000,28
1199,26
167,1
165,15
100,9
56,1
85,43
47,1
131,1
212,20
175,1
266,405
305,68
281,1
282,68
245,53
168,1
200,25
50,8
124,1
1000,1
54,8
54,8
36,3
224,15
189,1
112,63
20,3
180,1
52,1
200,25
245,36
147,1
860,210
224,113
189,113
41,1
150,1
99,1
196,23
192,1
199,2
98,2
314,23
212,1
142,252
282,5
114,1
390,12
231,3
285,16
319,7
214,7
109,1
244,1
46,1
255,1
48,1
220,1
178,1
35,1
144,1
150,64
97,4
417,3
401,2
565,10
220,1
103,4
60,1
117,1
130,7
185,1
110,1
60,1
68,2
124,15
95,4
123,33
195,2
216,1
127,9
575,1
261,1
250,1
155,1
150,1
270,2
188,1
315,2
60,2
207,23
160,3
77,13
200,1
95,1
134,1
383,1
408,8
111,1
132,1
64,1
30,2
265,1
239,2
134,2
126,1
270,8
379,1
152,6
148,1
145,23
145,23
59,8
136,14
1000,63
1000,63
101,1
82,1
93,2
120,1
5000,16
58,1
126,1
36,6
230,1
204,23
198,23
237,5
226,8
192,16
386,12
180,3
212,1
112,4
213,1
121,1
226,1
479,3
133,1
371,210
66,1
121,12
79,2
124,1
200,1
414,12
35,1
81,2
143,2
297,6
95,1
202,15
70,1
63,1
193,9
832,9
835,9
828,9
50,4
159,47
199,1
116,2
143,1
304,19
259,1
190,5
211,14
139,1
376,18
72,2
172,1
135,3
202,3
57,18
96,1
136,12
190,1
161,3
75,1
57,1
247,3
107,1
160,1
239,43
206,1
65,91
65,91
168,14
94,91
61,91
410,1
40,47
252,18
40,47
40,47
55,5
40,47
163,3
135,1
195,13
630,1
98,9
45,18
80,1
129,1
500,47
60,47
669,277
84,1
403,29
54,4
57,3
180,1
95,2
93,1
170,1
80,11
250,63
1352,63
850,63
160,1
297,25
300,25
43,16
155,12
350,1
128,1
117,1
222,1
550,63
99,21
303,1
33,3
163,1
297,14
131,23
65,1
96,1
125,23
232,44
138,23
138,23
126,1
212,1
39,6
157,14
56,3
396,1
41,2
167,10
4400,16
720,1
250,4
213,4
155,126
72,1
160,12
65,23
110,24
82,2
87,7
1552,4
39,6
319,10
810,1
155,1
25,2
65,23
111,1
90,1
101,6
186,12
43,2
71,4
168,1
150,13
152,1
254,7
80,3
46,44
250,6
45,1
45,1
230,9
80,1
125,13
228,1
158,1
94,4
68,2
110,1
104,1
271,1
285,43
94,1
300,1
160,1
125,8
107,2
240,58
136,4
194,1
63,1
50,16
805,29
73,1
44,2
300,1
120,1
165,16
59,4
189,1
119,13
525,1
431,29
994,1
242,2
477,1
156,3
72,1
179,26
100,1
125,24
135,1
800,2
110,24
261,405
294,405
46,1
193,116
209,1
255,1
150,1
230,1
38,1
233,4
221,2
30,3
120,10
45,1
100,1
62,44
80,1
95,1
151,2
61,3
29,2
103,2
157,1
236,1
150,1
66,1
190,1
50,5
50,5
407,1
89,5
80,2
221,3
147,2
41,2
300,25
200,1
86,2
1800,1
74,25
133,1
129,4
152,2
94,25
75,25
60,25
201,1
93,2
80,1
209,1
87,5
129,13
69,9
162,16
68,9
67,1
73,25
514,2
99,25
137,3
239,1
56,2
80,2
203,57
134,15
434,1
120,1
183,3
516,1
65,5
33,6
315,2
149,2
100,2
195,13
144,2
150,252
144,4
148,46
158,1
41,4
158,104
126,1
250,104
116,1
810,1
164,1
154,1
67,1
252,1
86,34
253,1
39,4
62,2
279,4
200,58
128,3
309,3
47,3
125,11
166,4
250,1
65,1
1100,31
232,1
50,2
86,1
250,1
200,58
229,58
167,104
140,1
136,104
131,1
119,2
800,1
206,1
195,2
55,8
155,1
209,1
403,3
120,15
95,5
359,405
81,1
510,1
55,1
97,5
324,5
89,1
190,3
115,1
130,2
59,91
56,91
56,91
59,91
162,7
102,2
140,1
212,1
257,2
300,1
54,3
247,1
223,1
100,7
178,4
200,2
105,2
101,2
139,6
191,2
75,56
93,1
134,8
171,13
222,1
87,1
28,1
341,1
161,277
120,5
312,16
59,3
75,56
243,57
62,5
177,7
213,1
75,56
122,1
158,1
289,1
156,4
113,2
89,4
288,7
197,7
65,1
284,1
99,1
97,1
194,1
583,2
467,30
300,2
440,1
141,104
171,5
253,1
58,2
145,1
432,66
110,1
29,1
43,2
58,1
1100,1
30,2
400,1
90,1
68,1
146,43
145,1
149,1
174,1
229,1
45,1
32,3
52,1
506,12
126,6
139,6
208,2
153,2
255,1
57,2
105,1
68,1
86,1
176,40
76,86
79,86
81,86
77,86
123,1
170,1
126,1
104,1
252,18
117,1
45,3
82,2
195,1
90,10
292,113
62,1
310,113
84,139
310,113
123,116
133,116
100,6
40,1
171,4
240,2
185,6
50,1
63,1
160,2
207,1
150,1
201,6
202,7
87,2
142,2
98,1
41,1
50,1
45,1
136,1
205,405
144,277
175,1
142,1
97,1
171,1
291,2
201,1
223,42
223,42
177,1
190,1
200,252
750,1
228,8
61,1
217,15
69,2
124,3
158,1
127,2
38,2
55,1
144,1
308,405
180,29
142,3
290,12
38,1
100,1
159,9
90,2
95,25
120,18
131,2
80,1
88,25
176,2
375,7
105,116
68,24
109,25
123,25
54,92
109,25
65,2
110,25
166,104
123,25
111,25
123,25
175,1
227,1
110,1
188,7
150,3
45,14
111,1
69,44
160,9
215,1
72,1
158,9
124,1
472,15
557,2
329,1
760,1
41,2
140,18
176,3
464,6
173,1
207,1
82,56
50,2
500,1
191,1
95,1
44,6
43,6
123,1
64,1
92,12
35,4
259,95
315,95
180,1
103,1
214,10
232,10
253,10
253,10
273,10
80,5
60,91
63,91
68,1
60,91
63,91
63,91
233,405
405,1
238,5
63,4
471,30
240,1
119,2
193,14
123,2
125,5
223,66
215,1
109,16
45,4
133,8
106,1
91,56
72,2
55,6
42,2
183,1
102,1
86,1
196,1
200,22
81,1
62,11
91,1
70,1
85,3
540,3
49,6
350,13
204,1
127,9
174,1
58,2
250,1
77,1
51,1
100,1
101,2
340,4
160,5
200,1
146,1
103,1
152,5
61,22
238,2
90,1
105,1
272,93
180,1
185,1
230,15
509,9
100,10
111,15
171,139
112,1
119,139
220,4
57,2
127,1
155,25
68,1
95,1
404,34
250,1
149,3
233,43
945,1
288,5
648,34
92,7
209,1
70,2
128,1
85,1
121,5
102,56
81,56
63,1
102,56
73,2
72,2
105,7
218,2
117,12
171,2
180,1
64,1
86,3
100,23
133,31
60,37
48,1
100,33
86,3
130,1
48,1
105,31
293,1
81,3
143,4
98,9
78,4
186,2
90,1
1165,9
118,24
45,4
125,1
180,1
40,1
144,1
250,1
162,3
91,1
109,5
132,3
102,4
66,2
380,1
627,8
105,1
146,6
335,8
440,8
1095,8
1512,8
383,8
577,8
1754,8
43,1
108,1
110,1
61,1
64,1
98,9
266,1
200,2
450,58
1500,20
143,8
76,2
300,1
86,7
301,3
172,1
83,3
315,38
112,28
1000,1
1500,20
275,2
1100,1
111,126
31,4
52,1
79,1
104,1
49,1
190,1
445,18
239,1
501,3
175,6
206,1
101,31
100,31
91,1
465,66
84,1
50,1
220,252
92,2
132,2
105,11
87,31
401,12
666,1
99,104
371,4
156,31
117,1
120,4
82,1
74,7
59,7
67,7
200,3
32,2
229,66
155,1
167,1
300,16
68,1
43,2
224,1
607,71
153,1
315,71
45,2
198,8
108,2
60,7
72,1
56,1
415,2
55,7
200,16
96,1
206,4
499,12
72,2
195,1
147,23
123,23
122,23
111,23
48,1
238,1
99,1
591,1
60,7
88,25
150,6
150,1
51,1
200,2
50,2
130,5
200,16
65,6
300,16
60,7
60,7
205,9
165,31
138,2
500,1
300,1
176,1
32,1
163,25
110,1
122,1
34,1
188,5
1181,20
110,2
1106,20
124,13
45,2
66,67
90,13
49,2
460,1
362,11
67,22
536,4
90,6
150,4
180,1
171,113
136,8
205,6
272,6
100,1
175,12
400,12
159,139
2000,1
38,1
72,1
259,7
277,7
259,3
300,16
91,4
90,4
259,15
410,1
117,2
600,1
124,1
199,1
343,1
49,3
96,16
151,2
42,2
96,28
130,1
59,3
127,1
87,1
150,1
57,2
92,1
108,16
294,2
47,1
41,4
160,1
41,1
81,1
198,1
203,1
324,6
82,16
189,1
220,8
246,2
104,16
96,1
112,16
427,66
116,6
380,2
55,1
60,91
126,6
104,45
160,113
58,91
475,113
52,91
52,91
60,91
53,1
109,2
73,1
110,1
99,2
104,1
92,1
149,3
50,1
61,1
258,29
76,86
118,3
250,2
180,3
80,4
102,31
504,4
180,1
250,1
150,2
68,7
55,1
139,5
198,23
140,1
129,5
58,1
791,1
53,3
90,2
90,1
100,11
148,1
250,4
640,3
196,7
250,1
74,2
108,1
49,1
300,16
300,16
262,20
233,20
226,1
227,66
191,66
39,3
90,6
135,2
94,2
391,1
51,2
64,2
143,2
87,1
1118,20
176,14
343,1
500,1
112,28
29,2
112,4
103,28
125,13
55,5
122,28
107,28
42,4
220,1
158,1
73,1
700,2
108,28
97,28
104,28
75,2
100,28
103,28
100,28
200,2
121,2
112,28
103,14
100,28
46,1
92,4
113,14
113,14
702,6
75,2
314,7
30,3
86,1
78,1
157,1
78,1
34,6
105,28
113,28
105,28
41,1
105,28
197,14
94,1
56,3
207,7
279,29
52,2
43,2
48,1
148,1
147,2
119,1
375,16
107,1
850,1
49,2
76,1
39,1
70,1
209,5
36,2
180,1
85,2
150,1
200,1
118,3
116,1
2000,28
53,1
78,1
28,43
394,3
54,2
157,1
292,3
122,1
152,7
54,2
181,1
126,1
218,6
312,1
51,13
38,1
72,1
362,6
244,12
143,1
70,1
162,1
90,1
72,7
213,1
283,18
200,2
52,1
232,79
5743,1
184,2
205,2
79,7
128,1
178,5
475,1
80,1
536,8
87,1
238,1
44,14
127,1
61,1
43,50
250,1
182,1
950,1
185,1
155,9
110,1
68,1
285,17
44,2
113,9
42,1
153,3
35,1
195,1
116,1
52,2
99,9
140,1
80,1
285,34
114,1
315,1
52,1
109,2
250,29
323,12
129,1
113,1
152,13
184,13
124,1
52,1
55,3
300,2
108,4
86,1
90,3
154,37
131,1
261,252
58,5
274,9
134,1
88,25
161,1
200,1
177,13
113,1
57,2
90,3
61,1
61,37
116,3
101,2
80,1
82,6
45,1
35,1
81,3
177,1
24,1
250,1
55,3
300,3
345,2
306,35
336,2
52,1
76,34
82,2
792,15
43,1
270,1
73,3
77,3
59,3
74,1
50,1
104,34
233,6
340,93
127,1
79,34
252,5
61,34
239,16
39,1
98,24
85,1
208,27
241,1
50,2
87,34
75,34
167,1
85,4
180,1
320,2
411,1
309,14
63,1
109,45
218,49
127,1
150,1
547,3
302,1
57,3
288,1
800,2
108,1
264,9
221,1
160,1
140,6
134,4
188,15
25,7
46,2
318,3
235,1
245,1
242,14
134,2
174,1
41,2
145,4
79,7
190,3
112,2
45,2
39,2
136,8
158,1
43,2
65,1
198,8
315,1
112,2
300,1
36,1
63,39
59,39
80,1
59,39
58,39
78,39
80,39
33,2
135,1
25,3
87,1
2594,2
1050,19
36,6
193,20
224,19
120,4
80,4
144,46
87,6
94,6
253,68
276,68
94,6
101,6
108,6
124,1
161,2
123,116
66,1
637,7
226,18
113,8
216,7
88,6
149,2
145,1
175,63
145,4
40,1
255,1
160,1
95,2
60,1
103,1
170,1
107,1
235,1
27,1
235,1
200,1
551,6
170,7
220,1
67,3
181,1
232,1
149,22
275,210
275,1
115,18
484,2
161,22
776,210
89,1
240,2
250,21
202,1
50,1
141,4
260,17
211,4
90,1
74,4
74,1
282,3
35,44
85,1
53,4
170,1
1054,2
120,1
333,95
157,1
207,2
214,1
225,1
245,24
132,1
75,1
144,2
216,10
82,1
109,2
60,39
135,2
177,19
143,1
679,95
76,2
180,1
812,17
105,1
49,2
114,1
65,1
668,9
372,32
228,1
72,2
108,1
100,9
312,1
232,4
349,1
163,9
142,11
139,9
35,1
234,28
63,1
107,1
115,1
234,26
200,58
125,1
80,1
80,104
124,3
72,104
86,1
404,4
320,2
250,21
202,116
261,1
150,1
201,2
405,66
200,1
66,2
173,2
113,2
30,2
207,3
45,1
744,1
48,1
117,1
41,1
141,1
280,17
162,1
117,1
82,3
81,2
360,1
232,7
128,1
68,1
522,210
138,1
124,1
99,1
405,1
243,1
38,5
80,1
197,104
60,1
220,22
90,3
114,1
231,1
40,1
240,1
122,1
131,1
190,1
117,1
226,37
158,1
185,104
113,9
31,1
187,4
550,1
184,1
400,1
190,1
151,5
63,1
110,2
36,3
317,46
342,1
70,4
408,9
80,4
614,6
95,6
123,7
203,6
197,2
203,1
63,2
129,4
80,1
508,9
120,1
113,9
70,1
68,1
433,1
196,7
261,3
251,1
52,2
258,2
150,2
443,210
124,1
54,3
90,1
163,1
145,1
86,3
60,37
77,2
255,138
187,4
130,2
69,1
126,1
146,1
99,1
200,24
45,1
345,405
69,2
621,1
90,1
528,1
148,1
559,1
84,3
68,138
159,1
122,1
190,1
60,5
92,1
296,7
53,1
29,1
306,17
238,4
48,1
141,28
85,2
112,37
1217,13
235,1
550,31
484,71
348,405
96,84
54,2
41,6
387,2
39,3
375,1
88,138
56,1
56,1
242,1
150,26
85,1
41,2
143,2
50,7
200,1
151,1
94,1
104,1
181,1
72,2
147,1
99,1
70,7
142,126
144,1
120,126
220,1
71,1
167,9
333,12
131,1
60,1
105,1
56,2
114,4
94,1
49,1
703,1
356,20
63,1
509,17
295,1
335,5
261,5
648,18
199,5
181,1
110,1
143,1
59,1
262,2
143,1
265,18
95,1
329,18
536,18
379,18
401,18
82,2
643,3
141,2
231,1
166,13
99,104
165,1
75,1
139,1
350,1
540,1
250,1
300,31
272,1
135,1
250,1
150,1
144,2
122,2
300,1
202,1
50,9
143,1
60,3
49,6
63,3
79,4
200,50
299,2
250,1
646,2
50,3
65,1
102,1
54,1
108,2
160,1
104,1
388,405
91,1
58,1
46,6
371,104
157,1
82,1
171,10
94,1
62,1
723,2
58,1
104,8
68,24
184,1
146,2
236,19
60,30
1179,19
74,1
181,1
140,25
107,1
299,5
117,47
85,42
325,405
171,47
91,47
60,2
146,43
111,1
55,2
61,1
60,1
81,1
234,28
900,3
43,1
109,28
49,25
53,22
78,2
126,1
56,5
100,18
236,2
649,6
99,2
198,25
199,13
54,1
59,5
157,1
58,3
135,1
115,1
55,1
80,2
180,1
39,4
57,2
952,34
46,84
230,2
80,1
642,1
118,45
108,19
2043,81
110,45
143,1
99,3
103,4
81,11
150,3
69,2
191,3
1715,81
104,1
306,1
103,1
300,3
65,1
175,2
38,3
49,2
208,47
100,1
162,113
350,79
81,1
35,3
274,4
145,2
429,1
2056,79
93,76
117,1
80,1
275,17
61,1
38,6
206,5
479,81
72,3
279,21
96,1
60,1
35,3
103,3
135,3
100,3
530,31
76,1
198,7
276,1
122,2
115,1
111,1
104,31
83,1
30,1
120,1
126,1
143,1
77,1
40,3
76,42
76,42
340,6
120,4
69,3
160,1
352,13
128,1
82,1
37,1
300,1
169,1
55,25
81,1
44,91
52,2
168,1
48,91
50,91
49,91
44,91
427,20
82,4
55,1
34,3
342,4
144,1
274,7
161,2
133,1
59,1
52,1
316,1
135,1
128,1
108,1
219,4
184,11
164,79
62,2
57,1
708,1
59,1
54,1
114,3
60,1
108,5
195,1
196,4
69,4
180,1
359,16
57,67
31,18
116,4
98,4
80,1
35,2
475,113
136,1
152,44
200,1
87,1
225,6
59,1
234,3
123,1
118,1
50,1
270,6
65,6
63,1
90,2
35,4
154,47
144,47
34,4
50,3
56,67
1000,3
229,31
178,47
369,1
162,27
76,2
183,1
190,1
292,22
75,1
68,24
360,6
80,1
78,1
88,42
86,42
73,42
225,2
188,1
51,2
280,1
196,4
200,4
400,4
72,1
275,1
54,1
194,30
315,19
76,1
114,11
38,3
163,1
102,1
49,33
30,2
94,11
55,1
87,11
227,405
51,1
78,3
69,10
122,1
76,3
294,93
156,1
162,1
179,7
485,3
100,1
152,1
425,5
214,47
200,1
510,1
214,1
45,2
48,2
240,22
167,2
1000,1
98,2
865,214
717,214
221,8
690,6
1025,214
177,1
79,4
427,214
1824,214
243,1
261,7
66,1
231,3
605,4
76,1
39,1
81,1
81,1
49,16
46,16
110,1
162,1
114,2
65,1
150,2
558,1
550,2
88,1
153,5
298,1
129,2
76,4
81,4
74,4
70,4
243,2
95,1
90,1
176,2
252,3
275,6
261,2
71,2
99,2
97,1
68,2
167,6
70,2
70,2
68,1
207,18
29,2
69,1
210,50
147,1
220,2
140,1
230,3
351,1
260,84
270,1
70,2
330,2
50,1
150,3
40,1
269,1
89,1
75,1
249,48
102,1
671,50
432,1
90,2
114,11
239,1
73,1
397,50
190,50
57,1
45,1
200,22
131,1
41,1
200,58
149,4
121,1
58,1
75,3
200,1
137,2
159,3
172,43
270,17
147,3
320,70
92,1
45,1
199,17
272,18
425,5
71,2
611,5
135,1
225,1
150,1
266,2
42,2
55,4
52,4
57,4
166,1
76,1
98,1
143,1
144,3
241,1
950,12
129,1
95,1
216,7
107,1
258,7
200,55
41,3
100,1
412,10
97,2
188,405
287,405
90,1
168,43
55,4
72,1
49,4
53,4
300,1
102,13
65,4
42,1
47,2
64,2
158,1
66,1
228,8
248,2
159,2
53,2
162,10
248,8
104,21
240,5
137,9
161,1
370,12
101,1
56,3
399,1
96,1
135,6
150,3
135,31
135,2
75,24
28,1
242,66
128,31
178,9
243,8
181,6
213,6
223,6
298,6
372,6
251,6
155,4
450,1
430,210
345,1
104,28
103,1
86,24
108,2
52,5
36,2
159,36
208,36
324,6
115,24
314,6
205,36
94,24
86,24
84,24
185,1
220,36
63,1
236,36
55,6
261,1
490,18
162,2
218,36
167,1
121,1
62,4
236,1
130,1
356,1
45,25
72,1
297,8
42,1
281,8
122,76
100,76
88,76
91,76
91,76
129,76
88,15
81,15
406,8
60,1
342,4
175,1
282,15
54,2
54,91
250,252
54,91
994,6
155,2
179,11
146,1
53,6
45,1
80,2
48,2
74,18
72,18
100,1
127,18
194,1
200,1
72,4
242,10
99,1
108,1
76,2
214,1
48,1
113,1
378,2
50,1
242,19
40,1
139,1
49,1
37,4
270,95
89,31
81,1
45,2
50,2
155,1
126,2
108,1
332,1
47,1
224,1
299,2
71,1
51,1
49,44
150,1
183,1
171,44
97,4
52,1
220,1
50,1
90,1
94,2
1029,3
428,1
136,1
58,1
81,4
99,4
72,4
120,1
69,1
306,210
68,52
184,3
105,1
503,1
160,1
50,2
326,3
127,1
161,7
100,1
130,23
265,1
88,91
275,5
177,1
79,91
276,1
57,91
167,40
108,1
60,1
201,2
87,4
272,1
116,1
93,1
66,2
68,2
150,63
82,31
209,7
171,1
114,1
90,1
214,43
240,1
223,210
180,210
434,7
135,1
117,1
2000,1
412,210
343,405
442,405
132,1
308,1
179,1
2250,38
34,2
61,10
43,18
54,2
54,1
77,2
82,1
79,3
72,1
115,1
87,1
238,2
49,3
32,3
147,26
160,1
83,15
315,2
68,15
135,2
28,44
56,92
2463,1
289,2
228,50
157,1
90,1
68,1
220,109
3300,9
68,1
65,2
153,1
250,1
211,66
149,1
25,1
151,1
63,19
59,19
34,1
95,2
200,12
240,25
235,1
285,1
141,1
252,2
32,1
53,7
241,1
55,1
86,5
80,3
49,2
288,1
475,38
442,405
188,2
72,1
70,5
428,95
285,29
172,2
322,4
105,44
104,1
76,1
139,12
135,2
90,1
110,1
85,1
149,32
162,3
215,44
35,1
50,1
45,25
28,44
59,1
28,44
120,1
90,5
145,1
38,10
74,32
165,1
522,34
145,40
427,3
41,1
328,210
270,210
488,210
115,43
160,40
228,1
1300,1
301,1
239,405
298,1
328,1
251,98
341,2
104,45
61,1
208,7
42,1
114,1
139,4
206,8
56,5
150,12
106,3
146,2
110,1
151,2
290,9
45,1
185,1
69,1
319,2
36,1
558,2
38,9
451,1
70,1
124,14
225,1
39,4
70,2
183,9
321,11
48,2
100,1
207,2
104,1
154,2
200,3
140,1
120,2
69,1
211,1
444,1
175,13
547,1
50,1
140,1
79,1
159,5
90,1
110,1
240,58
90,1
56,1
210,1
110,2
120,1
45,25
74,4
200,1
91,1
72,1
225,1
202,1
280,1
150,1
162,1
116,1
101,1
200,58
136,1
115,1
400,17
250,6
66,1
86,1
555,14
286,210
179,1
57,1
141,46
196,1
82,3
211,1
475,2
150,2
900,15
372,1
155,1
189,1
135,4
173,1
81,2
78,1
102,1
81,1
315,1
1682,30
536,30
197,6
143,1
176,2
125,44
45,25
91,4
90,4
53,4
115,2
60,2
700,15
122,7
86,1
56,5
200,210
104,1
23,1
137,13
303,79
134,139
679,8
386,210
240,93
225,1
123,1
153,1
34,2
699,8
345,15
499,1
91,116
121,4
30,3
64,2
122,1
286,5
86,2
40,1
162,1
185,1
218,4
247,7
161,1
154,2
129,1
49,1
630,1
195,5
111,29
137,24
404,113
171,5
291,8
101,6
71,1
316,1
161,3
180,1
35,4
140,1
1125,1
171,1
79,24
50000,33
290,2
53,2
155,2
80,1
297,15
149,1
64,1
2100,9
194,27
162,1
358,113
75,2
128,139
1058,1
114,6
235,1
99,1
28,4
86,8
105,5
302,405
44,1
65,1
55,1
53,1
110,5
102,1
150,6
37,1
224,1
170,12
115,1
105,9
91,1
135,1
179,4
162,4
33,1
180,5
90,1
150,10
357,1
72,1
195,28
47,2
92,1
110,1
250,2
62,1
94,2
54,1
190,1
99,2
141,1
34,3
81,1
44,10
270,1
250,5
74,2
195,5
195,5
119,1
136,1
113,1
243,1
141,1
101,1
180,1
86,13
55,1
215,1
101,1
116,1
84,56
72,56
86,56
188,18
261,21
231,1
280,1
44,6
16,1
270,2
140,1
673,210
166,47
265,3
267,2
67,1
111,1
63,1
81,1
219,53
136,1
143,13
405,1
238,2
108,1
295,13
60,7
257,1
68,1
41,1
301,1
67,1
181,1
152,1
373,1
68,1
288,2
159,2
275,6
193,1
87,1
98,6
189,1
99,1
800,1
130,1
76,1
58,3
382,19
207,15
128,1
120,1
94,4
85,2
150,1
135,2
57,3
69,1
185,48
160,1
90,1
216,66
215,2
130,1
500,2
54,2
90,2
75,1
282,71
231,21
270,138
185,1
772,1
197,1
124,9
100,1
76,2
133,1
167,3
225,1
215,18
665,1
176,6
200,1
45,1
34,2
129,4
574,3
91,1
151,1
65,1
76,56
167,4
102,1
313,405
392,3
318,7
175,3
53,2
234,1
54,3
340,113
82,56
300,1
82,56
150,1
226,6
87,14
145,1
196,14
154,24
81,14
198,84
190,1
95,14
86,1
203,14
158,1
133,1
203,21
142,3
180,1
45,1
696,3
173,1
255,1
87,47
84,47
225,1
150,1
351,2
57,2
351,210
131,2
60,1
114,1
69,1
81,24
209,1
250,1
189,27
24,7
89,1
55,3
82,56
91,56
229,7
571,3
45,50
41,50
33,50
40,1
225,1
150,1
56,1
91,5
267,8
25,1
250,8
476,7
45,1
181,3
414,210
202,7
127,4
246,7
185,6
54,2
32,1
111,1
142,2
248,9
233,7
210,13
392,7
277,7
490,405
261,1
50,1
306,2
167,2
238,1
61,1
48,1
360,38
89,2
79,2
174,5
514,38
53,91
316,1
110,1
293,15
60,7
126,7
633,29
208,7
137,1
330,19
212,1
59,1
92,29
50,1
180,1
66,1
144,1
139,1
55,1
94,2
120,1
145,1
93,3
230,10
96,1
150,1
75,2
187,1
180,1
30,4
63,1
72,1
200,1
200,1
40,1
66,7
755,17
66,7
70,7
75,7
89,1
135,2
59,3
192,1
39,1
230,1
215,1
343,16
155,2
124,3
40,1
80,1
543,11
45,1
66,1
250,1
500,1
65,1
149,2
144,1
285,1
60,1
71,2
761,9
160,1
494,9
53,7
157,3
89,1
30,1
168,2
54,23
181,31
121,26
58,2
169,2
85,1
138,7
203,54
229,12
50,4
70,1
41,4
35,4
111,2
44,4
62,7
175,1
149,1
134,29
154,1
453,405
277,2
399,44
274,44
210,24
499,5
755,21
135,32
269,6
51,91
113,1
327,113
391,113
69,3
162,1
227,1
112,3
164,1
220,1
113,1
140,1
110,3
140,1
897,95
297,57
47,1
168,10
113,2
90,1
112,23
38,2
160,1
128,1
494,12
200,9
51,2
153,2
68,1
211,57
211,57
60,1
213,1
45,10
91,1
124,31
220,1
220,6
180,1
121,28
121,28
140,1
113,1
200,49
176,49
251,49
249,49
251,49
1300,210
284,3
93,16
194,1
262,5
50,1
425,31
232,2
234,4
81,3
142,2
77,3
404,1
291,1
68,1
54,3
116,3
50,1
100,14
108,14
120,14
309,2
194,10
137,1
115,24
176,2
55,67
63,56
50,1
86,1
359,1
498,14
365,37
87,45
86,56
153,1
54,1
171,1
129,1
93,15
82,15
478,42
148,13
162,1
315,2
101,126
422,4
100,10
52,1
78,1
240,2
297,15
120,3
207,1
72,4
30,1
197,6
192,4
113,2
599,17
108,2
248,405
112,24
391,405
338,1
37,5
133,2
265,4
106,2
214,6
125,9
134,4
88,1
115,1
135,1
76,1
100,1
206,2
54,1
495,93
80,3
41,1
144,1
176,40
294,3
134,1
81,1
199,1
146,1
106,1
900,1
50,1
60,4
600,1
189,3
179,1
83,4
600,9
257,1
180,1
716,13
112,1
50,1
54,1
127,3
177,3
255,2
151,1
110,10
50,3
285,4
152,18
98,1
91,1
123,1
65,1
113,1
226,18
150,1
324,1
255,1
58,2
399,1
326,3
54,1
27,1
39,1
124,1
125,1
847,1
44,18
55,2
184,1
71,1
201,1
176,1
238,5
200,2
43,23
99,5
85,1
300,13
267,13
158,2
434,1
169,9
42,1
76,2
51,23
114,8
158,1
152,20
54,1
180,1
233,13
350,1
180,2
68,2
101,2
186,1
447,5
44,23
441,42
552,42
85,6
54,6
156,6
266,1
49,18
311,4
39,6
41,1
221,18
90,2
350,6
108,56
181,2
44,18
108,1
110,2
50,1
48,1
105,1
315,2
112,2
50,18
114,18
51,4
37,4
828,1
90,10
118,4
150,1
106,1
37,1
625,1
43,1
368,4
36,4
201,3
234,405
54,5
360,1
795,1
174,63
94,57
138,4
87,57
108,57
349,18
130,1
190,26
500,1
76,2
164,1
114,40
93,57
93,57
93,57
40,3
37,3
124,1
70,1
472,1
142,1
63,1
350,6
91,1
126,64
100,1
300,29
94,1
108,51
91,51
94,51
87,51
220,1
93,51
93,51
3388,116
180,2
52,1
110,1
40,3
124,3
238,1
62,11
183,1
141,3
108,3
365,1
457,1
100,1
342,2
577,42
584,42
275,2
51,1
155,1
190,10
143,1
219,1
43,1
85,7
251,1
49,3
80,7
76,7
2700,4
45,1
45,15
63,1
84,4
41,1
175,1
221,1
120,8
175,47
85,1
72,3
328,13
96,1
225,2
1100,2
121,1
123,5
43,18
450,12
250,1
135,6
161,1
270,3
55,18
239,16
366,2
250,1
55,1
170,1
104,1
179,4
113,4
97,1
135,7
80,1
90,10
259,9
88,25
62,1
214,210
800,2
53,2
146,18
95,10
133,4
54,18
318,9
209,1
143,18
104,1
324,1
230,252
250,1
810,1
300,1
110,1
339,2
76,16
205,2
48,3
76,5
48,1
105,1
74,1
532,13
38,5
85,1
38,5
95,3
80,16
523,1
230,1
39,2
40,5
245,2
366,3
60,2
288,2
375,14
270,1
68,1
149,1
114,1
306,51
88,2
158,2
147,1
334,4
51,1
333,1
48,1
54,1
144,3
40,1
165,12
56,1
99,3
38,1
85,2
138,1
365,1
50,1
89,1
78,2
177,1
394,16
120,2
112,1
50,1
183,1
353,2
54,23
70,1
83,11
361,1
53,23
51,23
51,23
77,2
596,32
138,1
54,23
56,23
162,1
63,2
1000,13
57,2
124,9
171,1
139,1
114,2
179,28
144,1
69,1
387,1
186,138
205,1
289,4
77,1
111,2
318,17
250,3
55,2
220,252
115,1
165,1
125,1
41,1
240,405
60,5
539,3
140,1
36,2
423,2
64,3
38,2
148,2
187,1
264,1
146,6
203,9
108,1
130,1
100,1
252,3
314,3
161,2
225,38
172,10
165,1
74,1
159,47
48,1
102,6
65,5
46,1
48,2
132,3
188,11
102,65
263,17
418,17
231,14
507,7
130,1
713,113
48,1
265,18
692,18
1000,1
58,5
49,25
280,1
50,2
203,30
180,1
321,2
283,1
75,5
143,3
65,25
58,1
60,1
220,3
43,3
105,1
256,9
101,1
1059,4
128,13
150,2
320,14
85,56
113,1
84,1
48,1
108,24
154,3
281,27
4750,24
131,1
414,1
54,25
154,19
117,4
122,44
145,4
48,25
1462,2
51,44
117,1
34,7
57,2
104,1
172,1
37,2
286,1
49,3
300,2
175,1
153,2
198,1
340,1
75,45
117,1
120,45
190,1
123,45
123,45
300,28
713,113
1173,113
68,1
68,1
53,1
85,5
125,14
189,1
55,5
204,1
150,1
116,2
105,2
136,1
125,1
60,1
55,2
44,1
126,1
189,1
57,1
508,12
58,1
193,1
173,2
90,1
40,3
154,24
78,2
186,43
90,1
135,1
181,9
253,5
2000,1
100,1
156,1
50,2
78,1
145,8
117,1
146,2
62,1
62,1
113,49
122,7
135,16
132,1
97,1
85,1
55,1
320,2
212,1
661,5
231,1
451,1
116,1
180,1
445,2
235,1
180,2
148,3
106,1
319,1
196,2
219,8
152,1
87,2
101,1
238,12
43,1
90,2
87,2
93,1
79,5
69,5
74,7
317,9
76,7
148,47
59,7
93,7
132,2
120,1
46,1
281,1
370,2
83,2
453,19
146,5
171,1
360,1
150,1
329,5
109,1
43,1
105,16
138,1
167,1
63,1
180,22
177,2
64,2
140,1
83,3
79,56
180,22
68,1
79,56
50,4
237,4
250,1
120,8
189,1
52,1
239,11
59,3
113,1
175,14
130,3
60,1
50,2
234,1
186,1
129,8
59,1
150,1
225,1
478,4
100,32
115,29
140,8
240,6
59,1
618,38
75,1
346,66
180,1
186,8
38,6
184,22
63,1
122,1
216,1
94,24
225,1
198,1
100,28
329,1
128,1
963,15
43,2
180,1
476,15
86,1
362,6
100,26
268,10
368,46
60,1
129,2
122,8
33,4
161,2
468,1
52,2
78,1
91,1
79,31
116,3
57,9
57,9
187,1
68,9
47,9
218,47
68,1
178,13
110,1
150,1
495,116
288,50
165,1
64,21
99,1
76,1
52,2
41,50
107,1
380,1
372,1
251,5
54,2
238,1
151,63
109,1
107,1
73,1
106,1
270,28
203,8
196,1
84,1
240,2
69,9
90,3
50,1
61,2
98,104
180,1
288,20
298,1
110,8
75,3
61,1
88,3
189,50
263,2
129,1
113,3
105,5
85,1
121,40
50,2
265,2
32,2
60,1
184,28
88,11
76,1
286,1
92,31
85,1
40,3
48,16
163,16
227,9
122,5
250,5
58,2
361,1
45,10
378,1
158,2
112,1
112,5
47,2
349,1
39,2
189,1
151,46
286,210
190,10
120,1
114,1
96,2
99,25
44,2
715,1
109,56
98,2
41,2
113,1
55,1
217,16
114,1
190,5
36,1
122,1
149,46
113,3
125,1
225,1
119,1
68,2
100,28
410,24
155,3
146,16
211,6
53,1
103,11
35,35
144,1
447,14
123,1
270,1
99,1
45,3
180,1
266,1
136,1
213,1
441,4
363,1
139,46
204,1
73,1
205,1
63,1
92,1
108,1
180,2
151,1
286,1
184,1
96,4
77,1
80,1
97,1
170,1
395,1
82,1
101,1
160,1
125,1
120,4
118,1
39,3
180,3
165,1
294,93
86,17
270,1
153,1
539,1
58,1
188,1
110,1
59,1
225,1
115,1
137,28
298,10
223,14
104,2
195,23
154,23
231,5
201,23
159,59
62,1
166,63
85,1
103,2
74,4
55,2
25,2
250,2
44,1
67,1
31,2
523,1
120,12
237,2
205,40
80,86
180,6
266,6
198,8
238,1
85,1
76,86
95,40
138,4
97,33
127,33
64,1
500,1
75,3
72,1
749,1
240,3
70,56
98,86
108,1
141,2
89,1
197,7
55,1
345,1
40,1
45,9
63,1
80,1
220,29
217,1
98,1
80,15
53,1
251,23
163,1
112,2
135,1
152,1
52,2
62,1
180,2
345,6
135,2
227,252
209,35
234,6
558,35
79,1
64,1
129,1
220,252
55,1
146,1
159,4
66,5
65,1
56,1
67,2
115,5
131,1
302,13
324,13
110,12
38,1
300,1
446,1
74,1
230,1
87,3
324,1
500,1
103,15
110,1
89,19
109,29
65,2
225,6
112,139
48,1
104,1
168,26
222,68
50,2
225,2
280,1
249,6
244,1
124,1
291,1
370,1
251,2
117,1
140,2
243,1
47,4
119,1
100,1
57,4
86,3
228,3
145,1
78,1
72,1
48,1
210,1
111,2
99,10
73,10
128,2
167,1
100,1
140,1
259,2
35,1
57,3
33,1
45,1
285,1
84,1
113,2
115,1
46,1
42,4
183,1
238,1
466,3
28,4
47,1
122,126
650,1
113,1
120,5
115,1
157,1
148,3
843,17
90,2
143,1
57,1
300,1
94,1
196,7
557,210
116,1
77,1
79,11
220,32
260,4
248,5
225,5
120,3
166,1
232,10
225,10
197,10
843,21
135,1
270,210
176,4
420,12
100,2
157,1
70,5
115,4
225,1
167,4
90,3
88,1
235,1
38,5
171,1
135,1
350,1
41,10
239,1
245,58
72,1
125,2
431,30
69,1
64,24
120,1
69,2
6900,33
90,6
92,10
90,1
200,16
200,16
46,4
40,4
73,4
52,13
120,2
4750,11
272,1
119,7
236,20
171,63
63,1
305,1
35,2
360,1
110,5
235,20
87,5
270,108
373,14
216,14
186,1
293,1
100,1
111,1
120,16
115,1
349,1
64,1
48,10
250,3
60,1
59,2
237,2
72,1
102,2
79,1
187,3
59,33
86,6
145,6
84,6
157,6
420,7
60,2
84,1
315,1
86,1
45,1
186,1
253,2
57,3
75,45
158,8
125,24
81,1
82,24
139,1
164,139
88,1
409,50
70,1
146,1
124,1
350,3
121,2
140,2
150,17
266,19
124,3
50,1
220,2
250,1
302,1
190,1
169,4
125,4
100,4
63,1
80,1
126,13
254,1
280,210
171,16
72,2
55,2
123,1
256,405
306,210
107,45
105,2
128,45
209,1
110,45
130,45
137,1
343,1
180,5
101,26
78,9
255,2
119,1
184,26
114,8
164,1
178,16
58,1
75,7
284,14
114,1
129,2
114,6
109,1
186,16
407,1
80,1
195,1
98,1
157,1
48,2
80,1
41,1
60,9
49,1
130,1
229,2
193,1
483,42
149,2
138,22
181,1
225,5
56,1
601,1
299,1
200,2
102,104
164,24
116,1
200,9
179,4
135,1
50,1
431,19
438,19
144,19
300,1
84,1
117,14
553,2
111,4
32,1
88,1
94,1
270,1
800,15
364,3
187,2
85,139
126,1
150,22
217,139
1140,1
49,3
44,2
47,3
185,1
326,17
113,2
88,5
204,17
80,7
110,1
205,13
179,3
238,4
99,2
226,1
108,5
322,39
179,1
152,1
119,1
199,10
32,4
122,1
53,2
150,2
82,1
69,10
104,1
103,33
50,18
158,18
116,6
93,6
426,24
204,1
303,24
118,24
277,57
85,5
227,1
63,5
108,5
53,1
125,2
80,1
179,2
197,1
126,2
116,2
292,4
114,2
58,1
90,1
50,2
81,13
65,1
82,1
88,5
72,1
121,6
155,1
116,1
48,1
115,2
40,2
75,1
47,6
34,29
370,1
29,16
133,1
32,1
33,16
125,1
102,1
154,1
72,1
65,1
188,1
320,1
310,1
122,5
43,29
208,1
309,1
36,16
41,16
38,2
256,8
150,1
147,8
78,1
186,1
281,3
49,1
114,3
156,3
170,1
133,3
248,1
231,2
104,11
119,1
40,1
128,2
57,1
92,1
313,6
175,5
261,1
80,2
238,6
62,2
251,7
111,1
169,2
42,1
80,2
63,1
180,1
52,6
74,1
267,2
55,1
153,139
163,405
264,2
169,11
450,1
184,6
563,16
45,1
80,4
237,7
102,4
405,49
474,95
36,29
43,29
48,1
183,116
40,29
36,1
38,29
33,29
61,29
76,1
52,29
200,55
205,55
259,44
44,29
70,13
272,55
30,29
72,13
33,29
68,13
119,6
41,16
100,2
172,1
150,26
187,1
119,2
86,1
73,1
99,1
29,2
29,16
32,16
33,16
251,19
317,2
27,16
203,43
75,104
248,113
70,13
150,2
120,3
308,9
54,3
135,11
60,1
95,2
153,4
55,1
252,1
217,38
41,6
405,1
84,15
41,1
298,17
104,11
94,11
105,11
194,1
279,1
12000,4
87,1
129,5
55,1
90,1
56,4
68,28
175,3
178,5
181,1
187,4
223,42
136,2
108,1
33,16
178,42
110,2
252,1
84,3
157,10
90,3
255,16
425,44
60,2
1678,11
40,4
90,2
655,14
225,1
57,2
245,1
146,6
290,13
252,57
288,49
72,1
215,1
53,1
36,29
28,29
81,1
32,16
240,1
144,3
225,2
95,2
154,3
68,1
221,1
71,1
187,63
68,2
256,1
606,9
126,1
85,56
509,1
167,1
183,12
209,2
72,2
48,2
315,38
171,5
139,22
75,1
219,14
375,20
70,11
333,3
131,7
128,2
61,1
45,1
295,13
158,2
68,8
302,15
188,1
80,1
446,14
36,1
68,13
69,13
295,13
415,252
475,13
70,13
110,1
87,56
125,2
73,1
50,18
56,1
47,18
154,1
117,1
490,2
38,1
152,1
217,5
126,1
57,5
40,5
58,5
60,1
300,1
45,1
134,25
38,1
251,1
70,3
182,1
241,17
41,2
126,1
104,11
76,1
43,3
136,4
45,1
89,7
120,1
42,4
140,5
155,1
186,1
39,1
659,1
235,1
266,1
84,1
61,2
119,8
583,2
194,1
49,18
179,8
204,7
99,1
180,3
54,1
399,12
198,1
90,1
107,1
1046,19
171,29
397,13
135,1
190,29
151,29
117,1
166,29
74,1
206,2
185,28
58,2
84,1
1238,113
294,22
53,2
419,22
139,4
293,49
266,49
40,1
178,1
104,1
134,25
54,3
175,1
113,1
192,7
145,1
135,2
110,1
46,4
360,1
75,1
260,1
197,1
198,22
167,1
76,26
137,26
189,2
132,1
162,12
248,1
116,1
259,7
250,1
170,12
523,68
99,4
279,405
337,405
380,405
65,21
576,405
497,2
217,1
92,45
419,22
121,45
264,22
88,1
113,22
419,22
414,22
414,22
123,45
155,139
145,45
102,19
86,3
98,5
62,4
225,2
90,1
90,1
208,1
252,1
144,1
143,1
142,17
139,5
214,2
103,2
119,5
268,5
60,3
174,2
58,1
119,3
349,1
41,1
280,210
315,1
4750,28
150,3
80,3
333,2
242,95
141,8
61,33
105,1
288,95
147,3
225,1
56,1
431,1
101,1
447,12
70,1
480,26
50,4
60,1
135,3
208,1
99,1
83,1
218,4
143,1
174,4
35,6
284,4
90,2
88,1
178,14
47,1
122,1
200,2
63,1
440,1
363,1
141,2
181,43
84,56
550,79
75,56
220,1
31,1
151,22
63,1
181,1
75,1
350,1
380,252
160,4
206,19
90,1
234,1
84,138
95,1
204,4
200,1
100,2
546,7
138,1
71,4
131,1
41,1
116,1
74,2
135,1
96,1
324,6
91,1
126,1
193,24
480,28
400,1
114,5
59,68
112,1
247,5
123,1
480,28
552,29
98,1
92,1
595,50
228,104
114,13
142,1
130,1
55,3
173,1
145,1
155,11
556,24
603,1
140,3
90,3
60,3
300,7
60,1
266,17
56,4
103,1
410,24
170,1
102,2
86,10
144,1
239,22
110,1
880,15
60,4
162,2
56,1
152,1
47,6
84,2
500,4
101,3
65,2
30,29
41,1
200,1
28,29
55,1
29,29
102,13
62,11
108,1
106,1
232,1
500,1
72,1
76,2
76,11
80,3
143,1
799,2
70,11
195,1
101,23
122,23
64,4
92,1
208,47
540,1
167,13
180,13
219,38
137,13
143,2
156,13
194,2
90,4
472,3
135,1
48,1
81,1
100,10
321,12
95,10
62,12
252,46
173,1
444,9
180,10
117,1
110,10
58,28
138,2
190,1
162,1
136,1
88,1
207,1
356,1
49,2
90,1
36,2
83,1
251,30
131,4
74,1
210,2
65,76
49,76
64,76
67,76
72,76
162,1
158,3
272,44
117,1
169,25
367,6
135,7
156,6
94,6
90,1
45,2
2320,4
218,4
125,14
154,2
93,1
315,1
80,2
105,2
42,2
80,56
43,6
38,6
97,21
166,1
177,1
42,2
153,1
83,6
272,252
125,14
176,63
178,14
76,13
225,1
184,1
188,15
268,3
103,4
251,29
220,2
53,12
117,18
204,6
143,4
48,1
443,18
72,4
120,1
110,1
32,2
37,3
108,1
78,2
115,1
354,1
90,1
315,5
66,5
76,5
76,5
72,5
157,1
162,1
93,126
47,4
235,58
195,4
156,3
92,1
482,46
38,47
40,47
303,47
47,12
69,1
275,10
129,1
185,29
86,2
30,1
36,3
136,6
145,1
200,58
213,3
86,1
248,16
65,1
299,1
86,9
72,1
156,1
93,3
600,27
68,1
105,1
125,6
90,1
200,1
62,6
2568,1
110,1
110,1
81,2
77,5
269,68
118,4
65,6
45,1
55,6
462,30
155,1
478,14
64,1
34,3
155,13
45,1
78,4
61,3
110,8
104,1
248,1
81,4
226,28
125,1
96,1
133,1
231,2
145,4
76,3
50,3
63,1
22824,33
103,2
48,1
78,6
100,2
244,138
117,138
34,2
125,4
88,1
63,1
122,7
43,2
140,2
84,2
65000,33
55,1
70,1
141,1
200,1
87,2
104,11
283,63
278,2
123,4
76,5
99,2
53,1
68,1
146,2
155,1
279,1
1171,30
282,7
112,2
185,6
166,6
87,21
40,6
306,23
238,7
88,1
140,5
53,4
322,66
96,2
144,6
227,66
200,2
207,7
113,5
153,2
323,9
338,76
119,1
146,4
64,1
104,11
110,11
119,139
570,12
122,1
508,2
165,6
144,1
39,12
125,1
66,1
135,1
67,6
55,6
226,5
65,1
209,5
197,1
158,1
58,6
112,2
172,5
172,2
308,43
79,7
288,2
1115,5
271,1
315,1
149,1
90,1
87,3
36,2
134,4
105,1
132,1
144,4
38,3
120,10
114,8
89,1
67,11
252,10
54,1
45,1
198,2
36,1
114,1
228,4
457,1
133,1
38,1
60,1
108,29
128,3
375,66
642,1
196,5
180,1
67,2
112,2
135,1
102,2
29,1
126,1
1200,6
122,13
59,10
405,46
40,1
178,47
171,3
214,47
242,5
258,7
9,2
166,18
137,1
140,3
254,5
124,1
222,54
149,19
116,3
60,1
50,3
439,12
74,2
238,2
64,3
74,3
165,1
126,1
240,3
138,4
125,8
92,8
122,8
237,23
80,1
230,7
136,20
158,20
121,20
285,20
219,20
224,20
341,20
308,20
524,3
210,20
135,1
40,1
350,1
148,1
252,1
330,8
330,44
632,2
52,3
159,2
83,11
104,1
433,1
128,139
264,8
167,63
322,43
298,43
160,1
84,1
240,8
186,1
70,2
158,2
92,7
154,7
77,4
73,1
458,14
38,25
285,1
255,8
203,8
296,8
288,8
44,2
68,4
255,8
290,8
325,30
349,15
41,1
236,1
315,1
183,2
121,6
64,48
70,48
77,48
88,1
884,3
84,65
85,1
45,1
552,3
121,1
291,1
135,1
118,2
197,1
424,1
154,2
219,22
209,1
121,1
80,1
338,35
219,6
79,1
59,1
70,21
33,7
489,1
394,405
53,4
137,3
200,1
203,2
260,12
56,17
204,14
132,1
249,2
30,44
300,12
378,12
180,2
48,1
120,1
50,1
79,19
33,1
141,1
63,19
56,1
63,1
80,1
122,3
57,4
58,4
79,19
70,19
59,19
53,2
144,1
138,1
56,2
68,10
45,1
198,1
85,2
81,1
225,3
136,104
135,2
230,7
117,104
54,17
275,1
82,8
84,139
63,17
260,1
33,7
193,1
75,1
95,2
86,1
625,214
260,6
99,1
1210,214
192,1
95,3
108,9
61,1
988,214
190,9
135,1
115,104
38,1
31,44
96,104
29,44
167,1
144,1
131,2
43,3
56,2
394,1
238,3
179,1
180,2
28,1
198,1
258,57
86,1
83,5
199,1
120,3
66,56
540,3
166,14
195,1
155,1
55,1
792,1
60,56
407,3
98,15
65,3
193,24
261,46
144,1
136,1
260,1
38,2
56,1
108,1
287,2
61,1
82,8
56,8
92,1
37,2
234,23
36,4
117,104
63,1
143,2
208,24
57,1
333,2
713,8
264,113
166,59
201,66
190,1
201,66
113,126
249,7
106,1
264,113
302,3
270,2
56,91
112,1
52,91
49,91
63,1
65,1
765,2
303,113
56,7
53,91
88,2
130,9
42,6
147,19
88,7
50,2
342,23
108,1
138,1
151,3
165,3
219,1
297,113
447,3
78,1
143,1
132,14
288,1
75,1
328,95
162,1
118,1
37,1
362,3
40,4
61,48
88,1
200,3
204,1
500,1
43,1
131,2
333,54
63,1
450,18
83,3
37,1
50,2
160,2
644,1
34,4
270,1
45,3
129,2
446,58
198,58
151,6
92,1
534,1
160,2
39,2
146,3
274,116
75,7
72,2
220,6
48,1
215,27
776,24
50,2
244,19
180,25
35,2
196,1
228,13
302,3
880,7
161,2
124,3
82,17
62,1
126,53
52,2
347,108
105,1
355,108
161,47
400,2
86,1
398,1
276,108
560,405
179,1
77,3
80,1
53,2
239,2
115,2
59,5
145,10
97,1
266,3
133,1
120,1
60,1
321,9
350,1
182,8
94,1
355,405
246,405
289,405
325,405
257,405
256,405
40,2
296,3
172,8
169,23
135,1
39,2
81,2
111,1
113,1
150,2
135,4
171,13
51,4
73,13
195,5
239,3
195,2
110,1
63,2
67,13
450,12
311,16
72,2
503,16
195,44
107,5
171,1
1000,252
99,1
92,1
159,2
248,3
77,4
181,4
161,1
159,19
112,2
135,13
38,12
80,5
298,18
306,5
440,2
4500,14
85,67
300,1
108,139
53,4
35,1
56,4
81,1
57,4
135,10
65,1
73,2
36,11
141,1
143,6
86,2
60,2
78,1
66,2
150,1
80,10
131,1
66,1
194,2
158,1
105,1
188,1
467,7
121,2
35,3
65,3
226,1
64,1
73,1
285,55
409,55
501,55
284,55
167,1
71,1
123,10
132,1
442,32
95,1
165,25
378,42
132,2
74,68
63,5
138,18
129,5
47,1
280,1
187,19
71,5
56,2
68,1
294,55
325,55
298,43
54,1
53,1
59,1
82,2
36,1
183,1
123,1
184,64
189,1
40,6
300,16
44,2
156,1
55,1
34,5
222,2
236,126
100,5
47,1
133,10
153,3
49,2
68,1
189,1
143,2
884,3
144,4
168,1
125,1
900,1
79,1
78,1
95,18
157,1
800,1
123,1
190,1
80,1
177,1
760,1
215,1
96,116
84,1
55,24
467,19
301,9
330,9
142,1
498,44
71,1
67,13
180,7
160,1
91,18
83,2
95,1
54,1
302,46
129,20
138,3
200,252
63,10
40,3
64,10
395,5
251,4
92,1
175,5
120,1
50,15
176,64
236,1
38,1
155,13
184,1
34,2
48,1
306,2
83,1
129,2
102,9
143,3
150,2
200,1
73,1
77,1
148,13
206,1
103,1
90,10
61,10
57,10
63,10
64,10
163,1
291,405
263,1
450,12
147,3
213,46
113,11
44,1
270,46
74,3
42,4
115,1
220,55
208,3
260,55
173,1
49,4
107,3
152,1
63,1
58,4
33,1
29,3
1250,1
60,2
198,5
339,1
36,1
39,3
259,1
51,1
147,2
37,2
72,1
198,1
60,1
90,11
47,15
59,1
158,1
43,33
450,1
55,67
74,42
107,2
176,3
138,139
50,1
131,1
1000,10
56,1
188,11
148,11
159,7
251,11
232,14
265,11
55,1
256,11
281,11
177,11
225,11
962,1
210,6
256,11
260,11
265,11
72,2
133,3
87,1
76,11
233,9
247,7
225,1
270,1
210,1
190,6
66,4
87,1
128,1
140,139
204,4
124,1
52,1
252,58
126,139
53,1
147,1
264,46
52,1
98,1
200,2
306,93
112,1
9999,1
243,8
45,1
72,1
149,15
145,6
110,2
66,4
227,7
112,139
72,2
120,33
133,3
380,12
128,15
135,1
63,1
224,126
200,3
200,12
54,1
337,1
78,1
180,1
82,4
133,1
76,126
257,405
60,1
103,1
81,1
176,46
125,8
120,2
189,1
122,4
114,4
154,4
644,1
126,2
339,1
71,1
164,8
158,8
171,9
260,11
130,20
260,11
321,2
149,9
68,1
260,11
260,11
200,11
200,11
200,11
200,11
200,11
153,1
200,11
200,11
205,27
196,9
340,14
197,14
197,14
148,1
169,9
58,3
90,1
197,4
261,25
56,3
46,24
80,10
328,12
237,5
90,10
109,1
134,1
111,1
87,11
242,10
106,109
157,7
262,10
106,109
95,1
196,7
125,11
149,1
164,1
73,1
135,1
295,1
80,1
105,2
120,2
48,2
63,1
50,2
86,1
190,2
53,1
43,32
63,32
42,1
42,1
115,109
95,1
45,1
158,7
53,2
50,2
154,4
79,15
200,1
125,1
103,1
450,63
240,2
162,20
473,95
172,47
61,11
250,2
220,252
175,1
336,1
30,44
280,25
150,18
31,44
155,2
113,1
54,32
89,1
75,1
400,1
30,1
53,4
123,4
95,18
57,18
95,18
41,2
117,2
80,1
61,1
252,1
126,18
171,1
80,1
48,1
152,1
450,66
40,1
124,1
62,1
276,25
117,4
66,1
234,1
122,1
111,2
112,1
208,27
143,27
130,10
80,10
170,1
320,2
50,7
103,3
265,4
85,10
34,2
246,1
68,3
115,12
285,4
39,3
56,3
86,3
64,48
159,11
850,4
119,11
60,48
60,48
139,11
60,48
54,1
64,48
55,10
63,48
363,1
338,2
112,1
495,93
69,2
101,18
91,4
72,1
405,1
182,7
78,1
571,210
41,6
44,6
88,1
150,2
138,7
195,20
55,3
55,3
290,20
107,1
92,28
119,14
63,1
115,1
158,6
223,95
34,1
68,1
502,30
450,1
59,1
100,1
90,18
134,18
300,1
138,18
53,3
104,12
196,14
180,2
555,68
115,1
149,8
164,8
123,116
154,8
153,8
802,6
62,1
90,2
790,6
110,1
360,11
476,1
86,1
53,1
129,1
676,1
105,1
368,11
69,1
100,2
53,2
77,2
57,2
137,1
200,1
162,1
110,14
157,1
42,1
80,1
144,1
735,1
139,6
57,2
300,32
348,17
93,57
869,405
425,1
68,3
68,3
234,1
75,48
146,1
60,48
64,48
62,48
50,2
313,1
58,3
195,116
145,6
161,1
78,2
267,1
131,15
76,12
152,4
133,2
119,13
94,7
97,3
258,2
156,1
36,3
383,1
343,26
150,26
76,1
108,1
282,1
172,28
410,18
352,3
110,1
75,2
32,1
317,1
97,6
120,1
57,2
72,11
160,9
173,29
99,1
150,32
220,252
63,7
420,5
85,2
63,7
71,7
68,4
230,14
64,4
162,1
58,91
90,1
124,3
161,1
55,91
116,91
239,1
100,1
122,9
39,2
198,9
43,65
42,65
298,23
69,1
145,6
139,65
582,1
288,1
315,1
150,32
60,1
191,1
45,1
276,19
164,30
41,3
112,11
300,32
111,3
125,3
405,46
221,1
200,2
387,210
195,13
343,28
303,405
288,29
203,6
583,405
315,1
106,1
161,1
225,1
150,13
489,1
167,1
207,4
162,2
216,12
146,2
126,26
343,26
45,1
244,3
81,1
221,1
191,4
148,3
215,1
152,1
97,28
61,18
61,18
62,18
56,18
83,18
150,1
315,1
2400,116
85,1
205,1
49,3
153,7
153,7
269,1
156,1
140,2
47,32
277,1
73,2
357,2
108,2
195,11
42,3
146,1
71,1
66,67
100,35
450,84
297,2
343,28
106,1
194,1
51,1
50,1
101,1
179,3
136,1
51,2
75,33
32,2
173,1
444,103
55,1
99,6
55,1
128,48
90,4
200,1
450,1
184,3
88,1
170,1
403,405
473,13
82,2
112,1
150,28
235,4
450,1
116,2
254,3
50,14
134,1
124,17
47,1
45,1
801,12
198,1
141,1
87,1
150,17
34,2
195,66
114,7
202,14
75,17
37,2
388,7
510,1
90,17
52,1
123,1
78,26
91,10
80,2
115,3
86,138
116,1
102,3
405,1
351,1
70,1
53,1
87,17
250,1
74,1
90,1
141,1
86,1
226,1
355,1
74,8
81,4
100,1
47,2
175,2
130,1
77,1
160,2
400,1
175,4
54,1
100,2
100,1
383,6
71,1
65,4
638,6
76,2
42,11
42,1
41,13
1485,6
78,2
52,13
69,13
72,1
55,2
266,3
135,1
67,8
343,4
75,21
63,16
63,16
63,16
63,16
67,16
147,16
63,16
159,11
68,1
148,1
352,1
135,1
160,3
48,14
135,1
54,3
99,104
124,4
160,1
77,1
125,4
240,58
200,16
208,4
403,8
146,1
198,22
195,1
880,15
153,25
131,6
42,3
99,1
76,1
40,1
137,1
211,1
90,1
44,5
82,3
158,2
125,1
92,14
773,2
198,1
237,210
428,210
31,3
180,210
428,210
49,1
185,1
257,103
324,103
976,1
528,103
135,1
308,103
276,103
108,1
52,1
127,13
257,1
103,28
222,9
398,9
163,9
96,28
62,1
198,2
211,68
80,1
272,3
270,1
436,2
292,6
233,9
300,9
749,17
57,26
64,26
272,2
46,3
183,26
348,17
343,2
241,2
78,3
141,2
123,20
255,2
126,2
54,1
92,28
112,13
109,28
119,6
127,6
117,1
77,18
93,28
255,1
309,1
81,28
856,1
100,28
43,1
100,28
278,405
83,28
31,1
86,28
97,28
88,28
36,8
360,2
105,1
80,1
305,103
255,103
378,76
253,1
45,1
227,20
113,20
321,21
120,4
403,405
155,1
122,3
96,1
111,91
100,1
116,91
111,91
135,91
116,91
115,91
116,91
129,91
152,2
249,2
151,1
84,26
270,1
253,14
342,1
95,1
45,16
75,3
1500,1
249,76
546,44
47,2
54,5
40,3
51,9
50,1
54,9
48,1
124,1
69,1
180,2
131,2
149,7
45,1
297,14
213,10
222,12
170,17
329,1
104,6
72,1
196,5
53,1
299,9
50,1
111,1
55,11
119,1
205,12
164,1
377,1
160,1
152,116
115,1
160,1
209,18
130,1
120,1
94,18
30,1
117,2
119,2
136,18
168,18
210,2
200,2
104,1
275,42
255,15
171,2
125,1
1238,113
242,66
195,1
899,25
278,2
310,252
100,12
21,3
54,1
60,1
475,2
301,95
152,1
96,1
220,1
153,25
549,14
113,5
251,1
162,1
174,2
237,1
39,6
42,1
34,2
99,20
171,3
2560,55
149,1
68,1
159,1
118,1
131,6
144,1
84,15
97,1
189,17
205,27
210,15
106,2
93,1
277,1
394,1
300,252
171,1
350,7
546,1
68,2
195,1
45,2
114,1
44,1
142,8
400,1
44,1
209,2
86,1
179,5
282,13
366,1
130,2
135,28
174,17
127,1
193,21
202,4
105,1
37,2
207,1
254,15
120,2
93,1
173,4
152,4
200,3
67,3
309,17
81,1
153,7
335,3
60,1
57,1
128,4
65,1
43,2
96,28
214,2
394,7
932,18
261,210
80,1
510,6
92,2
801,214
1049,214
939,214
273,39
317,1
1041,214
88,1
118,4
124,1
69,1
1200,1
95,1
184,64
90,2
176,64
292,17
129,1
90,3
52,50
117,5
142,13
92,28
106,28
101,5
340,1
71,25
81,25
74,25
102,25
112,25
96,25
107,25
103,25
114,2
73,1
202,13
143,79
551,405
234,1
165,1
54,1
77,1
158,1
49,1
233,4
95,1
89,1
87,17
181,17
159,2
457,18
108,11
225,2
272,6
144,8
157,1
50,1
146,1
347,4
66,8
95,1
193,1
49,3
64,1
180,1
203,54
196,5
170,1
173,17
45,3
173,10
201,1
700,1
258,79
132,1
450,1
300,28
68,1
54,1
117,4
117,10
167,3
129,5
333,2
290,16
65,1
38,2
86,4
342,1
127,4
481,1
136,1
129,1
303,4
150,4
32,2
107,3
309,4
43,2
50,1
253,17
57,4
32,4
288,1
427,113
190,14
194,17
220,11
447,18
54,1
170,1
189,5
146,6
250,1
150,1
108,1
54,1
149,11
53,1
137,1
82,1
160,4
280,1
44,1
90,1
50,4
252,1
235,2
240,2
67,3
47,3
117,14
141,3
73,2
79,28
45,3
143,10
136,4
677,1
95,28
90,28
103,1
36,1
358,18
273,21
80,28
90,28
104,28
75,28
212,1
83,28
54,1
269,1
97,28
81,28
39,1
340,252
524,26
174,63
132,3
45,2
134,7
71,2
37,2
97,1
90,1
139,2
202,4
105,2
114,28
89,28
86,3
80,5
43,21
37,21
120,1
150,2
269,1
189,1
260,1
200,5
116,1
321,4
270,2
180,1
55,1
163,1
304,1
96,28
296,1
195,4
127,252
87,19
300,1
264,1
141,2
50,2
50,4
150,1
233,2
193,9
160,1
179,5
148,1
151,8
432,405
363,405
182,405
145,405
171,1
195,14
182,2
108,1
41,9
212,4
90,1
72,1
38,2
116,18
238,1
64,1
61,33
999,3
347,2
999,3
999,3
47,33
45,2
113,1
413,1
85,10
294,10
191,7
85,4
135,2
151,10
137,27
135,68
200,1
250,1
323,1
123,49
127,49
124,49
220,49
134,49
126,49
296,9
81,5
340,9
60,1
50,1
265,1
340,4
44,1
270,8
53,1
29,1
245,8
153,3
78,3
166,2
45,2
270,1
191,54
450,1
46,2
94,2
117,1
130,1
371,47
988,47
35,33
130,5
341,47
228,8
154,2
170,4
531,103
130,1
160,2
288,23
249,23
360,23
315,23
249,23
290,23
306,23
227,23
348,23
102,3
124,1
145,12
56,1
69,1
132,3
207,1
321,104
36,2
62,1
153,1
47,1
203,1
101,48
270,1
41,4
164,2
41,2
112,4
322,1
161,6
133,6
300,1
98,86
50,1
39,6
98,86
83,86
78,86
89,86
65,24
197,1
130,1
229,23
98,1
137,15
119,1
144,1
172,3
246,4
128,1
85,28
283,3
103,3
66,1
100,2
149,1
175,1
94,2
75,1
207,1
212,1
98,1
227,10
141,7
381,7
295,2
143,1
451,1
80,1
203,7
145,1
93,2
203,7
182,63
139,30
48,1
40,2
383,17
453,210
98,1
149,3
275,252
157,53
283,3
65,1
135,1
195,2
75,1
143,1
185,1
141,1
48,1
31,44
30,44
225,1
180,1
144,1
104,1
240,1
274,76
179,31
140,1
118,54
67,3
63,1
280,1
50,1
274,76
265,1
28,44
111,3
163,22
124,10
86,8
51,6
287,70
138,78
290,8
400,32
342,1
189,63
58,1
110,3
220,12
139,48
122,15
87,1
98,15
73,1
121,1
145,5
117,1
200,2
49,1
89,14
138,18
2000,1
40,2
63,67
52,1
189,1
95,1
329,1
127,116
168,19
195,2
114,1
232,38
90,1
571,1
532,18
253,8
158,3
220,1
114,1
330,19
197,17
108,1
235,8
83,1
335,1
182,18
310,7
335,7
300,7
192,1
199,11
72,1
77,2
130,8
481,26
96,1
192,66
76,1
233,2
575,11
127,59
40,1
34,6
70,1
141,1
90,1
120,3
400,28
290,9
290,9
261,9
125,13
209,4
1411,1
445,1
104,3
251,14
293,2
48,1
376,32
273,23
174,1
159,2
225,1
117,3
153,27
37,1
190,1
64,2
54,1
72,1
460,29
400,28
179,3
148,3
140,1
211,7
375,1
87,1
50,1
51,35
94,1
130,1
142,1
76,1
135,1
35,1
108,1
212,2
238,10
333,10
92,12
143,15
114,12
266,3
242,7
111,1
584,16
60,47
46,29
154,66
879,4
196,1
275,1
29,16
35,47
737,19
297,10
206,7
76,3
142,10
56,1
85,1
240,27
82,34
309,1
111,1
200,1
855,1
105,2
82,1
56,4
36,1
105,1
45,2
54,2
135,1
111,1
136,1
90,21
360,1
100,1
34,1
80,21
72,1
39,1
91,1
65,1
125,3
147,139
594,1
231,16
190,1
140,139
122,1
126,1
254,53
75,34
69,10
52,1
70,10
83,10
45,1
185,27
80,12
126,1
86,6
49,1
90,1
73,33
131,1
63,1
284,1
141,1
198,1
58000,33
77,2
123,25
56,1
245,27
100,1
287,13
144,30
1000,2
75,5
50,2
155,1
144,139
395,1
120,1
211,66
225,1
98,2
258,5
134,9
146,1
82,2
66,6
65,1
306,42
32,3
202,12
203,12
173,12
108,7
221,27
81,2
274,104
238,79
172,6
110,6
144,17
217,17
90,1
299,10
143,10
214,43
212,43
87,7
131,9
114,12
429,210
215,210
368,3
323,9
186,1
117,3
135,1
140,1
260,2
117,1
188,1
350,4
118,9
122,6
238,2
105,4
115,4
81,4
81,43
198,1
350,1
52,1
290,1
118,5
305,46
360,1
180,1
400,1
310,46
157,14
80,1
240,95
63,7
62,4
59,33
309,46
250,1
211,1
403,10
67,4
156,3
25,1
180,4
127,1
87,5
145,1
32,4
50,3
64,10
130,1
189,1
536,2
200,5
84,19
232,138
92,1
65,10
120,1
106,1
950,3
369,32
77,2
451,3
90,2
107,1
125,2
80,1
56,1
74,1
200,58
450,58
211,1
98,1
51,1
216,2
50,1
144,4
800,2
650,1
240,1
63,4
106,9
260,1
180,3
103,4
111,4
365,47
160,1
618,19
100,2
99,1
319,11
180,5
152,1
208,1
57,1
346,35
125,20
248,35
91,6
72,18
675,113
50,2
324,46
233,1
222,4
56,1
161,1
256,19
110,2
208,3
95,10
450,1
194,1
167,1
94,1
126,3
230,1
301,4
142,1
40,3
445,2
66,6
177,2
112,1
162,1
206,10
280,1
100,1
90,1
120,1
277,95
113,13
364,46
641,19
196,46
207,46
176,1
123,1
135,10
121,28
618,1
950,1
91,2
327,16
163,25
28,18
110,1
124,1
428,1
40,1
62,5
141,1
104,49
61,4
44,1
165,3
77,1
120,1
58,4
46,2
58,4
106,1
240,23
59,1
240,23
240,23
217,2
171,4
37,1
180,1
400,405
77,2
470,3
65,2
123,26
90,1
424,42
100,1
218,1
67,1
540,1
46,3
61,2
132,1
500,1
408,1
44,10
68,10
117,25
100,1
45,1
201,12
1093,3
180,1
227,2
62,1
149,1
227,3
53,1
100,6
206,1
295,1
90,26
227,1
196,1
350,1
63,1
282,6
334,42
159,11
412,42
354,20
416,9
63,48
159,11
431,9
152,12
80,1
159,139
60,3
221,3
298,9
108,2
190,4
177,1
155,5
410,9
145,1
435,9
190,2
65,23
162,1
137,1
93,11
92,1
293,3
200,1
60,2
132,18
126,19
80,1
167,2
56,1
308,1
379,1
232,1
125,2
108,1
532,113
158,1
412,1
798,113
225,252
1200,138
145,1
1200,138
158,1
242,9
280,9
269,9
203,9
173,29
100,1
56,24
1200,138
1200,138
110,4
329,3
220,49
81,1
9999,252
800,17
800,17
149,126
159,26
163,126
122,1
206,4
275,1
76,6
83,1
120,8
64,1
430,5
67,1
45,6
286,3
186,6
63,1
187,7
75,2
79,3
225,252
49,2
200,3
73,26
73,56
95,26
70,3
130,3
284,2
95,1
323,1
65,43
199,11
148,7
270,1
108,2
69,1
193,4
67,1
125,1
553,1
63,6
62,1
72,1
51,3
132,1
89,1
144,1
108,2
176,2
56,1
90,2
53,1
116,2
47,20
161,1
217,21
90,3
54,1
80,7
136,1
201,21
312,6
68,2
184,9
140,1
354,95
128,1
118,5
388,1
260,1
403,23
206,95
316,23
91,1
499,23
319,27
594,23
135,6
120,7
104,7
64,7
375,12
160,1
64,2
270,10
213,7
197,104
337,113
304,113
171,113
327,113
54,1
151,8
115,1
53,3
135,1
40,2
216,1
76,1
250,3
142,6
152,6
24,3
65,1
105,1
108,1
198,5
106,3
25,3
100,1
142,6
110,4
80,23
1200,138
171,139
281,1
150,1
152,1
273,1
131,139
112,139
105,13
141,4
83,2
321,1
133,139
83,4
144,30
155,24
41,1
114,2
80,23
81,2
94,24
463,1
100,6
455,6
27,43
113,6
167,6
47,20
225,5
79,9
102,26
45,1
68,3
52,2
69,1
669,95
160,1
140,1
34,4
380,6
69,1
262,29
225,1
72,2
60,5
103,104
225,1
100,1
38,5
245,6
248,6
84,104
122,13
86,12
145,1
239,1
355,2
51,1
93,2
122,13
225,3
129,4
110,4
72,1
350,1
83,26
77,26
108,4
300,31
1600,138
337,79
514,1
125,40
180,1
205,1
6400,138
262,8
591,1
1600,138
554,9
1600,138
1600,138
91,1
650,68
103,1
95,1
547,1
1600,138
119,1
183,7
112,1
133,1
41,1
360,2
125,26
76,26
48,1
230,4
41,3
701,28
695,6
171,1
111,2
1200,138
205,1
2000,138
2000,138
960,138
800,138
72,7
145,16
227,2
98,1
219,3
44,1
1200,138
197,1
1200,138
74,1
76,2
209,1
99,2
211,25
210,2
172,2
30,2
934,5
1200,138
1200,138
80,1
655,47
44,11
120,1
60,5
130,1
119,2
220,1
46,2
670,31
510,93
1079,93
88,25
79,3
114,13
183,1
49,2
90,1
164,1
350,1
102,33
118,1
46,1
450,1
199,2
70,2
40,15
128,2
33,2
144,1
215,1
180,6
221,4
213,2
40,2
190,2
110,1
218,1
637,7
230,1
153,1
151,1
114,1
433,47
135,1
101,1
639,10
41,50
180,2
309,47
106,1
40,50
42,50
64,41
59,1
64,41
104,4
191,14
9999,252
291,5
50,1
788,2
187,18
105,8
135,1
40,1
141,1
147,18
180,13
133,1
134,3
153,1
139,1
59,1
395,8
64,41
109,4
64,41
64,41
64,41
64,41
74,41
64,41
64,41
74,41
64,41
74,41
64,41
186,1
64,41
385,18
64,41
110,12
73,1
133,24
64,41
58,1
106,5
214,6
160,23
425,8
64,41
64,41
64,41
64,41
618,95
64,41
222,3
54,1
30,7
153,4
145,3
255,8
285,1
340,103
121,12
163,12
240,1
310,7
357,12
32,1
213,2
65,1
152,1
145,4
366,12
111,1
36,1
185,14
94,5
144,4
177,8
135,1
620,103
63,1
90,4
249,10
120,2
140,1
176,16
360,2
397,4
176,2
70,5
64,41
64,41
74,41
64,41
64,41
64,41
97,1
64,41
64,41
64,41
228,6
64,41
176,1
127,1
64,41
74,41
250,1
64,41
64,41
64,41
107,1
60,1
90,1
1101,17
315,116
29,2
159,1
415,1
74,1
87,1
104,1
393,93
142,29
46,2
74,1
422,13
205,252
5000,28
333,27
503,27
219,210
257,210
500,210
229,210
348,210
173,13
270,210
150,3
110,5
111,1
35,1
120,2
57,1
418,113
425,8
199,6
709,113
1304,113
126,1
236,3
173,6
556,14
280,8
800,68
41,2
105,4
495,8
77,1
282,3
68,1
89,9
76,9
137,9
115,9
125,1
209,16
237,53
107,5
99,5
585,1
135,1
69,2
590,8
498,66
99,1
368,1
400,12
150,23
35,47
150,1
267,1
155,2
208,1
100,1
238,1
180,7
229,1
86,3
70,1
278,1
229,12
81,2
260,7
59,1
275,8
50,15
168,4
60,1
72,48
137,9
62,2
132,1
85,1
158,7
89,6
201,1
96,7
81,1
104,1
391,3
120,1
44,10
142,1
80,1
293,1
68,1
52,1
81,1
131,9
113,1
168,34
99,1
340,12
213,50
330,12
100,1
38,4
86,1
162,2
32,1
51,1
90,1
114,1
63,1
45,5
66,1
189,1
295,1
74,2
45,1
110,1
132,1
143,1
44,50
44,50
45,50
188,17
40,2
117,1
113,1
108,1
52,1
152,1
101,1
450,1
258,405
196,3
164,2
34,2
120,1
197,28
400,1
44,1
5000,33
180,2
214,1
200,14
300,14
78,2
83,1
227,29
225,1
45,5
50,7
61,1
42,5
121,1
252,5
59,1
118,1
79,1
43,1
175,11
77,1
155,6
168,1
99,104
85,1
90,1
506,34
111,4
51,35
150,6
41,1
45,35
557,103
41,35
213,7
103,104
50,4
40,4
240,2
98,33
112,16
107,16
109,104
107,16
107,16
47,1
64,19
67,19
78,19
59,19
68,19
135,1
165,9
154,7
153,1
103,3
155,3
250,7
269,7
260,7
24,1
108,1
204,4
702,68
489,103
90,2
89,5
117,1
169,25
269,103
420,103
360,1
196,6
190,1
230,1
200,14
403,103
169,8
635,103
92,16
535,103
73,3
135,1
69,1
470,103
171,2
240,2
169,3
99,3
322,34
90,1
75,1
159,14
59,2
168,95
175,1
116,1
194,1
204,12
67,1
80,1
56,1
62,2
80,5
391,2
189,11
74,2
260,38
84,91
36,16
248,9
80,2
52,1
194,1
410,405
657,405
152,1
75,1
369,2
44,2
72,2
160,9
81,30
44,1
55,109
64,109
145,104
91,109
59,109
310,1
50,7
144,104
240,23
106,3
60,47
524,1
162,8
203,28
220,28
223,28
294,28
166,5
161,9
192,28
54,1
56,2
631,4
36,1
622,95
258,12
214,5
115,5
337,1
232,5
200,1
148,1
120,1
103,3
58,2
330,26
155,104
59,109
33,25
86,2
89,2
48,1
45,2
90,4
81,4
288,1
469,12
320,12
280,1
32,14
90,1
81,5
161,3
138,6
58,7
330,26
219,1
162,26
76,11
97,1
150,4
175,5
164,1
378,66
198,2
61,109
132,3
61,109
135,2
219,1
169,6
2000,138
151,6
122,2
73,4
70,1
120,7
147,4
104,7
90,1
944,66
2000,138
2000,138
39,8
2000,138
172,1
283,2
34,25
180,2
128,1
150,1
71,2
135,8
400,3
128,2
220,1
112,7
359,3
128,4
60,7
108,1
120,1
261,1
243,3
122,1
200,1
146,1
44,2
181,3
288,24
150,1
134,1
57,2
118,2
194,4
63,21
105,7
66,25
137,1
40,1
259,5
101,1
63,1
143,1
134,2
113,1
134,2
97,1
248,22
84,30
286,18
73,1
60,2
108,1
217,103
41,2
137,95
248,6
41,2
269,2
650,1
267,2
40,1
82,2
31,7
36,7
61,109
75,3
306,7
90,2
70,13
792,4
191,8
280,5
464,2
219,405
369,405
378,405
478,405
323,405
275,405
110,1
333,1
185,1
75,2
85,18
50,1
56,2
51,109
70,1
51,109
315,1
85,18
102,44
64,2
70,5
72,109
69,109
353,1
46,1
153,1
189,1
138,6
38,1
83,10
154,12
216,14
30,1
189,11
248,1
128,13
140,1
153,8
120,1
322,79
296,2
328,113
78,1
206,25
267,8
102,1
320,113
282,113
381,405
285,405
900,113
168,113
290,2
164,113
134,113
200,113
126,2
126,113
195,113
41,1
189,2
206,103
65,2
162,11
81,1
219,11
186,1
116,1
50,1
46,43
110,1
360,1
315,1
480,9
72,33
304,113
320,113
229,1
500,1
197,113
288,113
212,25
198,113
165,1
248,23
32,2
54,2
79,15
613,15
143,63
114,1
159,5
117,1
90,1
68,1
162,2
60,1
78,1
60,2
36,1
381,1
215,1
75,1
154,10
435,17
83,1
214,3
404,7
422,7
225,2
180,1
180,10
125,2
210,1
160,35
477,31
33,1
81,11
58,4
90,5
40,1
293,3
83,2
96,2
31,3
48,3
141,1
277,4
47,1
394,18
643,18
92,7
75,1
886,18
825,18
593,18
343,18
462,66
144,1
153,1
138,1
40,47
445,19
91,7
304,3
76,7
300,14
300,14
81,2
275,8
52,1
262,95
107,2
162,1
40,2
82,2
82,1
225,5
140,3
195,5
134,1
285,1
246,3
258,3
422,1
515,1
140,1
536,1
212,1
83,1
131,2
173,4
134,3
120,1
241,2
49,1
128,6
250,1
74,5
83,1
168,29
108,1
190,12
140,14
166,14
190,43
100,2
65,1
74,1
180,1
496,32
467,19
431,19
136,1
53,2
185,43
1359,47
179,43
362,43
323,43
230,19
549,48
296,1
248,9
48,1
224,42
35,2
148,9
73,92
68,1
36,1
99,1
265,1
226,1
132,2
110,1
750,1
162,6
340,103
358,19
129,4
338,103
185,7
311,14
213,47
276,104
549,2
63,1
168,1
139,63
106,1
122,5
191,66
149,1
42,1
118,5
40,1
407,103
180,4
89,20
130,1
314,9
139,3
182,20
83,1
110,1
46,1
330,5
83,7
160,14
125,1
219,1
201,55
374,405
35,1
87,3
197,5
220,103
36,2
306,103
50,1
551,17
89,1
157,5
167,3
259,3
231,103
108,1
129,104
156,30
348,103
900,6
221,103
186,1
300,1
130,1
43,1
50,2
129,1
69,33
125,104
156,1
437,3
90,104
128,6
1000,2
78,12
27,65
28,65
101,56
26,65
144,5
147,24
123,1
317,12
209,9
31,65
258,11
138,20
333,1
85,2
285,22
219,1
171,1
184,11
123,14
180,2
88,1
368,1
160,14
116,2
91,1
240,12
194,23
144,1
63,1
150,1
100,5
117,1
117,5
944,103
80,3
197,46
109,4
145,2
163,2
456,1
136,1
237,1
280,5
475,1
203,7
115,1
205,1
963,103
809,40
140,1
155,1
363,405
209,405
315,405
89,1
400,1
120,1
115,2
35,9
171,1
184,8
209,2
74,5
269,1
290,1
103,4
455,1
190,38
161,4
119,2
135,1
224,17
68,1
120,1
72,2
283,2
51,1
180,1
56,2
48,1
128,1
125,1
219,14
153,4
112,1
226,9
70,1
135,1
332,20
64,3
270,1
40,2
100,5
180,1
167,46
98,4
86,13
77,6
62,21
421,19
55,1
414,19
53,1
467,19
138,4
59,4
227,5
235,49
60,47
376,49
98,13
101,1
85,13
70,1
513,66
55,47
50,47
900,2
150,1
41,65
157,5
35,65
63,2
947,66
35,65
37,65
250,1
360,1
412,5
70,1
99,2
118,6
199,12
198,113
224,79
45,5
135,1
52,5
139,1
342,19
45,5
342,19
65,1
63,5
342,19
44,5
90,56
113,1
69,3
550,1
98,1
38,2
90,18
117,1
150,3
52,1
60,5
72,10
84,2
72,10
58,1
83,10
83,10
83,10
35,65
154,1
76,1
380,12
150,1
126,1
150,1
49,1
228,68
175,16
95,2
92,1
210,1
133,7
184,1
126,1
300,2
62,1
35,16
445,19
130,1
208,19
342,19
109,1
90,1
630,1
72,3
125,8
228,1
139,4
114,1
172,12
222,8
134,12
160,8
89,2
65,7
190,3
113,1
251,2
536,17
96,4
180,109
180,109
167,1
575,35
166,22
135,1
110,1
35,2
356,17
188,3
52,2
88,1
89,56
431,19
122,1
342,19
112,1
139,15
88,1
41,1
85,1
155,28
397,18
450,38
273,12
254,68
108,5
190,13
690,1
138,6
120,18
220,23
876,214
440,214
117,3
108,20
1078,214
147,3
123,1
210,23
248,23
41,4
280,66
112,4
169,1
119,10
309,17
50,2
120,6
97,1
326,1
306,2
130,109
34,1
104,52
45,1
109,17
180,1
126,1
242,10
50,18
100,26
103,1
140,65
361,32
337,17
114,2
644,405
618,405
60,1
200,1
36,2
119,28
62,1
156,1
128,5
144,1
43,1
177,1
225,5
328,4
72,4
144,17
370,1
350,1
152,14
100,28
90,28
99,3
113,1
91,5
63,52
106,5
63,52
233,13
126,3
140,3
60,1
104,1
183,6
68,6
49,1
125,17
112,17
159,4
127,17
150,1
429,13
165,1
143,4
106,4
99,2
177,16
65,1
130,2
309,2
95,2
64,104
269,19
65,10
181,3
108,2
175,13
84,1
126,2
88,3
144,3
800,1
45,1
210,252
23,3
340,2
142,4
405,1
200,2
185,1
39,1
79,2
40,1
144,26
114,2
250,1
235,49
235,49
142,1
1000,3
36,3
272,2
80,4
90,1
176,20
791,2
49,1
213,7
37,8
45,1
42,1
32,44
160,3
80,4
127,2
90,4
200,25
54,2
280,1
27,44
49,2
40,1
180,252
30,44
40,3
67,1
325,2
80,22
52,1
520,3
100,3
85,3
143,2
170,1
240,1
127,1
273,15
126,8
240,3
81,6
59,6
68,11
200,1
612,210
399,28
283,1
147,13
160,2
160,2
33,3
186,8
195,8
155,116
181,13
138,1
75,1
165,1
144,2
421,10
50,1
82,8
150,7
64,1
95,6
146,4
352,12
84,6
42,24
276,15
97,1
79,2
240,15
95,1
35,8
88,11
144,1
29,1
104,1
180,14
104,104
50,7
69,11
122,3
72,11
164,2
90,1
126,1
76,11
74,11
140,6
230,1
36,2
162,2
207,6
182,1
94,67
170,2
266,10
156,28
180,1
156,1
220,1
960,93
267,49
476,15
95,1
1000,2
113,76
94,76
101,76
83,76
88,76
90,76
86,76
93,76
81,1
238,23
76,1
298,2
43,3
166,10
90,21
204,27
298,2
299,95
63,1
36,2
458,7
160,252
159,2
53,2
367,1
45,5
296,9
243,2
626,2
50,2
69,3
154,1
67,5
223,31
117,1
92,3
145,8
150,8
45,2
58,1
63,1
41,18
55,1
100,2
153,1
125,1
141,1
45,4
208,104
111,104
71,1
77,23
393,1
152,16
122,10
282,1
172,4
72,1
90,5
92,3
68,5
80,3
144,2
220,25
146,1
181,1
220,2
200,14
180,14
165,16
179,6
63,1
490,19
120,1
160,8
50,1
184,2
168,16
72,1
189,6
325,1
137,3
528,405
470,405
529,405
59,1
38,5
40,7
86,1
215,3
160,2
190,1
1100,17
106,47
94,47
96,47
84,21
219,2
45,1
105,2
143,3
112,1
560,1
170,1
108,1
207,3
105,1
53,1
265,18
42,1
59,16
338,1
72,7
117,1
23,1
215,3
83,6
67,6
107,6
45,7
125,1
119,1
210,14
93,1
99,1
215,2
200,5
33,2
130,1
75,4
58,2
43,1
797,13
163,2
153,1
133,16
230,2
120,2
150,1
113,1
143,2
112,1
43,22
72,1
256,1
164,63
158,63
158,63
45,1
270,2
54,1
163,79
44,2
72,1
173,6
585,1
713,1
46,1
92,2
172,2
100,2
161,1
57,4
81,1
162,3
55,3
63,1
125,1
40,1
101,1
37,1
351,6
255,1
122,1
264,1
186,4
133,3
509,4
57,1
67,1
183,2
247,9
250,2
51,1
148,8
70,4
130,4
46,1
90,1
80,2
135,5
45,1
140,3
111,1
113,1
422,66
50,2
266,1
72,1
33,2
250,1
168,1
145,1
46,2
60,3
177,4
139,1
51,4
63,52
114,1
100,1
306,1
158,1
82,5
101,1
176,2
46,1
266,1
167,1
85,4
60,1
95,1
337,2
100,1
126,1
1643,12
202,210
200,12
59,3
86,1
133,3
116,5
49,2
163,2
171,1
37,1
72,1
81,1
76,1
458,7
90,4
72,2
59,3
667,19
120,1
170,1
320,3
81,1
171,6
186,13
405,26
52,1
64,1
93,25
113,4
4484,3
556,24
4565,3
3858,3
70,8
81,11
105,25
57,2
117,25
107,25
38,1
63,1
79,126
78,126
369,1
196,6
196,6
150,1
382,3
317,1
135,5
65,1
87,2
486,3
25106,33
351,68
215,10
416,6
42,39
54,39
37,39
65,39
37,39
95,1
36,1
92,1
60,1
68,5
71,3
1174,19
517,19
43,15
1153,48
267,1
225,3
111,3
95,2
257,1
441,1
77,1
115,5
1200,23
261,23
160,1
225,23
600,23
253,1
441,48
50,2
648,48
139,20
583,48
583,48
467,48
519,48
1108,48
1183,48
51,5
42,2
165,3
81,5
324,1
110,1
113,4
188,1
49,1
55,2
171,1
120,6
4000,1
39,3
31,1
294,11
330,11
63,1
475,11
180,1
68,13
110,2
238,50
93,2
600,2
400,3
41,1
104,1
229,12
163,23
95,1
50,1
96,28
108,28
36,1
355,17
144,1
171,1
268,11
132,43
245,1
140,43
104,43
72,1
161,1
31,1
336,11
93,1
160,1
89,5
132,1
209,3
285,1
117,2
378,5
41,14
52,14
42,14
63,1
76,5
115,43
101,1
132,43
98,43
97,43
95,43
62,1
140,43
129,43
90,126
143,126
81,1
360,7
169,28
247,1
90,28
137,43
53,4
47,14
133,1
1393,43
338,43
110,2
310,43
158,2
291,43
278,43
292,43
1538,43
211,1
156,2
36,3
214,1
35,8
147,1
60,7
43,14
66,1
68,1
375,6
38,8
42,8
117,12
85,8
93,8
129,8
129,8
43,8
399,6
197,2
201,4
73,2
197,76
179,76
443,6
89,1
29,44
170,28
50,91
324,13
54,91
231,138
54,91
50,91
26,44
500,1
53,1
26,44
42,14
100,1
107,19
145,1
144,5
176,6
29,44
220,9
29,44
53,1
138,6
406,95
261,1
305,103
117,1
41,14
119,18
156,1
41,14
144,2
212,1
150,1
82,1
45,2
169,16
124,6
10890,2
286,16
153,2
47,1
175,16
270,16
135,6
168,6
134,1
601,1
160,1
63,1
48,4
245,5
475,1
85,1
102,1
81,2
95,2
197,1
270,95
62,1
58,2
438,14
227,23
69,15
191,23
100,1
147,23
148,4
30,1
34,1
56,1
108,14
125,15
359,14
158,5
400,1
81,21
555,10
160,1
50,4
70,4
188,14
185,14
190,14
193,14
194,14
150,1
82,1
198,1
48,1
29,1
206,1
70,1
160,1
75,1
102,5
256,16
180,3
901,3
61,1
40,47
39,14
800,3
112,2
100,1
119,30
105,2
93,1
108,1
74,10
138,1
90,1
68,2
38,1
57,2
136,1
85,3
126,2
77,1
30,1
91,12
72,3
116,3
236,2
56,2
800,3
238,12
203,1
80,1
72,1
98,28
125,20
107,20
163,20
82,20
360,1
82,7
108,15
261,1
85,1
261,252
184,2
251,1
138,10
68,34
83,7
221,1
182,2
54,1
160,17
115,1
192,1
100,2
340,28
48,14
153,3
51,14
129,1
66,3
48,1
68,34
47,21
167,1
33,14
80,34
36,4
108,3
65,1
130,3
158,4
220,7
384,405
515,405
99,4
80,20
300,10
171,10
125,10
54,1
77,17
529,27
296,1
251,1
47,1
113,3
294,1
83,13
450,1
163,63
176,9
230,3
147,11
204,4
47,1
388,1
118,3
174,1
144,1
180,1
292,42
51,1
166,63
181,8
90,2
77,12
33,14
56,2
60,3
42,1
175,1
252,1
63,1
216,3
642,12
56,3
68,7
82,7
72,7
68,7
155,1
194,10
55,1
260,1
225,6
200,1
45,1
210,1
538,17
215,1
285,6
189,1
75,7
85,7
239,1
46,1
556,47
630,12
40,2
285,6
145,1
225,6
298,104
117,1
218,1
173,34
60,2
75,12
48,6
204,1
38,2
234,2
359,1
164,2
242,1
77,7
45,1
89,1
90,1
176,47
176,47
203,47
48,4
125,8
258,1
545,22
175,12
48,5
132,1
258,7
70,1
144,2
258,210
75,1
140,2
207,1
75,109
96,109
243,1
142,8
179,8
351,1
32,3
346,3
156,9
257,1
168,4
231,405
57,2
237,13
32,1
372,1
179,8
131,1
234,12
158,11
135,1
314,1
194,8
403,1
158,8
53,2
92,5
27,14
240,1
51,1
522,1
489,2
139,1
462,37
112,28
702,2
66,1
50,6
38,1
144,1
171,1
125,1
207,4
237,9
242,10
60,1
111,1
157,8
157,8
155,27
82,2
186,7
179,16
71,24
156,11
64,1
325,1
243,1
86,7
320,1
40,18
91,9
71,24
71,24
63,24
64,24
64,24
64,24
71,24
65,24
665,1
100,1
81,1
40,18
140,1
110,5
120,3
92,1
275,1
202,15
108,1
40,18
77,8
85,8
262,6
37,3
148,1
216,1
125,1
172,3
370,1
67,1
80,4
71,1
180,1
115,1
47,1
46,18
48,18
99,1
195,1
160,7
210,2
359,4
487,4
112,24
297,84
338,108
453,108
136,1
425,95
67,1
213,5
341,1
130,1
135,3
135,1
140,1
68,1
135,1
105,9
110,5
59,1
364,26
104,2
64,4
149,1
34,3
143,3
38,2
140,2
126,109
155,3
97,1
199,57
108,1
199,51
221,1
122,1
45,2
299,1
200,1
190,4
176,2
43,1
400,4
68,1
270,1
380,1
255,10
31,3
79,43
363,3
65,18
128,1
89,2
63,1
77,18
288,12
77,18
80,1
315,12
48,1
424,5
49,1
342,9
160,2
42,3
27,3
257,3
50,1
132,1
324,10
91,91
47,1
115,2
459,36
32,2
180,2
510,12
88,2
81,5
87,5
154,33
27,5
27,5
25,5
24,5
68,1
51,1
163,10
249,23
165,8
88,109
88,109
51,5
81,34
285,2
230,18
27,3
107,5
75,1
43,4
128,84
111,31
316,2
199,1
123,1
124,1
343,9
272,3
675,3
174,8
195,8
150,8
189,8
78,34
121,8
236,1
65,2
257,6
145,2
50,2
80,11
135,1
56,2
379,6
180,3
37,3
179,16
260,1
81,1
91,6
233,1
900,2
75,1
78,4
206,4
363,405
50,1
148,23
148,23
138,23
146,1
72,1
144,1
72,8
682,4
74,2
126,1
33,3
145,1
68,1
81,109
88,22
85,109
102,9
147,9
56,4
30,3
112,2
92,3
99,3
105,3
98,4
137,1
140,3
225,1
209,8
45,3
71,3
200,1
69,3
170,1
270,1
1133,1
913,1
72,2
359,1
65,22
109,1
300,93
109,1
236,1
111,1
86,1
71,4
87,2
509,9
558,17
95,1
110,1
1979,104
114,2
749,21
119,27
180,1
50,2
102,3
98,2
129,1
325,1
245,1
80,1
108,2
90,1
250,1
149,1
193,5
108,1
203,22
69,1
103,6
69,3
120,1
527,2
352,70
84,2
522,19
157,20
171,1
9680,2
77,109
1650,29
95,2
114,4
297,1
100,1
62,1
893,29
58,3
986,29
251,29
40,1
186,1
1000,29
260,29
147,1
84,4
59,1
101,18
66,1
54,5
102,7
209,17
40,6
150,6
100,10
219,1
278,405
267,405
286,405
179,1
55,6
195,1
70,1
240,1
78,1
724,29
207,11
97,1
45,2
399,1
45,1
173,1
160,40
98,104
44,1
225,23
338,23
534,23
242,2
41,7
42,3
92,1
47,2
32,2
96,1
90,1
43,4
409,16
377,13
208,13
200,23
58,11
195,14
135,3
49,2
320,5
70,11
99,3
77,12
65,12
84,11
536,30
50,1
161,1
163,1
98,2
72,1
54,1
56,3
116,3
150,1
209,19
27,43
77,2
246,2
80,1
64,24
241,29
173,63
158,18
177,63
200,29
63,1
80,1
198,1
94,1
80,1
741,19
252,8
228,2
94,23
175,1
32,1
200,1
106,64
106,64
57,1
283,1
466,1
699,79
451,4
192,64
90,4
160,3
140,20
121,1
153,64
65,64
258,1
95,2
191,1
101,4
97,12
47,4
159,3
227,2
91,1
182,1
100,2
100,1
65,2
169,1
41,2
242,10
88,1
97,1
197,14
72,13
380,14
113,1
35,1
548,3
72,13
41,1
68,13
150,1
176,37
683,3
173,1
142,37
500,4
136,37
87,13
50,28
200,1
58,2
154,6
196,138
117,6
129,6
347,1
192,1
47,1
133,1
130,2
330,6
308,13
49,1
60,3
77,109
94,109
42,1
82,3
114,16
293,5
219,2
86,1
90,1
115,11
85,13
100,13
301,29
134,1
133,11
62,1
342,2
76,1
44,1
135,3
36,43
124,2
58,3
148,37
130,37
145,37
84,1
133,1
154,1
126,37
124,37
550,3
141,1
215,14
159,4
158,53
71,2
426,7
295,12
56,1
67,1
323,18
200,15
90,1
300,210
108,4
90,1
68,1
98,4
54,1
454,16
99,34
59,1
560,30
124,4
168,5
103,2
50,1
120,1
243,9
365,12
238,11
384,1
655,4
69,1
256,405
123,1
45,1
170,7
45,1
297,1
196,1
379,1
308,48
162,1
293,1
123,1
105,4
200,2
185,6
206,1
153,5
260,1
278,5
103,2
476,42
225,1
144,9
245,4
72,24
63,1
72,2
69,1
147,6
302,7
186,9
804,6
65,1
106,2
324,18
184,17
147,1
124,1
235,13
304,19
79,21
241,23
290,23
119,1
244,57
239,4
72,2
54,14
259,27
296,1
95,9
243,19
244,19
177,19
95,23
84,1
161,22
232,1
153,64
372,37
532,405
315,405
122,64
122,64
122,64
106,64
106,64
106,64
308,4
106,64
122,64
375,1
219,5
76,7
128,1
286,210
3000,22
168,2
177,252
112,9
64,1
261,1
179,2
108,18
171,3
46,1
51,1
158,1
18,1
477,93
68,1
54,1
450,1
108,2
304,37
88,1
186,26
45,1
292,6
136,4
105,1
65,64
65,64
65,64
65,64
155,2
65,64
65,64
65,64
59,64
59,64
71,64
71,64
162,1
59,64
59,64
59,64
59,64
53,64
53,64
53,64
53,64
53,64
272,50
106,64
209,1
55,1
112,9
131,2
200,6
64,2
111,76
53,2
304,79
270,3
138,8
180,8
90,1
70,8
221,7
130,1
250,1
153,2
44,1
162,1
126,1
492,8
239,1
414,8
58,1
115,1
86,1
64,1
540,138
540,138
540,138
540,138
88,4
155,1
66,1
110,1
1800,19
350,8
363,1
41,1
120,1
135,1
164,1
141,6
64,5
286,277
694,1
142,10
132,3
72,1
53,1
86,33
184,3
68,9
150,18
285,68
175,13
360,26
314,17
192,2
379,44
1440,4
350,44
308,44
214,44
255,44
358,44
50,5
75,5
900,15
171,1
900,15
128,59
900,15
900,15
68,59
158,59
90,3
147,5
35,1
144,2
60,1
50,5
236,17
900,15
438,2
54,5
66,1
64,2
119,1
179,2
138,1
54,1
162,1
200,2
221,7
119,1
51,6
220,1
135,6
164,1
152,18
435,49
298,4
45,1
187,1
224,4
73,4
109,33
54,1
36,1
171,5
60,1
121,33
117,3
166,33
71,3
613,214
1324,214
2123,214
405,214
944,214
91,14
144,1
144,1
609,214
80,1
65,91
122,5
122,5
122,5
136,1
122,5
162,3
126,2
155,5
603,31
397,1
158,14
395,2
100,1
114,6
285,1
380,3
150,4
318,405
486,405
70,1
32,1
530,3
35,2
60,3
270,3
10,1
441,2
255,66
144,2
325,27
412,27
238,27
241,27
264,27
282,27
292,27
147,24
731,7
493,7
464,7
445,7
257,7
214,7
1250,7
156,11
114,1
248,1
106,1
230,3
35,2
107,1
45,7
48,1
60,3
463,2
312,24
150,5
109,2
360,98
360,98
53,1
169,22
225,6
170,14
189,7
126,6
90,36
369,17
89,1
405,6
68,9
72,9
135,14
457,210
682,4
113,6
100,67
342,17
68,1
215,2
119,67
519,26
342,8
180,1
367,1
81,126
237,6
360,1
112,2
49,3
149,2
170,1
140,1
373,37
134,1
110,6
117,12
248,3
72,1
253,54
303,79
65,2
39,2
119,2
104,7
54,1
135,1
51,2
494,93
48,1
50,1
51,3
225,2
70,5
50,5
354,2
49,2
255,2
3325,1
160,1
285,22
138,32
100,1
360,4
176,26
85,6
95,1
96,1
171,1
175,2
369,1
75,1
330,2
235,10
182,3
131,27
159,138
135,5
42,2
69,1
201,19
44,9
104,1
72,3
180,1
193,95
124,39
40,1
55,2
158,3
45,1
72,2
53,2
190,26
279,103
40,2
79,1
199,1
102,1
271,103
125,1
56,4
350,48
248,210
171,1
50,2
1900,48
122,1
34,43
124,1
83,2
154,1
138,2
168,29
100,21
297,109
176,28
222,1
283,4
373,4
109,2
49,1
315,1
131,50
109,4
55,4
67,4
90,21
214,22
117,14
43,1
185,48
115,7
120,1
80,1
39,1
191,1
36,1
45,1
156,18
57,5
241,27
57,5
438,42
84,23
77,1
106,23
115,23
172,23
138,23
67,40
135,1
225,1
318,13
89,27
42,2
435,28
54,1
54,5
51,1
135,1
54,5
192,1
53,5
141,1
80,4
153,1
117,3
70,27
72,1
227,1
163,9
376,4
64,11
144,4
184,17
144,4
102,56
224,4
833,12
103,3
65,4
274,7
450,10
40,1
128,1
249,2
126,1
133,2
55,2
339,13
281,405
223,405
419,12
140,4
217,1
83,1
78,2
417,66
63,1
90,6
148,13
70,6
149,4
192,7
97,1
481,15
140,1
172,1
117,1
95,56
385,3
476,42
350,12
139,4
76,27
167,18
351,12
307,1
130,1
115,47
387,6
312,55
100,1
285,1
386,7
313,55
80,1
438,79
104,37
221,1
433,4
533,44
77,1
171,1
178,1
262,126
163,2
307,1
300,2
51,1
163,2
88,56
83,5
62,1
212,1
219,2
184,17
184,17
184,17
50,7
60,2
227,16
230,1
181,1
184,17
134,2
217,12
3000,68
875,1
175,13
493,4
529,9
964,1
529,12
70,3
132,9
116,1
248,2
66,2
170,1
150,6
280,2
272,17
433,17
429,17
183,4
169,1
90,34
31,20
139,20
100,3
106,3
145,3
53,3
126,1
549,6
360,116
108,14
243,14
114,14
68,14
119,2
86,2
222,108
48,1
237,108
237,108
237,108
222,108
222,108
237,108
237,108
170,6
292,108
300,108
300,108
292,108
166,1
292,108
300,108
303,108
300,108
342,108
444,108
446,108
128,10
298,71
298,71
298,71
126,14
298,71
298,71
298,71
348,71
348,71
398,71
398,71
398,71
398,71
232,6
398,71
454,71
510,71
447,71
844,71
844,71
71,1
146,2
100,1
90,3
68,1
52,1
95,1
60,1
222,2
160,1
228,1
70,1
43,1
279,1
160,4
209,1
54,4
450,1
38,1
79,2
120,1
123,2
322,3
115,3
38,1
70,1
35,1
80,1
116,2
175,1
269,40
843,5
296,40
323,40
334,40
350,40
40,2
370,10
695,5
145,1
41,1
260,31
198,1
675,1
273,40
284,40
306,40
327,40
190,1
450,12
59,1
162,1
65,1
120,116
90,1
177,3
38,1
200,7
130,1
144,1
206,15
1304,113
95,1
392,28
146,13
95,1
175,1
455,15
203,1
443,12
306,11
222,8
1018,5
90,1
214,6
295,11
45,9
90,23
100,23
323,19
289,11
204,11
192,16
200,16
187,16
37,3
600,7
128,2
174,1
85,2
173,3
165,252
185,3
33,1
111,1
180,1
183,2
63,1
36,3
161,43
162,1
172,43
110,1
108,11
183,10
54,1
418,40
70,1
95,1
90,48
192,3
108,11
422,2
77,14
104,11
451,9
104,11
1035,4
56,5
195,1
35,5
215,1
75,12
488,13
110,12
131,1
2376,4
58,2
57,2
60,1
33,1
236,16
192,48
272,68
143,40
159,1
188,8
128,16
77,1
114,16
620,50
176,1
86,3
57,5
156,14
54,5
57,5
57,5
237,6
122,3
51,3
284,1
45,1
115,1
133,3
140,3
733,138
127,1
45,9
195,16
207,16
59,6
122,1
73,1
200,16
144,1
86,4
190,5
147,11
94,48
164,46
155,252
167,36
176,36
230,36
235,36
332,26
91,6
123,11
230,3
342,3
270,3
273,16
112,31
173,2
60,1
270,1
105,1
171,3
326,49
238,5
35,1
742,5
90,1
47,5
213,32
175,9
94,56
82,3
553,93
81,1
82,1
137,7
77,5
53,1
76,116
91,1
239,19
62,2
99,2
89,2
296,25
121,126
140,13
36,1
92,11
160,14
167,10
122,6
46,4
388,7
48,4
76,4
54,4
300,1
163,1
42,6
172,25
36,25
34,6
47,1
117,3
154,2
324,39
100,1
202,116
32,3
54,3
54,1
76,7
426,1
214,6
92,2
164,1
120,2
195,1
52,3
160,1
60,3
135,1
66,21
253,1
260,1
240,1
94,1
129,1
171,1
124,1
109,1
75,2
190,1
77,1
88,1
477,1
130,15
137,2
157,1
230,2
45,6
95,2
101,33
208,21
5000,2
349,405
366,405
309,277
198,3
108,6
125,5
110,67
261,14
144,3
216,4
110,5
316,2
120,1
341,43
288,1
270,1
196,2
81,20
318,21
205,57
38,1
40,1
135,2
245,2
220,4
230,14
540,1
119,39
127,39
98,39
316,1
296,1
83,5
123,2
277,27
34,4
580,252
83,3
45,1
87,2
109,3
61,13
90,2
214,2
271,8
86,15
87,9
72,15
739,2
92,1
66,15
166,9
117,1
300,405
148,43
338,405
397,37
252,1
51,1
350,1
237,43
79,1
140,17
166,1
115,20
144,1
266,3
217,1
221,17
161,252
300,6
268,21
86,1
336,17
44,1
89,20
89,5
130,29
453,1
54,1
58,2
150,1
45,1
32,1
84,19
68,19
92,19
105,23
146,1
198,1
285,2
38,1
280,3
101,1
187,138
87,2
85,3
119,8
258,3
54,2
236,3
622,48
134,1
39,1
198,1
223,4
253,18
45,1
881,4
328,17
108,1
1035,4
101,1
115,1
176,28
152,59
296,95
88,5
117,7
500,5
200,12
40,1
35,1
100,23
70,23
266,7
176,28
39,65
250,28
353,1
62,13
50,1
1025,19
218,9
120,2
70,1
119,1
94,52
98,1
201,23
285,23
537,35
670,35
351,76
62,3
303,405
335,405
63,6
68,15
80,13
218,1
386,95
124,30
837,9
40,1
975,12
95,56
86,56
59,5
81,1
128,1
252,15
329,15
406,15
85,5
120,3
190,3
120,3
228,1
1132,5
150,30
99,1
95,4
233,6
148,9
213,3
180,14
131,1
233,6
233,6
45,3
43,2
105,1
775,12
141,1
228,4
360,19
320,4
206,4
217,4
405,1
77,1
203,40
98,13
70,2
78,2
27,2
148,40
243,3
189,18
59,1
145,1
381,13
149,1
126,2
414,15
76,1
220,252
224,405
258,405
385,12
118,3
431,12
375,12
233,6
355,12
184,28
408,12
445,12
512,12
233,6
170,12
142,2
60,4
163,7
535,12
465,12
116,5
69,13
25,2
43,1
203,1
215,9
93,1
94,40
46,1
68,1
90,40
225,1
95,1
107,40
41,5
85,1
55,1
122,40
59,1
86,1
86,1
176,1
176,4
153,1
69,1
113,1
33,8
186,7
509,9
114,1
117,1
64,1
342,1
41,1
127,3
78,2
190,9
136,1
113,1
35,1
360,6
122,16
146,16
72,1
116,3
62,1
107,2
502,20
117,2
104,2
172,1
213,1
162,1
139,1
159,12
259,10
225,2
103,1
527,1
197,6
147,6
45,7
90,1
778,48
166,1
192,5
55,1
117,14
95,4
177,21
108,1
239,27
131,27
80,1
949,48
71,3
303,1
128,5
55,5
522,3
536,3
32,5
122,3
63,3
350,13
409,13
95,1
49,1
103,1
171,5
70,3
54,2
95,3
156,1
185,5
136,5
120,1
257,84
158,2
139,3
428,44
156,2
95,1
91,1
270,28
288,17
58,7
205,2
189,2
237,6
53,50
180,6
150,1
87,6
78,25
278,2
136,10
45,1
225,1
116,1
423,1
338,1
183,5
54,4
178,4
243,1
48,24
43,6
88,21
34,1
60,1
68,4
185,4
83,5
81,1
102,1
140,1
342,1
215,43
135,1
107,1
117,5
350,7
109,1
334,1
263,13
300,13
238,95
235,2
134,2
44,15
47,15
92,15
117,1
142,1
72,4
161,7
79,1
268,1
1222,6
39,6
53,12
710,15
97,86
117,6
150,2
135,1
41,6
41,1
165,2
423,13
397,13
2302,13
84,86
87,21
78,86
394,8
238,16
135,30
399,8
24,2
285,8
113,1
124,4
44,2
104,1
43,1
92,1
45,2
125,56
176,4
68,28
80,11
135,1
149,11
80,11
80,11
153,1
2303,13
29,2
170,2
276,10
260,10
29,1
272,2
600,48
58,67
198,1
293,10
439,10
117,1
53,1
45,1
91,2
149,1
101,3
52,1
144,10
53,1
160,27
582,30
557,103
55,13
168,10
24,1
74,7
74,7
172,5
99,18
271,1
218,9
297,2
135,2
122,1
380,25
90,1
162,1
168,25
383,17
136,4
188,6
102,2
63,2
126,23
126,23
126,23
135,23
78,1
109,1
24,1
54,13
211,3
312,1
66,2
460,6
140,10
65,1
27,3
136,1
38,2
35,3
270,1
66,21
226,1
81,1
113,1
158,16
30,4
136,1
2000,4
103,21
213,53
55,1
256,1
172,1
39,3
148,1
148,6
77,2
255,2
140,1
44,1
48,9
50,9
162,2
83,1
137,5
379,20
382,20
56,10
134,1
72,3
753,93
173,9
44,18
29,18
201,1
32,2
150,1
204,27
137,2
175,15
300,103
105,13
99,1
171,1
671,14
36,6
386,4
43,3
301,3
314,7
195,2
73,21
200,57
87,1
104,8
206,113
140,1
78,1
144,1
350,26
225,79
143,1
70,1
111,7
474,27
180,1
42,18
78,21
135,2
270,2
201,1
176,2
109,1
53,21
63,1
205,11
112,11
105,2
72,1
63,1
167,1
383,1
447,18
102,1
191,2
114,6
140,98
265,40
108,6
90,6
63,5
259,1
89,6
132,19
100,6
120,9
122,1
97,6
45,1
80,2
350,98
77,1
62,68
138,7
862,5
90,1
535,50
564,405
98,1
612,44
211,8
260,98
410,13
232,1
395,13
306,13
168,48
96,1
72,2
114,2
65,22
180,1
123,1
153,2
800,3
97,1
251,3
110,1
125,3
115,1
30,2
443,21
39,1
133,38
443,17
238,5
156,1
32,2
81,1
147,6
145,2
400,2
99,5
230,26
79,5
125,1
743,9
246,103
154,1
404,2
110,9
135,1
136,38
42,1
709,113
113,38
114,15
115,38
123,38
606,1
126,23
126,23
187,23
436,15
518,15
110,38
143,38
262,4
329,1
143,38
164,32
220,1
183,1
143,2
206,1
78,5
493,4
118,2
92,5
47,2
640,1
228,4
252,1
212,1
850,8
383,14
232,14
100,9
234,405
90,2
256,19
322,9
32,3
175,1
233,46
141,76
156,76
182,76
217,76
176,2
85,5
218,20
59,3
51,1
374,3
42,3
45,3
266,2
77,23
149,6
195,1
81,23
153,84
72,1
206,2
55,3
186,6
63,2
240,3
95,5
334,6
77,23
96,2
52,3
47,3
52,3
147,5
64,1
255,31
217,79
246,26
503,1
100,9
115,9
571,9
500,9
500,9
500,9
46,44
100,7
200,4
571,7
571,7
571,7
571,7
571,7
571,7
571,7
500,7
500,7
500,7
500,7
500,7
128,2
211,1
259,4
206,1
135,5
80,1
94,2
47,2
305,6
90,7
213,6
78,7
207,1
186,6
59,5
398,7
38,1
56,1
137,1
79,5
44,1
65,6
89,56
124,1
233,6
41,3
81,6
102,6
131,2
72,6
94,8
87,8
97,8
34,14
91,8
82,8
143,8
236,8
297,8
29,1
110,1
138,1
80,2
105,5
99,8
500,63
95,8
143,8
88,8
90,8
85,8
224,8
311,8
125,8
300,1
177,19
763,2
160,1
746,2
243,1
144,1
301,2
131,2
42,2
33,2
63,2
180,1
181,1
40,14
155,18
197,1
44,18
241,3
146,8
248,1
166,1
52,1
63,1
50,1
113,13
64,2
395,5
180,2
135,5
112,2
43,6
166,4
107,34
56,1
78,1
105,2
142,1
28,4
56,2
229,1
110,1
242,6
143,1
65,1
115,1
143,2
144,1
218,1
170,5
35,25
117,1
108,2
282,57
135,2
709,70
176,6
104,2
119,17
363,14
234,4
102,3
640,18
156,54
118,1
150,1
288,3
121,3
38,5
222,1
77,2
270,2
135,3
166,5
121,5
158,1
219,19
78,6
81,6
291,19
293,4
255,9
175,1
176,4
298,1
183,5
246,405
160,4
155,1
403,10
360,1
198,12
229,1
210,12
578,17
66,4
78,67
74,7
34,16
72,1
191,2
371,1
192,1
173,59
63,2
92,1
150,1
34,6
120,2
45,2
198,5
600,1
264,4
150,8
247,5
161,1
157,20
102,18
605,214
748,214
549,214
63,1
303,7
182,6
188,1
188,1
59,2
127,4
93,4
85,4
100,4
200,9
460,23
240,95
44,1
144,14
510,5
90,4
216,1
216,14
182,14
105,1
57,4
97,3
360,252
64,1
141,4
143,1
296,4
200,2
63,2
31,1
242,39
560,9
467,14
165,6
253,1
86,7
289,9
264,14
124,1
244,14
55,3
102,27
51,2
320,17
331,405
226,2
751,30
229,2
272,8
96,1
325,1
107,1
185,1
1000,8
394,3
342,4
177,1
238,2
138,4
277,3
77,2
83,5
83,5
83,5
90,4
109,3
57,1
59,1
64,52
136,1
230,1
149,1
81,1
187,2
279,2
106,1
242,2
285,8
110,4
39,2
30812,1
140,26
101,1
199,3
159,1
87,5
50,2
94,1
240,1
226,277
41,5
230,1
250,4
135,2
167,1
41,1
80,2
52,1
89,1
226,1
150,3
80,2
135,54
253,54
172,18
240,1
125,26
32,30
84,8
172,1
66,8
134,2
163,1
102,26
216,1
104,32
105,2
181,3
195,4
298,405
54,1
114,1
133,1
191,9
81,13
149,1
145,1
71,8
398,13
40,1
58,1
204,6
38,2
82,10
55,3
61,8
32,3
225,1
40,2
47,2
87,1
72,1
360,1
69,8
199,3
55,8
60,8
271,9
75,8
94,76
140,76
77,2
198,11
45,1
65,1
75,4
250,1
2363,2
90,3
112,1
43,5
180,2
47,5
43,5
215,2
86,1
374,405
98,2
80,1
297,14
240,2
2500,1
215,4
45,6
172,8
270,1
261,252
85,3
147,10
175,10
463,10
146,116
152,2
89,1
114,16
57,6
103,16
138,16
153,1
57,1
225,6
57,1
171,6
136,6
215,6
117,6
160,1
119,6
126,6
114,6
323,1
153,1
133,42
442,1
91,42
635,103
352,4
377,55
272,3
77,1
41,1
160,1
164,1
32,8
69,48
180,2
131,14
167,65
132,13
77,1
113,1
48,2
125,30
85,1
378,4
450,1
175,1
272,2
150,1
62,3
121,2
37,1
220,4
94,1
561,4
120,2
70,1
86,18
43,5
450,1
146,1
54,9
154,7
120,1
40,9
61,9
133,2
124,18
78,2
298,2
290,3
161,2
155,3
40,1
55,16
50,1
150,1
108,1
73,8
65,4
237,7
347,2
234,1
28,2
236,13
81,48
212,13
73,8
90,2
270,1
200,1
183,2
413,6
143,1
95,48
48,1
44,44
90,48
59,2
312,48
206,1
171,6
64,1
158,33
126,37
194,6
135,1
327,113
93,8
110,6
150,6
41,24
207,6
224,6
230,6
303,6
484,6
168,4
293,68
528,103
121,1
3223,13
176,1
311,8
581,252
112,13
309,9
180,1
87,1
328,9
281,7
144,9
56,2
56,2
231,8
326,1
226,8
70,1
312,29
44,2
143,1
189,1
56,1
1332,4
239,13
106,1
1760,1
304,14
200,6
165,1
57,9
140,54
44,9
164,59
47,9
39,9
42,1
46,1
171,1
145,4
185,3
141,3
49,4
124,277
35,1
138,6
133,1
147,1
72,1
352,5
77,20
146,14
198,8
135,1
108,1
85,1
250,3
183,8
412,3
119,8
60,2
81,1
166,2
93,9
70,6
96,1
180,1
90,6
72,6
72,6
72,6
81,6
162,1
180,1
52,1
109,2
152,1
61,1
63,1
126,2
84,2
45,1
114,9
105,14
361,1
150,1
113,1
171,1
108,14
136,1
34,1
219,1
70,1
167,7
43,1
119,6
192,1
136,1
48,5
90,17
233,1
213,13
58,5
129,10
269,2
45,1
341,3
210,1
120,1
363,15
407,103
195,8
300,95
162,1
139,4
354,405
187,8
156,3
178,18
62,3
192,4
137,12
84,1
206,1
127,1
179,1
158,2
93,1
97,7
96,37
97,37
45,1
52,1
63,1
171,18
138,1
592,79
146,4
51,1
236,30
57,1
150,1
129,2
13,2
369,405
47,2
206,54
184,8
90,1
133,1
52,2
56,1
111,2
108,1
85,1
100,3
80,3
57,5
374,405
412,93
226,1
122,19
72,2
276,4
171,8
51,1
213,2
78,1
174,1
139,14
107,29
180,2
129,3
113,1
32,1
72,1
315,3
159,1
106,1
500,63
500,63
68,1
500,63
1000,63
63,2
143,1
275,63
292,1
79,2
36,1
107,3
50,24
176,1
147,9
162,1
135,1
121,4
500,7
195,4
57,8
189,6
59,2
60,2
168,9
249,4
143,4
135,1
174,1
194,1
630,1
120,11
238,1
37,4
88,8
179,1
164,1
500,48
114,5
117,7
67,1
186,6
42,4
119,28
128,1
186,8
228,79
190,8
77,1
500,63
199,5
500,63
55,24
500,63
70,3
500,63
274,2
47,24
500,63
500,63
49,24
271,4
117,2
162,2
63,10
177,2
90,1
51,10
63,10
43,4
50,10
51,10
62,10
180,5
51,10
53,10
46,10
70,21
145,1
1000,1
140,1
125,1
136,14
140,14
177,1
127,5
81,1
37,1
123,2
32,65
121,2
35,65
31,65
111,31
331,5
44,1
289,4
140,1
52,1
278,1
262,4
36,4
121,16
45,3
936,2
37,4
586,21
297,22
241,1
291,103
37,65
130,1
35,65
169,1
205,17
80,2
85,1
161,1
315,1
600,2
108,1
444,103
87,3
338,103
122,1
53,1
58,1
188,2
500,42
110,1
135,1
180,1
360,1
44,3
202,1
88,1
81,1
250,210
117,5
586,17
48,4
72,1
160,252
134,1
72,7
405,1
350,32
192,6
400,1
215,1
41,1
128,6
217,103
129,1
44,4
98,6
388,20
154,1
152,1
216,66
44,4
126,1
200,1
271,2
397,66
184,1
270,1
516,2
110,12
133,1
80,1
309,405
63,1
65,1
1200,3
158,28
103,25
126,1
75,1
29,2
980,25
83,8
240,6
320,1
121,13
31,2
400,1
59,1
408,57
70,1
222,4
104,3
210,2
53,3
165,7
130,1
180,1
51,39
130,5
50,39
67,1
174,20
55,1
99,28
60,39
108,2
133,3
131,2
45,2
60,1
145,16
285,7
521,103
77,23
73,1
288,1
100,8
140,1
80,2
224,4
207,1
67,4
49,3
96,3
350,1
442,40
36,2
150,1
58,2
109,25
103,1
40,1
40,1
88,26
122,2
169,10
254,2
179,1
185,10
47,5
232,1
240,1
68,1
333,2
42,24
270,7
295,1
43,1
566,1
32,1
72,1
121,13
125,13
240,1
90,1
155,13
45,1
110,1
81,2
160,1
51,1
174,54
128,2
55,44
99,2
50,11
144,63
125,63
54,2
219,8
277,3
180,2
121,7
208,1
90,2
104,26
117,26
387,95
90,1
57,13
122,28
144,19
444,103
239,2
215,2
324,6
48,1
67,1
79,1
24,14
64,4
187,19
300,14
99,3
153,2
54,4
233,1
36,1
152,3
225,1
108,1
88,1
85,1
83,1
45,1
77,56
400,1
405,3
232,2
170,1
171,1
63,2
67,2
43,1
77,1
183,9
133,3
136,2
50,1
32,3
300,1
66,34
171,7
170,7
101,1
234,1
107,1
571,7
196,31
95,1
72,56
83,1
112,1
162,2
270,2
499,1
43,1
40,10
270,6
88,26
127,2
180,1
36,3
531,103
300,1
363,405
119,18
149,40
57,67
131,1
236,103
270,2
140,1
187,1
288,1
57,1
166,18
89,1
88,1
240,2
50,2
107,18
122,1
221,103
35,1
53,1
81,7
187,9
375,3
619,1
50,1
67,1
97,34
101,1
86,26
74,4
74,4
528,405
45,2
200,1
44,4
586,4
231,103
155,1
60,1
113,28
78,1
300,1
180,1
238,2
306,103
161,14
165,1
169,16
173,40
463,35
126,2
101,2
157,2
188,1
47,1
57,3
105,31
63,13
112,1
54,3
1500,13
1435,13
146,14
78,3
71,2
73,3
98,26
93,26
993,4
37,2
217,5
35,1
40,1
158,5
181,2
173,6
41,4
72,47
174,1
59,1
64,1
104,1
60,1
232,9
518,1
154,4
143,4
268,4
170,14
153,1
137,2
36,2
73,7
86,1
47,5
149,1
69,2
167,1
248,2
155,1
56,1
36,2
43,18
57,1
45,1
127,28
600,1
677,8
74,4
64,3
65,7
245,44
320,18
181,38
54,2
340,5
59,1
452,5
356,5
356,5
500,8
500,8
500,8
500,8
500,9
500,9
500,9
500,9
500,9
500,9
500,9
275,4
283,1
223,4
373,1
303,1
480,1
219,42
103,9
89,15
165,18
206,2
465,12
296,1
59,2
38,1
75,19
232,2
290,3
99,9
176,138
96,9
158,1
40,1
94,2
268,26
235,14
292,1
219,17
390,37
637,95
117,1
129,1
179,2
36,1
44,2
144,1
59,1
146,14
477,1
140,14
200,1
258,1
228,3
79,2
60,1
270,2
54,2
127,1
95,1
295,35
108,1
2160,22
1400,22
1350,22
1170,22
474,22
212,2
750,22
240,2
183,1
1350,22
990,22
1710,22
246,1
1800,22
990,22
96,1
65,2
141,4
249,1
114,3
95,3
2700,22
48,1
1980,22
184,38
1170,22
155,38
1800,22
160,38
2055,22
473,22
243,1
172,18
234,1
75,1
104,1
90,2
109,2
90,1
380,3
45,1
250,2
170,1
50,1
350,15
69,5
70,1
39,2
86,1
60,19
63,19
55,2
71,19
58,19
124,2
63,1
280,1
169,22
358,113
271,103
300,1
249,11
460,12
36,1
95,1
930,8
41,2
140,1
120,30
136,1
400,1
236,1
51,1
93,11
112,76
181,8
45,65
142,1
96,14
32,65
90,3
32,65
360,1
50,4
220,1
1000,7
1150,8
50,2
95,1
41,1
283,4
116,12
112,5
375,20
128,28
152,1
136,1
880,214
385,2
102,47
101,47
103,47
106,47
99,47
90,47
187,28
195,1
278,405
83,1
91,5
158,1
85,5
91,37
360,6
91,37
87,37
399,5
94,37
444,1
73,1
20,18
279,15
165,1
270,1
227,4
135,1
300,5
117,1
47,1
34,1
53,2
175,8
60,1
111,1
31,1
199,2
121,28
78,1
270,1
197,2
497,1
66,1
128,40
36,2
96,1
62,26
147,2
96,26
191,12
550,4
200,10
74,1
91,2
67,2
59,2
50,1
105,1
52,1
153,2
82,1
117,1
250,10
176,10
208,2
207,3
108,1
122,1
31,65
185,1
35,1
420,405
38,4
129,4
332,2
79,1
104,2
182,56
144,1
160,1
72,1
576,1
301,15
60,1
198,1
188,2
1500,13
33,4
63,3
72,1
277,1
219,6
400,19
207,1
79,11
253,4
55,1
189,2
45,2
109,1
64,1
165,9
245,18
238,15
124,22
189,1
58,67
125,4
157,2
111,1
160,252
73,1
52,1
146,1
56,3
152,17
240,3
214,3
200,1
59,1
113,2
261,2
161,2
135,1
356,1
81,1
60,1
220,1
108,1
400,5
93,1
50,3
69,8
105,2
122,3
236,50
63,2
45,1
462,1
85,1
38,7
151,12
82,2
170,2
180,1
153,19
249,6
59,2
121,3
69,8
59,8
49,8
166,3
135,1
75,1
222,6
45,3
48,6
70,1
274,13
855,1
38,2
139,1
122,1
45,4
63,5
53,1
162,4
279,1
62,1
231,2
136,1
198,1
178,1
470,7
144,7
38,1
63,28
120,28
35,1
380,1
84,2
392,1
188,3
314,1
82,109
112,6
124,3
136,1
189,1
77,1
55,1
150,24
118,54
222,1
54,7
179,1
230,1
42,7
43,7
35,1
47,1
377,8
90,3
99,1
120,3
114,3
87,1
257,1
40,7
200,2
40,7
421,2
48,3
184,2
448,4
448,4
468,4
119,1
37,30
260,1
183,3
206,1
171,1
125,24
99,2
438,1
180,16
586,214
45,2
173,3
33,5
42,1
247,1
170,12
209,2
398,1
98,1
198,8
73,109
75,109
50,1
334,2
115,2
177,1
189,11
49,1
227,1
379,79
130,1
90,7
265,1
106,1
44,10
90,7
160,12
34,10
126,7
98,1
60,7
171,7
53,1
307,2
329,70
213,2
240,2
120,39
127,39
120,2
41,1
998,3
275,405
300,405
285,405
75,3
438,5
65,59
127,2
64,59
136,1
56,1
95,5
107,29
212,6
203,12
123,1
95,1
120,8
110,6
169,48
160,3
416,1
309,2
205,2
77,2
353,3
81,1
33,7
119,2
233,4
199,8
100,1
27,8
26,8
23,8
22,8
150,1
404,7
420,7
349,7
125,8
206,1
114,16
110,1
329,1
157,1
355,13
187,26
176,3
205,98
360,13
191,1
144,1
305,405
289,13
242,28
241,3
57,3
850,1
75,3
62,1
473,1
135,8
36,1
150,4
36,1
80,138
180,1
222,1
293,21
125,1
147,4
900,4
92,1
492,19
37,8
828,119
59,4
135,39
152,39
59,4
286,23
36,16
59,4
78,2
134,39
114,39
148,39
152,39
174,28
219,57
140,9
75,11
199,2
115,3
134,1
83,2
164,28
57,1
40,10
60,109
52,1
37,10
76,109
55,109
183,54
214,63
229,6
330,116
135,1
153,1
147,4
88,1
200,1
70,3
43,3
181,1
41,1
1050,22
135,2
99,1
121,1
66,3
60,2
512,1
133,28
247,1
200,1
315,8
230,8
143,9
76,6
43,1
224,6
76,1
43,2
40,1
1084,76
167,1
189,2
86,1
87,7
158,2
64,1
143,1
76,1
193,2
70,1
200,1
259,2
151,1
243,1
135,2
241,21
270,2
230,8
287,1
55,1
528,3
54,1
70,1
98,1
156,18
212,9
600,1
324,1
504,113
229,18
59,1
59,1
126,3
50,1
49,2
222,1
100,1
300,1
372,405
75,1
50,1
132,1
198,1
38,3
329,13
52,1
130,1
196,1
72,1
59,1
112,1
151,2
331,13
180,1
262,2
54,1
137,1
507,26
35,2
35,2
37,2
257,405
261,405
191,405
396,8
105,6
208,13
292,13
225,13
445,13
468,16
144,70
300,13
495,38
75,1
185,2
36,2
146,2
143,1
193,1
135,70
58,3
149,1
254,1
350,1
184,10
156,10
96,1
658,37
117,1
180,2
61,1
113,3
176,1
66,8
1600,13
41,1
990,1
405,1
153,2
204,7
159,1
109,3
50,1
201,7
260,1
174,1
160,10
217,9
280,1
258,14
105,1
434,405
50,5
15000,1
479,15
140,1
105,6
306,103
130,5
97,8
300,103
88,11
256,116
295,116
315,116
50,116
627,210
139,1
311,1
90,1
26,1
39,4
90,2
145,3
155,1
428,2
54,3
228,20
179,1
190,3
148,1
139,1
470,103
131,1
455,2
125,14
258,1
540,116
140,4
335,3
73,67
117,1
48,3
321,10
275,5
694,1
108,1
29,3
43,2
115,1
174,7
133,3
136,2
270,4
157,14
103,10
78,138
52,1
215,4
186,18
26,2
197,4
350,1
374,405
211,17
438,5
549,31
464,5
637,5
785,5
420,5
67,1
148,1
152,2
98,1
51,84
176,7
50,1
53,15
337,113
84,3
31,5
52,6
63,1
138,24
723,2
432,57
87,15
1000,138
41,1
135,1
76,1
92,4
137,14
154,3
247,9
138,1
69,8
182,1
274,5
182,5
110,2
105,6
49,1
180,1
300,2
95,1
335,14
315,4
189,4
112,2
219,46
140,1
426,2
133,1
45,1
622,44
206,1
719,12
125,14
277,48
400,1
351,6
176,3
71,1
450,3
142,28
202,138
113,5
144,14
146,20
155,1
35,1
165,1
56,1
133,1
180,1
178,2
252,1
134,1
215,1
160,11
163,1
1515,1
360,1
370,1
126,19
160,1
104,1
150,1
260,11
81,138
124,1
87,1
32,2
517,405
127,76
120,76
266,103
220,3
255,8
168,44
36,1
275,1
37,3
59,2
347,40
266,1
64,4
99,1
164,1
126,1
440,2
235,9
90,1
67,3
1484,48
141,3
193,5
83,48
80,6
229,65
89,1
50,65
81,48
132,64
132,1
35,65
227,5
33,65
36,65
43,1
94,47
320,39
77,48
120,59
81,3
103,3
133,1
489,405
132,3
121,1
140,12
230,68
604,1
317,405
216,6
225,7
107,5
142,3
248,1
436,405
49,18
192,1
157,13
115,4
95,1
98,1
236,53
39,65
49,18
288,1
215,4
116,11
394,5
122,16
299,9
135,1
170,29
489,405
77,5
50,5
468,6
963,103
55,2
198,3
160,17
4400,2
533,50
273,3
6000,81
130,1
190,2
33,4
75,3
294,6
107,16
1000,8
307,405
340,103
200,2
43,13
32,3
88,5
70,33
695,10
167,1
112,5
235,116
143,1
209,12
3000,1
56,1
242,14
3000,1
565,38
199,7
65,4
83,1
163,4
78,21
90,1
44,4
157,1
72,1
81,2
142,2
44,1
230,138
103,1
35,6
57,2
200,1
35,1
63,1
46,65
68,1
165,65
30,65
108,29
163,29
124,29
176,1
334,103
31,65
129,65
111,23
116,23
170,29
150,252
66,13
105,1
65,3
78,6
72,6
60,6
60,6
112,1
44,1
271,79
48,1
100,1
75,3
170,1
79,1
237,1
48,1
90,7
70,1
285,1
68,1
293,6
90,6
173,11
41,1
42,1
350,32
800,95
403,29
350,28
323,2
350,28
185,20
196,1
223,1
271,3
73,1
109,70
159,10
171,1
225,1
190,2
202,18
250,10
199,1
107,1
97,1
298,18
201,5
159,18
194,14
72,1
269,1
107,1
98,1
99,1
198,1
133,29
191,3
333,6
158,14
146,43
63,2
138,1
53,1
912,21
318,7
179,2
38,1
197,25
141,7
135,4
213,13
80,4
213,31
40,1
199,2
177,63
200,2
250,1
140,1
100,2
56,1
238,1
207,1
60,3
132,3
332,2
117,4
118,1
72,2
148,15
180,1
182,63
171,1
122,1
72,10
54,1
72,10
115,4
198,1
91,1
65,1
500,1
200,1
75,1
988,1
404,8
124,1
68,3
225,6
99,2
81,16
225,1
261,2
110,2
405,2
144,3
512,12
123,19
120,1
222,13
217,1
185,3
81,1
117,1
184,43
473,15
180,1
361,405
53,1
42,3
475,1
138,277
174,1
131,1
52,2
271,4
57,1
162,1
317,1
113,1
325,1
215,2
78,1
243,3
136,2
155,1
404,2
490,2
100,1
54,2
31,10
400,4
121,15
22,1
259,4
203,3
190,1
181,5
50,1
103,1
170,40
205,4
136,1
190,1
77,3
72,1
1043,13
1043,13
97,1
72,1
720,1
87,1
98,109
62,19
66,109
66,109
562,2
198,2
90,1
856,2
214,1
118,13
57,1
293,1
218,9
338,103
192,2
143,1
274,4
200,4
384,103
300,5
120,2
91,21
84,5
168,1
480,35
58,6
158,18
93,2
204,48
60,2
44,5
144,1
111,2
107,1
90,6
182,1
68,1
99,1
198,1
908,76
428,76
254,5
583,76
291,1
177,13
117,1
180,2
160,1
25,8
548,25
322,1
126,2
181,1
129,2
77,1
393,29
500,29
473,12
113,1
47,2
82,6
90,3
99,1
124,1
130,1
252,4
141,6
450,50
158,2
120,31
170,1
227,25
300,1
156,1
229,25
100,1
192,1
360,116
72,1
230,19
184,64
85,3
192,59
111,1
37,4
104,1
96,1
220,19
225,1
220,6
480,1
69,1
40,4
220,6
100,1
150,6
76,2
225,20
81,1
318,103
148,1
403,103
214,25
529,4
95,6
141,1
103,6
103,6
157,1
207,22
1061,119
513,1
31,5
67,13
146,3
387,210
183,14
405,8
200,210
156,28
97,1
152,28
400,210
153,1
62,109
124,18
417,6
40,7
450,5
46,1
30,6
256,1
403,14
49,1
250,2
179,12
55,2
60,1
141,54
71,2
115,1
130,1
46,1
136,14
227,4
177,1
423,1
40,1
164,1
170,1
213,6
39,16
164,1
206,1
170,6
47,1
190,1
152,1
45,1
85,1
135,2
250,1
154,1
112,14
49,4
101,14
101,14
61,1
315,1
188,2
163,5
47,5
182,25
82,1
45,9
70,2
289,2
198,1
216,4
108,2
66,1
399,8
80,2
76,2
253,1
70,1
180,1
106,4
208,4
332,121
299,13
98,1
185,95
36,4
52,1
180,52
296,22
211,12
115,8
115,22
158,1
75,1
179,8
89,116
328,15
342,116
142,1
59,2
755,12
35,3
288,1
163,2
164,1
185,1
868,12
324,6
111,2
147,6
149,16
95,1
180,1
72,1
153,3
135,2
759,16
112,1
124,10
74,2
206,1
146,1
225,1
71,1
46,67
189,1
55,1
156,29
345,405
117,14
151,63
93,6
198,1
40,4
100,1
190,12
144,17
500,1
144,14
81,2
59,1
118,1
116,1
270,1
45,6
164,17
63,67
70,1
115,59
172,1
476,2
383,2
200,1
889,6
134,1
55,1
108,1
151,19
417,17
126,2
200,1
125,1
97,1
76,1
521,1
99,5
43,4
60,13
42,4
95,4
230,8
380,8
447,17
140,1
32,1
55,2
105,1
108,29
191,12
34,3
117,1
288,1
139,8
300,1
115,1
649,4
128,1
276,12
1125,81
124,3
1242,4
164,9
174,4
1062,4
135,2
234,8
34,2
152,1
150,2
87,9
123,12
704,81
112,1
913,81
105,1
135,2
216,1
884,3
181,1
74,1
54,1
260,2
160,1
500,63
198,9
62,1
58,8
188,2
125,3
90,3
81,3
32,3
221,1
175,1
130,1
145,2
724,7
159,1
113,4
189,1
39,2
129,277
96,1
162,1
450,7
78,1
149,46
129,1
229,3
48,14
333,20
90,1
58,59
65,59
85,1
147,46
154,1
69,13
148,2
155,4
185,4
64,2
400,2
77,6
117,1
258,10
281,16
248,1
225,6
112,1
118,1
103,26
100,26
40,2
225,16
125,1
110,9
143,2
170,54
148,3
45,1
450,1
108,126
275,1
133,26
291,28
107,126
131,54
108,7
90,1
155,7
222,13
345,210
523,210
280,210
210,210
194,1
86,1
92,16
92,16
36,3
45,2
59,1
400,1
118,8
86,1
196,1
255,1
205,1
313,1
138,19
78,34
185,1
41,3
63,1
52,1
248,2
86,1
126,1
193,76
184,2
55,2
105,9
159,3
119,16
100,1
116,1
80,1
147,16
98,16
72,1
141,12
248,3
80,16
192,10
230,9
243,10
55,1
368,252
172,10
183,1
98,4
177,7
67,1
60,1
68,13
266,1
85,13
39,24
300,49
300,49
140,2
77,4
111,4
496,15
200,1
227,10
87,1
76,6
36,1
565,3
272,13
294,14
57,1
141,34
234,1
155,2
90,2
248,12
136,2
96,2
214,12
157,1
135,1
262,1
301,1
125,2
60,2
158,2
119,1
299,26
32,2
306,7
143,1
133,22
144,7
163,1
165,16
289,27
102,1
388,35
225,1
714,7
135,1
317,18
189,1
90,1
159,10
72,1
283,26
143,26
169,2
163,26
338,26
128,26
183,8
180,1
50,1
80,1
148,9
35,6
40,1
267,1
395,1
250,4
135,1
200,4
75,1
43,2
112,1
53,3
84,58
166,58
137,58
68,3
179,58
144,58
167,58
30,5
136,58
203,58
98,58
97,3
129,58
125,58
115,58
96,58
104,58
175,58
98,58
120,58
233,58
225,6
181,1
121,2
313,5
204,1
197,1
180,2
520,2
35,1
27,1
261,56
172,2
52,8
125,1
52,8
250,58
104,58
99,58
107,58
94,58
52,10
173,29
51,9
136,58
117,58
163,58
136,58
141,58
52,10
350,58
315,1
97,58
212,1
51,9
123,7
495,9
193,58
27,1
234,3
279,58
145,58
117,58
274,58
149,58
137,58
99,58
109,58
93,1
282,210
110,1
68,3
103,58
86,58
736,1
77,58
138,58
174,7
77,58
177,138
82,58
109,58
167,1
283,3
65,1
560,3
330,58
180,2
912,17
95,1
30,5
90,1
130,2
200,1
55,5
36,3
109,4
80,4
71,4
411,1
308,6
69,43
204,1
27,1
166,3
428,2
351,5
329,5
50,1
146,43
41,1
192,4
292,2
108,2
174,26
60,3
444,2
414,57
182,14
464,405
385,405
270,5
68,1
46,1
354,18
196,1
100,1
145,4
523,48
153,1
87,1
64,1
138,1
180,22
224,1
72,3
148,8
76,33
73,1
186,1
54,1
172,5
380,1
332,1
248,1
47,5
114,2
59,4
46,5
72,1
298,1
273,2
194,6
191,12
213,12
184,1
233,18
180,18
163,12
414,57
126,18
201,12
126,18
210,12
394,12
252,3
242,1
117,2
120,2
75,1
53,1
50,1
95,26
180,1
113,1
536,31
206,4
109,5
683,31
41,1
153,2
170,1
286,4
100,1
675,1
45,1
180,1
150,2
160,3
320,50
81,1
198,25
43,25
190,3
92,43
153,1
130,23
215,3
122,1
290,116
388,50
232,1
70,13
257,56
95,1
35,1
155,1
276,405
34,4
77,1
113,1
60,22
158,1
260,15
55,22
173,13
119,1
106,1
190,10
194,3
35,2
52,1
115,5
146,1
115,4
119,1
63,1
383,5
40,1
72,1
50,5
336,21
39,5
153,2
170,29
99,1
45,1
59,1
99,1
162,1
115,3
100,2
135,14
1370,1
140,1
135,1
137,9
480,35
152,116
523,35
111,1
36,2
420,1
213,13
192,1
47,1
180,13
303,13
136,3
45,11
160,13
194,1
68,2
86,1
198,1
189,3
170,2
60,1
177,1
167,17
97,1
123,1
166,25
767,48
45,1
35,1
30,3
40,2
40,1
228,6
96,1
300,1
63,1
174,138
299,13
47,2
295,8
77,2
131,1
50,1
500,1
103,30
132,17
1960,81
160,2
45,22
47,2
39,22
384,10
391,10
240,3
74,1
268,7
45,2
139,3
168,17
105,2
115,1
179,1
45,2
37,2
153,3
230,68
148,22
45,1
119,6
64,1
400,1
315,1
172,1
900,1
323,22
111,20
336,23
719,1
92,1
183,1
285,1
293,14
153,3
52,2
41,1
306,1
176,1
192,18
160,11
237,18
41,2
126,1
60,5
57,5
444,2
125,1
216,1
214,6
298,6
288,6
241,6
402,6
99,1
282,1
107,13
57,1
321,405
380,405
249,3
360,1
194,1
110,28
92,15
160,6
140,28
204,1
105,1
384,4
174,3
53,1
224,1
250,2
91,4
90,4
188,1
218,3
279,2
105,1
221,8
75,4
340,18
168,56
173,7
54,5
157,12
100,32
120,51
144,31
110,2
250,3
122,1
129,3
207,2
287,6
180,2
90,1
45,1
1320,81
3300,81
1440,81
122,2
2800,81
140,8
115,26
219,15
180,23
118,7
82,1
500,63
361,9
108,1
251,6
80,1
118,39
127,39
127,39
99,2
60,1
500,63
500,63
250,1
500,63
517,63
500,63
499,63
500,63
500,63
125,1
91,45
114,6
66,3
44,2
119,3
242,2
208,17
265,18
144,1
134,13
216,2
119,1
115,1
106,1
80,6
150,10
110,39
111,39
126,39
547,11
140,12
114,3
326,1
221,18
69,2
362,5
261,8
109,1
230,17
61,1
248,4
79,1
408,6
162,1
185,1
249,8
238,1
350,38
88,1
128,6
115,1
285,38
400,1
232,2
50,1
20000,28
47,2
76,3
108,1
183,2
198,1
284,1
252,113
191,1
876,1
317,18
124,18
900,5
86,2
180,1
95,3
135,7
160,4
248,5
248,5
76,1
60,1
64,5
70,1
260,6
101,1
131,17
89,1
169,2
225,1
100,2
2700,3
90,1
309,57
243,57
385,57
385,49
243,49
309,49
2700,3
303,7
500,8
500,8
500,8
500,8
175,1
253,6
1000,1
231,1
65,1
234,4
44,1
29,1
230,13
359,4
47,5
81,2
55,1
126,1
357,17
141,1
689,1
155,2
135,1
317,2
107,1
82,1
90,1
157,1
256,11
69,1
60,3
170,1
76,1
324,1
378,26
89,37
440,1
59,1
70,25
395,8
180,1
55,5
138,3
59,5
180,1
243,9
133,2
64,24
71,24
112,1
49,2
180,3
714,32
326,18
72,1
360,1
127,1
135,1
124,34
99,1
315,1
32,1
180,14
284,10
87,9
100,1
139,3
108,2
178,2
75,1
282,3
114,1
104,3
36,14
97,2
99,2
60,1
93,1
126,1
274,1
277,1
207,63
205,4
72,3
624,3
643,9
53,9
51,9
52,9
76,2
45,9
206,9
98,2
123,1
130,6
338,1
125,2
190,1
126,1
230,1
69,1
276,1
218,1
119,1
204,1
490,19
431,93
450,93
251,138
48,2
184,1
260,1
668,31
129,2
341,46
99,2
162,39
149,2
135,1
275,12
54,2
302,15
138,13
168,2
205,2
1170,1
224,7
146,5
88,10
183,6
75,1
76,6
148,1
81,1
60,2
102,1
109,2
226,4
119,1
252,116
147,19
28,1
72,11
146,1
600,1
166,1
243,1
420,1
180,1
167,1
41,2
64,1
252,21
569,15
441,4
100,1
74,1
151,1
45,7
124,139
79,1
50,1
43,1
426,1
106,2
123,12
92,2
229,7
144,139
242,1
218,20
111,4
117,2
137,10
43,16
762,3
130,1
225,1
115,1
99,1
113,1
346,13
50,1
113,3
57,5
1035,2
86,1
250,2
163,1
178,30
168,30
274,9
39,1
65,12
102,1
144,1
264,2
500,63
27,43
33,1
500,63
336,25
97,12
210,6
360,1
20,43
48,43
50,1
44,43
521,63
158,6
348,1
81,3
102,1
76,13
144,2
306,1
49,2
398,50
133,2
100,2
160,1
171,138
106,1
219,21
136,4
286,23
155,1
138,3
135,1
41,2
62,1
85,4
432,1
224,1
48,1
162,1
335,1
68,3
66,33
84,3
174,66
60,1
231,1
56,1
98,1
68,3
262,56
350,1
99,2
227,1
70,1
66,3
190,4
77,4
90,2
150,1
63,7
108,26
600,1
25,1
117,2
90,6
270,252
207,1
48,1
86,2
34,2
626,31
380,31
303,31
379,31
99,2
372,31
97,2
378,19
373,5
185,5
95,1
139,3
64,17
124,139
91,2
142,7
180,1
220,252
400,1
1085,32
368,15
48,5
126,1
40,1
193,14
197,3
56,4
455,23
59,4
250,4
178,8
306,2
200,1
100,1
81,1
315,1
132,1
247,1
195,5
72,1
157,1
213,4
61,3
170,1
72,1
55,3
103,18
70,1
80,25
56,2
82,1
90,1
158,19
149,1
59,3
27,5
76,8
135,1
57,1
340,1
77,3
50,1
219,21
238,1
257,1
91,4
45,1
222,1
500,31
91,3
81,1
111,1
121,1
80,1
354,10
62,1
66,1
192,1
114,8
114,2
134,1
144,3
108,3
48,1
67,1
299,10
188,1
184,4
135,1
120,1
126,1
240,14
59,1
101,2
182,1
94,1
117,1
114,8
82,4
113,3
145,7
495,19
10001,33
32,3
238,15
88,1
318,1
194,1
94,3
58,19
63,5
531,22
58,19
161,1
30,4
65,2
232,4
162,4
162,12
202,12
217,12
183,12
190,12
562,10
652,10
1616,79
120,6
311,26
78,1
59,1
189,1
116,1
38,3
68,2
71,19
53,19
160,1
39,10
42,10
231,57
285,57
285,57
163,1
40,3
173,1
58,2
68,1
48,4
162,3
135,4
43,4
203,5
684,1
280,1
40,1
172,1
78,8
214,1
96,1
280,1
533,1
72,2
229,5
136,1
880,12
72,2
124,1
147,20
124,15
431,57
270,7
133,1
129,1
102,2
283,405
249,10
308,1
117,1
173,1
218,1
450,12
291,17
85,1
53,9
391,11
60,6
85,8
450,2
263,1
150,1
51,10
42,10
113,6
70,7
75,25
216,1
78,1
81,17
990,1
64,7
60,7
164,4
151,3
79,7
137,2
130,28
242,29
99,2
109,1
95,1
99,2
244,1
105,28
111,1
198,48
129,1
110,28
108,1
299,1
262,11
196,95
193,2
194,6
95,1
249,2
94,1
3073,26
145,1
146,7
124,32
97,3
113,1
256,1
172,1
109,39
117,39
135,39
208,12
92,4
149,1
531,12
170,1
448,2
171,6
184,6
49,2
264,1
160,1
119,1
115,26
48,4
112,12
225,9
212,2
350,5
159,2
105,7
95,23
117,1
225,1
185,210
49,3
2570,210
305,4
108,13
117,1
193,2
547,4
121,26
61,1
165,5
138,6
165,1
173,1
700,1
303,405
481,405
139,20
503,1
115,26
260,1
81,17
97,5
170,2
175,17
261,1
59,4
243,3
55,4
266,2
173,1
144,2
44,1
1000,2
132,1
342,5
128,1
53,3
47,1
527,95
156,2
141,1
427,8
518,4
170,1
547,4
194,17
304,13
125,1
270,2
360,1
117,7
210,252
409,44
156,1
159,7
266,15
439,1
81,2
143,4
126,10
59,1
100,4
179,1
112,1
391,3
379,12
556,12
358,12
383,12
329,12
347,12
357,12
397,12
48,50
136,10
138,2
38,50
56,50
71,50
117,1
168,1
59,5
129,1
40,1
212,1
230,68
196,4
157,3
1495,2
32,2
150,1
68,1
131,1
175,1
86,1
239,4
135,3
200,1
1150,4
180,1
72,1
279,1
64,7
154,4
80,7
175,2
146,9
370,18
44,2
63,1
53,3
204,8
36,3
99,4
76,2
311,1
162,1
168,2
102,1
222,4
50,1
95,1
60,1
109,1
103,1
478,4
250,1
322,16
160,1
115,1
108,4
128,3
89,4
121,5
86,1
47,3
191,4
152,1
53,1
67,2
45,5
344,1
250,13
100,1
156,1
61,2
341,47
238,8
131,3
269,2
550,32
113,1
165,4
167,7
550,26
550,28
64,4
9660,23
27,3
72,6
192,1
415,2
164,7
177,405
321,12
54,9
229,95
180,1
70,1
127,1
366,1
82,1
87,4
198,1
26,4
130,2
130,2
219,63
49,1
98,1
155,3
165,4
95,1
165,13
53,1
161,1
38,1
278,5
122,9
45,1
524,1
314,56
240,1
251,405
675,1
342,43
69,10
95,26
165,16
128,2
343,35
155,139
438,405
126,139
94,2
234,4
91,1
189,4
180,2
129,4
59,2
206,8
95,1
286,6
136,1
54,1
59,2
64,3
150,6
163,6
240,3
250,6
92,2
346,14
92,4
60,4
180,6
174,3
189,1
168,9
108,1
139,1
70,23
90,1
149,23
216,50
132,23
250,50
317,1
130,5
30,1
66,2
33,3
589,1
50,10
110,4
171,1
172,20
243,5
427,210
106,1
152,13
320,8
147,56
160,1
293,5
146,7
192,6
123,6
304,43
42,3
45,2
190,2
285,1
118,1
219,1
342,43
319,48
361,43
81,4
73,4
75,4
299,2
218,3
342,43
86,1
95,1
720,5
175,1
68,1
63,2
113,1
189,9
32,2
195,19
257,138
40,1
159,20
126,3
252,1
500,7
132,1
262,20
241,1
75,1
128,2
760,1
65,17
206,4
200,6
184,12
80,1
342,43
54,2
272,20
162,54
360,2
342,43
72,1
29,10
126,1
361,43
167,2
179,7
342,43
77,1
252,3
342,43
35,3
96,11
396,43
62,1
62,25
151,4
137,12
44,25
72,2
367,4
133,1
131,13
68,57
178,28
68,4
159,1
117,1
45,4
160,53
342,43
458,1
298,6
117,2
156,3
197,17
386,210
300,31
220,1
85,6
70,57
80,1
93,3
112,1
48,1
70,2
167,1
114,1
605,19
400,1
500,2
3082,3
148,4
267,26
929,1
47,6
300,1
416,2
80,2
55,43
158,7
496,3
135,2
112,8
155,1
50,3
248,14
144,10
55,6
399,2
135,4
187,29
127,1
59,1
975,3
118,1
184,6
112,2
46,2
38,2
104,2
220,1
185,1
176,13
87,37
51,1
200,3
288,19
68,24
61,24
48,2
71,24
280,1
171,1
100,1
369,12
280,12
162,19
122,1
45,7
113,1
369,7
71,1
43,7
44,7
171,3
135,1
75,1
116,1
119,8
47,2
146,8
73,1
131,8
72,1
170,1
43,1
110,1
252,7
141,1
248,4
298,1
263,93
92,1
116,2
246,5
108,8
118,8
67,6
67,5
135,1
360,1
158,1
351,15
333,15
261,95
196,116
343,17
117,1
72,6
274,2
215,1
569,13
310,13
104,2
32,2
95,21
35,2
97,14
162,1
51,1
40,1
51,1
76,1
45,3
54,1
126,1
111,1
422,1
88,9
68,3
241,4
234,1
165,4
70,1
240,4
38,35
148,18
140,18
59,1
190,6
61,28
186,21
228,1
220,6
158,139
210,9
1127,214
69,4
262,2
103,6
91,1
419,19
180,1
399,11
57,1
244,12
315,18
380,16
64,4
167,22
65,4
134,1
90,1
60,4
114,26
66,4
241,2
235,1
606,405
61,1
450,210
290,4
82,5
670,68
174,5
38,1
80,33
66,1
320,6
185,1
91,1
80,1
36,1
108,2
832,26
78,32
63,10
10307,33
120,2
78,1
150,8
221,50
107,29
61,4
149,2
45,10
36,10
222,11
201,14
81,1
630,7
148,4
206,1
53,1
324,1
50,4
120,104
632,34
233,1
446,2
65,2
151,1
99,18
71,1
152,8
134,18
233,6
749,10
48,50
45,50
47,50
67,1
42,50
40,50
100,1
30,2
293,1
657,6
190,6
109,9
108,1
84,2
140,1
81,4
153,4
175,5
172,1
28000,33
134,1
550,28
3176,81
880,81
550,29
68,1
160,18
153,3
95,1
114,1
52,1
249,405
97,1
188,9
69,1
192,1
153,1
48,2
275,210
171,68
75,1
105,2
108,1
81,15
226,210
297,210
191,54
76,1
187,139
708,48
292,53
90,28
70,1
360,48
186,18
463,1
213,53
265,7
78,28
720,1
207,49
90,28
43,2
182,2
105,1
179,1
604,1
169,1
122,2
45,1
113,1
36,1
61,57
107,31
87,31
67,28
72,33
69,33
350,19
88,1
203,68
72,1
175,66
46,1
555,8
219,1
135,56
491,1
135,1
117,1
154,1
545,8
131,3
147,13
126,1
549,44
157,68
143,1
309,1
203,1
153,1
91,11
119,32
209,1
126,4
88,1
243,6
126,4
200,14
280,23
54,1
40,2
162,1
167,33
158,1
68,33
83,1
520,1
58,1
256,4
225,4
156,1
178,25
152,1
367,1
214,13
135,34
278,1
158,2
32,1
117,57
2250,38
50,3
144,1
112,10
45,1
85,2
104,1
259,1
70,1
36,1
70,2
297,1
125,2
201,6
48,43
126,1
198,2
67,3
150,1
202,2
98,1
30,1
104,8
65,1
65,1
49,2
189,1
271,1
142,18
65,1
82,2
202,2
123,19
400,3
268,11
74,91
160,6
70,91
82,2
108,5
108,1
66,91
70,91
81,1
71,91
71,91
203,3
138,2
96,28
450,5
54,8
1182,32
800,26
800,28
800,28
45,4
197,1
74,43
48,43
119,5
184,1
190,17
823,214
381,14
475,19
342,14
863,8
170,14
750,7
202,14
502,39
141,7
184,2
103,6
176,17
220,4
225,93
25,43
94,1
164,56
279,17
150,1
151,40
75,3
239,40
127,4
43,2
85,1
157,6
41,1
354,9
100,6
33,6
222,1
291,9
171,1
345,1
96,1
200,1
68,1
575,4
82,4
63,52
405,138
50,4
128,1
193,1
71,1
200,1
84,84
648,8
700,7
63,52
500,13
121,1
152,6
500,13
196,2
207,1
216,1
180,1
99,4
111,2
111,1
468,3
43,1
86,7
363,405
333,405
62,1
523,1
117,8
162,3
30,1
68,2
180,210
206,1
54,8
287,13
184,20
76,1
50,8
152,3
154,14
83,57
117,1
229,22
213,1
182,1
179,27
79,22
36,7
143,27
81,22
187,1
183,8
58,1
152,2
47,1
94,14
175,1
1640,31
183,4
107,3
194,4
295,1
89,26
128,1
98,1
84,26
139,7
50,4
287,68
72,1
167,24
50,4
48,43
200,12
190,1
128,1
15143,11
49,1
185,1
128,1
80,3
135,1
94,2
180,1
180,1
209,26
66,1
126,7
171,1
63,35
213,5
165,1
73,57
54,1
35,6
200,1
209,1
155,3
413,3
411,1
152,1
61,10
51,1
99,1
81,21
172,3
241,10
112,1
211,1
36,1
96,6
240,22
202,54
100,5
171,3
144,1
155,1
27,1
140,1
164,26
104,11
198,17
389,2
177,48
169,68
174,68
155,68
175,3
166,19
43,1
33,2
184,7
74,57
157,17
103,1
139,2
361,3
43,1
167,1
149,1
60,1
47,1
116,1
100,1
180,5
90,22
64,91
60,91
60,91
60,91
133,1
127,32
169,8
111,32
61,2
465,32
95,21
176,15
75,32
36,2
226,48
117,1
105,2
1304,113
30,2
69,1
117,1
43,1
425,3
119,12
117,20
101,8
50,4
60,1
342,43
49,5
350,25
360,66
205,2
324,1
45,16
100,1
55,1
423,1
92,2
268,3
94,1
150,252
143,8
345,15
80,1
1239,16
70,21
71,25
72,25
103,1
150,2
127,1
89,1
62,1
36,2
920,29
200,16
160,6
36,6
80,6
68,2
286,1
261,2
252,35
220,3
131,1
30000,33
339,95
138,4
54,1
62,2
63,32
83,32
48,32
126,1
55,32
77,33
168,1
75,1
54,3
111,3
186,1
50,1
209,22
126,2
189,22
82,4
48,8
106,1
38,2
177,1
68,1
122,1
50,7
108,1
51,1
73,1
416,1
126,1
45,2
100,1
57,1
270,3
130,3
279,68
275,4
214,25
262,68
126,2
127,8
9389,2
138,19
738,68
121,56
600,7
119,3
675,35
540,35
625,35
202,68
796,8
98,1
214,68
258,68
108,7
187,3
130,6
125,2
60,1
211,6
220,14
109,18
50,1
192,2
75,32
196,9
52,32
93,7
247,29
143,1
946,214
310,18
700,1
160,10
536,68
492,68
36,5
31,10
1000,63
77,1
158,48
87,2
251,68
90,1
113,15
428,68
301,48
275,68
179,1
401,1
44,1
384,405
171,5
320,7
196,5
244,9
43,1
154,19
64,5
120,5
187,26
156,19
164,19
429,68
1792,31
87,2
135,7
75,1
63,1
126,1
151,2
467,43
150,10
40,1
362,11
200,1
53,1
50,57
184,2
43,30
189,1
46,2
110,1
346,7
128,1
684,48
171,2
640,1
395,35
101,30
402,68
63,10
289,48
29,1
291,68
323,68
365,68
175,66
242,48
74,1
371,405
351,1
348,405
158,48
334,95
220,4
180,1
189,1
305,95
176,6
128,59
422,68
190,12
153,68
126,1
788,2
96,116
133,19
274,76
259,68
334,68
311,68
250,68
172,8
252,6
225,3
38,1
42,32
62,1
172,9
46,1
284,48
71,1
109,1
120,1
400,113
38,21
160,66
140,252
255,1
81,1
53,4
196,18
137,2
435,10
112,139
51,32
207,2
116,26
24,43
342,43
118,2
215,6
78,2
114,1
90,3
63,52
61,2
63,52
255,14
131,22
119,7
102,1
43,4
43,4
238,1
95,18
110,2
1687,50
130,1
219,1
175,1
136,4
49,3
149,1
269,11
138,3
50,2
304,29
197,1
38,1
314,2
119,59
81,1
54,1
190,2
163,20
48,1
43,2
195,2
320,2
32,1
119,1
123,3
141,2
152,12
180,1
111,1
77,9
50,1
423,22
76,4
120,1
55,3
310,32
150,1
65,3
359,9
122,1
150,1
128,1
194,14
104,21
64,1
234,1
180,14
262,2
35,35
70,35
55,1
109,5
34,3
163,1
148,4
45,4
64,32
242,6
80,2
171,1
104,1
66,1
130,1
67,1
86,2
106,2
59,1
106,1
90,109
63,109
237,12
219,7
105,2
261,1
633,8
269,21
253,1
108,7
83,1
72,1
176,2
159,1
196,2
167,2
101,1
498,23
200,3
159,7
92,1
67,1
212,7
213,7
210,7
117,1
366,10
116,8
83,3
341,66
40,1
100,1
50,32
153,3
62,3
108,1
187,3
76,2
81,1
63,1
159,50
44,32
429,22
81,9
140,1
198,1
210,20
65,2
50,32
249,14
117,1
84,2
65,3
55,3
67,3
110,2
159,4
438,1
99,1
81,1
67,67
53,1
47,8
126,17
58,12
155,40
99,95
155,1
99,1
39,2
353,405
362,405
376,405
348,405
502,405
101,30
150,35
47,1
124,7
330,14
269,1
110,7
206,48
196,12
131,7
472,9
79,1
90,7
92,7
206,48
111,1
89,7
26,3
126,1
163,116
213,16
75,1
70,13
193,13
127,59
216,1
113,59
224,1
257,4
57,6
95,121
345,29
48,1
36,3
140,3
111,1
80,3
68,57
203,2
249,1
90,4
360,1
62,9
102,1
49,1
107,3
35,2
131,3
64,6
48,1
606,26
215,2
33,2
206,1
175,48
139,32
195,4
195,19
554,95
33,10
50,32
98,18
128,25
75,1
58,4
63,2
38,4
60,4
33,4
212,1
304,113
756,29
168,2
61,3
201,1
63,3
261,113
44,1
805,29
49,1
223,1
195,68
110,4
49,1
137,1
174,1
147,6
8918,1
41,4
45,1
78,1
59,1
508,93
175,18
173,1
54,1
203,47
56,1
90,1
151,1
76,43
270,1
75,1
72,1
371,47
94,18
75,18
85,18
90,8
96,8
135,1
218,1
158,5
305,79
54,3
124,5
145,4
214,1
73,1
59,4
84,15
50,4
163,1
35,1
77,6
92,3
140,10
89,1
62,3
172,2
139,5
103,4
117,57
695,93
76,2
229,1
33,1
213,6
140,9
102,1
87,1
147,9
138,9
94,7
104,9
640,95
135,4
288,18
129,139
141,3
47,2
107,8
226,3
179,277
35,47
92,5
504,38
201,8
98,8
75,1
162,138
120,6
132,138
103,14
117,4
206,3
108,2
41,1
164,1
136,2
138,13
44,1
40,43
52,1
270,13
150,1
400,4
177,2
45,4
441,20
509,9
205,6
176,63
174,63
122,3
125,2
45,2
46,1
110,5
239,1
93,5
194,3
48,2
118,56
60,5
50,5
36,2
101,1
57,3
370,1
242,10
160,1
144,2
107,1
76,7
53,7
372,1
238,76
52,1
396,13
180,16
77,1
39,1
131,1
62,2
215,13
45,3
192,1
680,3
173,1
145,1
161,4
205,22
308,1
239,22
249,22
319,13
50,7
30,7
233,13
61,32
65,1
46,4
111,29
136,2
40,1
341,1
179,2
93,1
29,1
55,1
46,2
64,1
382,116
280,3
67,2
156,4
210,1
119,56
63,1
92,5
139,1
90,1
44,1
121,2
159,19
161,4
214,4
174,27
227,15
41,1
58,1
177,37
56,2
260,7
173,2
500,9
500,9
183,3
225,5
27,1
106,1
101,1
252,13
500,9
150,1
360,1
340,1
105,2
500,9
120,139
329,405
395,2
148,1
258,49
402,22
144,1
198,18
170,7
172,18
282,1
130,3
174,18
65,8
153,1
147,22
38,3
176,26
514,10
129,6
33,13
103,4
103,7
234,6
57,1
456,2
70,6
57,1
286,1
143,3
69,21
68,1
167,8
217,48
180,1
64,1
217,48
318,1
514,210
98,5
98,5
98,5
164,5
98,5
144,43
140,139
192,1
200,3
75,1
150,1
1000,63
92,1
180,116
68,1
42,1
160,4
86,33
36,3
98,9
367,4
33,1
142,2
171,4
87,1
41,12
101,1
39,2
153,1
345,2
50,1
60,3
98,4
186,17
264,5
320,1
153,7
227,3
243,2
500,1
153,2
109,139
178,2
78,5
78,2
160,1
124,10
149,10
105,2
96,3
128,10
188,26
235,31
40,1
64,1
225,1
47,5
35,6
72,3
90,1
149,1
204,1
227,26
71,57
133,3
193,3
227,6
94,6
135,1
47,3
94,6
116,6
55,1
103,1
193,26
166,8
288,19
87,9
56,9
60,9
83,70
364,95
833,32
95,4
166,19
485,405
75,18
250,1
117,30
160,4
108,1
252,2
41,3
54,3
110,3
250,1
68,1
180,7
59,12
41,12
76,4
283,1
100,1
43,12
319,26
43,12
80,1
38,1
177,1
53,1
162,1
78,18
51,13
130,39
36,1
151,10
55,1
323,23
53,1
114,1
60,9
56,2
78,9
72,1
45,2
1300,63
1500,63
81,15
49,1
65,1
120,5
76,1
240,5
70,1
126,1
150,2
53,1
67,2
266,5
193,5
42,3
36,1
64,3
203,1
204,6
118,2
34,3
91,4
36,8
117,1
135,1
51,2
146,4
96,1
250,1
47,3
88,6
129,6
78,2
270,1
38,17
344,1
46,1
68,1
176,9
257,1
111,3
39,3
252,1
65,1
140,15
192,2
225,13
219,1
78,1
97,1
196,2
214,47
83,1
129,4
149,47
177,2
450,14
183,9
193,27
70,33
201,9
435,12
201,9
56,3
75,13
80,1
56,1
201,9
52,9
52,9
52,9
201,8
201,8
650,1
201,1
112,2
385,1
170,68
135,1
75,1
62,2
196,22
162,1
50,47
60,47
141,1
71,2
628,19
120,1
257,2
51,23
378,7
62,1
207,20
273,21
340,5
117,5
382,11
382,11
304,11
298,16
230,68
187,59
307,68
56,2
51,17
400,6
221,59
57,1
350,1
158,1
412,11
115,2
108,28
716,48
147,1
195,3
222,2
192,17
81,1
187,1
41,2
107,1
100,1
41,1
433,18
124,1
788,44
270,1
167,5
218,23
424,49
172,4
375,37
300,1
48,43
385,47
186,47
618,47
90,1
360,7
154,19
164,6
99,1
70,4
41,4
153,12
315,1
99,11
153,1
131,13
65,3
320,1
125,11
411,29
850,5
111,1
156,116
98,1
81,13
247,84
157,13
117,2
181,5
84,6
36,1
51,2
173,3
147,3
1200,18
177,2
266,10
175,13
100,10
188,10
483,5
153,12
164,26
296,93
208,1
147,1
325,1
335,8
166,1
67,1
170,6
718,30
186,1
225,2
116,8
198,1
196,2
242,2
316,405
290,405
333,405
253,1
187,1
334,48
162,1
31,8
960,48
63,3
226,4
400,32
99,1
358,28
400,28
124,139
248,6
261,19
100,6
100,6
481,26
344,18
100,6
68,23
250,6
48,6
147,3
148,7
112,1
150,3
43,8
179,1
118,27
80,1
235,2
25,1
450,116
180,1
55,1
285,2
260,4
55,6
65,6
121,1
65,6
90,1
288,4
198,10
218,15
177,13
178,2
27,18
54,1
233,48
104,1
54,5
68,1
271,48
182,4
363,1
153,1
128,2
180,3
77,8
88,1
122,1
48,3
60,1
209,1
235,1
238,1
40,1
213,1
222,1
81,1
51,1
127,4
828,34
135,1
60,1
146,1
59,1
328,2
424,1
686,7
131,1
550,26
108,1
120,1
468,4
95,2
201,7
167,1
479,2
125,7
72,1
90,1
703,10
1269,10
760,10
319,8
47,1
473,21
158,1
220,1
103,1
54,2
313,2
85,86
54,2
205,1
69,86
118,1
28,1
240,1
252,13
224,1
219,1
90,2
227,15
114,1
165,1
76,1
97,18
63,1
189,6
128,1
32,4
64,1
143,1
52,1
64,2
111,1
103,2
171,1
76,7
932,23
72,2
141,2
213,1
130,1
172,6
43,2
95,1
115,29
150,139
160,1
56,2
46,1
49,1
218,3
117,13
161,70
81,13
99,1
90,1
106,1
125,1
243,26
490,1
221,8
115,2
144,70
330,405
144,63
160,12
306,405
162,1
1000,1
96,70
141,54
198,1
309,4
165,4
170,2
157,5
126,10
264,5
141,1
390,1
55,1
220,19
76,1
138,4
144,32
158,8
170,54
81,17
30,8
163,1
333,40
72,40
113,1
155,40
413,7
54,1
199,7
196,7
37,1
137,4
141,3
301,2
480,1
36,14
88,6
604,103
41,1
155,3
365,76
59,1
136,24
215,6
234,17
207,1
121,4
88,2
47,4
155,1
43,4
204,1
2240,4
94,1
115,2
324,2
53,25
51,2
33,3
171,1
97,5
151,3
57,2
375,1
101,5
65,2
250,210
269,26
140,15
270,1
930,44
50,1
55,1
119,24
209,9
119,24
86,1
93,5
193,12
88,4
87,15
165,15
48,1
242,10
38,2
176,1
201,3
352,8
66,9
100,2
1530,10
1530,10
2000,10
79,1
120,116
107,14
180,210
2000,10
79,18
791,10
1530,10
1080,10
85,1
153,2
446,405
9999,252
178,1
180,4
87,2
145,1
603,8
54,50
331,2
122,1
232,1
56,1
40,1
300,1
47,4
50,1
34,9
184,14
33,9
213,2
286,1
225,1
141,12
175,1
112,1
179,4
7,1
292,1
73,1
77,8
94,1
153,1
59,6
288,7
149,2
84,2
129,3
99,1
38,1
200,1
225,3
414,3
61,1
166,3
236,10
155,12
55,3
191,1
170,2
34,3
52,1
72,2
129,1
37,3
102,9
165,39
109,1
58,1
59,1
129,2
91,5
262,6
158,2
38,1
113,1
132,4
45,3
107,1
88,25
123,8
51,2
287,39
90,26
134,1
249,1
118,1
242,56
120,1
157,4
63,6
104,1
75,13
460,8
63,6
173,7
413,8
113,26
237,10
72,52
72,52
74,2
234,3
400,1
108,56
102,56
108,1
180,1
72,1
138,3
120,5
90,5
198,56
127,1
86,1
139,1
60,1
181,4
176,4
70,1
148,2
260,10
129,4
157,26
109,1
120,1
95,3
50,1
279,103
165,6
60,1
140,2
169,5
489,13
48,1
209,40
900,10
430,18
80,1
137,1
180,1
138,20
146,10
170,10
129,1
135,10
120,32
72,1
162,1
56,6
66,2
203,1
39,1
91,1
50,1
32,2
250,3
134,1
50,91
44,91
44,91
64,91
100,27
570,1
202,2
67,59
162,59
45,8
78,4
87,4
300,79
252,8
134,1
63,3
500,53
188,1
700,53
200,14
500,53
1000,53
666,53
110,1
700,53
336,53
332,53
48,4
342,53
167,8
233,53
233,53
110,3
135,1
215,9
34,1
198,2
171,5
380,53
122,19
102,1
151,21
100,5
261,1
215,4
140,2
168,4
413,1
63,1
45,1
104,4
265,3
65,1
167,9
96,1
424,1
60,18
229,8
140,8
85,6
52,2
217,2
230,20
81,1
48,1
200,3
175,9
225,18
86,4
244,22
263,11
411,405
255,405
141,1
181,22
136,1
179,8
159,20
229,46
330,46
732,46
59,2
253,6
81,13
188,10
308,10
36,1
238,93
63,1
79,11
58,1
726,1
164,1
75,2
171,10
43,1
108,15
65,57
720,93
839,93
252,1
163,8
248,27
341,9
358,44
102,56
97,1
57,2
96,4
93,1
115,2
30,1
71,6
130,2
35,1
33,8
33,8
29,8
33,8
1164,31
106,57
106,1
209,8
180,10
147,1
71,4
101,2
277,1
44,12
63,1
62,4
98,4
103,1
284,2
285,1
356,8
120,2
104,1
273,19
108,6
76,1
115,1
146,7
32,1
292,19
245,138
409,14
54,1
312,15
326,1
176,26
162,1
135,1
69,4
116,7
111,1
153,2
103,3
194,1
130,3
49,1
90,3
73,1
31,12
285,1
96,1
301,93
106,4
220,1
68,1
67,4
126,2
272,4
96,1
388,48
140,1
172,1
296,1
750,6
100,1
115,1
262,27
133,1
93,1
246,4
147,1
146,2
51,9
63,9
449,6
432,6
103,139
154,6
262,6
126,116
81,13
115,21
239,5
75,5
178,8
99,1
160,252
315,2
63,1
175,9
41,65
160,23
193,19
90,1
42,65
39,65
232,6
251,40
97,1
294,40
49,1
150,1
59,1
425,1
85,1
117,30
39,65
34,6
40,65
315,19
41,65
39,65
50,1
44,65
176,2
71,4
44,7
600,1
139,1
33,1
158,1
175,9
400,214
370,1
50,1
93,139
192,8
120,1
162,1
90,1
222,1
115,1
88,3
174,5
41,1
223,17
157,49
600,79
233,79
165,79
165,79
114,2
650,10
353,1
341,23
159,3
212,19
68,1
76,43
227,1
242,14
142,6
74,1
208,56
99,15
175,9
246,405
81,11
90,1
125,14
171,4
149,3
285,18
251,1
129,1
270,18
175,12
42,7
41,7
39,7
149,1
307,14
130,1
270,5
89,26
274,40
160,1
196,32
163,2
99,1
195,1
105,2
48,7
467,40
131,63
52,7
201,10
48,7
189,6
53,7
107,1
32,9
37,9
31,9
83,1
145,11
307,56
226,6
87,1
218,4
201,3
65,8
198,22
144,5
58,67
7034,23
225,7
160,23
162,3
63,70
60,4
158,1
132,7
210,5
218,27
56,1
219,22
171,12
93,1
107,16
139,57
49,14
28,18
116,6
95,3
52,2
183,14
391,405
108,139
181,19
361,15
100,8
316,8
274,1
47,1
73,98
135,1
47,14
97,2
63,4
85,66
79,10
224,1
275,18
81,14
175,19
248,14
86,11
172,1
39,1
90,2
45,2
54,1
68,2
66,25
61,1
405,6
374,7
69,1
130,1
208,24
151,40
114,5
102,1
411,2
141,47
131,4
116,1
174,1
51,2
380,3
121,2
56,9
73,98
59,6
179,1
189,2
70,1
161,28
64,1
84,26
96,28
48,1
395,18
63,3
259,93
61,1
253,54
157,1
76,1
265,10
46,35
78,1
166,12
383,76
57,2
41,3
88,4
150,2
80,1
146,1
50,2
135,1
132,34
60,1
103,2
95,5
325,13
225,1
59,18
102,6
965,93
198,8
136,2
106,21
54,43
63,1
271,6
160,11
144,2
125,1
94,5
80,2
45,1
51,1
79,13
51,1
36,2
63,2
219,15
64,13
135,1
30,1
70,10
115,1
54,1
89,1
300,1
228,1
29,2
101,1
102,27
53,18
181,2
168,43
148,6
73,98
203,1
87,3
146,31
51,13
95,6
350,17
90,5
200,1
138,1
45,98
122,1
156,1
136,5
419,1
195,18
450,1
104,1
95,5
75,1
143,5
215,5
165,7
165,1
1526,17
134,2
33,16
199,27
48,2
439,43
210,9
250,5
289,26
239,26
72,1
108,1
553,1
129,3
86,1
175,1
104,11
450,2
384,6
42,1
171,47
180,2
117,2
81,1
82,68
82,68
82,68
279,1
315,13
119,10
113,1
117,23
86,1
73,1
115,2
187,1
117,1
160,6
36,2
30,2
210,9
64,2
267,9
379,1
75,1
547,2
136,10
72,3
195,1
59,6
205,2
446,43
162,1
137,1
133,121
149,1
152,2
135,1
96,2
77,10
177,16
351,1
317,1
216,6
179,6
108,1
120,1
96,3
135,1
40,4
211,70
135,70
65,18
206,54
178,26
226,26
69,4
123,10
37,2
83,25
170,17
94,1
160,1
104,1
59,10
54,1
95,20
89,70
247,57
267,57
267,57
239,57
194,17
73,1
380,1
39,1
42,4
87,1
254,1
214,3
65,1
54,3
82,4
60,4
89,4
249,1
63,1
123,30
181,1
50,47
68,2
115,1
75,1
230,5
277,1
451,1
325,4
98,2
90,1
69,12
190,3
141,1
251,1
61,17
89,1
60,4
82,68
46,3
82,68
82,68
82,68
60,3
36,1
83,68
48,17
81,68
168,210
81,68
62,12
99,13
135,57
80,1
319,1
165,2
81,13
326,22
135,51
81,1
121,57
121,51
106,57
106,51
180,23
91,1
900,2
169,1
120,57
120,51
94,2
89,5
146,10
137,30
110,57
129,57
110,51
129,51
176,1
183,1
500,1
63,52
63,52
63,52
63,52
98,1
162,10
242,21
219,21
1069,2
209,2
136,1
276,3
458,3
254,14
196,49
145,6
185,116
450,3
418,35
239,26
84,26
137,7
200,6
80,1
987,252
230,4
130,21
68,4
91,4
91,4
275,1
228,10
59,4
285,18
240,1
152,26
78,26
190,2
401,1
428,13
50,4
70,4
34,2
155,13
150,1
50,1
50,12
252,13
124,9
96,18
236,6
130,18
93,1
187,1
39,2
113,3
225,8
186,5
72,7
53,7
144,1
54,43
125,4
216,12
54,43
90,2
92,10
81,6
231,9
151,116
39,5
81,6
76,5
138,3
193,76
192,76
172,76
180,2
87,18
238,1
143,27
54,1
194,1
228,13
122,2
158,19
95,1
89,27
203,1
65,3
239,13
122,53
123,26
115,49
36,1
96,18
114,18
114,18
87,18
250,3
1650,13
219,1
3000,13
284,18
60,1
198,4
157,3
191,18
243,39
111,1
192,14
228,1
67,14
81,13
166,12
87,1
65,4
29,8
108,1
62,7
87,1
282,6
130,1
245,15
60,3
82,68
45,98
83,68
114,16
140,2
240,1
155,2
120,1
243,6
149,4
101,57
101,51
150,1
218,3
405,8
45,2
173,3
68,4
105,12
157,2
405,2
157,1
60,33
189,19
960,3
175,2
229,49
121,22
227,15
63,2
730,1
188,26
188,26
235,26
191,26
191,26
237,26
192,70
285,15
45,98
160,252
45,2
161,5
209,1
378,2
378,48
309,18
161,1
98,1
126,8
99,1
280,210
270,95
162,8
60,2
120,1
377,95
45,98
336,8
130,10
138,10
45,98
138,10
45,98
37,1
12,10
36,1
200,1
138,10
96,18
138,10
148,2
96,18
126,1
96,18
96,18
108,1
114,18
112,2
81,6
63,2
124,6
54,6
81,6
71,5
292,18
90,6
63,6
334,3
178,1
85,1
145,44
248,18
124,1
305,7
507,405
463,20
52,98
323,15
45,98
367,56
52,98
52,98
52,98
389,56
52,98
180,98
26,2
52,98
52,98
250,2
52,98
52,98
45,98
135,4
72,1
45,98
431,59
408,56
98,1
245,1
187,19
178,19
174,15
94,18
44,2
81,1
179,1
96,18
95,1
104,1
156,18
108,49
50,1
100,18
1000,53
87,18
83,1
114,18
160,116
197,50
99,18
67,15
155,2
300,53
187,76
185,7
78,2
70,1
381,8
342,53
454,53
75,13
3222,53
95,13
95,13
70,13
123,2
114,13
73,13
118,13
115,1
73,21
284,7
136,7
162,1
253,138
198,2
80,1
62,7
59,7
60,7
139,47
180,27
52,98
52,98
45,98
45,98
129,3
157,8
45,98
70,21
52,12
86,98
92,3
393,405
86,98
385,405
282,405
341,13
86,98
99,98
99,98
86,98
121,3
99,98
87,98
214,1
376,3
273,29
32,2
221,9
93,17
140,1
27,2
114,2
215,15
32,14
161,19
61,1
124,2
743,5
117,18
261,3
216,54
41,9
594,12
384,3
1000,8
321,39
210,1
143,2
144,1
45,16
130,15
147,4
64,1
277,405
466,405
127,9
38,3
122,70
357,56
675,2
242,12
39,1
78,2
158,18
117,3
122,1
1210,21
80,1
111,27
187,16
85,1
265,1
137,14
65,12
59,1
302,1
290,14
116,1
293,1
83,30
167,3
45,1
34,4
240,43
184,1
102,6
111,1
140,1
64,6
63,6
60,1
39,15
68,2
33,15
57,24
45,24
67,1
123,1
38,9
142,1
100,1
100,3
279,1
81,1
143,1
122,1
135,2
133,8
169,1
45,1
133,1
150,1
85,8
155,2
54,1
132,8
220,21
32,2
121,8
80,1
81,8
80,2
150,2
181,1
250,1
211,2
47,1
38,1
104,3
39,1
137,57
108,1
137,51
277,12
72,1
53,2
108,1
99,8
261,2
207,7
54,1
405,57
424,3
172,1
323,14
91,3
59,1
171,1
40,3
191,1
196,1
6924,2
229,2
129,1
118,10
55,109
67,109
72,109
100,1
132,4
67,2
91,1
296,108
294,108
294,108
250,5
136,6
145,10
120,10
152,26
162,1
43,1
97,15
38,1
75,1
232,21
93,10
60,1
288,3
234,2
49,4
35,4
290,3
217,2
400,1
290,23
221,1
87,98
168,25
394,11
86,98
489,2
290,405
340,252
750,1
493,1
100,18
48,1
98,3
231,1
463,18
126,16
45,1
57,1
270,11
288,1
95,1
237,3
60,1
342,43
672,39
93,1
125,138
237,1
52,1
180,6
341,56
343,56
318,56
55,33
130,1
166,1
97,5
102,5
699,17
142,1
4000,22
126,10
27,8
137,17
56,1
113,6
90,1
186,17
27,2
121,7
260,11
280,252
309,11
265,1
500,1
45,1
260,1
441,9
45,98
260,1
172,2
230,4
121,8
193,1
66,5
225,22
250,8
225,22
225,22
164,22
259,5
900,53
196,1
180,3
72,3
113,4
152,7
304,1
63,1
164,4
124,12
173,12
152,12
211,8
77,1
26,2
233,1
45,98
45,98
45,98
45,98
52,98
119,3
45,98
107,1
52,98
45,98
55,1
52,98
45,98
457,3
45,98
218,1
45,98
261,13
45,98
145,1
128,4
52,98
52,98
45,98
352,43
45,98
45,98
45,98
23,98
240,252
52,98
45,98
114,116
52,98
1148,116
45,98
52,98
442,108
45,98
442,108
52,98
520,108
45,98
45,98
250,9
45,98
630,12
45,98
45,98
45,98
188,12
45,98
167,2
134,1
52,98
50,12
45,98
52,98
45,98
187,2
152,1
47,32
100,1
80,1
411,2
64,6
171,2
239,2
477,93
46,3
141,15
130,7
160,1
30,7
50,1
96,4
45,98
212,1
88,19
45,98
45,98
52,98
390,95
45,98
82,3
52,98
52,98
51,1
45,98
402,95
45,98
45,98
333,54
74,1
45,98
45,98
45,98
45,98
84,22
52,98
45,98
45,98
45,98
613,95
45,98
52,98
54,7
923,23
249,46
159,1
48,7
673,210
54,7
148,2
54,7
720,7
250,4
79,64
192,64
79,64
79,64
90,1
41,5
136,1
48,3
102,1
107,30
135,1
138,4
49,2
360,3
325,4
102,1
42,1
72,19
52,2
138,1
35,1
429,2
50,1
347,16
88,2
85,4
400,16
122,7
208,2
128,1
800,15
251,4
77,1
312,1
36,1
39,11
291,12
40,11
149,7
44,11
71,7
72,5
170,4
68,7
76,12
1286,29
83,1
62,12
72,12
147,1
147,104
220,6
112,104
116,104
229,1
183,10
80,2
57,12
164,6
170,53
164,6
164,6
164,6
35,1
83,1
43,3
302,4
40,3
157,1
195,104
116,104
125,104
162,1
130,1
160,2
70,2
121,104
194,5
225,4
66,1
89,2
75,3
297,1
215,1
154,1
83,26
90,1
101,22
42,1
184,1
132,27
109,104
117,104
289,1
69,1
315,1
56,4
269,103
500,1
184,1
127,95
230,44
95,1
76,56
118,26
37,1
107,104
78,25
81,2
411,1
378,12
56,2
31,44
117,104
87,2
73,86
180,23
249,23
103,10
146,70
75,1
103,10
90,2
157,1
113,1
29,44
129,104
123,104
26,44
65,4
128,1
323,9
55,2
110,104
81,1
148,14
30,44
41,1
520,1
144,1
27,44
112,3
279,2
143,7
202,1
252,3
220,19
120,31
173,43
35,2
120,1
180,4
135,2
554,1
225,6
470,11
108,2
124,104
217,103
337,1
86,31
119,104
281,2
672,214
194,50
54,1
361,405
79,1
106,26
610,214
40,4
147,1
53,2
39,1
162,1
105,1
81,1
116,104
439,5
1223,8
61,37
136,1
41,4
151,1
100,26
120,6
110,26
128,2
473,1
187,1
194,1
270,1
150,16
68,1
90,1
32,2
157,1
81,2
861,1
117,40
45,21
68,1
237,2
179,116
48,1
319,17
86,86
255,2
63,1
202,9
1134,29
344,30
95,86
164,2
242,1
77,13
263,9
97,86
116,23
2000,53
68,1
108,1
38,2
133,1
37,1
208,15
190,23
900,53
335,43
2133,53
900,53
32,1
54,5
198,9
1222,53
1223,53
1222,53
2122,53
2333,53
151,2
920,53
280,2
259,4
226,2
88,3
900,53
72,1
89,2
48,2
162,1
145,1
89,8
65,2
222,5
653,95
92,48
90,1
214,1
111,23
110,35
121,35
91,35
221,25
180,6
86,47
103,2
42,3
175,7
75,70
143,35
150,1
378,48
98,24
161,5
121,35
79,2
355,13
179,1
46,2
45,1
76,1
247,2
157,35
137,35
320,1
72,23
95,56
35,21
98,24
122,35
68,3
92,35
70,1
73,1
164,5
450,3
108,1
77,2
166,1
113,1
485,405
178,14
94,35
150,1
125,35
1260,31
159,4
115,1
153,1
119,1
89,2
155,2
125,1
129,1
150,1
255,22
80,1
49,1
198,29
90,5
162,1
120,1
196,2
166,2
9999,3
614,68
171,7
116,1
264,3
134,1
37,6
30,6
64,1
37,6
118,1
80,3
101,3
160,1
104,4
40,5
143,2
35,2
36,1
125,14
314,30
538,49
68,3
538,49
47,1
56,2
77,2
148,2
271,49
122,1
1071,48
109,1
85,3
108,56
194,9
160,1
69,13
125,1
106,1
115,1
50,2
32,2
89,1
89,3
41,7
135,1
92,1
122,9
102,6
180,1
88,26
107,6
75,6
274,19
189,5
66,7
25,1
50,1
172,3
92,1
90,1
48,1
72,1
571,1
111,14
161,1
42,2
63,6
136,3
126,1
338,6
846,29
106,2
238,27
485,29
499,29
556,29
73,26
613,29
125,14
499,29
226,9
532,29
137,14
91,2
451,29
171,1
59,3
125,28
1518,23
376,29
429,23
46,13
532,29
39,9
532,29
249,405
452,29
760,29
238,1
37,3
532,29
514,29
195,1
124,7
48,1
617,3
50,4
111,70
146,11
113,1
102,56
265,29
285,1
200,4
104,1
63,3
71,48
132,7
71,48
37,2
245,2
70,48
40,7
112,6
61,1
56,13
48,2
187,1
43,2
124,1
1210,17
51,3
46,3
90,1
139,20
252,6
45,18
56,1
76,1
117,34
60,1
720,1
134,2
126,1
239,18
126,113
189,1
30,3
1020,214
114,1
180,1
281,1
496,1
134,1
247,5
304,116
44,1
599,29
461,29
105,2
113,1
865,29
128,1
39,1
219,17
57,2
96,26
56,1
44,1
166,2
164,16
80,1
106,10
143,9
29,2
113,2
171,2
175,7
67,2
188,1
144,6
41,1
56,2
141,1
172,1
232,7
167,7
141,7
188,7
224,2
232,78
900,53
100,1
193,1
162,54
116,1
340,37
175,5
250,1
62,1
134,6
146,1
205,2
70,1
401,1
53,1
87,3
149,1
176,1
405,1
472,29
90,1
326,15
244,405
354,405
105,30
57,13
550,13
84,10
301,252
114,5
102,26
101,26
1059,3
98,2
134,14
186,2
78,18
292,2
75,11
68,1
35,2
44,2
119,7
96,1
68,1
50,1
54,1
550,7
134,2
37,1
67,3
176,1
514,10
268,20
113,1
4517,6
63,1
68,5
170,5
105,9
340,210
188,24
218,13
468,1
72,2
72,3
147,1
50,1
72,3
275,35
498,2
143,70
91,1
193,116
90,11
74,1
102,6
294,21
258,34
117,1
199,1
74,11
94,1
80,6
89,1
483,8
240,3
180,1
695,93
101,1
208,20
32,11
123,6
83,1
203,3
172,3
165,9
183,2
116,1
217,19
167,8
81,1
99,37
114,5
212,116
175,63
231,43
155,1
437,76
124,4
501,76
334,76
3600,76
62,2
541,1
186,2
38,5
43,5
430,1
90,1
315,35
82,4
75,11
98,14
86,1
60,4
50,1
352,2
42,1
124,1
248,2
142,4
74,4
200,3
65,4
45,3
50,1
46,1
366,18
343,2
233,1
108,1
242,19
65,3
33,5
311,76
168,9
140,4
350,5
72,1
30,5
401,1
226,22
121,29
33,5
135,1
161,51
28,5
9999,3
29,1
216,1
110,1
225,1
56,2
169,4
132,3
102,2
96,1
90,2
37,7
94,1
33,7
110,2
189,3
188,12
186,3
99,2
205,13
175,1
73,1
59,2
246,4
102,6
111,4
117,1
90,6
190,6
260,1
90,1
338,1
69,1
79,1
102,63
34,3
495,3
156,2
392,7
228,50
198,50
168,11
144,2
514,10
616,10
137,12
149,12
182,12
174,12
171,4
700,68
204,23
135,5
108,2
700,68
124,24
166,26
132,10
124,24
260,26
124,26
99,26
332,95
743,68
1300,68
85,1
306,103
180,1
182,23
158,15
164,27
164,50
39,9
52,9
28,9
210,15
303,18
112,18
46,6
101,2
188,15
429,1
168,3
72,1
117,1
398,3
116,26
90,56
52,2
113,2
130,1
97,34
170,2
78,2
80,1
136,1
101,31
535,103
75,31
234,103
33,10
158,47
55,12
193,47
76,70
141,47
146,1
160,51
169,51
221,51
540,1
68,1
90,16
98,3
71,2
104,1
342,43
779,7
111,5
805,29
45,9
184,3
321,2
292,15
75,7
91,1
75,1
52,39
48,39
51,39
46,39
75,7
70,7
75,1
70,7
99,1
72,2
70,7
70,7
44,1
69,1
100,1
220,1
79,4
75,8
86,8
62,8
63,8
89,8
67,8
220,1
53,1
54,2
61,1
98,1
74,5
296,47
296,47
85,1
252,6
189,23
399,56
149,47
163,10
232,1
223,21
36,1
45,9
370,405
364,405
217,23
280,2
185,2
157,2
106,1
231,56
100,1
69,1
136,1
206,4
20,6
391,13
345,3
135,2
72,56
81,56
62,3
140,13
351,1
135,49
365,7
130,8
100,21
149,47
80,2
192,1
160,1
200,1
203,47
123,49
203,47
94,1
40,7
36,1
523,70
296,116
156,1
200,1
290,12
200,4
77,1
217,30
191,40
96,2
52,1
92,25
224,40
155,3
48,1
232,1
335,43
190,2
63,3
227,4
61,1
91,2
263,1
226,5
72,1
364,14
37,5
85,1
101,1
80,1
55,1
41,2
131,2
221,4
69,4
170,8
52,1
264,1
209,1
118,1
135,4
218,50
187,47
185,1
187,47
134,1
187,51
55,1
50,2
165,18
206,18
65,1
251,1
315,3
72,3
380,18
34,1
98,25
70,4
162,11
71,4
194,1
171,2
170,2
140,1
245,2
149,1
292,14
200,1
383,2
120,7
149,9
198,1
264,1
903,3
136,1
35,47
35,47
115,1
40,1
76,2
140,1
100,1
60,1
68,1
98,1
35,21
160,1
140,14
141,1
41,1
78,1
118,4
23,2
70,4
80,4
250,4
176,1
90,2
162,1
493,29
36,1
500,29
179,5
400,1
250,1
482,116
176,5
155,4
97,1
204,1
63,1
112,1
68,3
49,3
63,1
133,1
95,1
170,1
199,2
104,1
108,1
225,1
33,4
186,1
204,17
80,1
13,13
131,7
52,9
80,1
96,1
26,14
122,1
39,14
201,51
196,3
99,4
94,1
65,1
91,1
181,2
240,1
1201,214
41,4
103,1
41,4
1294,214
280,1
104,1
112,1
75,70
927,8
65,1
103,1
190,15
257,4
165,15
53,1
180,15
180,15
128,1
180,15
210,15
160,1
390,17
210,15
114,2
142,1
216,12
118,16
75,1
126,1
248,3
64,4
180,1
55,2
1300,1
211,1
76,1
55,2
285,6
67,4
278,6
153,3
323,405
203,47
150,4
131,54
48,2
203,47
225,1
111,16
259,8
85,86
205,37
81,4
104,20
190,1
162,1
30,8
67,1
78,4
1330,3
41,1
496,8
125,15
97,14
106,116
217,2
119,15
242,5
186,6
99,1
51,1
95,1
157,2
216,13
313,2
161,2
315,44
58,9
43,9
68,9
57,1
33,9
180,3
428,4
26,15
108,56
72,7
286,1
499,5
98,1
198,3
107,6
102,6
134,6
237,2
135,1
160,6
234,108
129,6
235,108
248,108
329,108
122,6
303,108
465,108
195,39
295,39
248,39
309,39
386,39
134,2
180,1
113,2
113,2
82,68
91,2
163,15
379,210
82,68
55,15
183,9
109,1
542,405
65,1
168,18
79,20
183,13
372,42
44,5
246,1
170,8
616,13
108,15
300,1
34,1
410,1
91,5
147,14
244,1
95,5
89,5
171,2
44,4
498,1
35,47
180,1
265,13
185,51
761,4
273,116
64,1
75,20
160,4
140,3
162,4
96,2
472,42
459,79
159,51
45,1
179,1
47,1
53,1
170,1
141,2
70,1
90,2
31,8
105,1
89,4
70,2
198,43
75,7
138,15
240,9
200,2
519,4
124,2
40,1
155,15
198,1
614,39
75,1
67,1
156,3
90,9
90,9
178,1
51,5
41,1
161,30
167,30
32,18
276,15
88,4
152,56
108,56
77,3
41,1
118,15
192,1
300,38
300,38
290,38
205,38
195,38
255,15
184,38
251,38
234,5
184,38
400,38
108,1
167,13
387,3
72,2
117,20
140,1
330,38
264,56
335,43
240,56
192,26
126,56
241,56
126,56
334,56
192,56
395,56
223,56
196,56
232,56
356,56
284,56
146,56
180,56
305,56
323,56
50,1
81,4
95,2
178,12
320,1
78,25
115,3
240,6
28,3
36,14
209,12
125,1
83,1
116,29
150,116
490,48
112,15
51,1
108,1
294,13
405,1
69,1
159,2
40,7
45,2
135,1
139,6
80,1
109,6
118,6
180,1
92,1
88,26
182,1
200,10
600,29
686,29
9000,1
179,5
112,6
101,21
171,6
45,1
168,1
143,1
196,1
212,1
217,6
69,9
200,1
2000,23
137,2
318,4
48,1
38,1
54,1
249,13
285,1
90,1
66,3
220,3
195,1
180,2
126,1
183,10
180,1
25,1
111,1
35,1
180,1
204,4
219,3
58,6
21,2
103,2
69,6
146,6
63,4
150,1
220,1
144,1
64,1
93,49
338,1
298,14
126,1
107,16
120,1
150,1
89,2
267,95
131,9
89,2
107,1
70,1
275,15
237,18
60,1
550,8
140,23
80,2
155,8
208,3
284,43
4500,2
100,8
90,1
39,5
56,8
198,1
66,8
56,8
41,1
189,48
92,1
121,1
75,1
423,210
250,210
695,210
178,3
395,56
155,51
112,31
167,3
154,12
152,6
352,1
30,3
126,1
153,4
155,1
375,6
86,1
101,1
80,18
143,2
112,1
163,4
33,1
248,3
24,9
125,1
73,1
74,10
101,1
622,9
344,5
64,3
97,31
166,3
377,14
184,1
124,2
32,2
35,16
525,35
60,18
67,1
196,4
488,14
68,14
125,3
265,116
220,43
80,23
74,1
90,1
108,3
79,1
230,8
140,12
316,405
371,405
100,1
257,11
574,7
100,2
342,43
36,1
450,116
76,1
179,11
177,11
103,8
108,1
85,1
321,1
184,1
153,3
263,16
180,11
59,1
47,1
50,1
629,1
47,1
530,1
250,210
171,12
162,19
155,8
321,3
105,3
123,30
99,2
28,3
135,1
258,3
204,18
212,1
95,9
32,2
149,5
65,1
120,29
191,13
290,3
85,1
312,1
77,70
120,11
201,1
53,11
144,1
65,1
236,1
122,1
72,1
120,1
277,1
900,2
119,3
204,1
60,1
31,2
738,12
117,2
135,1
129,49
206,18
259,49
19,5
72,5
72,63
72,63
76,63
76,63
94,63
118,63
118,63
425,63
235,2
114,5
62,1
40,1
135,2
94,1
180,56
66,30
34,1
452,29
59,3
49,1
317,57
120,4
355,113
135,2
164,1
220,2
106,21
250,252
82,4
50,7
40,7
97,4
99,12
57,1
220,1
90,13
126,1
132,18
78,25
40,3
179,13
40,7
187,6
188,13
81,2
160,13
238,13
171,13
160,13
207,13
234,2
191,4
228,23
60,1
162,1
341,116
68,1
41,6
50,1
59,10
225,1
63,3
143,1
59,4
76,1
109,22
188,1
61,4
70,1
62,4
154,1
49,21
70,1
309,6
60,15
39,15
317,6
68,1
76,1
58,1
27,7
306,21
51,1
75,3
251,1
106,2
270,18
78,1
207,1
86,1
61,1
108,1
252,1
412,3
72,3
63,1
33,1
148,3
78,2
33,1
267,2
214,2
55,24
146,1
46,24
26,2
206,2
495,12
668,15
73,1
198,1
108,15
500,28
321,3
543,32
276,9
550,28
286,2
138,2
75,9
136,1
90,1
80,1
62,1
84,1
45,1
246,1
45,3
113,1
90,1
680,1
360,1
129,49
170,13
44,4
93,49
101,31
295,5
84,1
261,1
39,1
81,1
63,2
428,1
192,30
46,1
182,8
81,1
162,49
383,6
108,1
283,2
152,38
236,10
409,2
150,8
221,26
150,3
129,1
128,51
321,17
198,1
150,1
190,30
160,252
249,1
259,405
58,2
159,5
120,9
145,30
146,1
154,40
170,30
71,6
113,1
167,30
149,30
150,30
150,1
153,1
189,1
135,1
152,3
57,5
45,2
40,5
63,1
273,2
43,5
49,5
72,18
176,3
810,1
50,3
50,3
73,1
225,23
159,9
62,1
218,3
158,1
164,30
207,30
224,30
342,252
716,23
123,31
383,1
156,51
82,17
187,1
147,40
112,1
500,48
135,1
80,1
121,1
135,1
173,1
156,2
75,40
65,59
260,38
29,14
138,30
190,1
55,21
83,2
85,40
210,30
38,5
30,5
119,40
153,1
113,64
193,51
52,30
190,11
172,4
117,1
307,2
135,1
126,2
131,1
300,1
120,1
225,45
59,2
135,7
125,5
170,3
187,30
200,1
154,1
317,16
179,1
144,30
283,1
215,252
136,30
129,5
140,2
266,1
161,4
215,51
102,4
124,1
2058,79
660,2
143,51
474,405
600,9
169,4
206,1
150,51
238,1
270,1
120,51
143,51
900,18
99,3
164,51
178,51
550,25
59,1
144,51
239,18
235,16
214,2
460,1
224,1
223,48
153,8
58,91
53,91
56,91
56,91
147,37
300,14
167,1
192,1
186,1
201,39
102,8
129,1
106,8
115,8
263,8
191,4
245,1
105,30
218,27
447,6
116,116
159,39
306,7
90,56
30,4
24,4
133,6
104,17
300,38
99,10
178,1
173,3
333,47
153,22
320,4
92,18
147,1
58000,28
170,8
198,2
224,47
157,36
108,2
134,1
117,2
273,3
289,27
118,1
105,1
130,48
72,1
83,1
150,4
246,21
64,4
314,19
221,1
112,15
179,2
711,6
228,21
179,10
35,5
630,7
142,49
40,2
63,4
82,2
40,1
160,12
260,12
29,2
400,2
155,20
219,1
328,4
152,6
36,5
95,43
208,19
90,2
88,2
235,51
66,2
222,51
230,26
191,51
68,5
50,24
151,51
27,1
30,10
52,24
150,19
55,24
52,24
164,51
228,18
96,24
166,51
210,252
165,252
55,24
180,1
238,51
127,2
29,10
100,12
195,51
40,4
103,86
351,14
68,3
54,1
99,4
83,7
45,11
65,7
67,7
61,7
80,7
70,7
152,1
117,57
300,1
108,1
46,11
99,1
181,1
97,86
119,63
180,2
89,2
304,1
37,1
154,51
52,1
93,1
64,2
65,1
126,1
169,51
135,1
144,51
150,11
155,51
146,1
248,10
166,10
188,3
53,9
104,4
288,1
129,1
188,12
108,18
86,1
54,2
102,86
91,86
543,1
72,63
60,2
95,63
225,1
72,63
103,63
72,63
59,2
156,2
166,1
200,1
167,1
336,8
176,2
194,1
54,32
159,15
151,1
398,7
48,1
106,8
200,8
57,3
44,1
189,1
77,1
131,1
135,4
54,1
119,1
167,1
44,1
72,1
92,6
43,3
252,1
98,31
242,10
94,86
88,86
204,45
165,45
225,1
128,45
133,29
128,45
228,3
172,1
111,51
56,16
234,1
57,16
72,1
251,4
81,1
155,51
200,45
202,45
167,51
198,45
148,51
101,11
45,1
135,13
192,11
180,2
99,1
170,51
69,4
340,37
135,1
160,22
160,43
740,95
69,8
63,8
103,8
338,1
161,51
62,8
265,51
143,2
47,2
107,1
116,2
65,8
378,51
160,2
184,7
44,2
149,1
119,1
220,1
180,2
386,12
195,2
117,1
143,56
59,1
183,2
36,1
350,1
28,5
199,51
91,1
261,25
186,51
120,26
188,51
162,51
292,51
280,1
235,10
41,1
133,1
661,37
186,51
184,51
46,3
229,12
226,51
150,23
414,4
208,4
224,2
252,20
204,51
187,4
33,1
171,4
232,51
333,18
40,1
405,1
318,108
57,5
368,51
860,214
123,108
215,51
62,5
342,43
116,2
45,39
48,1
95,9
32,1
107,6
130,1
35,1
1022,1
248,1
116,13
113,13
108,1
115,2
159,51
177,8
120,20
119,2
195,32
57,3
144,2
60,3
210,45
428,1
269,1
130,252
104,8
93,1
85,3
152,1
187,1
358,30
140,2
392,103
129,1
50,1
61,1
177,51
78,25
32,44
24,11
163,1
33,44
35,44
139,51
149,1
210,31
57,49
270,138
315,1
40,1
241,51
167,51
233,1
104,86
109,86
618,17
618,21
164,1
32,4
87,1
327,3
37,12
207,1
229,5
120,1
296,2
278,43
42,1
82,33
56,16
225,2
43,1
160,1
144,51
117,1
203,51
221,51
241,51
191,51
204,51
228,2
480,51
196,51
86,4
558,8
200,51
205,1
195,51
180,6
422,1
59,6
285,5
85,1
139,43
78,1
200,27
175,1
170,51
126,1
232,2
201,51
246,51
130,45
90,4
90,4
148,45
245,15
164,45
109,1
176,1
99,1
117,86
135,6
162,1
78,4
126,1
557,12
73,4
78,4
64,4
64,4
248,1
338,10
101,6
232,45
479,48
174,45
80,70
284,12
214,45
63,33
285,9
444,1
208,5
170,45
184,45
171,45
196,45
286,45
172,45
68,3
242,45
108,33
162,45
85,5
30,5
221,45
146,45
1024,33
259,45
172,45
237,46
180,45
130,1
250,1
200,1
180,45
166,11
174,45
287,1
244,45
49,3
182,45
63,1
73,70
82,12
42,1
147,1
103,86
241,45
99,1
81,3
143,45
30,7
202,45
146,1
182,45
44,7
262,45
45,1
117,1
77,1
33,4
161,1
51,1
120,6
270,3
74,48
67,33
67,33
63,5
102,1
132,4
116,2
78,2
232,1
770,3
225,23
76,7
193,1
296,1
333,1
70,3
126,1
62,2
236,3
62,1
46,1
245,1
31,14
213,4
156,18
35,3
39,1
550,8
30,1
54,1
26,1
71,1
158,6
90,2
166,1
201,5
136,1
71,1
159,2
129,5
35,3
54,16
49,1
79,15
228,5
90,1
110,1
319,6
54,2
151,3
114,20
295,25
142,1
79,15
68,1
237,1
495,6
58,1
146,10
165,1
162,2
280,1
189,4
85,1
281,3
30,1
69,3
47,1
115,7
203,1
66,4
600,18
99,2
359,57
149,4
222,45
100,70
354,15
217,13
163,6
60,2
48,6
50,1
198,14
161,14
153,1
198,13
135,1
163,1
132,1
171,1
167,14
200,2
240,17
147,53
71,1
297,1
298,3
95,1
41,1
100,3
265,1
48,1
116,1
139,1
374,8
288,8
70,1
92,2
143,27
63,21
205,8
375,8
472,5
92,1
153,8
117,3
202,405
192,43
222,405
581,405
80,4
159,67
106,33
187,1
220,1
86,49
163,67
65,1
115,6
195,1
216,51
627,108
108,1
194,3
57,1
141,4
131,7
111,26
114,26
112,26
68,21
55,1
158,5
85,1
308,1
233,8
140,8
97,9
97,33
122,79
93,79
132,79
343,79
415,79
101,33
126,1
117,1
75,8
108,33
144,8
81,1
92,9
269,12
100,33
163,1
316,1
180,2
91,33
61,6
82,1
89,33
90,33
36,9
97,33
92,33
72,4
47,2
158,3
186,9
142,1
47,18
158,2
230,210
320,210
486,7
319,17
383,95
37,8
65,1
236,48
447,2
117,19
76,2
44,2
105,6
100,6
131,3
32,1
210,20
133,1
252,8
138,3
144,3
31,1
54,2
145,44
49,2
200,14
106,17
76,86
143,1
211,1
88,1
279,2
216,4
45,1
177,2
94,7
536,55
94,7
36,8
58,9
270,1
91,1
176,13
88,26
86,2
83,1
68,1
1218,3
250,1
197,44
218,4
260,1
264,9
98,16
141,1
157,10
134,2
181,2
54,16
118,16
48,1
146,7
342,43
130,1
36,2
65,1
36,2
61,1
73,2
60,1
417,18
71,1
114,1
247,55
145,1
285,210
215,55
92,55
276,55
81,3
225,1
205,20
266,55
553,55
198,55
390,55
174,1
238,31
244,116
144,1
235,25
255,30
50,1
67,2
42,1
89,4
163,2
158,4
283,55
64,1
390,55
59,1
181,6
196,1
129,1
161,6
189,45
648,8
56,9
43,3
285,6
111,2
57,16
98,86
154,5
344,14
71,21
69,86
391,12
389,1
43,3
69,86
240,1
120,3
77,1
225,1
128,1
130,2
300,6
136,1
270,14
103,18
45,1
154,1
135,1
50,1
41,3
179,1
233,22
37,2
32,2
90,2
113,2
179,1
111,1
100,1
66,4
220,10
66,4
68,1
193,1
159,7
162,2
218,1
205,1
105,1
94,1
160,1
187,1
40,2
171,14
322,1
187,2
324,4
37,1
198,2
149,1
190,1
40,2
288,4
128,6
69,1
195,2
108,21
93,12
306,6
37,1
96,1
200,1
177,1
225,31
126,5
253,1
53,16
41,1
80,16
72,6
217,51
80,1
304,1
117,3
97,1
149,6
80,25
630,1
81,6
53,1
29,7
80,1
38,7
133,23
500,11
336,4
75,1
156,1
108,11
100,2
135,2
143,11
68,1
111,14
161,3
43,3
292,12
25,1
35,3
55,12
116,1
113,3
140,1
125,8
69,86
50,1
137,1
216,1
99,5
82,86
411,405
459,2
330,39
98,1
125,1
98,2
44,8
74,8
69,2
216,1
190,2
70,2
120,1
347,8
506,8
183,1
170,6
168,1
79,11
116,1
111,4
100,1
87,4
91,37
136,4
196,44
180,16
202,1
194,44
180,1
52,1
119,2
366,1
46,12
142,1
80,16
97,18
107,1
180,1
81,1
49,12
52,12
51,12
56,2
325,27
33,1
53,1
108,4
59,8
91,8
52,8
71,8
89,4
57,3
36,1
102,1
59,1
382,1
153,1
100,1
204,1
39,1
243,1
208,1
318,44
201,44
219,44
205,44
304,44
369,44
126,8
69,1
124,1
265,1
33,9
51,9
148,1
137,8
151,8
63,1
410,9
113,1
80,1
180,4
141,1
86,4
188,6
294,6
234,1
65,1
144,1
69,1
129,4
149,1
50,2
200,1
343,1
50,2
126,1
97,17
139,1
79,56
86,3
124,4
109,3
72,2
191,3
59,2
58,1
466,1
158,4
95,1
387,2
121,31
26,2
64,1
192,1
131,29
88,1
32,1
351,79
135,1
65,1
60,4
137,4
369,95
623,2
68,67
170,252
210,1
66,10
86,5
753,8
85,3
44,10
800,7
258,17
314,1
255,49
348,6
516,8
304,17
403,17
875,2
64,2
127,3
220,210
237,3
222,4
145,79
110,79
114,79
114,79
320,2
117,1
117,1
400,2
142,2
171,1
158,1
301,19
132,1
104,25
225,14
76,25
70,6
68,25
110,1
249,2
47,1
221,6
92,2
144,51
169,51
228,51
36,9
187,1
228,57
144,57
169,57
495,15
386,95
49,2
503,1
100,1
255,18
138,5
68,86
132,2
285,405
48,1
126,3
149,1
159,1
286,1
92,1
53,1
102,1
156,3
98,1
470,4
213,48
165,1
60,1
74,3
176,1
293,1
137,48
166,1
278,1
120,1
300,1
360,4
212,2
450,4
32,1
315,4
42,2
85,86
43,4
37,6
113,1
44,1
124,1
24,2
245,5
270,5
90,1
35,47
123,3
195,49
191,49
162,3
112,3
106,3
188,9
200,3
284,43
141,1
125,12
111,1
63,1
68,5
204,7
99,5
36,4
195,2
526,32
60,2
64,1
193,1
76,1
50,1
48,1
239,1
137,2
211,5
195,1
55,1
81,1
98,23
71,1
160,29
387,55
106,1
168,3
79,2
111,12
108,1
133,1
80,86
504,113
98,15
180,2
59,1
106,3
112,12
129,1
160,1
95,12
286,1
79,1
133,1
289,1
352,31
90,21
108,1
141,1
150,14
138,2
70,9
131,1
50,1
190,4
48,2
91,2
153,1
254,1
314,70
105,1
360,4
300,252
91,48
68,86
54,2
411,12
154,3
83,48
72,2
150,3
75,3
39,3
323,15
42,10
142,6
52,86
60,1
99,56
108,49
117,1
528,4
200,49
639,4
4811,6
42,2
729,4
190,49
207,49
173,49
221,49
204,49
243,7
210,252
89,48
100,8
219,7
144,1
239,21
79,1
360,21
304,1
60,15
39,15
66,1
20,15
113,16
308,4
191,2
91,1
108,1
106,2
125,1
464,1
108,1
84,1
50,3
700,6
99,1
124,2
182,8
690,9
126,48
188,8
88,1
173,8
104,17
415,79
81,23
138,13
149,1
213,1
216,1
255,1
111,47
77,1
91,48
85,17
72,86
810,19
162,1
526,2
304,405
334,405
289,405
220,252
526,1
120,252
130,30
99,1
94,1
74,2
192,37
121,1
320,405
199,49
98,56
207,49
210,49
270,29
86,48
39,1
2022,1
394,1
176,1
72,3
55,2
165,1
139,1
296,50
210,1
123,1
72,1
155,19
129,2
64,1
195,1
155,1
139,57
186,5
118,8
103,2
272,13
262,3
111,3
98,7
81,3
122,1
1000,53
300,1
1000,53
491,3
1000,53
250,35
227,49
1000,53
212,49
1000,53
176,49
421,44
517,63
99,1
133,43
500,63
1000,63
500,63
500,63
126,6
1300,3
64,2
186,30
176,40
400,9
109,1
95,12
212,1
65,10
270,93
100,1
226,1
70,26
79,48
152,1
410,17
110,2
801,11
70,1
88,2
359,17
178,9
100,1
61,1
92,12
111,2
123,2
103,3
30,5
165,2
191,8
126,10
36,2
169,1
323,49
312,49
210,48
448,49
496,49
565,49
566,49
170,1
63,21
33,1
82,1
226,1
159,1
203,1
53,4
152,6
219,22
160,1
180,6
83,1
110,3
311,16
83,48
209,1
153,22
440,7
92,1
54,1
157,1
127,1
450,2
231,37
350,37
178,1
835,8
44,1
140,1
54,1
90,1
69,86
100,5
42,1
289,8
35,10
37,1
63,9
123,1
162,1
143,1
226,3
133,43
6391,33
66189,28
45,18
43,18
60,28
51,5
270,10
60,18
52,18
107,1
360,5
72,1
152,2
206,1
115,3
114,1
64,1
200,1
93,4
68,86
135,2
375,32
375,28
69,86
344,7
375,26
140,14
375,28
431,29
313,18
120,1
282,8
191,1
268,9
34,1
314,9
94,56
195,9
232,9
110,3
62,14
84,1
92,12
77,1
64,14
90,12
59,14
66,14
87,1
63,14
64,14
65,14
200,3
43,1
168,1
230,12
205,6
42,2
175,1
110,3
114,1
160,4
174,23
40,1
373,1
107,1
180,2
78,1
52,5
96,1
73,3
42,11
907,11
55,1
202,14
30,25
198,2
74,1
45,5
50,2
98,1
36,5
455,1
309,10
83,1
186,6
66,26
93,12
51,1
148,6
57,5
40,47
234,2
100,1
45,4
170,6
51,5
60,3
176,1
222,15
405,48
89,1
142,1
181,1
45,5
196,27
335,3
165,11
31,5
127,9
216,59
468,1
63,49
92,35
110,35
38,2
415,55
69,1
88,35
92,15
83,2
110,35
40,1
350,405
183,2
88,5
375,252
397,6
198,14
228,1
168,14
251,14
180,14
168,14
160,19
34,5
572,6
40,3
150,18
207,2
97,34
88,34
94,34
112,34
91,34
218,14
147,29
96,1
73,15
80,1
70,6
240,3
80,15
139,1
73,15
270,1
290,1
66,1
422,3
810,3
180,1
91,33
91,7
221,48
86,7
121,14
1098,214
79,7
114,7
82,7
89,1
82,7
52,1
143,14
125,14
121,14
119,14
106,14
119,14
201,3
160,1
260,6
36,2
385,44
304,44
219,44
331,44
159,50
223,44
400,44
32,2
263,44
219,44
252,44
191,44
278,44
278,44
282,44
198,44
219,44
110,2
433,10
270,56
302,11
99,68
104,68
173,37
85,68
225,1
250,1
227,21
245,15
112,5
138,1
100,5
96,1
142,21
126,15
112,5
46,2
173,1
60,9
152,5
245,1
45,1
72,1
246,16
150,1
271,21
90,1
168,9
45,3
56,3
38,2
35,2
93,21
92,12
264,103
88,2
146,22
37,2
460,48
190,15
300,2
132,22
82,1
1800,95
160,15
124,29
96,5
156,7
55,1
107,1
137,138
90,12
41,3
150,51
752,12
1131,1
107,12
129,28
195,3
46,1
176,1
112,1
105,1
272,11
135,1
91,4
139,1
83,13
113,11
46,2
173,16
58,1
150,1
103,11
500,12
165,1
47,2
199,4
46,2
162,1
194,6
250,7
231,3
46,1
216,48
48,3
253,6
60,49
192,20
85,1
114,29
45,3
268,4
12000,2
200,8
201,12
95,1
187,1
70,1
114,29
503,19
242,6
536,19
215,4
166,1
70,34
81,34
129,2
216,59
196,8
106,29
160,14
42,3
42,3
158,1
113,29
160,51
110,56
92,56
360,8
180,15
180,15
114,3
117,29
80,1
146,22
120,3
373,14
164,1
336,4
221,3
236,12
84,1
40,1
178,12
179,1
379,3
253,17
359,76
50,1
193,1
354,76
69,4
250,76
187,28
194,8
443,108
388,32
338,76
60,13
151,48
81,1
135,2
125,18
35,16
42,1
274,4
132,1
40,16
104,1
35,16
170,40
220,210
58,4
81,1
110,56
140,56
177,1
517,21
62,1
344,43
124,15
119,15
220,43
56,7
215,7
62,2
27,2
238,10
104,2
203,3
83,1
151,2
180,12
125,14
114,14
197,1
61,1
90,29
100,8
157,3
660,30
94,6
136,1
494,43
172,40
256,116
50,1
173,1
335,43
40,1
333,5
583,1
159,4
151,5
179,2
42,1
250,1
97,5
76,8
233,2
445,2
47,1
48,28
86,1
128,2
82,3
578,6
143,6
27,1
368,18
343,15
160,2
49,1
90,1
189,116
203,11
128,1
154,5
144,1
205,8
135,1
752,13
74,1
216,31
185,40
137,7
91,1
102,1
147,6
105,1
80,1
65,1
131,8
63,13
178,22
130,15
344,1
234,2
270,2
153,3
116,2
190,210
412,1
233,51
305,19
281,76
311,76
283,76
200,3
442,36
76,16
109,1
158,2
106,1
323,2
48,1
123,14
130,1
107,14
64,13
139,2
168,22
303,2
232,1
129,252
166,23
132,5
131,59
97,9
138,1
96,30
226,405
100,116
80,63
88,8
315,4
184,63
158,4
95,1
165,15
145,15
65,2
251,51
197,2
214,45
45,1
181,4
55,1
147,4
145,18
113,1
144,10
396,58
220,14
214,1
234,37
72,1
226,7
91,8
189,40
144,18
172,11
124,18
202,2
480,1
65,2
160,2
72,2
124,48
44,1
133,18
416,39
168,18
191,1
146,14
185,1
160,1
267,1
36,6
72,3
52,2
55,13
64,7
64,7
55,7
84,4
55,7
175,2
175,4
59,3
79,4
63,4
70,21
99,21
85,32
82,21
227,8
145,1
50,3
155,13
180,22
261,1
197,1
132,1
153,22
80,1
144,22
162,22
205,8
159,51
139,51
223,8
1899,11
199,22
485,19
141,51
239,22
663,11
945,11
252,2
52,1
137,51
186,4
605,19
115,2
68,4
74,1
166,9
4800,21
94,7
145,4
99,1
120,1
308,4
71,1
55,7
407,7
155,1
162,1
128,2
83,1
60,5
130,1
167,1
479,1
219,1
238,10
198,1
208,6
25,7
212,3
638,500
45,2
21,6
149,4
83,1
88,15
180,1
167,1
158,1
107,6
76,2
44,13
1818,76
68,13
131,59
220,5
-0.03456,5/19/2025
210,10
63,1
96,1
193,43
451,76
419,76
68,1
114,1
138,43
56,1
304,6
42,1
92,5
697,6
128,2
780,7
159,7
84,1
123,7
123,7
122,7
130,7
140,7
499,26
149,51
337,14
158,21
65,3
168,22
80,1
198,2
137,1
80,2
54,86
54,86
86,1
99,1
120,6
54,86
79,14
55,86
83,1
55,86
55,86
25,1
36,4
56,1
131,31
50,1
478,2
60,2
142,1
48,1
60,15
136,1
58,2
80,1
150,1
75,1
36,2
172,9
130,12
223,1
53,8
63,8
66,8
89,5
92,5
89,5
112,1
288,12
173,12
192,12
158,8
127,12
132,1
40,2
82,2
134,1
135,6
46,3
27,2
71,2
34,1
180,21
122,48
190,1
252,1
148,1
225,1
48,5
112,3
50,12
104,1
53,2
126,1
102,4
45,2
190,6
47,16
147,1
230,5
46,1
174,1
125,1
33,1
243,1
142,1
67,3
129,1
70,3
90,1
70,2
63,1
39,1
151,6
56,3
201,5
100,1
110,13
90,1
304,7
168,6
34,2
180,1
86,5
89,21
115,43
231,2
149,47
87,8
340,1
115,8
19,11
68,1
54,2
198,20
235,25
187,1
137,59
101,11
66,1
201,3
95,1
50,2
119,11
322,20
30,1
158,1
172,19
20,11
30,2
80,1
135,2
45,1
135,1
83,22
119,18
315,8
400,1
180,138
130,1
496,1
320,6
168,6
200,15
81,5
95,3
422,1
112,1
138,1
132,116
137,59
90,1
60,1
137,59
65,25
119,7
674,33
94,1
666,33
689,28
769,33
90,10
81,25
56,1
761,28
64,25
32,9
666,28
190,7
193,1
245,1
72,1
108,1
200,4
69,25
75,25
41,1
260,1
215,1
185,1
140,1
45,1
50,1
765,1
90,2
77,7
160,3
50,2
35,2
266,76
49,7
455,37
208,59
56,7
192,16
215,59
132,1
208,59
65,2
18,11
289,1
86,13
270,3
336,79
35,1
293,13
68,21
68,1
61,21
65,21
69,21
68,21
103,6
600,1
719,1
45,1
88,1
119,5
153,1
32,2
118,1
228,6
287,1
162,2
118,1
135,1
68,86
48,1
46,13
495,1
61,86
143,8
60,86
73,86
68,86
105,6
43,6
114,6
114,6
41,8
171,1
250,210
45,16
1382,214
342,6
174,11
126,1
302,20
155,8
122,8
155,4
123,12
219,1
178,19
133,4
49,1
674,33
261,1
957,1
41,1
226,4
220,1
139,1
107,6
170,1
405,104
162,7
235,23
88,11
68,56
148,1
50,4
208,8
210,8
110,8
112,8
140,8
64,2
49,4
330,19
479,1
160,1
40,2
89,2
59,13
79,8
46,13
41,2
64,2
54,1
328,1
155,7
216,12
222,30
162,1
58,2
202,4
51,2
323,16
108,6
157,1
184,26
64,67
257,11
144,23
125,3
218,19
416,2
47,1
205,1
99,2
47,1
63,1
367,23
180,2
91,4
79,1
176,2
184,17
164,19
177,12
193,16
81,16
89,1
42,11
152,8
85,9
168,12
260,2
71,48
119,1
122,4
159,1
52,11
158,2
180,2
60,15
129,1
104,3
418,1
45,2
518,16
83,1
140,14
80,48
42,11
42,11
352,2
133,1
178,4
104,15
300,22
198,3
118,8
30,46
235,44
584,17
57,3
61,16
144,1
90,6
675,1
359,48
68,2
150,4
141,2
165,42
300,42
352,42
53,1
35,13
38,3
108,6
108,6
60,2
643,1
142,4
117,1
155,12
250,7
96,1
57,1
45,16
50,5
51,1
257,1
182,1
86,27
90,27
77,27
48,1
523,1
140,6
45,1
199,6
183,48
101,3
45,4
162,11
216,11
150,2
84,26
370,42
109,7
170,4
31,1
97,1
54,4
160,1
112,14
90,16
39,1
45,3
90,7
232,1
71,16
125,20
118,23
120,7
67,14
292,14
15,13
96,14
149,1
24,13
24,13
219,4
28,13
28,13
216,13
96,14
94,10
96,14
262,12
73,26
120,2
130,1
105,15
64,1
121,1
99,26
283,2
44,2
106,1
720,12
65,4
135,116
163,3
165,15
87,1
127,29
110,2
258,55
85,1
367,11
104,2
131,1
52,9
100,17
350,8
89,3
77,14
84,3
59,3
113,14
140,14
48,4
44,4
37,4
63,92
93,92
43,1
101,57
293,4
106,6
193,59
171,3
377,1
221,1
132,1
134,1
97,6
138,3
63,52
156,7
79,1
351,76
187,26
97,1
76,2
102,1
120,1
47,4
475,500
157,7
84,5
234,32
266,500
110,5
125,5
110,5
70,1
541,500
100,1
122,7
200,1
73,2
1008,500
47,4
59,4
116,1
47,11
51,11
38,16
51,11
38,16
43,16
96,1
64,2
55,16
203,18
173,500
257,1
135,1
67,2
124,1
110,1
223,1
36,35
90,1
89,1
64,2
74,1
136,1
676,500
81,6
326,500
58,2
71,2
294,500
69,6
900,1
239,1
105,6
158,1
100,1
133,1
175,5
85,2
191,1
191,6
64,1
63,3
52,4
259,1
194,27
95,29
181,27
291,277
140,29
87,29
502,14
344,9
178,4
124,1
87,1
66,1
43,1
45,1
38,1
177,4
224,20
250,1
318,3
400,2
272,4
430,13
131,1
400,7
99,1
40,6
72,12
770,500
48,1
105,11
37,16
330,4
220,4
302,4
477,500
171,2
19,1
305,39
397,1
103,2
214,37
149,5
135,1
52,1
206,15
82,1
102,26
162,1
370,19
39,1
444,76
281,405
80,1
345,405
396,14
235,14
59,1
209,15
450,405
125,1
128,1
186,2
368,1
111,30
247,15
134,6
420,8
99,3
165,15
49,15
240,56
8537,59
174,13
187,13
77,2
140,13
7677,59
252,6
127,1
110,1
450,8
36,1
59,9
182,13
82,1
56,9
58,9
348,500
40,1
54,43
144,2
48,16
150,1
43,16
143,1
45,16
318,1
71,2
63,4
425,2
44,43
122,1
81,3
140,19
118,2
38,16
474,1
173,51
133,1
209,51
72,2
203,45
245,95
270,2
117,10
51,6
43,1
57,58
146,56
78,1
326,7
122,10
117,10
107,1
291,405
81,1
209,23
293,1
271,1
233,6
54,2
829,500
71,2
84,4
113,3
67,3
219,8
526,103
277,500
182,4
205,2
33,13
105,1
163,1
50,1
120,8
91,1
74,2
200,4
79,57
116,10
134,10
95,1
400,2
206,1
189,116
88,56
362,1
93,15
117,3
102,1
36,1
306,43
163,1
92,39
55,1
83,57
213,18
42,11
226,11
250,252
30,11
58,1
444,76
70,18
123,1
229,1
208,43
128,6
225,500
65,18
199,500
332,500
108,277
51,18
330,4
64,1
145,2
63,3
74,1
228,18
172,1
221,1
156,1
81,1
153,11
340,37
79,1
155,2
58,2
198,18
210,48
145,3
171,2
62,1
293,27
137,1
308,37
193,1
282,500
276,500
81,1
128,1
205,15
90,3
90,3
100,3
130,1
64,1
166,6
250,1
375,7
175,11
175,11
175,11
364,1
35,2
68,2
133,1
62,15
39,15
26,15
22,15
45,1
186,1
207,1
71,1
306,16
74,4
130,1
181,4
117,1
136,5
62,1
91,1
76,1
188,2
72,1
39,2
50,1
187,1
142,1
115,1
875,500
96,2
382,500
415,1
220,2
358,500
374,500
167,1
33,4
212,7
62,1
51,15
63,2
166,3
55,33
64,2
158,8
59,2
216,48
41,1
152,500
113,24
283,1
39,2
357,8
415,14
171,2
70,86
81,6
115,1
168,10
150,5
103,10
160,1
90,2
90,2
90,1
58,1
115,3
72,2
140,4
519,2
59,86
350,2
200,1
408,19
44,2
52,4
270,93
205,2
99,1
86,2
416,1
45,1
120,2
75,16
80,2
261,19
236,8
110,3
540,3
305,500
78,1
264,1
250,1
261,19
54,21
101,21
59,21
108,1
162,57
204,26
243,1
205,4
66,5
217,26
244,37
84,48
128,2
200,56
135,1
119,39
187,1
174,48
165,210
120,210
121,12
81,1
284,3
65,1
276,1
38,1
132,1
188,13
89,13
68,1
153,2
39,1
168,28
435,1
110,15
145,27
136,64
126,64
126,64
591,500
166,7
30,3
266,500
289,500
249,1
45,1
329,7
68,1
70,5
54,2
80,2
386,43
130,8
41,8
108,1
206,1
180,79
180,79
150,79
170,1
8000,5
135,1
800,5
280,1
187,19
88,5
140,1
489,3
153,63
136,6
149,1
378,12
223,16
132,2
54,67
36,46
29,46
204,21
157,46
190,46
354,6
16,46
17,46
29,46
1328,500
236,500
30,46
54,46
288,12
146,46
128,50
190,46
116,3
57,1
174,27
162,9
98,12
107,12
126,12
162,3
195,14
440,1
171,14
41,1
372,1
203,1
61,6
47,2
70,1
109,2
495,1
140,12
191,13
111,1
62,92
108,10
33,1
114,29
150,2
132,56
21,46
22,46
30,46
23,46
29,46
86,46
96,87
192,46
73,37
225,2
29,46
29,46
22,46
30,46
188,46
258,46
328,46
161,29
84,37
68,3
198,116
144,1
30,46
29,46
29,46
30,46
40,4
29,46
58,1
145,46
131,6
180,500
185,26
34,46
312,10
30,46
31,46
33,46
131,46
111,13
84,37
152,23
84,13
112,13
107,13
90,13
118,13
70,37
114,29
109,24
84,37
467,43
39,3
118,37
110,18
135,13
80,37
185,4
59,9
82,3
160,12
85,5
61,6
170,12
211,1
376,4
377,3
67,1
113,23
167,29
187,95
90,2
240,116
147,11
131,12
1280,1
44,18
50,1
161,29
39,1
243,11
96,9
305,11
428,17
140,13
144,9
70,37
118,24
70,18
150,13
195,500
198,1
176,1
111,10
60,18
60,1
157,500
183,500
125,3
120,500
199,2
39,2
48,86
103,10
333,43
48,1
266,1
70,6
167,51
113,10
159,51
157,51
167,57
159,57
157,57
150,11
35,1
196,59
203,1
193,59
65,15
265,3
282,29
260,25
261,13
138,2
133,1
44,2
270,2
170,1
106,28
380,210
66,33
28,1
3585,33
94,15
74,1
177,21
28,29
49,2
280,19
650,7
161,29
106,24
33,50
96,7
220,19
94,1
66,15
221,5
190,9
192,500
192,500
86,1
56,2
187,1
306,93
325,93
169,2
288,1
84,16
490,2
69,1
344,500
1055,500
143,11
158,1
262,18
78,2
408,1
270,1
86,7
342,19
113,7
103,7
157,1
123,1
96,7
335,43
64,1
382,500
150,1
61,1
380,500
362,500
101,7
340,500
96,7
363,50
33,50
312,6
289,10
50,1
92,3
366,6
75,1
39,1
104,1
59,14
120,1
414,3
38,12
127,4
78,1
170,4
148,4
123,2
32,1
136,2
273,23
277,2
103,1
110,4
115,2
129,4
149,4
189,1
652,1
95,1
300,1
49,22
219,29
100,5
126,2
81,1
156,7
50,2
108,24
59,1
192,2
159,9
207,76
168,7
616,7
161,29
63,3
414,500
407,500
581,500
138,1
219,29
185,29
121,1
281,5
45,2
83,29
504,405
114,56
224,2
329,116
45,3
66,11
129,1
92,5
240,9
326,63
353,1
259,79
115,6
67,67
229,12
56,3
89,1
233,26
77,1
217,19
257,79
349,4
181,1
108,1
201,29
438,500
249,500
398,500
128,4
422,500
386,500
531,500
107,26
68,1
88,1
185,2
125,3
223,500
660,1
175,4
98,37
103,37
141,4
54,10
81,1
100,1
128,1
201,1
97,1
135,6
234,1
96,2
45,9
37,1
153,2
97,2
104,1
219,2
200,1
95,104
227,1
377,44
175,1
77,1
238,1
147,3
157,51
114,1
156,4
352,56
41,11
44,1
73,2
92,3
148,3
71,6
48,11
45,11
42,11
188,3
337,1
317,16
440,405
390,16
350,16
150,28
68,1
51,3
260,9
128,2
105,4
121,4
161,3
220,500
358,500
364,500
258,2
180,277
333,17
240,500
169,10
342,500
155,48
119,1
98,1
214,19
165,13
86,6
200,1
112,20
126,5
72,3
104,37
110,37
67,37
72,2
102,1
62,1
187,40
198,8
104,6
35,2
114,4
137,3
89,2
290,15
376,48
172,45
92,1
60,16
34,13
92,1
59,15
388,2
128,1
34,13
270,1
244,18
30,1
167,1
66,26
315,93
90,1
128,2
66,2
61,21
88,24
61,21
52,21
52,21
260,500
306,500
390,500
221,500
557,500
236,500
322,500
213,1
37,13
336,2
29,13
306,1
100,2
64,33
167,1
177,7
27,1
64,33
76,1
140,4
66,1
58,18
100,1
180,2
56,1
1011,12
496,3
212,12
40,1
128,4
372,5
78,1
61,22
25,44
250,6
84,5
245,35
99,1
145,252
250,31
212,2
220,1
92,28
154,28
384,12
119,1
200,1
296,1
570,17
113,1
284,12
440,17
994,500
90,1
317,93
388,500
260,7
210,56
380,1
625,12
148,1
116,1
638,500
686,11
543,500
708,500
154,4
214,8
256,500
141,15
332,500
544,93
160,10
300,500
352,500
55,1
56,1
183,1
106,3
35,2
32,1
105,3
253,3
183,23
282,23
171,23
169,11
210,44
83,2
141,2
63,4
138,2
288,16
80,2
525,76
289,2
186,6
220,116
129,30
1075,29
164,51
738,29
479,76
432,50
56,12
261,2
66,2
130,1
76,1
348,93
79,1
450,15
285,3
273,500
350,500
191,500
495,500
270,4
618,500
296,21
692,500
471,500
48,4
38,4
37,4
572,500
96,2
273,500
64,8
167,23
75,1
672,1
241,10
130,79
155,79
255,79
155,79
160,5
189,4
126,4
114,4
30,1
184,1
603,8
79,4
162,8
224,1
191,12
80,2
421,3
135,1
47,15
64,15
80,1
68,2
90,14
66,1
601,500
129,26
97,12
72,1
83,12
118,23
159,12
95,12
85,32
54,32
602,500
94,1
38,2
259,500
253,1
100,23
197,1
597,500
161,5
111,18
41,1
63,12
97,1
126,4
399,500
107,24
69,12
488,500
312,2
144,14
252,93
39,2
180,9
197,1
491,6
194,1
90,1
204,1
156,3
136,18
144,18
42,1
270,3
37,2
110,1
317,16
314,16
429,16
463,16
230,16
190,16
230,16
392,16
339,16
236,16
141,13
118,2
70,1
204,5
220,1
43,32
211,1
198,93
88,9
135,3
95,10
150,1
160,1
74,2
158,1
35,3
55,1
922,26
177,1
49,1
59,3
67,3
123,11
59,6
271,19
499,3
122,3
67,33
124,2
52,1
36,1
185,6
213,6
309,93
56,1
28,3
78,1
99,1
247,13
218,1
431,7
44,1
105,1
360,76
253,76
186,45
46,1
252,9
135,79
215,79
129,1
40,21
220,6
240,6
42,3
109,24
264,21
300,1
162,3
62,1
151,1
272,2
47,1
53,1
85,10
162,63
196,63
178,63
222,2
247,1
173,1
58,12
56,4
263,1
224,76
103,1
239,28
555,500
55,12
166,138
908,500
171,3
108,1
114,15
58,12
99,1
49,12
55,12
190,1
49,12
174,15
68,1
56,9
297,6
150,6
215,4
212,2
107,4
110,4
189,63
319,10
230,2
197,1
296,12
172,63
178,55
315,51
96,5
320,13
257,2
34,1
98,1
229,38
192,1
194,66
104,19
366,500
270,500
289,79
302,405
198,5
239,3
175,49
483,3
62,4
126,10
114,3
187,500
277,500
170,1
68,25
50,7
286,500
188,4
231,12
130,6
106,1
226,1
115,1
153,2
353,13
148,49
38,2
252,7
143,4
245,15
132,1
129,1
113,1
403,8
131,15
54,3
344,500
225,500
57,1
332,500
201,116
144,10
140,2
73,2
348,500
160,22
72,1
111,1
196,3
209,3
289,1
164,8
444,20
250,1
160,11
173,11
140,11
112,11
128,11
160,11
128,11
170,11
170,43
293,500
328,405
105,18
376,405
144,10
270,500
55,1
360,500
314,7
487,500
53,109
164,17
204,14
336,17
60,109
419,500
54,109
74,109
56,109
49,109
162,51
138,10
848,500
144,10
132,10
141,10
192,1
135,10
45,6
240,1
425,12
99,26
155,1
285,56
110,2
104,3
112,9
117,1
109,1
310,3
41,1
110,4
141,9
179,13
60,18
268,63
689,1
70,18
144,7
241,1
113,3
161,49
176,1
133,2
38,1
248,1
169,3
399,14
40,3
116,9
302,35
162,21
117,3
169,1
865,29
89,1
139,1
300,2
80,1
216,3
155,138
63,1
300,8
338,1
621,500
43,1
1374,500
1527,500
247,500
396,500
274,500
29,3
166,4
191,57
200,2
60,33
178,79
180,2
103,1
112,1
145,1
40,1
76,1
572,1
120,1
385,76
500,13
92,70
62,1
58,1
81,2
82,1
43,33
5000,28
209,50
138,138
85,1
80,1
148,40
85,1
151,1
50,1
264,500
314,500
46,3
274,500
57,1
264,500
266,500
67,8
54,7
206,4
350,2
206,1
50,1
164,1
572,7
100,57
175,79
234,13
249,500
130,3
321,277
260,3
157,500
42,1
322,76
138,4
324,76
298,76
149,1
245,2
71,6
357,6
187,500
87,12
91,12
419,17
177,1
65,12
72,1
400,116
298,500
155,1
269,500
296,500
129,1
438,500
76,2
230,500
208,6
173,2
81,1
262,3
96,109
88,109
179,1
81,109
852,2
177,1
168,4
123,4
99,3
209,9
127,9
89,57
128,57
95,57
264,1
207,15
518,15
489,1
99,3
135,1
298,1
74,1
341,1
90,1
178,3
79,5
129,2
31,4
97,33
90,2
114,4
124,3
55,1
118,1
100,33
236,57
139,48
342,56
528,39
40,1
150,39
108,1
334,76
100,1
135,13
681,16
133,1
80,1
297,3
141,1
113,1
211,3
31,12
129,57
123,57
123,57
248,6
230,2
45,1
138,1
198,40
52,5
42,2
87,1
194,9
298,9
1188,7
174,1
84,11
168,9
169,9
194,9
131,9
121,9
109,2
340,9
340,9
505,6
100,57
341,9
100,57
100,57
59,1
147,2
228,16
128,57
140,1
128,57
115,3
128,57
89,57
89,57
89,57
399,500
33,3
380,1
340,500
35,1
55,109
328,500
141,2
70,109
60,109
57,109
57,109
39,3
228,500
196,1
36,3
65,1
73,2
224,1
123,10
227,1
129,6
95,57
95,57
91,1
95,57
163,1
110,1
57,2
692,21
206,1
692,17
117,57
117,57
72,1
50,3
138,5
101,4
64,1
48,1
158,101
165,101
131,6
295,1
55,67
177,1
51,6
80,1
85,2
219,12
150,101
617,17
168,15
564,405
478,405
318,405
213,35
257,6
93,5
580,500
95,101
92,5
204,500
108,5
296,500
158,1
201,500
215,34
386,42
143,7
191,57
191,57
257,500
708,12
95,101
133,6
158,101
559,116
165,101
52,1
179,500
314,15
364,21
64,4
116,84
294,500
208,3
112,84
214,1
72,4
182,21
50,1
766,500
67,3
137,7
38,2
310,5
40,1
72,1
464,7
187,93
64,13
72,3
179,2
133,1
165,252
195,15
37,4
372,76
165,252
280,3
765,1
348,6
276,35
370,3
45,1
135,37
45,1
175,32
77,1
227,4
521,5
54,1
318,19
195,68
99,10
185,1
373,116
60,1
181,1
231,138
329,14
109,1
148,2
176,11
279,277
919,500
132,1
328,500
316,500
128,1
43,12
346,49
346,49
257,500
414,500
241,500
280,500
178,3
224,500
61,6
332,500
344,500
326,500
135,4
297,57
60,1
157,1
216,93
160,3
209,1
55,13
351,1
131,12
123,2
391,7
222,5
199,19
46,3
212,79
108,3
57,2
158,101
76,70
37,2
150,101
95,101
165,24
99,24
99,24
141,1
99,24
99,24
147,1
200,1
116,11
171,1
64,2
180,17
99,24
176,26
110,101
99,24
228,24
201,21
67,3
339,2
148,2
100,101
287,95
221,21
143,1
445,500
139,1
143,43
111,14
186,93
172,22
338,4
145,18
358,4
82,18
100,1
175,46
35,2
52,8
89,1
283,7
185,1
54,8
243,6
119,13
165,13
78,1
132,13
165,13
165,13
165,13
180,1
195,11
50,2
165,24
99,24
99,24
452,13
99,24
99,24
99,24
125,24
36,1
228,24
280,21
99,2
114,1
310,500
332,500
191,4
340,500
192,500
240,500
32,3
348,500
148,1
241,500
120,3
67,25
342,500
96,1
53,14
50,14
181,27
150,1
68,1
140,1
54,2
292,1
111,14
105,1
101,1
460,19
196,1
62,1
245,500
56,4
76,2
105,1
151,1
125,1
445,5
108,1
56,2
100,121
189,16
49,2
94,1
41,1
270,1
286,8
52,1
234,11
75,6
198,1
292,93
675,2
232,1
107,2
125,1
90,2
25,2
104,6
104,6
104,6
104,6
104,6
103,2
317,93
143,8
32,2
33,2
148,8
41,1
75,2
262,3
127,1
185,6
104,49
281,10
64,2
255,19
166,2
50,1
110,23
57,6
162,1
43,6
62,6
399,48
135,5
125,1
362,9
222,1
34,2
236,500
328,500
492,500
69,109
79,109
79,109
79,109
51,109
72,109
283,16
64,109
67,1
69,109
137,1
83,109
59,109
68,109
120,1
44,12
340,500
128,4
675,1
45,25
176,1
28,25
35,25
64,6
184,8
85,2
232,8
240,8
238,2
75,1
49,8
146,7
62,6
213,9
164,1
56,2
173,1
291,17
240,121
194,8
174,3
262,6
91,1
202,22
193,20
115,3
240,4
95,104
51,1
256,9
218,6
148,8
177,55
479,500
524,500
150,1
207,500
359,210
330,210
332,500
104,3
163,500
302,500
88,1
105,1
141,1
176,1
88,1
28,5
150,252
334,1
194,8
225,500
125,10
188,1
73,1
135,8
106,9
701,13
75,9
144,3
96,1
500,19
202,1
190,8
1003,214
304,4
285,2
132,15
95,2
167,17
191,1
143,1
184,8
254,18
113,66
62,1
121,5
65,8
246,1
255,2
313,15
121,6
308,1
144,2
124,15
52,9
40,1
231,138
194,16
187,12
230,8
43,12
113,7
164,16
144,6
131,6
87,9
152,3
61,9
62,9
177,1
129,12
92,26
285,15
98,2
230,10
350,6
585,29
55,25
300,2
206,103
161,1
137,6
105,1
238,1
117,1
119,1
137,17
155,1
270,5
180,5
308,5
360,5
81,5
450,5
163,3
266,2
161,1
910,5
128,26
92,1
690,29
130,9
128,26
128,26
128,26
204,1
254,116
140,26
140,26
140,26
158,26
140,26
158,26
158,26
158,26
158,26
158,26
158,26
72,5
145,26
151,1
279,26
279,26
145,26
145,26
145,26
145,26
145,26
188,26
250,9
869,19
216,4
38,1
1700,53
200,15
40,3
161,34
137,1
80,3
142,138
64,1
95,70
182,6
446,3
111,9
324,3
266,2
147,8
176,21
70,12
56,12
78,12
85,12
56,12
65,12
66,21
185,1
145,6
79,1
244,3
154,2
114,1
85,13
57,1
515,37
43,12
292,3
35,1
36,1
143,16
91,5
45,8
214,19
313,8
486,8
78,5
64,8
92,1
32,1
172,53
186,116
59,1
158,19
290,3
160,252
141,7
55,3
123,9
86,1
198,13
61,5
292,4
280,4
31,1
275,4
117,1
52,1
110,6
47,2
214,1
117,2
225,18
276,66
73,26
474,7
165,1
37,2
34,2
129,7
288,500
273,3
29,1
114,1
75,5
143,6
36,3
233,1
50,13
62,13
220,3
200,10
308,1
200,1
68,11
219,1
220,1
77,1
123,1
242,1
137,2
86,37
211,1
232,23
140,9
59,3
112,2
33,5
115,1
93,1
243,23
160,21
55,1
115,1
119,2
194,8
80,9
44,2
194,8
197,21
79,4
38,1
144,6
141,6
216,6
192,2
77,21
95,21
108,21
230,3
518,9
255,21
62,67
64,1
60,64
57,64
57,64
60,64
72,1
364,12
136,48
221,7
95,10
90,1
213,12
464,39
177,6
597,8
148,2
211,1
153,48
725,214
924,214
180,1
177,16
89,1
270,18
162,8
43,35
216,11
134,16
124,1
643,8
75,34
650,18
406,57
465,8
41,8
38,50
132,1
169,1
183,25
81,1
124,1
212,37
42,50
151,10
142,6
42,50
39,50
44,50
162,1
189,1
97,2
142,39
131,2
92,4
36,2
399,18
180,210
367,79
245,5
86,50
46,8
171,4
57,2
35,1
70,19
55,7
31,1
150,48
136,17
48,1
52,1
60,7
55,7
56,7
60,18
61,1
242,10
506,8
40,1
228,6
209,22
46,2
113,1
217,2
44,18
64,33
44,18
106,1
53,1
76,8
211,59
559,500
168,6
54,11
319,59
57,53
48,1
90,1
215,15
208,1
197,4
228,1
95,3
132,3
237,5
40,56
39,12
40,1
149,8
141,4
50,7
180,210
434,76
137,2
48,1
134,17
258,9
280,44
280,44
220,44
65,2
140,9
100,47
115,47
203,59
394,34
184,34
201,59
99,47
126,47
116,47
100,47
139,2
202,3
564,14
56,1
500,13
44,1
539,1
193,59
56,1
198,37
250,13
290,18
145,59
271,13
300,9
627,16
318,10
195,2
169,1
193,59
117,59
105,10
119,5
212,1
74,1
321,1
267,2
433,1
197,7
90,2
98,138
50,1
131,1
304,43
252,6
115,5
75,1
45,1
164,1
88,47
528,29
127,1
99,47
97,47
195,14
98,47
115,47
103,47
126,47
176,59
88,25
85,1
176,59
218,15
94,1
207,14
42,3
270,5
106,1
145,70
122,47
100,47
101,47
132,47
176,59
190,12
169,25
163,25
150,25
115,1
176,59
258,10
176,59
320,210
45,2
230,15
178,59
112,12
35,16
61,1
47,5
128,1
51,5
234,6
58,11
108,3
68,25
180,1
57,5
300,35
134,33
55,6
243,21
40,7
218,9
132,12
101,1
35,35
65,25
270,59
640,29
188,1
160,1
173,277
387,1
185,59
35,47
35,47
230,3
270,59
68,1
55,2
108,47
103,47
867,4
185,59
411,9
270,59
38,1
485,6
332,59
53,2
173,37
1140,1
374,2
178,59
239,59
35,47
239,1
113,15
236,59
90,1
210,2
80,1
149,59
86,2
535,1
133,21
155,1
140,1
240,11
62,8
124,1
189,1
98,1
108,15
207,17
152,17
366,19
23,3
192,1
45,2
61,1
252,8
148,2
148,2
80,2
232,2
124,23
77,2
177,1
78,2
55,1
158,17
533,4
150,17
152,17
104,2
42,2
166,17
171,3
350,1
228,500
138,1
83,2
170,1
138,1
143,2
252,1
52,2
257,5
45,1
74,1
120,6
277,4
160,20
350,3
133,6
115,1
90,3
137,17
65,2
164,17
151,17
129,2
140,1
41,1
135,1
72,1
92,21
278,10
217,1
45,2
211,1
209,3
54,4
298,1
187,1
150,1
148,18
360,1
56,1
99,1
72,1
193,43
54,8
138,6
67,8
64,8
60,8
35,47
65,8
63,8
108,116
152,8
182,8
230,1
146,1
111,28
104,28
119,28
102,28
130,28
71,28
93,28
68,28
126,28
116,28
80,28
110,28
151,1
100,1
94,70
232,11
206,2
169,2
82,1
208,7
90,2
510,24
149,11
207,63
84,9
252,7
117,1
251,29
181,2
137,59
200,49
265,7
274,7
159,210
320,18
570,7
325,210
137,59
95,1
480,7
137,59
201,7
137,59
184,1
325,2
207,17
123,12
208,59
187,500
79,1
144,500
189,59
174,3
233,500
189,59
214,17
69,1
189,59
189,59
119,1
90,5
176,13
99,12
85,1
408,4
444,500
133,116
71,12
72,12
303,4
99,3
55,3
336,19
48,18
50,1
28,1
206,1
208,1
147,12
154,4
177,1
210,8
230,1
300,38
110,1
62,3
374,6
172,1
112,17
1461,214
343,2
216,8
98,1
108,10
247,116
40,1
32,1
173,16
32,13
112,5
106,20
126,1
28,13
35,13
270,1
78,1
90,1
200,17
32,13
186,3
152,1
174,12
215,59
130,12
40,1
212,2
72,1
120,12
159,46
97,1
43,9
208,1
78,3
810,1
189,2
195,500
85,1
171,500
220,500
97,4
711,500
472,1
213,3
76,1
53,1
89,3
105,1
142,5
87,7
79,56
148,7
79,2
143,19
103,21
75,5
183,17
342,2
220,2
108,26
301,26
259,26
294,26
146,44
207,26
259,26
243,26
67,49
216,2
40,7
134,1
85,1
158,1
224,17
123,3
108,1
139,25
32,1
296,43
63,1
103,25
177,2
89,4
188,15
94,8
40,5
278,43
175,3
228,11
310,11
693,19
336,500
255,500
215,2
35,1
598,500
392,500
201,5
439,500
117,35
211,500
65,3
300,1
60,1
90,1
99,3
142,2
258,8
129,2
196,6
133,1
45,6
121,17
137,17
162,3
36,1
154,4
112,13
33,18
95,3
344,95
73,2
148,1
72,1
98,40
90,3
215,37
256,1
380,7
302,6
50,6
572,37
332,7
98,35
249,2
479,37
167,2
200,14
57,4
61,1
86,7
62,1
135,1
248,25
77,2
94,500
236,500
168,500
247,500
11952,500
63,4
79,1
170,1
300,14
259,11
60,1
126,1
41,2
54,2
165,93
113,1
117,1
64,4
191,21
39,1
252,1
36,8
125,44
150,44
125,44
35,47
40,47
330,1
68,1
54,1
240,13
190,1
174,51
84,16
83,10
171,1
87,10
202,46
55,10
59,10
59,10
119,59
64,10
92,1
87,10
159,27
188,27
153,27
282,22
72,2
149,4
113,1
204,11
137,11
44,2
156,11
181,6
287,11
95,1
157,11
95,101
295,11
212,11
269,11
156,11
222,34
95,101
95,101
336,29
59,25
158,101
195,1
232,17
251,6
112,4
138,1
160,1
32,1
103,15
368,500
380,500
622,500
297,1
899,500
57,1
163,1
546,23
225,2
156,51
135,1
99,1
169,4
41,12
81,12
72,12
63,12
252,12
185,1
59,2
60,4
90,1
50,1
51,1
45,2
46,2
48,9
130,6
136,6
39,1
162,2
270,116
96,2
49,1
250,1
24,3
60,1
150,3
212,1
34,1
66,6
399,11
257,1
172,20
144,1
431,30
924,500
277,500
176,500
759,500
27,1
237,6
180,1
525,500
147,44
185,4
54,6
62,25
145,1
177,6
135,2
133,1
53,1
127,1
900,1
152,53
64,1
46,16
209,1
150,1
40,1
129,1
67,6
170,6
78,6
139,1
64,6
112,1
137,1
192,11
44,1
115,2
160,1
53,1
280,11
272,95
167,2
123,2
68,1
126,1
91,1
86,1
20,6
158,70
224,210
131,13
52,3
160,2
45,92
283,57
59,1
100,1
131,1
180,12
342,113
50,1
200,1
162,1
106,1
191,1
233,9
387,113
166,26
60,1
129,1
137,2
282,3
63,1
95,11
120,1
135,16
169,19
380,1
48,3
160,252
145,17
143,57
141,7
143,51
202,8
143,500
135,1
92,2
103,6
233,500
790,3
117,1
143,7
49,2
390,17
158,5
429,17
549,500
50,6
33,4
391,1
250,10
52,8
428,1
49,1
123,1
40,3
385,3
190,1
42,6
159,1
77,8
194,1
75,8
206,3
146,2
310,12
56,8
165,16
300,1
155,16
228,26
816,39
343,8
70,1
99,9
50,2
140,31
95,6
105,50
141,8
116,56
179,46
118,13
113,1
200,23
53,7
80,1
43,6
177,1
159,1
270,2
126,1
132,1
225,2
139,49
45,7
147,12
195,17
66,1
295,17
140,12
167,500
401,3
132,46
232,12
216,54
40,6
70,1
90,1
260,3
102,79
135,79
145,79
135,5
31,6
46,15
44,1
36,6
45,1
166,2
108,16
88,1
183,3
86,2
212,2
104,2
131,6
125,50
115,1
81,2
357,56
214,1
180,1
236,56
998,29
96,3
224,23
333,6
185,31
70,1
218,26
190,6
153,1
119,1
224,2
168,1
87,1
35,1
269,1
115,20
217,1
189,1
92,1
137,2
1040,500
374,500
396,500
74,6
340,500
528,500
58,1
141,500
120,3
55,7
197,277
120,12
125,12
104,12
52,3
113,12
113,6
198,2
315,2
109,2
159,1
275,3
371,18
64,16
529,1
94,35
86,13
86,13
228,5
45,1
80,1
57,1
208,55
85,13
54,9
343,26
299,4
127,16
60,18
10004,1
93,2
434,4
180,1
47,18
45,4
45,12
694,16
113,1
262,26
53,18
210,12
110,1
127,1
59,3
130,1
320,21
51,1
160,1
34,11
177,7
58,1
183,13
175,9
236,7
150,252
298,500
589,500
392,500
304,500
565,500
118,13
111,1
1250,1
129,13
80,2
183,1
165,49
162,1
204,1
314,7
836,63
321,8
83,1
225,1
152,19
145,46
41,1
45,3
206,2
850,2
323,8
324,8
331,8
307,8
368,8
346,8
362,8
67,7
73,7
46,1
273,1
113,23
34,4
103,4
49,92
86,1
50,2
115,1
152,2
113,1
230,7
368,15
40,11
136,2
190,6
127,1
205,34
26,1
133,50
127,50
138,4
218,12
163,277
226,19
49,8
200,5
71,15
180,7
135,5
71,15
123,70
236,39
63,52
186,5
63,52
63,52
1115,8
243,1
61,15
75,15
183,12
100,35
154,3
218,3
82,2
135,500
528,500
228,2
90,9
42,1
250,1
181,43
96,1
224,7
197,8
140,14
124,10
52,5
356,14
547,95
171,47
253,19
72,5
165,1
400,2
40,1
201,5
63,1
121,17
52,1
153,8
148,19
158,4
144,19
138,14
152,19
650,1
180,7
96,2
304,2
199,12
249,26
47,18
246,26
95,2
74,1
336,7
49,20
124,500
305,500
225,500
440,500
479,500
175,31
49,1
38,6
68,1
45,1
55,47
162,15
53,1
124,11
159,19
55,1
45,2
310,2
50,2
37,2
1429,95
35,47
225,1
35,47
139,3
152,1
98,63
180,2
126,1
200,5
40,2
153,1
117,20
146,2
202,5
37,2
52,3
202,5
68,1
45,2
67,1
41,1
38,6
207,15
188,31
129,2
95,1
72,1
154,1
128,1
270,1
117,4
54,1
70,1
119,13
68,1
285,1
49,8
214,4
45,8
88,20
115,18
222,1
149,16
99,2
125,1
41,1
295,1
58,15
243,1
69,1
44,2
167,14
128,1
185,27
42,1
43,1
180,4
216,66
80,1
252,9
78,1
32,65
342,23
148,2
185,18
41,65
78,1
34,65
148,1
32,65
1008,13
97,13
180,5
141,4
156,15
293,2
279,14
89,2
118,2
148,1
180,252
293,4
161,4
336,108
248,18
351,108
63,52
63,52
282,500
325,10
66,1
240,1
294,500
1714,500
837,500
197,11
368,500
399,500
180,1
100,3
143,1
40,1
41,5
108,13
198,9
41,5
41,5
84,5
1020,21
79,5
120,3
938,20
990,20
77,3
137,1
136,6
154,10
229,15
40,1
89,11
440,1
320,210
330,1
46,2
184,15
227,2
186,11
138,11
189,9
221,1
89,11
121,1
63,5
23,3
35,9
205,1
78,1
238,3
122,8
85,1
377,405
149,5
160,6
155,5
35,9
231,138
191,70
62,2
113,6
50,1
157,6
60,6
34,65
64,1
135,1
34,65
137,8
130,39
34,65
153,7
685,14
32,65
155,4
133,8
479,500
11952,500
129,138
110,5
380,500
58,1
126,138
110,5
34,1
100,4
210,1
56,5
56,5
107,10
155,3
523,19
310,1
140,3
134,9
134,3
57,6
59,86
82,33
770,16
240,3
619,16
65,9
154,10
133,2
368,3
356,17
679,13
199,2
227,3
240,1
176,2
193,1
100,25
265,3
76,13
82,25
118,25
61,25
91,25
67,25
69,25
166,1
270,6
61,3
42,6
180,1
483,1
107,46
42,10
52,2
116,11
187,1
60,1
88,1
54,2
54,11
411,1
137,9
163,8
202,11
182,2
117,1
567,500
132,7
133,6
775,500
47,1
540,500
694,500
544,500
447,500
508,500
130,2
189,2
131,39
32,5
72,1
150,1
100,2
126,1
141,6
65,14
376,29
216,14
548,17
190,12
424,17
152,1
211,15
211,15
90,1
90,2
79,7
89,7
133,1
477,11
158,1
166,31
180,1
159,1
591,7
57,1
315,79
127,1
98,1
256,13
99,50
102,1
674,500
188,16
30,1
152,18
310,210
116,6
218,13
250,2
38,11
230,2
212,10
392,500
508,500
659,500
336,500
485,500
436,500
123,4
280,500
162,5
113,2
212,15
41,2
254,9
212,15
51,1
72,1
121,9
371,1
69,1
60,47
58,4
114,58
400,58
276,19
94,1
1080,58
1308,58
237,8
145,58
90,58
799,58
153,58
136,1
96,2
133,58
219,58
96,58
198,1
190,70
170,17
132,58
438,58
207,58
320,58
371,58
197,58
184,58
169,58
1338,58
163,58
422,2
327,58
65,2
318,58
174,58
230,58
191,58
260,2
219,101
192,58
541,58
225,34
289,34
408,34
118,1
405,58
122,50
171,1
511,5
223,1
187,16
485,58
428,58
198,58
199,58
96,58
155,58
160,58
34,9
100,1
92,2
68,1
291,11
55,1
88,15
627,70
484,500
989,500
249,500
851,500
159,1
246,3
189,2
191,3
116,1
65,5
97,9
71,1
240,3
102,2
213,6
225,1
54,6
180,20
84,1
112,1
147,29
54,2
63,1
165,1
666,6
118,9
48,2
274,23
81,21
162,19
48,1
232,58
1590,58
1780,58
227,58
103,58
91,1
86,1
135,6
583,500
700,500
330,500
799,500
970,500
108,1
298,500
378,500
430,500
266,2
1800,1
231,2
407,500
605,500
111,1
1063,500
35,5
93,1
36,8
41,1
94,1
98,3
425,16
274,6
62,3
99,3
288,9
84,63
61,92
89,63
89,63
89,63
239,2
158,1
196,5
112,1
100,1
500,1
273,1
54,2
1120,93
112,48
92,13
180,1
89,2
263,1
240,11
271,2
80,1
270,1
295,4
334,1
199,1
151,1
50,3
328,1
83,1
190,7
126,7
163,3
50,14
233,7
208,1
108,26
53,1
231,9
283,6
103,1
47,1
120,1
247,2
184,1
50,1
268,58
290,58
383,70
420,58
176,7
840,214
763,214
152,3
400,58
403,58
262,58
150,58
700,1
240,19
100,46
95,1
43,4
333,70
135,4
369,58
270,58
162,58
507,58
151,19
253,1
94,70
115,1
361,37
180,8
420,108
50,1
38,65
211,3
317,48
43,30
39,65
145,1
156,20
38,65
249,3
38,65
108,1
109,1
266,3
161,1
657,500
714,500
924,500
1231,500
2156,500
1114,500
123,1
113,8
108,8
450,13
328,3
200,15
200,15
62,1
950,3
362,10
245,3
325,15
153,1
51,2
198,1
134,8
444,1
220,32
372,3
170,48
700,3
71,2
358,32
358,34
265,17
239,17
120,1
40,1
24,18
236,6
237,1
215,1
121,50
165,11
95,1
60,18
60,18
193,9
220,116
129,5
213,116
205,116
333,6
101,1
324,4
588,76
164,30
186,30
259,30
219,30
240,30
372,30
428,30
58,1
54,1
37,5
129,39
36,1
114,1
252,1
50,1
131,39
130,9
131,39
73,8
153,1
357,1
378,7
203,2
473,500
484,500
539,500
1249,500
83,2
52,1
36,8
79,1
452,5
156,5
72,20
485,17
48,3
189,3
425,1
133,2
201,16
162,1
169,1
59,1
127,1
188,1
286,8
251,30
268,48
302,2
83,3
140,10
125,18
170,18
105,18
128,5
126,2
290,8
536,12
108,1
110,1
288,1
197,5
119,46
244,21
252,8
121,76
177,55
50,1
179,1
113,76
329,3
90,18
216,76
32,4
258,13
77,2
52,3
259,3
89,39
85,39
110,15
120,15
160,15
170,15
180,15
140,15
180,15
200,15
210,15
160,15
180,15
220,15
275,15
137,1
350,13
142,19
97,1
60,1
44,11
130,39
180,51
187,138
345,18
81,24
344,500
364,500
622,500
157,500
728,500
164,500
136,1
146,1
311,44
68,14
174,1
231,24
318,17
142,2
185,1
132,6
177,9
201,55
66,1
306,103
100,1
49,2
341,66
652,66
156,66
205,66
352,66
160,1
253,66
185,19
395,21
80,1
113,101
245,21
493,34
180,19
157,24
687,24
425,21
525,210
275,21
184,14
560,21
151,2
410,21
283,405
580,21
430,21
1920,29
580,21
430,21
445,21
295,21
375,21
375,21
128,13
395,21
528,5
385,21
405,21
195,27
108,10
256,277
400,252
405,21
425,21
460,21
510,21
146,138
245,12
255,11
180,252
90,6
105,40
183,3
125,6
904,19
178,1
71,22
62,22
63,22
72,22
71,22
54,22
61,22
238,5
63,10
85,3
98,32
164,49
90,1
686,500
592,500
316,500
36,1
61,6
158,15
99,12
64,1
190,1
360,17
112,46
141,2
136,1
200,1
131,4
35,2
195,10
209,4
196,66
248,66
87,66
382,66
109,39
63,1
244,14
63,1
253,14
221,3
105,1
156,76
134,76
110,76
108,76
82,18
167,3
98,11
132,1
108,5
102,18
147,15
165,1
221,101
102,18
186,3
95,11
115,1
125,1
126,2
41,1
120,6
175,28
207,28
106,1
225,9
30,1
55,1
180,8
61,6
212,3
50,4
116,6
508,500
255,500
222,5
129,2
375,15
32,2
390,10
162,8
6924,5
130,2
210,4
6924,4
6924,5
6924,5
6924,4
6924,5
6924,5
210,4
108,1
47,1
111,8
150,2
218,1
85,1
81,1
197,3
47,1
66,1
365,16
744,76
75,63
77,2
63,32
475,76
277,6
459,13
32,2
144,1
74,5
230,1
41,32
159,2
244,1
42,12
192,3
42,12
135,1
799,500
177,500
224,500
211,500
203,1
63,21
95,1
320,9
112,1
158,101
72,3
328,116
1014,101
62,2
69,5
72,40
287,14
118,6
97,6
84,7
415,5
37,3
131,1
231,7
232,1
208,1
144,1
163,1
231,1
56,1
150,2
217,1
99,21
103,1
148,2
68,1
153,1
122,1
180,1
144,1
67,1
206,1
291,1
34,5
164,3
154,1
351,1
80,1
139,1
83,1
90,1
110,1
61,3
990,11
118,4
223,116
137,1
100,6
30,18
27,18
129,19
120,9
350,8
70,1
475,8
131,29
107,50
170,79
304,66
134,1
50,1
225,1
48,1
238,66
176,70
1020,66
299,11
51,2
107,34
167,1
127,50
220,17
234,49
276,57
137,9
840,214
93,9
81,9
98,9
108,9
69,9
93,9
84,9
71,9
54,58
48,4
177,12
54,1
166,3
125,138
194,1
46,1
163,5
73,4
211,4
650,252
55,4
362,93
200,1
191,6
65,7
328,20
92,8
281,21
122,66
108,66
325,3
86,9
310,1
222,19
101,8
115,1
87,1
165,7
150,46
308,8
162,13
40,10
101,9
197,13
223,4
210,20
672,66
283,66
300,66
108,9
186,46
348,66
200,66
282,66
1085147,66
275,66
257,66
540,66
250,66
218,66
1279,66
353,66
230,66
196,63
110,70
252,13
89,2
374,66
192,66
95,8
113,8
46,10
429,22
132,15
36,1
118,26
132,1
185,1
91,1
361,1
136,2
140,9
65,58
101,2
148,1
75,1
63,33
127,1
113,1
243,7
104,1
88,1
135,2
150,10
47,1
132,27
136,10
80,1
60,2
131,1
135,3
300,66
274,66
776,66
85,66
1800,66
93,1
155,3
70,4
313,21
155,66
395,66
565,66
171,66
168,66
169,19
61,1
165,12
173,1
194,1
300,8
232,17
133,17
103,17
42,1
341,66
546,21
316,27
947,1
95,1
360,2
109,18
160,8
280,48
403,3
90,29
107,1
179,27
116,2
180,1
283,1
85,57
182,66
450,66
215,66
180,66
256,66
329,23
204,23
203,23
290,23
92,57
149,23
271,23
326,1
615,108
170,3
222,66
85,49
49,1
185,66
74,31
150,1
382,23
284,5
136,1
90,1
173,1
45,2
53,6
82,18
146,6
49,13
53,6
328,17
180,1
42,2
166,34
32,3
148,23
161,12
214,1
830,30
260,3
827,4
193,4
980,24
63,33
56,33
350,1
63,1
171,19
66,33
247,1
66,33
53,2
36,10
112,49
89,11
186,6
207,7
123,3
77,1
221,1
941,95
196,18
141,1
74,50
208,14
108,6
665,3
91,1
98,1
82,33
60,32
108,33
209,45
45,1
246,1
50,3
176,51
59,3
282,34
130,1
150,2
266,500
255,500
344,500
265,500
204,6
95,138
163,13
944,500
249,1
1114,500
60,14
125,138
1484,500
320,500
200,500
150,4
156,2
216,1
179,2
480,500
190,1
314,500
189,1
66,13
179,1
141,1
65,6
60,2
200,7
82,5
292,16
47,2
35,1
54,1
113,1
54,21
144,1
99,1
143,1
117,1
33,23
46,23
103,9
180,1
201,2
213,2
202,16
258,16
60,2
21,11
180,1
33,1
171,13
60,1
191,4
154,1
258,57
110,17
270,1
32,16
42,12
49,1
33,1
87,28
143,2
90,1
301,1
74,8
219,65
173,500
410,500
207,500
132,8
225,2
238,1
168,1
89,1
170,116
160,500
288,500
209,500
157,1
263,3
50,18
43,2
36,1
139,10
143,10
51,2
82,2
341,5
105,1
59,1
69,13
70,9
78,9
261,4
38,1
30,4
132,4
109,2
133,3
71,4
215,7
214,7
128,1
64,4
499,500
415,500
702,500
80,4
58,1
94,1
322,8
238,4
37,2
275,1
60,1
65,9
143,5
71,2
71,1
23,3
77,1
96,11
88,1
27,1
100,13
168,23
116,1
239,1
89,4
107,3
1504,500
109,5
49,92
61,1
109,5
43,5
420,500
545,500
266,500
99,1
245,500
104,500
240,500
583,500
181,500
236,500
915,500
126,5
130,11
207,500
402,500
171,1
83,86
145,10
77,86
79,86
71,86
80,86
261,3
370,29
183,7
203,2
157,14
52,1
99,1
270,1
28,6
105,9
149,1
127,1
342,1
191,1
40,1
145,1
76,1
468,7
55,6
72,3
106,2
85,2
333,18
86,1
381,11
140,1
56,2
48,10
43,2
130,1
99,20
141,1
38,1
105,1
91,11
362,8
108,1
64,21
67,31
201,7
76,31
104,31
185,5
51,1
224,12
1139,214
395,4
96,1
233,46
440,6
265,44
124,1
120,1
230,66
486,1
230,21
80,2
148,19
268,66
182,66
119,13
384,14
180,1
304,210
175,1
159,3
188,2
133,3
102,4
272,66
157,66
37,9
70,67
523,63
329,37
153,2
133,104
200,210
311,66
117,66
125,27
255,66
320,66
115,1
240,95
111,1
570,66
530,66
125,27
360,66
148,27
153,27
148,27
114,104
216,2
530,3
349,17
159,44
179,22
203,3
71,86
290,252
315,1
170,18
143,44
413,48
46,1
288,1
187,18
182,18
206,18
38,3
165,48
425,1
820,4
124,12
151,2
188,500
54,32
141,500
328,500
151,1
259,500
130,1
347,1
283,1
27,2
169,29
219,500
266,500
68,86
65,4
69,86
123,1
167,19
55,1
191,19
139,10
71,86
164,6
150,1
157,1
356,1
189,64
392,103
476,17
214,54
214,54
214,54
159,22
135,1
104,2
86,2
656,210
122,10
599,63
167,10
353,3
162,10
169,22
133,63
133,10
56,1
124,2
282,2
205,63
89,11
186,1
96,11
179,22
526,103
240,19
60,21
92,11
256,2
283,12
72,1
114,1
279,2
32,1
229,48
81,2
251,500
224,500
188,2
52,1
199,22
475,500
57,1
492,48
209,22
1600,11
376,500
509,500
363,14
105,1
35,7
185,500
184,500
276,500
49,1
100,2
41,1
80,14
120,2
54,67
191,8
155,1
350,14
252,35
120,50
100,3
203,36
50,14
207,17
54,14
124,1
280,18
148,1
295,35
90,5
276,8
65,2
137,7
244,4
139,2
75,1
80,1
155,3
39,16
90,1
123,2
68,6
205,27
91,2
70,50
155,1
342,8
133,26
301,2
173,1
390,8
220,10
559,500
220,500
180,1
147,1
47,1
308,3
203,2
126,3
45,2
150,1
74,4
415,18
225,55
189,55
77,1
80,1
58,14
238,16
275,1
215,19
71,87
272,5
204,19
204,19
91,2
204,19
142,50
45,1
385,9
432,8
270,1
181,1
426,58
235,5
251,1
264,103
103,11
144,3
394,405
171,1
237,9
390,5
208,10
62,1
116,1
364,9
387,9
305,9
208,1
105,76
52,1
123,1
100,2
61,18
270,14
259,500
28,3
448,500
44,1
28,3
236,500
278,500
45,1
251,1
72,1
66,1
52,1
167,12
205,500
587,500
302,500
212,49
171,1
489,8
158,1
234,48
385,8
204,1
229,14
41,4
133,1
240,1
156,25
135,1
318,1
312,9
153,26
113,2
219,17
144,39
144,39
144,39
144,39
144,39
144,39
144,39
144,39
144,39
144,39
158,39
144,39
144,39
144,39
144,39
144,39
144,39
144,39
144,39
158,39
144,39
144,39
144,39
144,39
144,39
144,39
144,39
144,39
101,1
145,2
45,4
102,17
36,4
433,1
40,4
97,1
252,43
119,76
237,11
143,58
64,1
131,1
160,1
128,51
320,500
325,1
100,11
405,1
195,5
174,1
166,1
170,3
309,500
380,500
167,500
197,500
986,500
99,5
80,6
181,500
198,1
145,1
234,15
54,6
219,7
162,1
186,6
122,1
113,31
53,2
233,11
55,3
145,101
155,2
195,4
180,1
32,1
405,1
129,3
88,1
63,1
96,26
134,26
384,32
145,7
396,1
93,101
395,500
70,1
442,500
620,500
302,8
179,2
171,1
27,3
134,46
57,3
107,46
253,500
216,500
364,500
464,500
50,2
340,46
169,46
45,43
288,3
116,1
120,2
116,1
36,2
36,1
42,7
54,1
373,6
124,1
112,6
50,2
48,3
116,2
104,1
48,5
104,3
48,43
96,1
186,5
45,43
37,5
79,17
380,4
62,5
160,1
63,1
36,25
36,1
170,24
38,25
173,1
38,25
38,25
183,1
78,1
195,26
116,1
198,14
300,12
218,2
62,1
192,3
52,3
340,1
86,1
52,3
149,1
54,2
146,2
39,1
326,7
231,8
73,8
170,8
40,1
61,4
225,8
68,33
73,8
67,2
163,8
600,1
361,8
353,7
224,1
115,1
190,1
30,2
35,2
50,1
320,22
86,21
102,17
332,95
405,2
193,63
72,1
52,5
181,59
138,7
135,1
66,1
183,15
319,3
48,2
54,1
80,23
260,252
507,405
199,34
364,9
346,9
111,17
128,1
142,9
600,1
188,3
63,1
112,28
124,17
108,1
481,1
126,50
207,1
155,1
75,2
235,4
74,5
162,5
234,1
200,252
187,11
194,15
233,500
55,1
180,1
90,1
59,1
451,70
72,1
628,7
87,1
150,2
260,500
35,2
63,2
310,500
450,1
69,4
70,3
200,6
512,500
628,500
360,6
255,1
66,3
150,1
141,16
78,2
86,2
41,1
398,5
390,6
200,1
250,84
92,1
213,8
159,9
396,66
198,1
101,50
192,12
150,1
136,51
180,2
45,1
59,67
211,8
180,12
136,57
569,2
150,13
204,8
192,12
175,55
209,54
78,5
503,2
111,1
84,5
308,34
122,20
101,1
323,63
133,3
115,25
265,37
72,3
315,54
315,54
87,4
27,2
77,1
49,1
350,1
120,1
97,49
640,3
165,63
221,2
120,1
161,63
74,4
147,1
240,1
46,1
415,19
402,15
57,1
49,1
367,15
186,22
45,43
196,1
73,26
36,1
73,1
60,18
72,1
138,1
181,4
370,7
148,1
131,1
201,500
200,500
231,500
77,50
109,1
107,50
161,50
211,50
97,50
374,34
175,34
76,1
290,58
108,1
149,6
297,54
99,1
295,1
65,2
110,3
321,40
80,4
372,15
124,2
143,3
473,15
443,15
87,1
110,4
99,1
197,3
84,6
30,7
340,13
98,6
77,13
139,6
98,6
243,4
36,1
620,29
145,63
171,63
268,103
450,9
135,2
120,68
81,15
86,49
165,1
137,15
150,1
79,15
320,7
500,18
240,1
132,1
387,8
166,1
98,1
166,10
304,500
154,3
186,11
110,1
165,21
50,1
139,1
82,1
136,1
664,500
203,500
75,2
238,3
360,6
146,3
32,6
554,1
156,2
130,24
148,1
86,20
98,20
103,1
107,1
180,33
225,51
66,70
40,11
118,1
113,1
45,1
150,4
35,1
108,1
97,1
93,13
150,21
300,16
105,1
121,9
90,1
105,1
93,13
1650,81
171,1
120,1
334,14
158,93
480,252
81,9
260,29
90,2
45,11
72,3
53,1
213,18
364,500
444,500
565,500
80,3
98,1
338,1
237,8
122,2
136,1
91,13
66,1
97,1
99,3
149,2
80,3
227,29
190,29
190,29
190,29
216,29
174,29
174,29
237,6
220,29
199,29
216,29
189,29
230,29
195,29
220,29
272,29
216,29
254,29
185,29
227,29
353,22
98,3
150,1
185,29
160,11
140,11
176,2
92,13
197,4
172,1
99,25
72,1
100,1
60,3
103,9
115,28
495,57
397,6
150,1
99,1
198,11
650,18
76,9
500,18
96,1
53,1
153,24
215,2
100,24
162,24
136,24
91,2
170,1
318,500
35,1
448,500
124,1
402,500
454,500
46,1
135,6
66,1
344,17
721,17
103,9
114,6
50,1
133,13
104,1
114,2
169,9
126,1
289,63
53,1
82,1
99,8
77,1
324,68
360,1
80,16
171,1
285,2
175,2
132,1
133,9
234,3
145,24
139,14
86,1
120,24
196,24
246,29
48,43
196,1
38,9
302,12
132,1
396,500
86,6
309,500
255,500
313,500
378,500
324,500
151,11
77,13
88,1
50,2
393,17
54,2
232,2
287,1
50,1
91,22
304,6
122,2
113,1
50,1
355,13
267,13
130,13
250,13
280,13
62,1
340,14
164,2
543,3
130,2
125,17
481,70
125,1
144,1
84,1
338,8
272,20
209,20
156,1
183,11
680,18
187,20
91,2
255,11
110,10
225,4
76,1
140,5
212,2
297,29
168,1
125,1
164,1
93,1
127,13
95,1
74,1
534,8
48,1
40,1
81,1
96,1
64,6
195,5
97,29
220,1
339,70
45,2
260,2
100,9
96,1
220,19
66,2
229,2
243,7
130,1
1000,1
245,19
237,6
109,1
156,3
119,1
125,1
42,2
129,2
249,500
259,500
45,1
183,2
159,3
140,1
115,1
127,1
441,7
240,1
718,19
196,17
156,2
151,9
59,67
60,1
524,14
293,55
237,1
455,3
93,2
115,55
94,11
145,22
214,3
144,9
220,1
473,3
186,49
149,2
261,70
120,9
152,49
274,18
510,4
120,29
294,79
184,2
161,1
137,1
58,6
99,23
284,1
364,2
162,3
143,79
44,16
411,6
212,9
323,405
272,2
64,56
55,1
45,6
96,3
24,6
88,1
169,56
236,68
129,20
53,3
169,49
145,49
153,49
168,2
42,9
107,1
127,13
188,2
44,7
112,13
41,1
72,2
87,1
250,1
103,2
479,8
178,26
200,1
169,7
102,3
92,3
431,20
256,500
167,500
201,500
64,1
60,1
53,10
82,2
89,1
261,10
208,10
176,1
153,1
124,1
229,1
144,1
70,1
163,39
195,19
139,48
477,2
75,3
90,1
174,8
40,2
140,252
60,1
79,3
155,50
1003,48
87,1
1070,48
721,48
450,1
60,9
105,14
72,1
94,1
129,1
184,1
73,3
158,2
74,56
347,4
69,15
329,252
41,1
294,252
45,1
265,7
92,1
74,138
74,138
96,138
153,19
170,1
114,138
53,1
71,138
91,1
76,1
131,13
79,15
149,1
102,13
446,500
386,500
324,500
360,4
240,1
232,500
193,500
338,95
114,13
117,1
118,2
72,1
246,21
29,1
27,1
92,1
201,1
49,1
112,4
60,1
237,5
242,8
137,9
129,9
162,1
67,3
110,1
108,23
95,1
136,6
49,1
51,1
136,4
210,44
160,6
188,1
172,8
65,2
333,4
62,3
261,10
218,7
85,109
40,1
83,109
97,1
96,109
97,109
297,1
138,1
130,1
115,16
41,4
101,8
144,104
1258,4
275,9
152,10
241,8
480,4
200,2
60,1
159,3
78,2
1328,500
861,500
58,2
367,7
129,9
237,5
119,11
190,10
246,3
197,15
200,15
132,6
178,10
170,1
120,17
57,1
90,2
56,2
133,51
296,6
116,17
100,1
272,9
136,1
113,1
270,6
38,4
195,1
270,1
170,1
155,2
100,13
51,1
232,1
120,22
245,9
158,22
152,2
153,20
153,12
130,210
153,17
110,7
110,7
173,2
402,1
195,29
195,29
250,252
33,1
61,5
122,1
39,2
96,6
53,3
75,3
129,1
29,1
74,3
134,76
100,1
40,1
148,1
222,1
50,1
218,20
83,31
59,2
150,1
259,2
106,7
148,1
225,2
489,500
251,500
1783,500
76,1
200,1
33,2
148,10
146,1
111,10
114,13
631,17
44,2
77,2
156,2
68,1
371,9
53,1
244,3
125,1
71,87
163,2
147,6
128,1
238,1
607,1
130,1
180,2
86,1
75,3
200,1
135,3
34,2
115,1
256,3
97,2
101,1
160,1
195,3
153,1
162,1
90,1
150,10
259,10
120,4
32,3
187,500
102,4
124,1
61,23
235,10
163,6
51,2
385,57
62,2
317,57
104,2
88,1
114,3
101,1
129,1
153,1
238,3
380,1
36,1
105,1
233,4
60,4
149,1
47,1
54,4
143,2
128,2
252,21
42,1
939,17
430,2
255,2
142,1
132,4
146,1
114,3
99,2
234,1
39,1
244,1
157,7
156,1
316,1
104,1
59,1
113,1
34,2
68,3
197,7
167,12
97,13
632,103
193,1
276,1
191,37
100,1
298,2
238,95
67,1
385,49
69,2
80,2
666,40
486,1
146,9
124,40
147,1
466,8
100,13
117,1
191,12
280,8
131,2
29,2
208,1
109,1
59,2
445,8
280,210
53,28
146,64
103,12
259,8
175,26
32,1
217,50
318,9
112,1
148,2
131,2
146,2
249,6
92,7
55,1
140,2
73,4
258,1
47,1
129,7
86,4
478,2
1114,500
286,500
78,1
94,1
400,1
127,7
110,17
54,2
87,1
98,2
163,2
144,2
48,1
287,2
46,8
36,8
210,44
135,8
203,6
91,49
69,1
125,6
96,8
75,4
160,1
181,5
36,3
80,4
69,1
40,1
580,108
213,48
952,214
135,8
66,1
62,2
414,8
163,1
182,5
50,14
649,17
105,1
261,40
136,3
89,4
358,108
228,11
155,15
345,6
328,108
351,40
267,277
373,40
159,1
396,40
282,4
224,4
126,1
175,3
45,16
142,9
72,6
126,1
350,9
35,5
35,5
35,5
219,12
276,500
1050,500
135,20
350,16
177,19
44,3
62,1
65,1
46,1
64,1
32,3
114,2
192,21
229,48
182,48
60,10
183,7
30,14
250,2
244,9
126,5
440,20
285,2
91,21
313,108
109,14
190,1
141,1
63,1
480,1
101,2
398,1
400,1
138,1
197,6
49,1
299,1
274,15
194,4
266,6
188,1
180,252
300,6
75,1
186,48
285,5
743,214
174,5
311,8
130,1
284,1
131,2
216,3
71,2
365,23
96,19
95,9
78,2
63,2
45,1
109,1
81,4
312,14
48,2
93,4
872,500
87,4
305,1
75,1
113,1
240,13
60,7
335,30
81,2
65,20
64,1
157,1
106,8
169,19
234,48
90,1
137,48
261,12
63,33
59,8
190,19
304,6
990,1
101,18
202,20
77,6
147,3
175,31
195,8
93,8
82,11
103,1
298,48
191,9
122,22
78,10
90,1
122,1
162,9
54,12
68,10
109,29
361,2
107,34
81,3
72,3
81,3
135,1
132,6
140,1
220,210
60,1
131,1
139,1
255,4
150,6
152,4
156,26
208,4
140,1
81,1
75,1
103,31
96,10
481,5
188,27
176,1
330,500
328,500
249,500
49,2
250,6
190,6
280,6
190,6
190,6
190,6
40,1
131,1
138,9
92,2
296,8
70,13
90,2
77,13
77,13
142,2
270,1
212,13
298,17
73,92
281,113
196,8
150,1
63,1
215,4
115,13
97,1
311,17
50,1
336,17
50,2
107,3
210,210
101,1
129,3
161,21
184,14
140,16
766,21
114,9
179,6
290,70
402,20
105,1
341,23
100,6
475,23
54,56
118,1
167,277
642,70
141,20
165,1
1236,24
137,1
173,2
220,6
422,1
58,1
168,4
137,26
1094,500
312,500
155,500
629,500
160,1
243,21
254,21
46,29
180,1
41,1
124,1
57,1
118,1
122,1
360,1
152,27
151,1
233,12
134,1
109,1
329,23
459,23
156,23
73,1
700,1
242,2
2059,55
125,1
64,86
26,1
59,6
172,1
99,1
142,5
64,86
224,3
490,55
60,86
238,3
179,1
66,86
66,86
144,2
68,1
82,1
72,8
118,16
133,500
169,500
221,500
78,55
99,1
260,19
135,43
144,21
128,43
138,43
162,78
65,4
183,3
40,1
54,4
75,2
434,7
57,4
63,4
73,10
313,5
192,6
50,1
136,6
135,2
242,48
370,1
55,1
225,1
224,48
140,4
72,1
447,3
224,48
254,3
161,3
155,93
56,2
149,11
40,5
200,6
119,1
148,23
144,1
68,1
140,2
148,1
117,23
245,4
173,14
59,1
117,29
138,6
100,8
141,1
85,4
249,1
171,14
149,3
118,14
50,3
206,1
195,1
180,2
113,2
260,1
200,1
248,1
225,1
225,6
60,1
113,1
65,59
220,43
218,116
49,23
108,1
81,1
46,1
113,2
304,1
304,1
306,55
136,1
69,1
59,1
77,1
72,1
240,5
37,7
117,1
91,1
77,1
133,17
126,7
324,1
179,4
160,3
200,2
53,10
390,23
159,1
50,7
84,1
248,22
163,2
271,1
65,2
32,1
114,11
144,10
148,9
240,44
97,1
100,1
276,500
432,500
51,9
46,9
53,2
514,3
500,3
153,1
151,3
140,10
157,2
99,6
161,48
395,8
246,8
393,1
113,7
283,21
148,1
37,92
100,2
176,2
184,1
217,8
87,24
161,34
225,12
400,1
129,1
379,79
120,1
248,9
116,3
142,3
183,18
75,1
41,1
167,1
90,6
206,54
44,2
166,48
619,25
145,8
47,32
79,1
385,49
450,1
42,2
176,1
234,21
63,13
214,15
203,1
101,4
195,15
267,15
396,40
368,40
329,40
164,29
510,1
170,3
512,70
140,14
774,70
460,70
89,3
35,18
158,1
42,18
481,20
77,10
278,277
195,3
109,10
187,9
130,9
126,10
91,3
99,10
165,1
276,20
176,1
164,1
1328,500
309,500
415,500
138,1
164,1
116,4
38,2
129,1
113,1
142,2
255,2
115,3
110,1
123,1
68,13
97,13
139,1
178,1
245,3
297,6
144,29
144,29
48,1
284,15
138,21
181,70
189,25
167,26
258,19
135,1
312,40
365,6
392,40
416,66
306,40
72,2
360,26
459,2
174,3
198,1
226,13
298,8
187,1
155,4
96,1
91,3
77,2
138,1
72,1
203,7
124,1
185,1
542,43
303,6
700,252
358,8
180,1
349,8
154,16
155,15
195,1
213,8
126,1
295,8
57,2
127,1
39,2
253,1
176,2
1050,500
476,500
232,9
545,500
306,39
210,17
161,1
48,1
60,10
48,10
60,10
73,1
48,1
374,7
37,1
65,92
281,7
58,1
151,46
89,1
93,50
60,10
75,3
132,6
135,1
145,23
112,1
730,15
173,5
196,70
71,11
88,11
225,1
204,15
169,15
360,1
374,15
65,3
229,1
210,1
1500,1
229,1
121,19
257,1
137,1
262,32
146,1
135,1
56,3
252,1
110,1
370,500
88,28
88,28
48,10
179,48
630,10
171,1
48,1
172,2
35,1
190,20
145,1
53,1
40,4
529,7
368,500
319,9
260,500
348,500
110,101
160,7
83,101
172,1
434,7
232,1
160,93
107,12
241,3
235,103
172,4
153,55
229,9
155,1
198,1
116,2
184,1
143,3
88,22
87,22
123,3
214,8
135,1
140,252
60,1
105,1
87,50
239,1
212,101
170,252
157,101
253,21
272,25
277,14
198,103
302,57
176,63
1834,210
120,12
122,16
315,1
142,101
105,17
64,1
119,101
215,23
106,18
231,48
196,23
367,1
180,13
113,1
203,2
90,24
62,1
89,1
78,3
90,24
205,121
304,6
108,1
113,1
307,48
247,18
754,1
61,57
42,2
201,500
240,500
280,500
249,500
215,1
163,7
40,2
23,1
43,1
172,1
300,43
342,43
166,7
120,2
289,103
93,1
88,21
643,277
195,31
180,1
76,1
135,1
100,1
48,1
152,19
179,5
99,37
197,4
184,2
60,1
54,9
126,1
105,29
53,1
110,1
66,1
180,3
384,500
207,2
49,1
121,6
237,23
112,2
380,500
130,1
124,1
271,3
306,19
108,101
243,500
688,500
832,500
1328,500
1731,500
479,70
213,70
170,2
108,1
61,1
120,1
139,6
40,1
130,38
137,63
340,6
201,19
60,1
210,26
137,38
54,1
183,3
123,38
151,15
109,13
118,1
91,13
45,3
362,1
376,2
199,8
215,1
117,6
172,4
63,2
53,2
56,1
286,3
56,2
165,1
70,2
88,3
179,15
315,1
275,1
109,1
82,92
175,10
186,2
186,48
117,1
190,2
126,1
44,1
175,1
55,1
178,1
91,1
143,1
153,9
208,8
263,2
28,1
113,10
821,214
93,59
244,55
152,3
186,3
82,22
242,1
88,31
257,1
319,70
111,20
105,101
275,1
160,2
255,18
168,1
209,4
285,3
329,63
315,93
475,6
240,3
135,1
185,13
73,1
209,1
132,20
240,23
1400,21
90,18
32,16
36,1
108,1
228,2
208,3
198,25
67,1
113,2
206,1
123,7
155,4
140,6
469,500
340,500
2750,500
270,1
284,7
62,1
165,1
35,1
54,2
52,2
50,2
53,23
191,1
174,3
140,6
222,29
94,3
140,6
220,6
64,87
102,87
49,87
176,2
216,1
56,2
48,2
48,2
356,2
174,3
216,10
200,15
292,1
55,2
131,20
63,5
72,1
70,2
289,8
128,5
237,4
378,8
132,5
81,1
133,5
51,3
194,68
167,3
154,5
249,4
131,5
80,2
263,4
117,4
46,1
240,1
135,4
289,4
124,1
112,4
122,4
995,1
265,79
283,9
172,18
192,18
209,11
176,3
124,28
253,500
107,1
239,2
185,1
212,1
42,50
86,1
205,2
236,21
131,1
111,1
531,500
351,2
1557,500
148,2
530,500
123,5
140,1
220,2
619,16
185,1
187,500
98,2
464,500
647,7
342,93
63,1
235,4
50,1
235,4
266,4
72,2
97,1
50,1
33,1
53,1
51,1
66,2
75,10
170,5
229,1
180,8
133,51
116,8
147,1
112,101
180,101
43,5
83,101
67,3
222,1
117,1
54,1
198,1
1700,21
524,29
87,48
1400,21
60,18
66,5
46,9
255,4
50,18
208,17
60,18
50,18
60,18
319,95
29,9
251,210
334,210
204,43
643,15
108,101
72,3
32,2
311,15
236,14
40,2
177,50
34,1
174,2
492,68
180,70
35,1
417,1
225,101
85,2
167,1
1163,1
46,9
36,1
103,1
121,9
135,1
188,1
46,9
514,15
436,15
149,500
36,9
953,500
126,15
132,1
65,1
231,2
641,500
366,500
265,500
219,1
72,2
452,6
210,12
187,14
102,5
218,2
189,5
176,7
175,2
125,2
237,13
252,13
64,1
130,9
346,8
201,1
618,3
211,9
252,44
150,1
314,44
226,12
63,6
220,252
219,44
206,48
223,44
204,44
513,2
215,2
678,1
48,3
292,15
303,79
229,15
183,44
145,1
274,44
180,1
90,3
1791,1
277,1
694,4
133,1
72,2
168,3
70,3
450,48
104,2
133,48
73,3
120,252
428,2
55,3
275,8
160,101
30,1
32,5
135,21
330,1
201,29
275,20
148,2
95,1
39,3
66,1
135,1
328,500
235,6
418,500
139,48
181,2
210,20
210,20
76,1
210,20
163,500
160,116
201,3
156,500
204,500
320,500
263,8
94,1
282,500
45,3
313,1
47,4
264,23
101,1
72,1
251,1
313,1
330,19
117,49
44,2
429,3
269,23
57,2
80,4
57,1
68,57
242,3
148,1
80,4
99,5
124,1
243,2
107,1
234,19
85,1
315,1
251,2
425,3
162,2
36,5
80,1
146,2
212,1
197,3
141,3
80,4
40,23
242,8
158,18
168,9
98,101
120,48
162,39
146,39
153,3
48,5
125,1
101,2
236,500
362,500
300,48
135,1
265,1
1753,29
88,1
302,500
200,1
196,138
129,2
480,8
285,500
164,500
282,500
45,37
153,8
108,3
165,4
68,2
225,6
136,10
92,5
122,3
372,2
110,8
70,8
66,8
67,8
72,1
105,1
192,56
155,1
318,6
34,5
180,1
197,3
98,1
162,2
98,4
111,1
152,1
111,1
203,1
185,3
137,10
78,1
76,1
348,1
252,3
294,1
307,26
204,1
276,4
62,13
58,2
255,1
209,31
60,1
64,13
121,3
170,1
110,1
84,1
64,2
207,2
257,15
103,6
157,4
602,26
280,6
144,93
41,37
45,37
55,37
45,37
145,1
336,1
320,23
280,6
309,2
1196,29
121,8
157,5
159,1
52,3
495,1
64,13
116,1
250,13
401,17
32,1
87,1
99,29
132,9
160,28
170,22
202,1
175,28
112,2
214,1
185,1
145,28
250,28
226,1
78,1
96,1
50,11
149,46
81,3
113,1
95,43
92,3
51,1
126,46
180,33
162,6
43,2
260,6
113,1
250,1
278,1
163,19
228,1
207,1
138,33
324,1
52,1
226,70
149,1
95,1
350,1
1310,16
157,9
126,17
141,17
203,1
125,17
128,17
184,17
148,17
46,3
180,10
260,4
58,2
162,3
204,1
225,2
313,13
960,48
135,30
211,14
347,4
325,15
87,1
79,1
150,210
22,1
323,10
133,101
160,13
179,1
91,1
169,17
41,3
188,3
144,13
273,18
163,1
38,6
430,10
220,3
141,21
174,3
136,1
187,4
97,27
66,37
100,3
72,8
187,3
450,1
250,3
357,79
215,3
220,2
3900,26
97,27
88,1
43,10
386,11
150,1
203,6
59,10
290,1
34,10
386,11
39,1
236,7
46,10
39,10
97,27
72,2
103,1
153,1
212,1
176,1
222,6
38,1
159,1
415,4
138,1
260,1
151,23
34,4
379,5
311,13
233,1
145,10
49,4
148,48
302,29
122,1
76,1
229,78
46,1
92,13
279,19
82,1
90,1
760,210
242,1
136,27
87,3
147,4
488,214
50,1
207,10
73,1
206,12
129,101
635,25
75,13
77,1
114,1
132,56
141,2
66,4
1061,1
166,1
135,9
764,214
221,27
190,101
160,1
152,3
121,8
162,9
59,18
122,33
139,1
229,405
131,51
247,1
126,1
200,2
175,2
149,4
274,1
129,17
119,51
203,2
343,1
333,3
186,1
60,4
156,2
190,4
136,252
139,2
59,2
59,7
49,18
128,1
52,18
43,18
61,18
53,18
280,1
78,13
58,1
32,13
37,13
33,13
71,1
74,1
130,1
247,23
264,23
415,23
325,23
425,23
205,23
269,1
113,6
129,23
94,18
295,9
242,19
88,21
282,23
198,17
180,17
45,35
56,56
162,2
269,13
515,57
51,5
175,1
187,2
133,9
86,1
303,1
165,1
274,6
325,1
85,18
84,18
87,39
230,5
97,39
106,39
118,39
56,23
78,8
182,10
60,1
208,5
353,14
49,23
47,23
181,21
29,2
99,9
117,13
190,15
267,34
151,252
315,1
170,252
85,9
138,4
256,29
116,3
192,26
288,50
180,3
45,3
128,1
193,1
82,1
53,3
94,9
110,1
214,48
180,101
95,1
261,1
154,14
82,2
153,4
123,13
103,4
88,57
68,1
388,12
469,12
431,12
119,1
347,30
53,1
250,5
323,1
46,1
152,1
329,21
81,1
159,22
293,6
118,50
238,1
233,2
1975,21
131,1
388,8
72,2
270,1
146,1
262,10
764,6
978,29
140,4
42,1
484,1
112,1
92,1
267,21
181,3
110,18
1803,63
70,2
153,1
137,4
334,4
138,1
151,1
177,5
122,16
60,2
130,1
140,2
84,1
254,1
38,2
130,15
56,1
40,1
63,1
299,5
120,1
159,4
283,1
106,39
114,39
239,39
123,1
48,13
264,1
50,13
213,93
100,2
229,6
1200,1
89,13
115,1
211,13
112,10
158,50
241,21
118,9
90,2
83,13
120,1
227,1
2342,63
2314,63
259,3
1930,63
1955,63
1975,63
6865,63
75,4
45,1
240,2
93,2
128,1
45,4
50,1
168,8
73,1
143,1
359,26
142,3
285,4
277,5
163,2
85,78
299,6
179,4
35,1
175,4
159,4
132,4
258,2
100,1
50,1
227,2
471,22
75,2
113,1
132,1
251,2
122,2
488,9
160,8
164,1
69,4
209,1
615,3
174,2
152,6
43,5
37,5
120,27
245,3
263,49
89,1
309,19
126,2
71,12
124,1
91,1
280,1
115,4
77,3
120,3
104,1
265,16
101,6
309,16
2060,29
165,1
34,5
84,63
84,63
541,16
167,31
118,31
90,1
103,2
207,3
121,6
149,6
198,14
113,28
213,18
97,4
119,1
174,12
228,3
41,25
88,1
165,31
109,4
115,1
121,10
120,3
135,1
209,26
45,1
136,14
462,1
86,1
47,2
312,6
293,6
53,18
53,1
80,1
251,1
50,1
356,1
244,3
309,1
80,10
64,1
164,1
79,1
42,18
41,2
203,22
41,1
129,1
220,1
108,2
380,1
403,2
76,1
237,6
75,3
140,18
149,22
59,92
73,1
55,92
68,3
182,1
159,51
38,1
191,1
166,31
146,2
104,1
72,1
146,5
121,26
313,10
168,2
138,1
134,43
242,4
118,26
413,119
148,6
187,1
91,1
142,9
119,20
83,1
63,13
258,138
48,23
103,24
67,13
274,1
146,21
185,1
99,1
43,4
155,3
432,2
77,92
81,9
59,92
41,1
343,7
61,1
55,92
108,1
139,2
48,23
169,1
110,1
504,1
80,1
63,13
277,1
519,7
139,1
279,7
153,1
132,44
181,1
146,1
69,12
85,12
188,3
125,18
67,13
180,2
400,76
85,87
95,87
95,87
140,10
32,8
76,5
105,1
300,76
117,1
145,1
127,10
283,2
55,2
103,55
230,16
144,1
66,2
157,55
155,2
211,6
280,17
56,1
36,11
279,2
214,17
141,33
73,1
128,1
348,17
737,10
530,2
49,2
2260,116
172,1
180,5
111,1
102,9
64,18
216,3
135,9
113,9
101,9
135,9
102,9
134,9
134,9
77,23
108,1
80,2
329,35
208,49
114,13
77,23
131,252
41,3
463,4
153,29
400,14
73,2
142,34
86,1
51,29
1000,2
143,2
146,1
650,8
146,1
57,2
22,13
123,1
57,92
183,6
138,1
32,2
119,3
77,23
79,2
33,1
77,1
73,2
175,4
94,2
110,5
105,3
50,13
274,48
53,13
81,23
262,1
400,76
139,1
164,20
70,4
157,22
72,1
360,252
193,1
216,2
189,13
131,3
51,3
412,3
215,3
77,23
164,15
175,15
465,22
85,4
160,6
91,1
139,1
263,27
406,49
235,1
300,210
574,15
72,2
70,1
91,1
141,17
33,18
122,1
179,1
90,13
387,70
117,7
88,2
293,1
54,56
87,1
141,11
165,15
147,1
132,48
205,4
114,3
35,1
160,252
146,1
225,1
92,1
359,39
138,8
40,1
167,15
155,15
181,15
150,1
37,22
65,1
137,13
37,18
38,18
129,1
53,1
32,18
200,2
38,18
137,14
35,18
131,3
190,1
167,3
62,2
269,3
100,1
42,92
306,138
196,26
45,2
67,1
553,34
127,1
82,5
142,1
117,51
83,23
80,1
150,8
88,1
62,23
101,1
37,22
447,15
208,17
256,17
158,2
79,23
82,56
206,31
169,1
102,24
204,19
152,51
169,1
224,55
156,19
31,2
86,7
279,3
75,4
340,113
110,32
134,9
128,6
200,1
89,1
158,1
129,1
102,1
60,1
135,9
77,2
89,1
250,1
315,17
68,15
217,2
145,9
65,15
137,9
104,50
64,15
121,1
30,7
67,15
215,21
45,1
117,2
93,1
69,4
94,1
284,2
1052,21
64,1
68,4
130,44
315,1
132,1
98,24
110,24
31,13
88,24
129,24
81,24
53,6
105,24
83,24
142,24
125,24
184,24
84,24
199,8
116,1
59,1
82,3
158,3
119,3
182,3
110,2
109,21
85,21
110,21
309,15
300,1
155,1
237,68
379,68
49,1
230,1
488,405
244,68
280,23
266,23
266,23
115,1
311,23
331,23
380,38
299,23
269,23
258,23
115,1
280,23
542,23
285,23
130,1
299,23
321,23
320,23
272,23
133,5
243,23
161,1
141,1
90,2
193,15
58,18
58,18
99,19
411,116
212,1
68,4
500,210
79,2
225,1
229,1
48,2
341,46
50,1
33,1
64,1
154,32
86,2
43,23
250,138
236,21
131,1
410,3
229,1
158,24
203,29
125,24
160,2
62,1
57,33
194,11
127,24
115,4
60,1
71,1
48,92
307,34
225,1
185,5
396,34
147,5
198,16
206,31
111,31
380,1
124,31
58,1
206,1
38,1
56,3
118,1
108,1
94,1
136,1
36,1
489,119
43,1
276,7
57,1
187,17
215,1
242,2
115,1
118,1
142,4
250,3
216,3
237,3
184,24
1219,48
272,13
168,1
161,4
112,1
25,1
486,55
118,1
56,1
293,76
65,2
145,14
33,1
400,76
104,21
191,2
122,51
65,5
133,1
63,1
111,25
142,11
91,7
29,3
134,1
107,1
200,1
92,1
118,27
72,1
114,2
221,16
202,16
114,12
113,13
114,14
78,1
33,1
155,15
64,2
418,1
640,15
160,1
1124,93
95,3
270,21
84,27
198,2
57,10
292,18
36,7
79,7
150,6
175,3
202,3
127,1
45,1
126,1
38,92
400,252
153,13
99,1
64,6
678,2
297,21
62,1
68,29
160,252
289,3
152,7
39,2
212,34
64,2
87,1
80,1
843,1
161,7
81,1
41,1
143,31
163,51
278,42
399,42
122,8
157,30
87,1
88,50
95,79
112,79
126,79
243,3
78,2
115,8
146,1
65,5
45,1
952,3
100,2
94,1
164,1
54,17
230,2
130,7
474,2
135,10
72,1
83,1
139,6
131,10
40,8
155,1
68,2
124,1
35,9
96,3
80,101
96,1
338,15
78,1
51,1
124,1
129,3
32,1
44,1
143,10
112,1
146,4
141,3
140,2
88,24
165,8
85,2
479,13
224,6
145,1
207,22
34,1
8,18
333,11
1416,48
1110,2
120,3
207,4
421,9
6924,2
264,13
580,210
100,2
359,2
175,2
301,138
211,3
39,2
121,51
133,5
47,1
372,1
35,2
100,3
172,2
255,1
217,6
126,2
348,4
68,6
235,2
51,1
96,2
138,21
220,1
331,12
195,30
529,29
434,24
69,2
708,29
68,1
599,119
110,4
57,2
154,54
118,3
151,3
34,1
601,29
155,1
273,21
155,70
252,1
135,2
80,6
32,2
127,11
68,6
84,2
139,64
257,39
135,1
37,2
135,7
135,1
186,21
167,21
80,1
60,1
141,1
35,3
130,2
251,2
88,1
260,1
173,14
231,138
130,29
43,1
152,1
281,1
86,7
86,2
116,2
147,1
78,2
121,1
176,1
265,3
114,1
184,48
95,50
64,1
90,2
136,1
116,1
51,2
166,1
30,3
225,1
103,5
685,68
125,18
250,2
154,54
154,54
360,70
675,6
350,6
232,1
170,1
223,23
3000,17
94,2
410,18
216,1
179,15
245,15
39,1
245,15
350,1
55,15
51,15
51,15
51,15
345,15
100,1
239,7
281,1
232,1
76,1
288,11
208,6
38,1
159,1
333,12
110,1
119,15
200,1
148,3
198,6
184,1
175,2
61,2
79,6
56,4
274,3
151,9
56,1
850,6
199,7
42,13
168,14
124,1
114,46
392,13
62,6
65,2
200,22
143,2
132,1
145,26
213,1
94,7
157,7
43,4
106,1
119,1
166,8
200,6
476,214
163,26
129,1
338,103
86,1
29,3
176,1
104,1
284,17
296,1
476,25
532,25
379,18
138,2
162,2
63,1
217,23
149,1
63,1
218,2
208,12
131,1
196,3
82,7
122,2
215,18
298,10
251,25
130,50
163,1
936,68
130,3
171,34
63,2
120,10
222,3
71,2
154,1
231,2
44,1
96,56
183,4
158,29
357,11
65,1
110,11
54,2
44,1
159,252
215,4
143,1
132,10
69,4
90,3
164,4
51,1
100,3
310,3
142,1
214,9
166,6
123,1
154,6
69,1
87,2
98,1
75,1
186,1
51,3
63,4
372,18
69,14
52,1
110,2
52,4
60,4
52,4
247,1
49,1
106,2
509,9
47,6
299,23
69,92
311,23
445,23
69,138
54,3
321,1
65,3
498,3
72,50
203,3
158,66
190,66
296,1
446,5
940,12
894,12
44,4
156,252
286,1
35,10
53,138
148,1
58,138
242,4
165,1
213,3
152,19
111,27
43,4
123,17
105,1
320,20
162,3
134,1
306,1
167,19
171,1
65,2
265,2
282,19
77,1
437,17
33,4
74,13
2033,15
29,1
226,1
243,14
251,3
60,1
67,1
240,1
208,1
650,32
185,1
809,8
160,11
123,4
167,7
199,9
145,138
38,6
294,1
30,2
55,1
146,1
274,1
48,2
125,44
90,26
66,33
231,1
105,1
138,1
137,2
360,17
80,3
254,4
164,13
419,17
184,2
230,68
130,1
47,1
266,1
191,277
261,138
252,3
124,7
181,2
340,46
158,1
1145,23
516,19
43,1
500,32
154,19
500,32
241,23
128,138
41,4
144,4
36,4
40,2
259,49
256,23
192,49
36,4
124,1
157,49
136,1
197,1
182,49
120,1
149,46
79,2
1160,29
101,1
195,2
400,1
99,3
270,1
147,1
162,1
242,2
56,1
144,1
146,13
105,1
228,2
64,1
50,1
329,2
232,48
39,1
120,1
361,1
158,277
171,3
132,277
297,1
55,2
38,2
303,1
247,1
102,2
163,3
253,1
56,138
40,2
151,9
43,1
68,92
58,92
59,1
93,1
259,1
65,1
77,9
1000,4
502,29
122,5
185,4
121,1
231,2
363,6
173,7
135,5
95,5
192,2
3000,55
757,277
151,17
124,70
262,8
123,2
254,13
159,17
285,21
109,1
171,2
33,1
203,3
250,18
142,48
185,3
311,214
480,252
55,2
82,1
296,3
228,50
303,1
298,6
121,3
37,1
239,1
108,7
226,26
173,2
44,1
147,7
108,1
233,22
511,2
62,10
190,55
127,2
114,1
58,33
67,1
95,1
71,1
46,6
150,1
65,1
198,7
145,1
172,79
66,1
291,34
361,43
86,1
63,1
411,4
105,1
131,1
142,1
89,1
139,43
126,2
116,2
99,1
121,51
46,32
225,51
170,51
117,51
204,51
171,51
147,2
119,51
120,51
120,48
128,2
70,1
56,1
72,26
236,3
167,1
345,1
155,1
98,9
45,2
115,2
396,15
274,50
93,1
54,2
246,95
55,1
277,13
312,1
328,8
762,3
503,4
65,9
211,15
122,3
178,5
58,1
509,70
54,1
313,1
105,2
84,3
99,1
133,2
120,7
145,10
86,29
117,2
116,7
100,14
200,1
548,14
273,10
30,8
27,8
184,1
33,8
134,2
33,8
76,1
137,5
62,2
649,3
175,2
274,70
87,48
43,8
98,101
98,101
103,5
387,1
83,101
133,48
124,7
230,1
244,33
55,101
97,1
139,48
116,101
69,1
98,101
93,1
34,8
98,101
211,1
144,1
40,8
42,12
196,1
90,1
131,1
133,1
62,1
47,12
252,1
38,12
137,1
42,12
117,4
56,12
400,210
128,1
47,2
232,1
209,13
257,1
177,2
151,1
264,210
136,1
137,1
585,1
472,48
66,3
62,67
175,8
233,2
113,1
177,13
167,3
393,13
89,1
86,1
333,4
67,1
237,40
46,1
37,3
192,1
233,1
115,5
55,2
257,50
51,3
110,1
121,1
151,54
160,6
80,10
331,7
173,1
179,6
79,1
225,3
250,19
285,2
123,1
338,2
164,1
66,2
100,1
9999,252
196,2
101,2
50,1
144,5
33,10
217,2
88,1
64,28
125,78
434,4
152,6
209,3
238,3
186,4
131,1
240,17
193,12
208,17
181,1
732,1
97,35
93,7
93,1
222,2
170,2
153,1
125,35
133,1
151,9
100,2
134,1
101,35
176,138
709,70
369,70
337,5
82,1
33,1
158,252
93,252
180,4
430,13
96,16
96,16
96,16
102,16
103,9
333,3
226,1
163,2
45,4
136,6
42,1
173,14
114,16
107,1
96,1
182,24
120,37
120,1
82,3
500,29
95,13
285,1
148,4
102,16
250,1
332,1
140,16
77,1
254,1
79,4
52,2
156,11
56,12
34,4
209,3
47,6
175,1
535,29
181,6
410,18
256,1
54,10
232,78
198,2
146,4
88,4
184,17
41,4
31,6
299,53
125,1
119,1
90,1
42,3
129,20
101,2
171,25
144,1
45,1
39,3
51,5
71,1
149,51
78,1
76,50
80,1
194,3
135,6
192,1
143,50
249,4
215,51
165,14
110,3
67,3
444,2
78,1
212,3
207,7
500,29
83,57
48,2
33,6
36,6
45,6
175,34
36,6
149,7
350,29
54,10
113,50
522,29
78,10
92,1
209,63
62,10
169,27
93,1
185,2
80,1
83,1
124,4
125,7
161,1
78,1
43,11
56,2
81,9
51,1
177,14
251,14
187,1
592,8
295,14
73,9
5104,119
48,1
125,6
60,1
161,6
158,2
500,28
500,28
180,6
219,8
500,28
88,1
181,2
500,28
1036,4
133,2
138,2
197,1
75,2
183,33
132,2
115,2
276,23
323,1
143,1
213,1
188,22
129,13
131,1
162,18
53,3
68,2
38,3
165,18
51,3
108,1
64,2
390,55
85,2
222,1
192,84
120,7
67,1
162,2
166,8
51,92
68,1
130,1
67,1
86,2
1062,48
72,4
52,1
141,63
957,1
161,1
160,1
87,1
117,1
140,1
59,3
143,1
57,2
48,1
56,1
180,19
205,1
37,8
177,23
242,2
196,6
31,2
214,19
213,1
137,5
89,2
183,2
63,1
122,2
70,2
470,1
41,3
359,1
114,1
204,18
220,1
125,1
34,1
42,1
144,1
81,1
88,2
225,1
129,2
156,3
167,1
87,1
136,4
120,1
83,1
76,1
84,63
68,6
54,6
26,4
458,1
117,1
55,1
212,76
78,92
289,55
102,3
114,55
140,2
52,1
95,14
163,1
94,4
94,4
168,1
65,4
198,1
168,1
172,14
150,2
126,4
301,21
342,17
1929,1
49,8
77,1
216,18
205,3
134,10
151,1
819,48
397,48
112,21
13,12
49,8
163,1
595,119
124,1
47,8
65,5
355,70
125,18
49,8
234,1
250,5
103,4
104,4
80,8
279,59
11,12
245,18
400,76
1250,210
595,119
11,12
194,10
100,13
568,6
295,18
544,119
400,76
280,76
180,1
11,12
324,18
230,54
110,12
134,12
114,12
11,12
288,70
133,12
140,7
11,12
144,59
158,1
166,1
32,12
194,59
133,59
11,12
157,2
381,4
53,4
62,1
24,12
99,10
296,1
83,3
126,4
11,12
11,12
201,2
76,138
53,23
97,27
344,48
142,1
130,1
180,9
68,28
372,3
215,11
41,1
227,3
88,1
79,56
126,3
174,3
176,4
158,30
138,13
110,1
39,6
152,1
194,3
81,1
349,5
604,119
133,1
235,3
303,1
223,14
108,1
163,2
108,1
198,101
140,2
213,7
830,48
300,1
161,1
873,1
160,17
184,2
125,1
318,7
48,1
8480,119
227,28
167,2
146,7
167,63
302,49
385,49
411,30
148,1
186,2
440,37
673,119
136,1
447,37
436,37
366,18
447,37
680,119
470,18
443,37
429,37
529,37
168,1
612,18
336,37
465,37
139,1
188,1
465,37
653,18
208,19
108,24
440,37
404,1
429,37
693,37
108,24
191,26
63,1
303,12
43,9
62,8
67,3
39,18
89,1
65,8
60,8
60,8
69,2
103,1
275,16
225,252
477,2
38,9
159,3
58,3
190,1
140,13
71,1
150,1
270,56
82,1
600,18
375,18
37,1
333,2
71,67
425,1
107,1
70,5
190,3
174,43
2250,40
316,8
543,4
143,23
120,22
188,51
148,2
207,1
450,16
207,23
444,3
123,1
213,1
322,1
224,1
43,2
232,3
69,2
283,17
166,1
1023,7
190,2
150,1
81,1
190,3
608,214
122,16
415,76
170,1
177,12
260,55
58,2
140,252
150,2
49,23
56,1
231,1
200,1
92,5
277,3
175,3
75,31
65,5
110,5
182,5
266,6
44,1
527,500
126,2
144,500
113,5
90,5
107,5
190,3
112,5
97,2
375,6
327,1
120,5
120,1
100,1
158,1
86,1
131,31
168,27
248,12
34,2
309,12
188,27
174,12
504,6
196,1
67,67
823,8
785,103
165,1
229,6
311,103
175,1
96,4
182,2
139,2
126,1
44,23
83,28
121,2
160,51
75,3
400,63
295,53
279,2
956,119
128,1
215,13
467,103
119,1
105,28
149,11
249,103
767,119
156,103
53,2
161,1
723,119
213,3
68,3
60,18
140,18
68,3
464,210
164,63
158,1
277,1
275,70
222,28
200,252
217,59
155,2
193,1
111,14
211,59
198,59
112,4
182,21
197,59
279,14
162,1
156,4
100,2
52,4
50,4
154,1
79,2
32,1
75,3
85,4
116,1
430,25
454,4
258,1
100,1
62,2
60,3
272,1
61,1
115,1
160,10
143,23
197,23
30,3
87,4
178,22
47,2
200,1
103,1
580,210
169,1
180,4
900,119
179,1
802,119
268,1
35,5
800,119
208,17
133,3
93,2
274,30
79,1
131,1
108,2
84,1
608,16
259,50
98,28
131,28
50,1
72,3
180,1
136,9
150,1
300,16
113,1
128,2
98,2
74,1
143,10
72,1
75,7
296,2
93,1
192,1
80,7
168,17
61,3
180,20
52,1
172,15
185,1
153,1
229,1
188,3
97,33
183,1
140,1
60,7
171,3
269,1
158,2
45,1
135,23
52,2
128,23
148,30
195,1
186,2
94,1
104,1
80,1
209,3
82,1
96,3
263,18
31,1
107,1
191,2
123,4
186,1
137,23
60,3
180,6
39,2
750,119
263,1
540,119
73,1
578,119
37,2
246,6
168,10
84,3
290,1
154,2
46,1
161,17
70,23
306,44
226,44
200,1
146,1
289,14
135,1
40,1
253,3
379,3
106,4
365,1
47,23
161,1
172,1
85,1
49,3
90,1
50,2
323,3
200,2
68,1
45,5
220,1
72,1
104,3
185,13
185,1
184,2
189,2
106,1
177,2
376,13
372,13
353,13
351,13
355,13
365,13
395,13
346,13
353,13
1087,13
1081,13
529,6
343,7
398,1
47,1
44,1
62,1
82,92
97,6
125,19
150,3
230,3
265,6
125,2
171,1
150,1
231,1
210,5
150,3
32,2
332,2
228,18
221,1
187,8
93,1
133,1
190,1
55,11
515,14
112,1
75,2
63,1
450,12
70,2
154,1
119,1
300,3
54,4
57,1
145,1
108,5
65,5
76,5
180,1
195,1
32,1
38,1
109,1
66,6
131,1
66,2
171,3
200,10
233,3
92,10
70,10
26,4
130,1
188,3
259,1
92,4
122,3
69,4
257,4
64,92
133,2
77,1
42,2
72,21
126,21
282,22
90,2
224,2
132,3
302,1
394,3
132,30
124,30
93,30
91,30
125,30
187,30
314,8
46,2
52,21
276,12
89,63
173,51
175,5
118,21
120,3
63,1
114,1
606,31
62,1
175,15
579,1
153,9
90,1
178,20
187,70
333,15
137,3
113,2
348,84
94,70
193,46
71,4
107,10
514,1
147,1
264,1
43,3
475,19
95,1
81,5
103,1
58,1
146,1
93,4
184,1
220,1
200,2
188,1
432,11
35,2
33,6
120,1
112,1
247,2
137,1
141,1
84,1
247,18
275,18
89,2
32,4
40,35
116,3
239,18
209,2
72,1
134,11
43,2
343,2
216,1
192,1
152,26
45,1
186,55
186,55
212,4
166,11
149,1
71,1
143,1
158,6
193,6
227,3
232,11
100,11
38,2
40,11
120,21
68,21
80,59
79,59
100,11
100,11
40,11
107,10
913,11
57,1
196,1
238,39
305,18
281,1
79,1
190,1
96,21
170,1
85,1
70,6
335,103
52,21
206,9
356,51
176,4
213,4
188,63
133,9
233,4
39,1
432,1
127,1
172,1
570,12
313,500
163,95
1328,500
179,84
306,500
407,103
376,500
432,12
117,1
4115,1
315,95
122,1
107,4
850,34
120,14
370,12
430,12
88,14
570,12
101,12
853,21
176,1
131,50
85,4
88,1
207,1
70,3
185,1
227,3
420,5
376,4
203,2
62,2
110,1
103,2
237,14
176,4
126,10
148,1
203,1
413,11
511,15
38,1
173,2
113,1
47,1
109,1
113,1
74,3
62,6
123,22
165,1
80,6
127,6
111,6
52,2
168,2
219,1
181,1
116,1
178,51
31,2
1816,38
58,1
144,7
139,1
751,68
550,14
140,10
237,1
228,1
159,5
117,1
441,84
126,1
68,6
187,1
220,1
380,252
60,1
249,44
209,14
144,1
170,1
260,5
92,1
56,1
102,4
255,1
32,1
272,2
30,1
248,4
588,14
226,51
373,2
150,30
148,30
182,2
207,13
84,2
137,55
52,2
171,1
2500,40
167,63
263,49
144,1
114,6
90,1
376,7
89,1
47,5
197,1
51,1
116,1
2986,15
157,5
126,7
105,1
326,1
65,1
67,6
109,5
84,1
100,1
257,1
160,1
62,2
134,1
354,4
360,23
264,6
180,1
56,2
207,2
718,19
675,23
348,405
144,210
47,1
126,4
90,4
286,70
120,1
184,23
89,2
148,1
54,1
279,5
63,1
880,15
614,24
183,1
92,21
91,1
425,1
234,31
144,10
230,6
175,1
32,4
115,1
383,24
274,48
48,2
259,10
800,6
800,6
345,2
800,6
132,27
131,1
185,3
168,11
121,1
72,21
51,1
148,49
122,30
67,4
132,6
92,4
122,1
135,70
66,24
224,24
52,1
54,4
603,24
59,4
93,6
146,1
125,1
90,1
167,4
280,1
403,2
69,2
104,1
90,5
182,2
415,19
92,3
464,15
99,6
149,1
140,1
172,1
39,4
104,6
144,18
145,18
90,2
96,1
93,1
148,14
72,1
221,1
179,1
361,21
141,1
73,1
297,1
170,12
74,1
34,1
68,5
64,1
60,5
48,18
58,5
66,5
66,5
269,14
264,1
51,1
158,51
140,18
3122,4
108,9
55,1
143,1
345,14
114,23
480,70
216,18
94,28
99,2
284,2
146,2
50,33
188,3
635,8
263,103
167,2
176,3
206,1
315,6
90,6
63,1
54,1
104,1
102,6
84,1
900,119
78,3
43,3
189,18
108,1
61,1
112,1
34,4
254,32
329,1
241,18
119,2
322,2
350,11
463,44
219,44
281,7
139,3
320,7
57,28
199,1
73,1
146,2
94,1
210,1
63,2
43,3
553,8
45,1
600,12
233,3
35,3
150,5
116,63
97,3
179,44
86,1
45,2
250,1
432,8
48,3
94,5
55,3
169,1
121,1
85,1
87,1
54,1
90,4
69,2
180,2
116,2
85,2
103,3
130,3
55,2
177,1
180,5
142,12
98,1
394,4
30,8
28,8
36,8
33,8
400,76
30,2
130,1
101,1
183,2
169,1
99,3
79,1
180,2
173,1
43,8
43,8
53,3
31,18
255,2
122,8
97,1
70,1
110,13
100,1
38,9
500,12
2778,4
112,6
138,1
119,7
324,2
98,2
132,2
121,1
94,1
172,3
127,1
311,14
117,1
92,2
45,1
198,1
172,4
141,10
143,1
100,1
104,1
255,25
64,1
76,2
185,3
239,56
203,1
197,1
65,1
246,1
57,1
458,18
148,1
523,2
799,32
96,2
442,70
305,15
900,119
148,78
239,15
141,1
1200,2
131,1
72,5
120,2
345,6
148,1
32,2
122,2
110,1
96,48
97,1
460,16
72,21
55,7
292,405
180,1
304,1
231,1
139,32
68,70
135,18
181,2
485,1
225,46
297,46
46,1
166,51
117,1
141,70
66,1
911,214
171,2
77,1
74,1
337,14
92,59
40,2
51,1
72,21
84,1
96,21
109,11
235,2
120,21
72,21
278,1
72,21
42,92
134,1
255,1
143,1
165,5
144,1
135,4
172,1
205,1
64,1
374,3
159,1
123,7
460,11
102,1
119,10
147,16
113,2
155,3
46,5
43,8
128,9
93,33
45,1
173,26
83,1
84,1
108,1
238,1
164,1
224,6
64,1
62,70
144,2
224,24
60,1
495,6
107,1
323,12
253,17
37,22
144,2
68,2
186,12
159,7
408,2
52,1
140,1
224,4
170,70
105,15
155,1
286,76
295,1
1258,4
162,27
94,13
135,70
603,24
58,29
90,7
53,2
152,1
38,1
192,3
69,3
350,76
412,18
345,2
702,7
220,1
51,29
293,12
220,66
165,1
175,3
114,6
44,1
108,26
207,1
203,2
99,1
253,16
156,14
93,3
46,2
55,1
128,3
180,3
248,8
100,1
305,8
213,1
180,1
75,2
49,4
138,1
92,2
135,3
240,23
33,4
137,1
88,1
127,3
122,1
42,4
39,1
602,43
120,1
171,25
96,1
60,6
150,51
261,1
84,1
2250,40
150,51
32,1
150,51
66,24
1525,8
83,1
204,23
614,24
149,3
248,20
411,24
242,6
56,4
173,43
192,17
96,1
225,46
183,1
38,4
55,1
205,95
190,95
2179,15
220,1
270,1
102,1
150,57
142,57
150,57
138,4
214,2
125,1
417,8
95,5
270,2
130,3
41,1
29,1
166,48
108,1
185,8
175,40
51,1
99,8
329,29
63,1
225,3
60,2
160,1
145,252
119,1
54,2
59,1
90,2
48,18
71,2
441,12
86,1
45,5
69,1
152,4
230,1
582,2
415,18
415,18
40,2
198,3
220,3
214,3
249,23
258,23
109,23
370,12
139,23
567,1
187,8
135,1
126,8
337,50
135,8
746,119
170,3
500,19
322,1
30,5
232,50
32,5
252,6
59,3
344,405
240,23
282,17
106,5
53,10
50,1
729,119
60,1
50,37
82,9
100,3
133,3
123,3
729,119
105,1
352,104
54,21
2250,40
54,21
99,2
165,2
62,2
398,8
193,12
43,1
47,23
77,3
68,1
37,4
61,1
89,1
136,1
541,23
57,1
591,14
42,1
122,1
132,4
271,5
48,5
605,6
300,1
212,4
310,14
54,1
164,26
160,4
110,1
166,1
136,2
105,3
139,28
204,3
50,3
204,3
75,3
275,3
204,22
811,500
114,1
53,2
304,210
129,277
222,1
204,2
220,2
56,1
160,1
93,1
152,2
70,6
269,84
128,1
694,119
291,1
8411,119
53,6
72,3
53,6
96,19
115,1
53,6
124,19
167,19
129,1
29,3
730,15
70,6
239,3
91,6
73,3
760,119
162,13
56,3
119,1
74,11
76,1
217,1
128,1
124,1
225,4
314,1
194,6
23,5
237,1
408,1
125,14
119,2
131,1
81,2
59,1
47,5
120,4
182,4
238,1
128,1
63,2
120,1
86,2
157,1
Man,Private room
143,2
787,119
206,1
116,1
7448,119
120,1
69,1
639,9
108,1
44,2
59,5
53,1
215,1
190,1
45,11
110,1
155,12
45,1
90,2
324,48
303,3
44,1
235,1
50,1
143,1
243,1
133,4
219,2
70,6
51,5
233,2
41,2
128,1
134,21
194,1
56,6
95,1
190,3
309,23
157,1
76,1
95,1
225,18
100,18
582,2
90,24
85,2
71,1
182,1
250,1
44,1
97,2
114,2
126,1
37,1
129,12
170,2
126,7
45,5
206,1
219,1
198,2
91,1
136,8
117,2
70,1
150,1
44,1
203,1
53,1
149,1
106,1
65,1
133,1
100,3
89,1
60,2
231,1
120,1
101,1
320,1
172,14
48,2
257,1
43,1
116,1
315,1
137,1
151,1
126,1
207,12
59,18
71,138
64,18
44,92
122,1
127,3
60,23
93,1
596,1
336,210
93,59
300,1
70,3
57,16
184,1
63,1
38,2
158,1
166,1
100,35
86,1
381,1
189,405
130,45
208,17
143,1
342,1
510,1
49,2
182,14
106,1
217,3
87,1
308,17
71,2
438,7
60,1
196,2
212,2
313,28
156,6
132,4
356,28
150,2
1000,3
63,1
194,4
1800,7
943,2
181,1
267,7
122,1
218,3
396,28
288,70
282,1
31,3
92,2
91,11
95,1
138,1
168,1
230,1
361,55
50,37
109,3
361,55
76,21
125,18
145,18
72,1
286,1
53,3
133,5
43,2
181,32
148,2
160,14
130,14
197,1
161,1
171,1
190,18
34,4
49,18
129,2
42,1
299,9
316,1
29,12
75,1
115,7
119,1
159,2
133,1
239,1
72,92
50,1
52,6
121,5
267,6
159,4
74,1
180,6
96,50
180,210
75,1
136,1
97,1
217,55
59,10
110,1
60,10
79,10
1003,70
197,2
175,1
80,1
49,1
235,1
635,1
152,1
11,12
149,22
371,1
132,1
80,59
82,11
197,59
174,1
62,3
141,17
78,1
156,1
248,23
100,1
97,1
63,2
165,9
141,9
129,9
170,9
134,9
103,9
142,9
89,9
184,9
143,277
274,76
232,1
350,1
80,1
129,1
149,4
92,1
140,1
79,1
30,2
193,2
86,2
172,1
318,2
130,1
62,1
274,26
68,3
38,2
205,1
106,3
481,12
159,2
105,2
57,1
144,104
69,5
149,1
222,4
157,50
154,48
263,1
335,1
54,1
68,3
154,138
106,1
117,4
133,1
118,2
108,4
258,95
755,1
178,5
288,8
32,1
245,95
78,1
102,2
280,3
138,7
196,49
66,1
180,3
105,1
206,6
186,2
55,86
157,4
85,1
139,4
800,119
309,10
73,6
142,1
720,1
148,1
244,1
69,1
139,1
152,15
240,1
167,1
180,17
117,4
37,2
159,15
123,4
230,252
125,37
183,15
95,10
42,2
93,1
327,1
60,6
152,14
415,9
60,6
140,79
186,1
43,1
97,1
1000,63
162,37
91,1
139,57
65,1
106,1
299,4
348,5
37,3
417,14
33,1
59,1
153,4
64,6
243,2
67,10
288,48
135,2
73,10
138,13
256,2
64,3
50,32
140,7
69,1
287,6
94,1
194,13
161,23
236,1
150,1
37,1
115,1
101,5
64,6
103,1
128,4
162,78
122,26
138,4
87,5
109,2
165,12
67,119
218,7
186,30
168,30
102,23
600,66
121,1
292,1
141,78
360,16
57,1
236,10
99,6
112,1
413,1
160,2
129,1
152,19
101,4
79,2
246,68
120,1
343,29
112,50
134,5
258,4
153,1
57,2
325,5
340,5
139,3
89,2
82,1
108,1
128,2
119,3
76,1
47,18
211,3
50,3
59,2
158,1
139,57
117,1
77,57
56,5
80,1
112,1
97,2
147,1
42,2
175,3
59,2
131,1
274,1
43,7
179,1
70,6
46,5
38,1
67,2
63,1
63,1
71,1
249,139
207,13
133,2
50,86
138,16
142,1
47,86
54,1
803,119
966,119
200,68
25,18
107,8
180,1
136,20
640,3
62,1
231,2
179,138
48,86
728,119
250,1
165,48
171,1
99,3
2604,1
156,49
272,20
126,1
115,1
42,1
221,21
815,119
58,119
169,24
58,1
209,20
232,21
523,8
22,11
56,119
173,1
97,6
1038,2
131,1
294,405
206,27
45,1
210,1
773,70
432,70
132,24
345,3
25,11
27,11
111,24
180,1
45,1
170,1
197,16
239,39
285,1
68,6
25,8
420,7
115,2
160,2
208,277
103,2
108,1
78,119
89,7
70,11
80,5
96,2
882,79
208,20
183,20
189,20
208,20
144,1
208,20
252,4
169,22
560,5
88,1
53,1
71,6
56,2
240,20
200,1
47,2
265,20
239,20
224,20
68,6
43,5
109,1
89,1
142,7
103,1
93,2
275,1
266,8
58,10
188,20
140,2
266,3
79,10
164,5
75,10
84,3
122,1
332,5
247,20
256,20
264,20
248,20
122,2
248,20
298,20
47,86
47,86
71,6
51,6
34,3
50,1
172,6
154,8
217,10
200,4
334,1
43,1
129,1
61,92
123,2
38,1
388,500
285,3
111,9
173,31
26,1
393,2
175,1
75,1
259,7
185,4
566,1
71,10
378,2
219,2
267,1
203,1
226,1
99,1
95,1
85,2
37,2
110,1
253,48
164,1
81,6
318,4
186,6
118,2
106,2
271,1
84,138
83,1
98,1
150,1
93,1
106,1
111,6
115,1
98,1
141,1
51,3
87,138
68,138
604,39
71,22
92,1
211,13
63,4
267,1
47,2
397,4
96,3
103,1
115,1
103,1
116,1
126,1
103,1
142,13
55,1
136,1
33,4
121,6
132,1
164,1
28,11
93,92
94,1
143,5
325,104
70,13
80,5
47,6
75,56
33,4
59,119
76,119
388,19
186,7
133,1
48,2
239,2
651,23
119,56
499,48
123,5
191,1
50,5
175,1
61,6
337,35
55,1
815,119
193,2
64,119
120,35
56,1
41,13
183,1
273,1
463,13
159,3
240,3
246,3
58,7
118,35
504,214
196,7
996,214
104,1
57,3
60,119
241,78
59,119
96,1
139,9
219,22
268,37
173,2
223,70
560,70
1708,1
583,70
215,55
73,2
56,1
52,119
133,3
239,1
186,3
54,6
122,1
58,2
65,1
43,3
190,10
247,9
259,78
152,1
80,1
314,1
94,10
24,1
80,3
44,1
100,1
33,1
158,5
118,138
210,2
185,14
183,1
113,1
182,1
159,5
272,6
83,1
389,405
209,1
224,17
100,18
464,17
311,48
133,1
100,18
166,1
133,2
348,1
980,119
51,6
102,7
59,119
200,55
87,6
189,14
171,9
163,78
207,14
127,7
87,1
41,8
167,8
323,4
1800,7
121,1
93,2
260,16
135,1
181,5
316,1
51,6
29,1
63,70
1030,50
38,1
290,252
66,70
270,51
88,1
50,2
66,1
128,14
248,1
72,2
141,18
154,48
138,2
155,18
114,1
195,17
140,1
230,48
181,1
30,1
144,1
83,2
72,1
89,13
231,1
78,1
41,3
300,1
126,1
99,33
206,1
45,6
56,5
64,14
132,1
113,31
107,87
86,87
318,4
599,1
60,1
103,1
162,1
90,5
168,7
106,3
95,18
50,1
166,1
141,4
148,17
52,1
100,5
36,1
131,3
276,12
881,119
665,119
143,1
89,3
79,6
69,6
69,6
81,6
155,1
60,6
706,119
109,3
118,1
82,6
95,6
92,6
94,6
163,2
172,23
60,3
178,2
236,1
152,1
121,2
426,70
48,1
127,14
103,1
191,54
922,119
64,2
922,119
368,95
93,57
188,2
98,57
157,1
74,57
109,57
922,119
130,35
93,51
74,51
91,51
109,51
491,8
325,2
119,2
837,119
92,1
74,119
69,2
110,4
100,1
108,33
147,1
72,119
52,1
292,1
8000,11
70,17
116,56
286,2
462,6
118,17
78,18
55,1
74,1
250,252
29,2
82,87
68,87
92,87
141,87
83,87
335,405
118,6
68,1
135,1
136,1
71,13
53,1
45,1
89,1
143,8
175,1
75,1
42,5
140,17
172,31
51,28
82,87
42,2
119,17
166,2
47,1
125,3
275,17
204,1
46,14
600,18
600,18
100,92
88,1
285,1
247,4
250,1
58,92
128,2
66,92
228,10
52,2
56,1
265,8
79,1
247,47
200,7
295,8
56,119
153,22
60,87
66,87
95,87
63,87
113,87
69,87
85,87
126,87
159,87
134,87
97,87
133,5
59,119
54,2
400,18
173,9
773,119
140,17
184,1
152,33
151,63
54,5
54,5
55,119
307,6
214,2
83,1
227,14
773,119
182,3
773,119
759,119
129,2
90,3
62,1
683,119
188,1
118,1
154,11
128,2
23,7
60,3
754,70
116,31
207,2
172,14
48,119
132,56
236,70
94,6
63,119
71,87
148,87
126,87
160,87
106,87
106,87
121,87
82,87
102,87
87,87
101,87
73,2
211,70
205,2
107,6
90,101
37,12
241,1
225,6
112,49
161,1
93,3
75,119
264,49
115,56
130,56
154,2
43,3
160,1
141,1
300,18
160,1
179,70
352,104
99,87
144,87
126,87
113,87
67,87
108,87
102,87
56,87
59,87
101,87
124,87
45,87
167,87
230,1
45,4
359,59
128,59
182,59
272,21
166,14
64,3
119,1
100,1
243,2
35,1
231,22
68,13
45,87
43,87
126,87
115,87
114,87
207,5
128,5
43,1
172,6
115,4
109,5
60,2
66,39
59,6
347,15
65,1
70,1
337,104
211,39
147,3
139,25
185,2
237,2
90,1
275,12
132,1
771,119
110,3
137,1
144,4
56,23
138,18
162,2
151,11
46,1
121,1
157,9
137,1
33,9
759,119
771,119
98,119
311,2
98,1
108,5
349,2
252,2
192,6
52,119
32,18
100,119
721,119
196,1
133,58
58,2
43,2
739,119
33,3
869,119
165,252
102,35
241,2
132,48
606,119
681,119
54,5
94,1
65,2
606,119
179,4
165,1
68,119
126,2
720,95
329,22
729,119
71,70
148,2
47,92
115,2
82,119
85,1
120,5
294,17
147,49
45,2
104,27
152,3
186,1
196,1
800,16
64,3
261,6
145,7
136,1
367,3
150,4
80,7
129,5
295,4
43,1
210,2
147,1
64,4
70,8
123,3
80,2
71,1
93,2
62,4
994,2
200,2
80,87
82,87
86,87
76,87
187,4
53,1
360,1
40,1
202,4
639,119
370,3
639,119
249,1
316,10
321,93
863,11
105,21
173,1
694,119
108,1
555,76
79,87
69,87
61,87
136,1
184,3
102,1
32,8
84,9
105,21
114,21
105,21
105,21
142,11
32,8
35,8
75,1
37,8
725,119
53,1
206,1
434,26
118,1
48,1
72,1
36,1
167,277
156,56
51,87
65,87
51,87
257,1
120,5
767,48
145,1
126,87
138,2
99,63
216,13
134,6
206,14
69,87
69,87
106,87
126,87
126,87
24,5
216,13
256,1
163,1
118,2
55,1
175,1
45,3
76,34
81,2
176,1
114,1
121,8
73,2
95,3
54,5
52,1
47,32
40,4
161,3
35,2
147,18
100,4
208,2
454,6
122,1
103,1
186,1
64,8
104,3
94,1
74,1
92,15
207,1
44,2
214,13
34,4
152,1
39,2
137,1
216,13
117,1
118,11
216,13
90,1
49,7
126,1
216,13
472,48
216,13
102,1
73,1
263,2
211,1
216,13
83,1
226,1
45,3
348,13
201,1
431,2
38,3
54,1
66,1
82,3
65,3
110,7
72,1
144,1
158,1
314,13
68,2
309,2
40,3
100,1
153,32
148,17
204,1
135,32
52,7
170,1
251,6
56,2
69,2
99,1
63,3
218,4
39,3
126,2
76,7
45,1
90,6
136,1
625,119
857,119
291,12
314,13
148,78
123,4
58,1
383,1
49,92
147,17
711,119
613,78
69,92
296,277
836,119
711,119
81,1
600,1
69,101
119,8
166,1
101,23
243,70
927,119
48,7
122,7
121,1
915,119
835,119
63,3
161,48
114,1
142,14
285,49
243,49
285,49
282,49
73,1
286,49
247,49
282,49
387,4
465,4
414,4
492,4
99,1
278,1
203,1
307,1
152,2
44,2
150,2
277,6
83,58
175,6
55,3
83,1
42,3
156,1
119,1
215,37
60,3
102,3
334,17
174,6
84,28
47,2
264,48
67,13
100,1
170,3
40,1
81,101
210,1
69,13
96,101
157,78
236,6
65,2
108,1
131,1
56,1
99,1
40,7
154,1
338,10
270,13
144,1
130,1
34,7
193,1
153,3
51,2
99,1
252,1
56,2
113,101
69,1
132,1
209,2
81,101
99,1
234,2
37,7
317,93
37,2
121,1
233,1
508,2
31,7
31,7
33,7
184,17
92,1
69,1
191,46
54,92
97,6
84,6
185,5
305,1
136,51
915,119
54,4
101,17
360,38
146,1
128,1
153,2
323,1
290,1
128,2
205,4
173,1
71,1
148,6
927,119
47,6
146,6
709,119
135,2
99,6
27,18
627,119
165,48
117,1
726,119
180,1
73,4
319,405
556,119
735,119
96,14
357,405
80,1
186,1
127,38
37,1
288,46
399,46
305,46
427,46
87,1
29,1
274,6
91,47
59,1
120,1
123,1
265,6
93,18
654,119
319,5
153,1
144,1
128,98
189,21
222,70
37,2
140,78
222,1
99,15
100,38
101,2
182,1
617,119
125,21
131,5
405,2
44,1
368,1
376,139
81,4
175,6
162,4
58,1
49,3
106,21
78,1
583,2
45,1
88,21
90,1
123,21
150,17
47,32
140,17
57,1
84,3
144,1
211,1
153,29
210,17
171,15
120,17
145,1
126,2
180,2
88,21
68,8
68,92
82,33
200,8
57,1
160,4
105,21
88,21
110,8
303,13
99,21
99,21
314,13
162,15
553,14
70,6
55,4
96,4
68,3
64,14
70,6
70,6
62,6
137,1
160,10
113,58
91,87
88,87
94,87
111,87
86,87
225,2
138,13
93,4
127,16
75,3
160,11
46,92
345,8
576,119
241,78
64,14
223,6
87,50
46,18
70,21
121,34
147,34
144,2
576,119
420,405
193,12
422,405
104,47
51,1
292,9
76,87
114,8
617,119
63,2
325,48
256,3
75,1
145,78
120,2
81,4
380,210
142,2
90,8
66,9
171,78
675,93
67,9
283,3
53,9
265,1
120,1
139,1
45,1
36,4
1293,29
74,28
288,1
262,14
115,2
565,29
75,2
2112,29
56,1
802,29
45,1
393,29
364,29
1525,1
103,1
268,2
64,2
110,1
185,9
394,4
500,1
341,4
140,15
188,13
57,9
103,1
125,3
62,9
110,3
123,1
100,1
234,9
177,46
177,13
69,14
64,14
64,14
64,14
97,1
155,1
192,6
170,3
187,18
134,18
66,87
116,10
576,119
52,1
166,78
155,1
95,2
240,252
503,10
119,4
65,2
120,18
202,19
218,55
345,8
72,1
144,19
256,3
217,3
153,27
132,6
314,104
133,5
74,1
120,4
200,2
158,55
85,56
480,7
115,6
122,6
141,1
103,1
88,10
164,1
78,1
292,18
120,29
37,3
184,98
720,48
60,2
184,98
184,98
97,1
50,1
130,8
84,3
47,4
180,252
84,24
41,3
50,1
114,1
41,3
224,2
437,55
190,1
129,1
112,3
59,1
37,3
41,3
77,5
45,2
75,2
213,10
50,4
189,2
148,12
131,6
112,21
108,19
133,27
87,4
134,46
229,49
156,51
105,7
344,48
167,8
194,51
73,1
180,7
153,2
182,18
140,51
140,1
204,51
164,2
152,14
136,3
107,1
199,8
78,2
99,1
254,2
161,1
274,13
55,3
188,12
65,3
128,7
140,1
78,1
81,3
195,1
135,1
225,9
279,22
123,50
224,11
180,3
119,1
164,2
401,24
72,1
116,138
250,1
49,7
162,5
139,78
58,1
274,17
57,3
128,1
225,43
560,1
117,78
146,6
120,1
60,9
49,1
45,9
46,9
42,9
187,4
136,2
446,4
35,1
106,4
161,1
155,121
212,1
211,1
112,4
77,2
38,1
106,1
73,1
211,19
785,119
76,1
340,3
185,1
137,2
58,2
171,2
149,1
91,3
103,9
44,2
98,2
140,2
41,1
132,277
505,3
172,8
277,13
55,3
105,21
47,3
121,2
185,138
144,26
46,9
42,5
314,7
254,138
136,2
86,1
58,1
75,1
44,1
160,2
64,10
277,29
86,1
99,3
180,1
35,2
68,1
88,21
62,86
163,21
159,5
99,9
42,92
46,92
37,92
118,8
213,2
105,1
241,25
137,3
112,1
72,1
112,1
162,1
94,1
129,23
415,2
27,1
145,1
63,7
74,1
167,63
206,4
209,1
41,92
126,1
42,3
244,2
35,1
90,3
147,3
37,1
118,63
40,2
107,1
36,1
44,11
70,1
89,1
114,21
265,2
216,2
65,1
146,3
78,1
94,1
45,3
350,4
84,2
90,4
92,2
440,3
120,10
111,1
97,3
102,2
347,1
328,48
165,4
323,1
113,1
283,93
97,6
117,49
161,48
103,14
187,49
163,78
106,1
122,1
171,51
270,1
118,2
235,1
298,2
72,5
91,1
765,214
643,214
90,1
315,12
276,19
83,1
75,101
100,1
224,23
75,101
72,2
135,8
98,1
42,10
275,2
263,2
139,4
63,1
165,8
188,8
905,70
179,1
157,8
67,1
236,70
149,10
212,23
58,1
123,1
240,70
273,28
150,10
46,8
203,1
369,2
324,2
241,5
44,2
60,18
70,18
203,4
182,1
782,35
227,35
297,1
103,1
228,6
253,3
86,10
170,10
116,40
143,26
815,3
431,19
102,40
172,6
161,138
342,2
49,10
456,2
36,1
57,4
180,2
71,3
39,1
168,63
118,1
279,3
320,1
140,1
250,3
216,14
200,2
143,5
200,11
252,5
351,11
89,1
428,1
3710,3
108,49
125,1
71,9
184,46
148,48
174,2
69,2
127,2
140,43
114,49
110,10
114,49
105,1
166,1
54,5
148,12
62,7
258,57
207,57
234,6
54,7
95,11
62,7
80,2
63,7
105,7
250,252
89,1
48,2
139,40
222,1
269,2
388,4
272,1
73,28
218,66
337,2
81,101
90,1
80,9
182,4
101,1
45,7
80,1
103,1
73,78
47,3
179,26
219,14
192,12
261,1
168,48
65,5
39,1
106,56
54,5
57,18
91,1
149,24
173,13
241,14
111,32
126,13
45,5
52,5
133,1
58,5
172,2
986,11
179,48
163,8
337,14
249,3
106,1
57,18
110,2
89,9
54,7
295,138
54,4
239,14
96,79
97,4
175,3
143,1
206,2
148,4
102,1
159,1
68,8
81,8
135,1
166,116
60,1
55,4
53,3
246,6
202,70
336,70
123,14
1039,70
48,1
103,14
137,21
102,3
402,13
127,4
163,16
174,43
118,49
95,78
124,49
47,6
79,78
77,78
199,19
87,78
143,43
63,2
77,78
68,67
203,21
81,4
131,21
45,1
80,1
255,1
100,1
284,1
114,8
212,1
162,8
165,29
228,13
43,1
182,3
123,3
452,16
37,3
69,2
60,3
78,15
90,1
140,7
121,2
92,1
36,8
99,3
187,3
166,4
60,37
86,15
59,37
59,37
179,1
46,2
318,8
43,5
52,8
55,8
179,18
58,8
312,4
96,15
51,1
84,3
62,2
98,31
332,18
38,3
136,5
265,25
168,25
49,1
72,7
162,4
296,4
80,4
203,1
219,6
80,1
168,138
86,1
81,1
92,1
34,1
255,1
372,21
75,1
23,7
60,1
102,1
138,13
1822,1
96,1
192,21
240,2
213,1
107,2
92,3
206,2
184,252
114,4
135,4
118,1
138,17
371,1
175,1
225,1
200,13
47,16
278,1
53,4
97,1
55,8
60,8
128,138
900,7
177,32
110,2
101,1
118,70
30,1
203,20
226,33
207,1
177,1
53,8
102,4
514,43
95,8
95,56
105,5
46,1
214,4
172,26
52,1
306,1
92,5
53,12
319,3
92,5
329,7
275,16
499,11
50,1
49,2
280,210
210,26
130,1
72,10
46,1
220,1
93,10
137,138
125,8
138,10
112,1
31,8
155,3
152,1
199,5
83,1
733,1
197,21
87,13
400,2
186,2
65,2
250,1
200,15
245,9
72,26
50,2
139,6
134,33
133,3
98,3
80,1
54,2
125,2
119,1
114,1
429,19
233,23
37,14
200,8
81,2
76,1
152,23
92,1
424,1
158,1
71,1
200,13
200,13
200,13
98,13
200,13
70,2
200,13
215,1
86,8
96,3
234,4
47,1
240,10
175,26
131,7
123,2
61,2
70,92
182,1
62,2
58,4
9999,252
148,78
167,9
53,4
147,1
205,2
381,252
384,210
249,210
99,17
118,7
120,17
121,8
91,5
140,17
229,4
385,16
180,5
176,1
88,57
266,7
194,4
225,500
31,1
173,1
83,4
186,26
193,4
179,26
70,3
83,56
187,1
33,3
69,4
50,8
42,8
100,1
272,2
52,1
181,9
177,7
84,1
118,138
455,1
435,2
73,1
233,17
51,92
357,92
87,1
155,1
114,2
59,4
138,2
80,1
235,1
110,2
230,10
108,1
100,1
95,1
160,1
110,1
107,20
114,7
136,13
117,12
300,12
208,1
257,4
1065,29
296,1
222,1
430,1
168,1
241,3
45,2
49,23
122,1
36,2
144,16
110,2
67,1
139,1
130,15
274,1
181,4
48,3
84,13
117,3
79,13
131,24
170,2
56,2
137,138
105,14
256,1
220,1
170,1
160,2
67,9
166,1
249,1
82,92
138,22
83,1
93,1
160,9
90,1
72,1
185,3
126,5
135,1
181,2
185,1
575,19
213,1
101,1
146,4
135,1
171,5
131,1
89,1
50,1
463,8
93,6
62,6
84,1
58,10
700,1
56,10
181,1
51,1
159,13
155,1
136,1
138,1
153,3
189,1
58,17
120,2
61,2
86,1
54,5
102,1
41,1
100,2
80,2
91,1
73,2
263,2
89,2
61,13
61,13
52,13
235,1
302,1
80,14
129,1
254,2
121,21
121,21
109,21
120,21
219,8
215,4
197,1
150,1
175,13
740,119
275,3
209,12
197,1
335,1
138,3
161,10
117,56
56,1
57,1
105,2
89,101
245,22
126,2
281,4
0.02134,8/25/2025
108,4
138,5
97,3
74,1
96,7
219,4
138,5
101,7
256,8
125,5
65,1
66,6
140,17
98,101
180,210
43,1
206,2
141,5
231,78
44,12
54,12
44,12
52,12
117,28
72,2
170,5
96,1
158,2
119,5
193,32
163,3
147,1
81,7
155,10
46,6
114,4
50,3
38,3
560,5
62,1
31,11
29,4
116,31
127,32
98,1
331,9
512,4
110,1
48,2
64,1
48,3
62,3
154,19
70,3
85,1
252,1
104,2
230,17
88,1
101,2
138,1
64,3
172,26
42,1
173,2
68,4
140,26
67,21
55,1
98,26
66,18
44,4
132,20
40,4
116,14
104,1
187,14
206,46
116,16
147,14
184,1
114,11
314,7
199,3
135,2
239,3
255,3
239,3
118,78
141,9
135,1
271,3
141,9
121,1
78,4
285,13
131,46
125,17
131,46
279,3
135,1
324,3
254,28
916,70
250,32
327,1
89,1
286,28
298,1
94,4
338,14
132,6
125,8
286,28
160,14
212,13
316,29
202,95
92,4
250,26
400,1
350,70
91,59
158,4
65,6
73,1
188,4
120,1
246,7
371,1
258,4
300,29
46,1
130,2
91,1
173,55
179,2
59,33
85,14
222,3
9999,252
85,14
643,1
54,5
270,1
146,6
54,17
353,24
102,34
66,7
57,1
65,1
57,17
203,12
270,2
169,4
53,1
127,33
149,1
333,8
147,11
105,19
127,33
78,1
127,33
52,2
75,101
55,2
52,2
245,10
45,18
204,56
65,2
65,37
73,37
64,37
109,37
114,46
143,4
126,17
146,1
144,17
55,10
103,1
133,17
125,17
83,1
182,14
187,1
348,1
205,13
120,1
54,5
102,1
159,46
259,2
47,1
326,78
159,46
100,3
36,2
238,34
48,8
66,2
231,7
68,5
80,1
33,2
40,8
40,8
40,8
506,405
259,3
572,405
445,405
505,405
399,405
217,1
75,7
64,36
211,1
173,78
79,7
74,1
322,6
185,3
165,1
168,13
123,2
151,11
95,2
96,1
271,14
189,40
134,10
132,6
217,21
114,56
315,1
46,1
207,21
78,3
73,1
80,7
113,4
144,10
144,10
46,1
876,1
205,55
104,1
35,1
205,12
160,1
89,10
251,5
83,1
148,1
300,49
315,49
64,2
270,4
202,7
107,2
148,1
127,3
89,3
191,13
51,4
385,16
48,2
170,18
125,6
112,6
134,3
78,1
134,3
135,49
77,92
165,49
105,18
176,6
232,2
171,8
783,119
116,1
69,9
227,2
115,1
259,6
329,11
215,51
705,119
783,119
115,5
108,6
95,3
40,8
104,2
52,1
291,3
149,78
127,15
122,32
25,3
260,14
135,10
66,1
108,1
117,3
46,5
187,17
123,1
141,1
179,7
80,1
207,1
176,1
53,5
608,119
48,5
184,1
107,3
82,1
139,13
155,277
144,1
150,18
175,3
326,10
121,9
468,57
109,1
124,70
73,3
40,8
90,2
61,8
243,3
46,2
274,3
55,2
863,29
104,1
173,26
230,2
125,8
149,1
83,1
131,4
409,2
136,4
53,2
62,4
47,33
64,3
665,6
80,3
790,14
113,11
168,78
259,78
124,51
166,78
167,7
114,1
302,2
114,1
86,1
108,5
98,5
111,1
157,78
1194,70
150,10
184,1
254,48
126,1
120,35
146,5
351,13
228,11
92,3
343,1
163,6
223,1
92,1
165,20
63,6
300,68
248,78
212,1
372,5
171,2
283,1
254,31
180,20
49,1
143,5
192,3
238,1
310,29
240,1
219,1
291,13
150,17
338,13
118,1
217,13
128,13
96,49
85,1
255,13
267,13
168,2
147,3
172,3
93,7
140,21
61,3
101,2
27,25
164,2
273,24
63,1
150,1
20,5
37,92
90,1
290,2
72,92
164,1
48,92
190,1
50,92
46,92
109,2
120,4
123,2
50,1
91,14
223,2
82,14
86,1
43,8
43,1
160,2
131,1
80,3
140,2
82,1
140,8
173,2
65,1
152,4
392,6
114,3
62,1
39,1
148,1
224,13
181,44
277,24
285,13
301,13
295,13
350,5
199,13
247,1
163,5
59,1
220,13
58,1
78,5
125,2
141,2
158,1
105,6
53,2
58,8
201,2
196,2
219,66
54,3
132,1
560,2
496,1
79,1
253,2
61,8
58,8
50,8
135,1
119,10
133,8
136,1
121,1
104,4
57,9
194,6
84,1
49,2
177,139
130,1
375,1
54,1
32,2
45,2
144,1
94,9
219,1
101,32
129,6
174,1
71,1
63,1
208,2
83,5
69,1
118,2
147,1
165,11
49,1
134,11
169,3
67,13
49,1
119,1
305,1
116,2
165,17
208,1
112,1
251,1
116,2
232,48
151,78
140,78
159,11
159,11
193,12
171,78
35,2
200,2
114,8
48,1
113,43
148,1
431,8
321,46
103,4
185,138
164,1
49,1
345,46
63,2
140,48
275,8
216,1
140,48
105,10
80,3
37,2
427,1
540,1
316,104
60,2
245,1
69,9
67,3
176,1
140,1
109,2
337,14
77,7
192,59
75,9
104,1
237,11
227,43
133,1
87,49
148,43
204,1
181,14
480,1
140,1
347,8
200,17
230,13
184,78
197,17
228,1
142,5
142,5
173,5
141,70
96,3
21,1
298,1
199,2
153,17
140,17
238,8
140,17
315,57
315,57
133,17
302,1
55,1
54,1
55,17
132,5
166,78
115,6
225,2
191,1
70,1
179,20
128,1
107,1
111,1
395,12
108,1
183,1
160,14
214,2
115,1
1053,21
166,4
164,1
108,1
33,2
35,3
185,1
44,4
240,17
184,4
90,1
181,1
100,2
154,1
100,2
154,2
318,4
142,3
354,1
183,64
196,252
88,2
54,64
212,1
273,16
48,1
300,4
103,2
246,11
105,2
162,16
175,16
125,5
150,1
178,1
297,12
64,3
380,1
50,3
85,5
100,4
54,1
54,3
114,46
287,4
135,43
319,8
197,6
117,18
217,6
197,6
174,9
96,3
325,13
147,13
112,2
234,22
328,4
102,1
4337,31
128,1
71,1
54,1
151,63
123,49
62,1
287,5
150,2
251,17
451,7
315,8
100,1
140,1
185,23
135,18
346,1
250,1
201,31
51,2
450,93
125,18
186,3
99,8
87,31
158,78
127,1
148,6
480,48
89,14
206,1
140,17
71,2
171,4
140,17
532,5
323,12
114,17
87,7
84,1
55,1
72,2
207,1
132,2
42,2
206,1
193,11
340,1
78,1
48,1
257,2
81,1
50,4
259,11
58,2
177,1
64,5
160,5
40,35
37,6
92,5
285,1
122,46
133,46
125,51
64,1
114,1
96,31
304,43
9999,252
356,51
160,51
118,16
238,9
148,1
213,16
380,8
90,13
260,19
236,16
94,9
150,3
303,3
160,51
187,16
174,16
121,59
155,59
63,59
190,14
193,3
53,3
137,1
141,3
572,214
700,214
600,214
97,1
275,78
102,1
72,1
264,4
288,19
122,1
256,4
124,5
195,1
206,1
77,3
149,4
133,4
85,1
449,7
188,95
115,1
62,3
47,18
267,14
254,95
286,57
212,1
223,55
126,8
204,21
162,15
120,1
83,7
51,18
400,22
353,8
200,22
172,1
118,7
51,18
81,1
300,93
126,3
747,31
221,1
238,6
107,34
222,21
423,5
79,7
128,5
106,2
290,40
119,1
233,116
128,1
306,15
147,1
114,1
76,5
94,24
273,1
2308,29
445,8
127,14
75,56
104,1
120,1
143,1
121,138
95,21
206,55
960,48
175,46
173,1
57,1
175,46
77,23
42,9
134,7
163,3
184,1
59,1
124,7
218,29
128,1
91,1
130,1
75,1
127,9
161,277
409,9
226,43
35,1
42,24
288,1
170,17
151,2
112,1
40,1
252,1
186,1
41,2
171,4
56,9
68,70
573,31
50,13
196,7
57,1
35,24
62,1
205,13
41,1
278,1
90,1
61,9
42,24
267,3
192,2
336,3
200,1
30,1
72,1
200,3
81,3
120,1
78,1
124,1
143,7
269,20
174,2
286,93
96,5
149,18
112,5
177,1
147,1
151,14
134,14
157,15
149,15
140,6
27,4
177,48
154,48
521,10
156,4
135,1
37,5
199,43
153,1
131,3
122,2
45,1
178,51
114,1
445,1
146,51
66,1
158,21
47,1
207,4
79,2
145,2
120,13
132,4
252,2
135,7
183,23
119,1
106,2
358,14
42,6
245,78
67,4
186,66
48,15
163,1
50,4
148,12
53,4
77,3
58,3
263,44
87,5
435,6
75,49
60,3
65,3
201,1
42,1
245,44
219,44
222,44
226,2
69,49
224,14
446,66
166,3
181,31
55,1
170,4
98,1
326,1
95,13
106,1
916,76
43,1
128,1
128,1
222,2
266,10
61,2
166,1
86,1
300,29
297,29
132,10
200,10
251,2
276,26
340,26
114,1
1920,1
157,1
200,2
169,2
186,1
52,92
149,64
215,43
131,5
176,1
58,4
180,3
46,1
216,26
174,33
367,16
122,1
222,63
89,1
228,1
95,1
81,1
230,22
191,22
83,1
126,1
185,138
471,70
65,12
167,17
175,31
159,2
1154,1
71,4
120,10
204,22
204,22
164,22
181,2
37,1
97,1
56,12
119,2
110,1
132,2
149,2
106,1
124,12
195,1
56,12
329,1
56,4
66,4
179,21
60,1
138,5
89,92
208,2
62,12
142,2
66,2
45,1
48,9
106,10
160,1
120,1
85,1
37,4
163,1
30,7
82,1
92,1
570,21
138,2
54,1
135,1
198,1
122,1
130,1
138,1
135,1
107,26
689,21
46,2
682,29
98,1
206,1
50,1
100,2
37,1
510,7
373,93
67,1
54,33
55,28
85,49
139,3
163,78
193,14
210,14
215,1
102,16
9999,252
200,252
105,1
9999,252
128,17
55,1
99,3
186,1
315,17
55,1
60,2
83,57
294,1
72,1
225,14
244,2
151,1
71,59
279,15
104,1
166,55
181,2
262,63
165,1
169,1
98,49
58,1
218,1
158,27
69,1
44,1
101,2
98,1
312,17
29,1
66,4
43,18
380,2
135,54
33,2
160,1
36,2
315,1
145,1
144,2
113,1
401,35
255,18
173,26
51,1
302,8
58,11
66,1
83,2
39,11
117,2
35,101
141,2
900,1
122,1
248,11
70,2
46,4
68,1
532,2
35,2
68,2
78,1
231,139
45,5
199,63
112,1
45,1
192,7
232,7
108,7
83,5
136,1
152,23
49,1
90,2
152,1
53,2
308,2
273,19
182,3
146,48
101,2
112,1
335,405
202,14
150,1
202,14
47,1
284,78
284,78
182,48
199,63
77,23
78,23
81,23
81,23
199,63
133,6
199,63
257,138
128,31
149,1
48,2
200,63
199,63
117,1
199,63
139,10
199,63
62,1
118,4
151,10
370,2
173,51
93,4
170,63
140,2
168,63
255,63
4800,116
146,2
132,1
48,1
48,1
315,3
89,2
124,34
130,3
90,1
165,3
199,70
34,1
10032,252
811,1
215,5
99,9
106,2
393,3
100,9
166,8
916,8
135,8
63,3
153,1
138,4
201,3
302,1
37,1
169,2
90,1
34,11
33,4
277,6
77,23
68,92
229,22
70,92
296,2
153,1
276,2
184,12
152,1
136,17
346,15
90,4
175,14
161,1
213,1
75,1
112,4
160,26
182,15
158,7
204,10
136,23
289,6
104,14
46,1
120,12
214,19
240,8
250,9
43,92
99,12
45,92
49,2
168,2
51,92
132,17
121,17
77,23
140,51
99,21
94,1
150,2
149,3
214,46
91,1
135,1
36,1
55,2
172,51
116,15
136,5
165,3
500,18
55,3
155,4
135,1
26,2
48,1
190,2
82,3
159,29
119,5
170,1
234,1
295,8
58,2
268,2
176,1
82,24
155,21
51,1
141,1
159,1
94,1
155,1
215,1
477,16
203,16
72,2
90,1
178,3
123,1
197,1
133,1
72,1
54,1
173,3
150,19
152,1
115,19
84,2
198,2
204,2
80,2
121,1
70,2
156,1
95,1
62,24
323,1
95,1
426,6
131,2
190,4
250,1
41,1
170,2
72,2
175,1
204,1
149,3
135,1
196,3
146,7
120,16
132,27
122,27
163,16
229,6
190,14
120,2
170,78
129,6
68,2
105,1
170,78
81,57
228,21
91,92
107,12
94,7
88,57
81,57
107,12
81,57
129,13
81,57
81,57
600,16
81,57
114,5
81,57
81,57
304,14
229,3
341,68
222,51
169,2
158,1
35,101
35,101
130,1
35,101
35,101
85,1
90,3
81,51
88,51
81,51
81,51
88,51
81,51
88,51
81,51
81,51
1111,76
9999,252
72,1
163,10
81,15
81,15
88,15
360,48
81,15
117,1
88,15
81,15
81,15
81,15
81,15
115,70
105,1
117,4
282,7
112,2
88,1
80,11
132,2
110,1
68,9
51,2
86,1
144,1
170,1
209,2
93,24
71,6
185,2
248,1
256,2
213,21
80,4
239,17
73,109
268,13
91,109
66,109
68,109
73,109
165,3
107,2
85,1
272,1
186,1
139,101
490,4
139,101
65,1
139,101
139,101
219,1
139,101
139,1
144,10
111,1
140,3
35,9
183,1
160,14
145,46
229,6
115,48
229,6
115,48
402,13
116,1
215,2
129,49
133,27
243,13
133,8
29,6
229,6
133,8
230,6
128,4
42,1
116,1
95,1
120,14
214,13
282,6
154,70
127,2
191,63
150,13
220,50
42,1
277,54
128,6
162,1
106,70
154,1
880,4
101,11
143,1
113,2
553,31
142,1
81,101
111,1
219,63
176,1
48,1
803,2
1197,7
225,138
153,12
823,1
152,10
110,2
82,2
57,23
86,1
84,63
173,10
189,84
350,16
199,2
53,92
91,3
59,92
68,1
45,7
96,2
213,13
47,7
53,92
366,21
106,2
62,92
49,92
400,101
45,11
540,138
47,1
98,138
83,2
148,1
67,1
129,1
147,3
98,138
180,2
192,138
84,26
75,26
67,26
76,4
348,93
59,1
156,4
71,1
246,20
574,1
41,2
140,29
56,1
81,1
267,5
108,4
633,6
115,1
101,4
107,9
93,1
51,1
161,138
134,6
326,2
99,1
40,18
171,33
319,1
169,1
195,44
40,18
80,26
99,1
209,2
209,31
106,22
204,31
67,2
123,1
42,4
90,14
88,1
64,1
134,2
206,2
140,15
110,1
144,3
88,2
176,2
281,21
59,1
126,2
69,1
244,15
176,1
52,18
169,1
95,138
54,4
54,4
222,3
40,4
1334,11
76,1
115,4
110,12
146,2
280,44
48,11
268,6
106,1
190,1
144,1
110,1
135,1
94,3
133,7
130,7
105,18
107,7
94,7
215,17
108,18
114,18
194,8
98,18
118,18
50,1
105,7
109,18
214,1
120,18
295,2
121,18
117,1
92,1
125,10
85,1
185,21
112,1
138,1
379,8
260,3
84,9
71,1
219,2
135,7
175,3
148,3
199,1
57,1
84,6
215,18
204,18
215,18
98,8
166,18
157,2
139,18
139,18
165,18
140,18
140,18
134,18
33,1
187,18
167,22
103,12
135,1
417,103
188,51
197,51
306,103
93,16
520,63
239,18
185,1
166,3
65,1
172,27
154,27
185,6
136,27
106,5
154,1
128,5
449,103
70,5
152,13
177,59
126,1
75,59
390,55
149,21
90,1
78,19
161,13
171,1
88,1
80,1
171,4
91,48
171,48
90,1
254,18
90,101
85,19
81,101
40,1
81,1
68,5
175,17
52,1
57,5
40,5
203,17
73,5
450,17
200,16
316,3
868,1
45,1
141,78
345,8
100,21
41,1
112,1
73,78
87,78
95,78
92,6
79,78
77,78
200,2
87,78
285,35
77,78
55,11
32,13
271,1
59,23
37,2
139,2
293,49
195,55
293,57
120,1
225,4
92,2
43,9
122,4
95,9
91,9
75,101
75,31
75,101
75,101
202,2
229,3
113,23
59,1
226,1
232,4
153,1
75,101
162,5
56,2
83,17
173,20
149,1
222,34
52,1
135,138
234,1
47,1
95,3
69,1
75,101
196,8
77,23
601,1
120,1
147,2
303,22
77,23
110,4
81,1
137,13
49,2
264,210
69,1
232,5
142,3
135,2
188,1
123,1
185,5
80,4
201,7
100,3
171,1
49,1
108,1
126,1
58,3
233,9
150,1
42,2
150,2
128,1
164,10
121,1
123,4
94,2
134,1
239,3
154,33
77,3
130,4
60,2
154,33
207,1
132,12
299,5
182,11
182,11
247,21
278,21
613,78
304,21
297,21
513,21
237,1
339,21
88,23
418,2
87,1
355,21
98,4
236,2
207,21
207,21
158,1
281,21
210,21
338,10
125,22
207,21
241,21
271,21
244,21
125,92
249,51
145,1
83,92
172,33
424,78
165,3
161,68
424,78
200,4
111,7
151,3
187,21
176,1
85,1
161,1
45,43
63,3
285,13
46,11
169,6
65,1
88,1
202,6
229,6
240,6
321,6
321,20
275,33
9999,252
21,3
130,2
199,1
82,3
97,27
65,4
238,1
90,33
87,1
135,33
241,7
192,1
97,27
56,1
143,1
9999,252
82,4
76,2
170,7
38,1
148,26
22,3
143,1
112,1
95,23
52,1
234,26
90,33
115,4
131,2
109,5
122,5
224,1
200,1
90,33
208,3
160,4
92,33
104,24
28,1
79,2
92,33
104,10
160,7
75,1
90,2
124,1
245,1
92,33
177,1
320,4
160,1
115,11
192,1
63,1
172,33
191,20
92,33
179,1
201,2
148,33
270,33
129,18
193,33
105,1
54,1
183,1
292,33
127,11
34,1
152,3
254,5
66,1
720,29
103,1
48,1
111,7
111,1
236,10
113,49
155,51
155,51
165,12
383,78
383,78
162,78
132,23
166,1
125,1
105,1
207,21
209,21
333,18
225,3
172,63
132,12
196,26
92,1
82,5
209,21
43,1
209,21
101,7
103,1
100,101
141,49
154,7
100,101
206,29
54,2
100,101
104,1
305,15
178,2
151,1
70,101
54,2
192,3
194,1
179,26
113,18
143,9
87,17
144,13
189,4
207,21
137,27
101,13
189,18
150,2
116,1
433,9
209,21
453,9
125,14
302,50
87,3
25,43
228,2
225,55
76,1
190,1
87,24
388,26
27,2
893,63
69,1
205,55
29,6
893,53
183,1
88,1
83,1
102,2
73,2
226,43
112,15
58,4
62,6
428,17
83,5
61,5
106,1
70,5
242,1
45,3
70,5
92,5
195,55
185,7
110,6
294,7
219,2
165,4
35,6
130,1
192,49
69,5
161,46
143,1
483,95
92,2
72,2
180,5
139,27
292,8
92,21
166,1
176,18
51,16
200,27
325,31
393,95
200,27
122,2
55,92
163,27
303,95
239,4
453,55
348,95
281,5
118,1
354,95
39,1
285,8
26,43
107,1
380,95
194,1
152,1
233,18
450,95
95,5
223,2
129,15
91,2
170,9
279,1
535,14
93,13
157,1
186,18
75,2
141,5
225,2
431,95
80,3
92,45
130,4
253,31
267,31
280,31
47,2
186,2
94,2
240,4
73,9
362,21
271,29
250,29
271,29
271,29
271,29
250,29
250,29
241,29
271,29
271,29
271,29
159,40
250,29
250,29
250,29
271,29
81,2
174,2
182,7
108,1
56,1
45,2
575,24
141,24
54,2
126,24
59,1
50,1
149,24
124,2
69,4
236,10
200,10
112,1
275,10
121,22
573,24
161,1
50,3
143,1
50,3
81,2
49,4
45,1
97,1
46,2
40,1
72,9
45,1
462,1
129,12
540,1
142,19
98,3
83,1
175,27
74,92
48,1
144,2
144,2
150,1
71,1
256,55
63,3
348,1
190,1
526,93
48,3
64,3
45,2
63,3
178,3
335,68
180,53
218,14
140,5
236,6
168,24
69,1
96,27
85,2
70,2
121,2
174,6
95,25
79,6
162,3
149,4
89,1
66,6
281,29
99,6
42,1
106,1
124,1
55,1
238,8
279,4
87,2
75,4
29,6
368,4
119,5
32,6
70,5
119,4
96,2
80,2
105,6
430,2
100,6
133,1
93,3
105,6
37,1
89,6
56,35
144,4
118,1
60,35
90,1
102,1
61,35
208,2
183,9
409,6
91,1
101,23
51,1
70,1
630,13
190,12
134,7
484,5
115,1
143,9
65,1
227,1
160,23
109,2
171,48
93,1
131,1
178,48
127,9
126,1
72,1
83,1
52,92
114,23
148,1
79,92
77,2
115,1
120,5
60,92
34,2
360,76
170,1
360,76
215,4
70,4
49,1
119,19
50,1
88,9
172,2
77,3
85,3
223,48
159,1
35,18
356,1
134,15
128,1
120,1
140,51
124,49
156,19
136,1
129,2
120,1
168,14
108,14
173,1
175,6
398,23
144,1
233,1
235,10
77,3
145,1
139,56
147,33
58,1
168,46
195,1
198,59
201,59
185,19
46,1
247,15
96,1
97,1
408,3
52,2
220,1
147,4
27,18
50,1
193,1
2134,214
143,1
400,70
189,2
128,1
873,1
32,1
200,21
187,1
114,2
100,101
117,2
90,1
265,138
175,101
227,27
228,3
92,45
84,3
86,45
126,2
128,32
53,45
248,3
226,27
163,9
149,18
79,1
348,405
129,1
148,1
36,1
148,1
40,2
144,1
122,1
159,34
297,29
80,1
167,48
238,27
229,29
42,4
354,29
197,63
102,7
114,2
172,24
242,116
116,92
144,3
116,37
293,29
161,1
185,7
108,3
32,3
363,24
299,24
229,14
116,13
52,1
188,5
144,2
193,2
448,55
67,1
90,39
36,65
66,1
86,3
90,39
104,39
97,39
51,2
93,39
102,39
105,39
181,1
112,13
113,1
149,7
267,6
31,1
155,1
52,3
201,95
106,1
93,1
175,43
343,57
90,57
144,50
125,1
9999,252
82,56
172,10
144,95
80,92
43,1
97,1
127,2
156,3
150,1
156,40
319,14
43,4
450,1
56,7
243,1
50,4
113,1
240,1
123,48
589,6
154,2
157,2
200,1
81,1
96,1
114,18
200,29
180,1
200,29
126,7
170,1
230,1
138,3
70,2
168,3
312,2
225,12
129,18
210,7
92,13
109,1
26,3
223,9
189,1
344,8
148,7
158,1
114,9
69,32
62,8
111,9
104,9
135,7
120,3
190,3
51,4
149,9
43,2
188,1
198,1
180,2
170,2
69,33
467,31
312,24
48,5
349,24
70,29
153,33
80,29
77,29
80,29
141,1
692,8
36,6
265,1
318,93
106,2
195,55
127,18
821,4
72,8
201,1
318,10
360,1
157,1
312,1
178,3
46,8
305,43
158,2
277,15
216,1
47,1
120,1
265,5
81,8
46,8
146,5
243,30
258,12
119,2
50,4
175,101
236,5
219,2
46,1
371,14
181,2
54,5
40,1
253,5
363,4
214,5
200,3
364,10
240,210
299,18
107,20
118,2
79,109
130,19
111,1
119,51
67,109
119,57
64,109
52,109
57,1
57,109
1000,79
1000,79
1000,79
1000,79
1000,79
1000,79
10000,79
65,109
67,109
127,33
67,109
96,1
215,2
37,2
52,109
158,1
52,109
189,1
200,10
200,25
109,26
84,5
141,8
348,16
162,2
139,1
329,1
46,10
43,1
110,1
71,104
46,8
672,12
853,17
133,10
434,1
172,2
51,1
201,13
182,4
97,3
82,4
130,1
36,1
246,1
154,6
238,3
202,2
143,1
51,2
42,2
90,87
97,87
495,16
161,8
172,27
162,3
44,4
100,2
109,15
58,1
32,10
128,33
87,1
144,4
138,33
109,1
228,14
10028,252
132,18
153,1
317,3
71,1
133,2
42,1
193,13
93,2
385,3
182,4
452,17
341,1
533,17
161,2
106,1
115,1
79,3
135,3
236,1
120,1
233,6
143,2
155,55
9999,252
108,4
114,4
118,4
102,4
92,5
41,2
96,5
1000,63
156,2
105,59
190,1
191,17
280,27
440,55
60,1
299,31
163,32
10020,29
9999,29
1000,53
159,29
363,24
147,29
9999,29
9999,29
85,1
51,1
212,1
213,32
157,26
93,1
258,1
175,1
199,24
313,24
50,92
365,24
45,3
40,1
72,92
192,1
420,4
198,10
94,92
71,92
74,92
124,21
122,3
229,1
77,92
90,21
106,5
150,21
201,1
50,5
149,3
155,1
76,4
400,25
120,1
467,2
180,1
211,2
200,17
83,23
60,67
106,59
321,38
9999,29
10020,29
10020,29
10020,29
9999,29
9999,29
189,1
163,9
71,28
9999,252
205,26
143,1
71,4
154,58
69,67
272,51
250,10
102,30
104,21
47,1
87,24
148,8
135,13
63,4
36,10
269,1
36,10
35,10
42,10
37,10
328,1
43,10
107,2
36,10
219,1
36,10
821,23
40,10
41,10
92,1
468,405
74,50
41,3
247,6
104,33
41,3
65,4
228,6
61,4
44,3
58,1
131,1
88,1
66,2
31,18
246,6
44,18
186,16
72,1
74,57
74,2
87,57
96,2
114,4
154,2
74,11
159,12
222,10
48,1
124,1
134,1
104,5
725,17
50,11
50,1
49,3
277,1
57,3
194,5
63,1
130,5
125,5
150,5
52,1
69,92
110,1
136,1
223,2
1000,3
65,1
238,1
50,4
195,66
54,2
219,1
80,13
147,26
500,39
88,1
119,3
127,1
125,68
155,6
151,3
172,1
235,4
139,6
112,1
70,1
121,2
83,1
41,1
228,6
229,1
206,4
237,26
278,63
25,1
128,17
35,2
248,6
970,22
327,3
122,3
200,2
84,4
94,4
128,4
119,4
53,109
94,109
48,109
326,78
133,43
157,6
116,2
184,78
189,78
223,2
58,5
183,5
90,20
126,37
89,37
176,3
186,55
45,2
163,18
150,13
288,1
65,1
106,1
165,13
30,1
116,18
83,1
161,1
304,6
123,4
315,1
364,2
52,2
85,1
52,2
34,2
313,76
88,1
122,2
225,24
810,21
33,3
58,1
226,25
208,3
232,1
67,1
250,95
133,5
251,3
46,2
201,1
193,2
239,2
160,1
261,7
134,6
605,1
963,2
68,14
80,14
173,7
153,3
181,3
108,9
186,1
246,4
271,49
271,49
351,49
338,49
86,92
66,1
231,7
122,2
182,9
844,214
142,4
232,1
131,5
95,1
136,1
172,2
104,18
523,116
91,23
93,6
232,1
21,1
204,28
37,2
153,8
38,13
135,15
142,1
52,3
138,1
79,8
61,1
123,1
194,1
9999,29
152,1
9999,29
217,14
217,26
221,26
42,1
73,6
56,109
56,4
75,109
101,51
61,109
236,1
57,109
415,13
84,4
300,6
205,21
176,19
121,2
46,3
150,5
145,5
132,19
108,5
135,1
71,11
140,19
108,5
141,10
128,5
112,17
132,1
309,70
172,1
134,2
61,1
206,15
207,2
359,21
68,37
96,109
121,1
277,4
96,109
119,1
69,37
78,37
97,109
183,3
171,1
108,2
169,3
83,4
50,2
207,3
59,1
53,2
245,9
258,138
84,109
63,109
95,2
411,3
186,1
151,78
142,6
151,78
575,16
109,17
416,76
119,1
82,2
113,4
163,17
119,12
131,1
218,26
58,1
140,48
122,9
68,67
97,1
46,3
116,12
180,1
119,12
181,1
147,4
36,1
311,1
187,5
116,45
96,109
104,45
217,10
95,45
69,45
423,24
83,109
104,45
212,13
146,1
83,45
160,1
119,2
149,4
140,29
132,3
66,109
309,1
360,1
51,37
116,11
37,1
95,5
240,210
231,1
117,1
91,59
220,2
160,1
132,4
133,3
142,3
87,2
98,11
51,1
189,1
140,1
190,2
188,1
69,8
171,23
453,55
115,1
112,1
206,1
445,405
220,7
229,1
155,7
102,1
245,78
274,2
129,3
145,18
275,78
139,1
118,2
213,78
186,1
158,27
57,2
44,6
28,2
384,8
68,9
171,14
192,3
149,78
500,1
102,15
127,19
35,16
189,1
3509,21
109,4
178,1
74,109
59,7
90,1
77,109
165,1
48,109
203,21
60,29
247,14
101,1
118,54
68,109
385,14
102,10
48,109
50,109
78,109
107,66
81,109
320,1
250,2
753,8
86,4
135,8
186,54
9999,252
70,1
168,66
90,1
240,18
366,26
227,26
156,23
83,1
117,17
70,1
72,2
45,3
78,17
65,17
102,2
313,14
149,1
623,6
74,2
324,13
829,8
142,2
104,48
149,1
229,2
69,1
411,24
101,1
60,47
320,16
128,34
60,47
143,1
130,1
34,1
138,11
245,1
192,13
225,3
112,2
63,1
170,10
25,1
233,5
144,1
218,27
226,27
238,27
128,46
280,27
177,405
338,405
44,1
248,78
139,27
280,1
106,78
32,2
103,18
218,1
175,2
236,14
48,18
145,54
231,6
186,7
72,9
207,95
246,95
122,2
124,1
100,14
70,47
126,1
109,33
416,76
47,1
126,1
423,19
131,70
156,11
54,1
421,4
241,29
843,1
178,29
159,3
280,95
83,5
141,48
141,1
39,16
249,95
73,5
154,1
39,3
349,24
32,1
89,23
635,14
130,6
83,5
83,5
143,1
103,1
227,23
98,1
50,1
306,17
32,2
180,6
102,29
148,29
133,29
39,1
112,1
1142,5
152,8
90,1
85,1
24,3
189,1
206,2
87,78
240,4
290,43
99,5
81,92
329,24
217,1
98,56
147,1
83,92
62,92
350,5
99,2
336,3
259,2
243,12
172,1
148,10
66,2
193,5
158,10
70,1
277,3
300,26
99,56
367,13
367,13
367,13
458,13
508,13
202,1
56,3
268,31
153,3
74,56
153,1
143,3
66,2
60,1
159,2
127,5
370,1
126,1
55,6
360,24
227,63
137,3
298,405
66,1
350,1
40,1
139,10
